{"level":"info","message":"⌛ Validating src/requisitos.wlk","timeElapsed":141,"timestamp":"2026-06-01T16:13:00.677Z"}
{"level":"info","message":"⌛ Validating src/requisitos.wlk","timeElapsed":105,"timestamp":"2026-06-01T16:13:02.041Z"}
{"level":"info","message":"⌛ Validating src/requisitos.wlk","timeElapsed":126,"timestamp":"2026-06-01T16:13:02.363Z"}
{"level":"info","message":"⌛ Validating src/requisitos.wlk","timeElapsed":118,"timestamp":"2026-06-01T16:13:10.269Z"}
{"level":"info","message":"⌛ Validating src/requisitos.wlk","timeElapsed":147,"timestamp":"2026-06-01T16:13:15.121Z"}
{"level":"info","message":"⌛ Validating src/requisitos.wlk","timeElapsed":137,"timestamp":"2026-06-01T16:13:16.016Z"}
{"level":"info","message":"⌛ Validating src/requisitos.wlk","timeElapsed":128,"timestamp":"2026-06-01T16:13:16.306Z"}
{"level":"info","message":"⌛ Building environment","timeElapsed":106,"timestamp":"2026-06-01T16:13:16.426Z"}
{"level":"info","message":"⌛ Validating src/requisitos.wlk","timeElapsed":136,"timestamp":"2026-06-01T16:13:16.562Z"}
{"level":"error","message":"✘ Completions for node Return ([27:9, 27:17] - src/requisitos.wlk) failed: Error: [Return]{9bea14} at src/requisitos.wlk:27 exhausted all cases without a match [Return]{9bea14} at src/requisitos.wlk:27 exhausted all cases without a match","stack":"Error: [Return]{9bea14} at src/requisitos.wlk:27 exhausted all cases without a match\n    at c:\\Users\\Nicolee\\.vscode\\extensions\\uqbar.wollok-lsp-ide-0.5.4\\out\\server\\src\\server.js:38:6142\n    at L2 (c:\\Users\\Nicolee\\.vscode\\extensions\\uqbar.wollok-lsp-ide-0.5.4\\out\\server\\src\\server.js:2389:42)\n    at Jh (c:\\Users\\Nicolee\\.vscode\\extensions\\uqbar.wollok-lsp-ide-0.5.4\\out\\server\\src\\server.js:2389:1092)\n    at M5n (c:\\Users\\Nicolee\\.vscode\\extensions\\uqbar.wollok-lsp-ide-0.5.4\\out\\server\\src\\server.js:2389:1248)\n    at c:\\Users\\Nicolee\\.vscode\\extensions\\uqbar.wollok-lsp-ide-0.5.4\\out\\server\\src\\server.js:38:6131\n    at L2 (c:\\Users\\Nicolee\\.vscode\\extensions\\uqbar.wollok-lsp-ide-0.5.4\\out\\server\\src\\server.js:2389:42)\n    at c:\\Users\\Nicolee\\.vscode\\extensions\\uqbar.wollok-lsp-ide-0.5.4\\out\\server\\src\\server.js:2389:2988\n    at c:\\Users\\Nicolee\\.vscode\\extensions\\uqbar.wollok-lsp-ide-0.5.4\\out\\server\\src\\server.js:2398:8440\n    at c:\\Users\\Nicolee\\.vscode\\extensions\\uqbar.wollok-lsp-ide-0.5.4\\out\\server\\src\\server.js:37:74872\n    at Ke (c:\\Users\\Nicolee\\.vscode\\extensions\\uqbar.wollok-lsp-ide-0.5.4\\out\\server\\src\\server.js:7:8527)","timestamp":"2026-06-01T16:13:40.016Z"}
{"level":"info","message":"⌛ Validating src/requisitos.wlk","timeElapsed":129,"timestamp":"2026-06-01T16:13:40.147Z"}
{"level":"error","message":"✘ Completions for node Return ([27:9, 27:19] - src/requisitos.wlk) failed: Error: [Return]{226f78} at src/requisitos.wlk:27 exhausted all cases without a match [Return]{226f78} at src/requisitos.wlk:27 exhausted all cases without a match","stack":"Error: [Return]{226f78} at src/requisitos.wlk:27 exhausted all cases without a match\n    at c:\\Users\\Nicolee\\.vscode\\extensions\\uqbar.wollok-lsp-ide-0.5.4\\out\\server\\src\\server.js:38:6142\n    at L2 (c:\\Users\\Nicolee\\.vscode\\extensions\\uqbar.wollok-lsp-ide-0.5.4\\out\\server\\src\\server.js:2389:42)\n    at Jh (c:\\Users\\Nicolee\\.vscode\\extensions\\uqbar.wollok-lsp-ide-0.5.4\\out\\server\\src\\server.js:2389:1092)\n    at M5n (c:\\Users\\Nicolee\\.vscode\\extensions\\uqbar.wollok-lsp-ide-0.5.4\\out\\server\\src\\server.js:2389:1248)\n    at c:\\Users\\Nicolee\\.vscode\\extensions\\uqbar.wollok-lsp-ide-0.5.4\\out\\server\\src\\server.js:38:6131\n    at L2 (c:\\Users\\Nicolee\\.vscode\\extensions\\uqbar.wollok-lsp-ide-0.5.4\\out\\server\\src\\server.js:2389:42)\n    at c:\\Users\\Nicolee\\.vscode\\extensions\\uqbar.wollok-lsp-ide-0.5.4\\out\\server\\src\\server.js:2389:2988\n    at c:\\Users\\Nicolee\\.vscode\\extensions\\uqbar.wollok-lsp-ide-0.5.4\\out\\server\\src\\server.js:2398:8440\n    at c:\\Users\\Nicolee\\.vscode\\extensions\\uqbar.wollok-lsp-ide-0.5.4\\out\\server\\src\\server.js:37:74872\n    at Ke (c:\\Users\\Nicolee\\.vscode\\extensions\\uqbar.wollok-lsp-ide-0.5.4\\out\\server\\src\\server.js:7:8527)","timestamp":"2026-06-01T16:13:40.345Z"}
{"level":"info","message":"⌛ Validating src/requisitos.wlk","timeElapsed":137,"timestamp":"2026-06-01T16:13:40.573Z"}
{"level":"info","message":"⌛ Validating src/requisitos.wlk","timeElapsed":124,"timestamp":"2026-06-01T16:13:40.698Z"}
{"level":"info","message":"⌛ Validating src/requisitos.wlk","timeElapsed":122,"timestamp":"2026-06-01T16:13:40.821Z"}
{"level":"info","message":"⌛ Building environment","timeElapsed":101,"timestamp":"2026-06-01T16:17:25.416Z"}
{"level":"info","message":"⌛ Validating src/estudiante.wlk","timeElapsed":130,"timestamp":"2026-06-01T16:17:25.546Z"}
{"level":"info","message":"⌛ Building environment","timeElapsed":102,"timestamp":"2026-06-01T16:17:27.046Z"}
{"level":"info","message":"⌛ Validating src/estudiante.wlk","timeElapsed":132,"timestamp":"2026-06-01T16:17:27.179Z"}
{"level":"info","message":"⌛ Building environment","timeElapsed":145,"timestamp":"2026-06-01T16:17:27.499Z"}
{"level":"info","message":"⌛ Validating src/estudiante.wlk","timeElapsed":232,"timestamp":"2026-06-01T16:17:27.733Z"}
{"level":"info","message":"⌛ Validating src/estudiante.wlk","timeElapsed":108,"timestamp":"2026-06-01T16:17:29.571Z"}
{"level":"info","message":"⌛ Validating src/estudiante.wlk","timeElapsed":111,"timestamp":"2026-06-01T16:17:30.710Z"}
{"level":"info","message":"⌛ Building environment","timeElapsed":110,"timestamp":"2026-06-01T16:17:30.822Z"}
{"level":"info","message":"⌛ Validating src/estudiante.wlk","timeElapsed":115,"timestamp":"2026-06-01T16:17:30.938Z"}
{"level":"info","message":"⌛ Validating src/estudiante.wlk","timeElapsed":112,"timestamp":"2026-06-01T16:17:31.120Z"}
{"level":"info","message":"⌛ Validating src/estudiante.wlk","timeElapsed":101,"timestamp":"2026-06-01T16:17:31.418Z"}
{"level":"info","message":"⌛ Validating src/estudiante.wlk","timeElapsed":105,"timestamp":"2026-06-01T16:17:31.825Z"}
{"level":"info","message":"⌛ Validating src/estudiante.wlk","timeElapsed":119,"timestamp":"2026-06-01T16:17:34.397Z"}
{"level":"info","message":"⌛ Validating src/estudiante.wlk","timeElapsed":127,"timestamp":"2026-06-01T16:17:36.055Z"}
{"level":"info","message":"⌛ Building environment","timeElapsed":103,"timestamp":"2026-06-01T16:17:38.333Z"}
{"level":"info","message":"⌛ Validating src/estudiante.wlk","timeElapsed":128,"timestamp":"2026-06-01T16:17:38.462Z"}
{"level":"info","message":"⌛ Validating src/estudiante.wlk","timeElapsed":127,"timestamp":"2026-06-01T16:17:41.888Z"}
{"level":"info","message":"⌛ Validating src/estudiante.wlk","timeElapsed":118,"timestamp":"2026-06-01T16:17:42.683Z"}
{"level":"info","message":"⌛ Validating src/estudiante.wlk","timeElapsed":133,"timestamp":"2026-06-01T16:17:43.713Z"}
{"level":"info","message":"⌛ Validating src/estudiante.wlk","timeElapsed":141,"timestamp":"2026-06-01T16:17:46.443Z"}
{"level":"info","message":"⌛ Building environment","timeElapsed":110,"timestamp":"2026-06-01T16:19:33.524Z"}
{"level":"info","message":"⌛ Validating src/estudiante.wlk","timeElapsed":159,"timestamp":"2026-06-01T16:19:33.684Z"}
{"level":"info","message":"⌛ Validating src/requisitos.wlk","timeElapsed":131,"timestamp":"2026-06-01T16:19:38.593Z"}
{"level":"info","message":"⌛ Validating src/requisitos.wlk","timeElapsed":144,"timestamp":"2026-06-01T16:19:38.829Z"}
{"level":"info","message":"⌛ Validating src/requisitos.wlk","timeElapsed":121,"timestamp":"2026-06-01T16:19:39.094Z"}
{"level":"info","message":"⌛ Building environment","timeElapsed":116,"timestamp":"2026-06-01T16:19:45.660Z"}
{"level":"info","message":"⌛ Validating src/requisitos.wlk","timeElapsed":131,"timestamp":"2026-06-01T16:19:45.792Z"}
{"level":"info","message":"⌛ Validating src/requisitos.wlk","timeElapsed":110,"timestamp":"2026-06-01T16:19:46.030Z"}
{"level":"info","message":"⌛ Validating src/requisitos.wlk","timeElapsed":109,"timestamp":"2026-06-01T16:19:46.329Z"}
{"level":"info","message":"⌛ Validating src/requisitos.wlk","timeElapsed":154,"timestamp":"2026-06-01T16:20:37.474Z"}
{"level":"info","message":"⌛ Validating src/requisitos.wlk","timeElapsed":127,"timestamp":"2026-06-01T16:20:37.683Z"}
{"level":"info","message":"⌛ Validating src/requisitos.wlk","timeElapsed":137,"timestamp":"2026-06-01T16:20:38.172Z"}
{"level":"info","message":"⌛ Building environment","timeElapsed":112,"timestamp":"2026-06-01T16:20:38.285Z"}
{"level":"info","message":"⌛ Validating src/requisitos.wlk","timeElapsed":101,"timestamp":"2026-06-01T16:20:38.388Z"}
{"level":"info","message":"⌛ Validating src/requisitos.wlk","timeElapsed":144,"timestamp":"2026-06-01T16:20:38.798Z"}
{"level":"info","message":"⌛ Validating src/requisitos.wlk","timeElapsed":122,"timestamp":"2026-06-01T16:20:38.921Z"}
{"level":"info","message":"⌛ Validating src/requisitos.wlk","timeElapsed":157,"timestamp":"2026-06-01T16:20:39.230Z"}
{"level":"info","message":"⌛ Validating src/requisitos.wlk","timeElapsed":125,"timestamp":"2026-06-01T16:20:39.434Z"}
{"level":"info","message":"⌛ Validating src/requisitos.wlk","timeElapsed":122,"timestamp":"2026-06-01T16:20:39.561Z"}
{"level":"info","message":"⌛ Validating src/requisitos.wlk","timeElapsed":113,"timestamp":"2026-06-01T16:20:39.915Z"}
{"level":"info","message":"⌛ Validating src/requisitos.wlk","timeElapsed":108,"timestamp":"2026-06-01T16:20:41.127Z"}
{"level":"info","message":"⌛ Validating src/requisitos.wlk","timeElapsed":110,"timestamp":"2026-06-01T16:20:41.628Z"}
{"level":"info","message":"⌛ Validating src/requisitos.wlk","timeElapsed":136,"timestamp":"2026-06-01T16:20:41.765Z"}
{"level":"info","message":"⌛ Building environment","timeElapsed":152,"timestamp":"2026-06-01T16:20:42.102Z"}
{"level":"info","message":"⌛ Validating src/requisitos.wlk","timeElapsed":117,"timestamp":"2026-06-01T16:20:42.219Z"}
{"level":"info","message":"⌛ Validating src/requisitos.wlk","timeElapsed":121,"timestamp":"2026-06-01T16:20:42.341Z"}
{"level":"info","message":"⌛ Validating src/requisitos.wlk","timeElapsed":106,"timestamp":"2026-06-01T16:20:42.606Z"}
{"level":"info","message":"⌛ Validating src/requisitos.wlk","timeElapsed":115,"timestamp":"2026-06-01T16:20:42.855Z"}
{"level":"info","message":"⌛ Validating src/requisitos.wlk","timeElapsed":105,"timestamp":"2026-06-01T16:20:42.960Z"}
{"level":"info","message":"⌛ Validating src/requisitos.wlk","timeElapsed":108,"timestamp":"2026-06-01T16:20:43.151Z"}
{"level":"info","message":"⌛ Validating src/requisitos.wlk","timeElapsed":108,"timestamp":"2026-06-01T16:20:43.431Z"}
{"level":"info","message":"⌛ Validating src/requisitos.wlk","timeElapsed":116,"timestamp":"2026-06-01T16:20:43.696Z"}
{"level":"info","message":"⌛ Validating src/requisitos.wlk","timeElapsed":115,"timestamp":"2026-06-01T16:20:43.967Z"}
{"level":"info","message":"⌛ Validating src/requisitos.wlk","timeElapsed":114,"timestamp":"2026-06-01T16:20:44.081Z"}
{"level":"info","message":"⌛ Validating src/requisitos.wlk","timeElapsed":102,"timestamp":"2026-06-01T16:20:44.313Z"}
{"level":"info","message":"⌛ Validating src/requisitos.wlk","timeElapsed":104,"timestamp":"2026-06-01T16:20:44.501Z"}
{"level":"info","message":"⌛ Validating src/requisitos.wlk","timeElapsed":108,"timestamp":"2026-06-01T16:20:44.696Z"}
{"level":"info","message":"⌛ Validating src/requisitos.wlk","timeElapsed":112,"timestamp":"2026-06-01T16:20:44.812Z"}
{"level":"info","message":"⌛ Validating src/requisitos.wlk","timeElapsed":115,"timestamp":"2026-06-01T16:20:44.928Z"}
{"level":"info","message":"⌛ Validating src/requisitos.wlk","timeElapsed":135,"timestamp":"2026-06-01T16:20:45.064Z"}
{"level":"info","message":"⌛ Validating src/requisitos.wlk","timeElapsed":113,"timestamp":"2026-06-01T16:20:54.270Z"}
{"level":"info","message":"⌛ Validating src/requisitos.wlk","timeElapsed":120,"timestamp":"2026-06-01T16:20:54.927Z"}
{"level":"info","message":"⌛ Validating src/requisitos.wlk","timeElapsed":110,"timestamp":"2026-06-01T16:20:55.106Z"}
{"level":"info","message":"⌛ Validating src/requisitos.wlk","timeElapsed":110,"timestamp":"2026-06-01T16:20:55.338Z"}
{"level":"info","message":"⌛ Validating src/requisitos.wlk","timeElapsed":116,"timestamp":"2026-06-01T16:20:55.455Z"}
{"level":"info","message":"⌛ Validating src/requisitos.wlk","timeElapsed":111,"timestamp":"2026-06-01T16:20:55.696Z"}
{"level":"info","message":"⌛ Validating src/requisitos.wlk","timeElapsed":110,"timestamp":"2026-06-01T16:20:55.890Z"}
{"level":"info","message":"⌛ Validating src/requisitos.wlk","timeElapsed":107,"timestamp":"2026-06-01T16:20:56.066Z"}
{"level":"info","message":"⌛ Validating src/requisitos.wlk","timeElapsed":115,"timestamp":"2026-06-01T16:20:56.235Z"}
{"level":"info","message":"⌛ Validating src/requisitos.wlk","timeElapsed":110,"timestamp":"2026-06-01T16:20:56.429Z"}
{"level":"info","message":"⌛ Validating src/requisitos.wlk","timeElapsed":108,"timestamp":"2026-06-01T16:20:56.626Z"}
{"level":"info","message":"⌛ Validating src/requisitos.wlk","timeElapsed":118,"timestamp":"2026-06-01T16:20:56.801Z"}
{"level":"info","message":"⌛ Validating src/requisitos.wlk","timeElapsed":113,"timestamp":"2026-06-01T16:20:57.016Z"}
{"level":"info","message":"⌛ Validating src/requisitos.wlk","timeElapsed":119,"timestamp":"2026-06-01T16:20:57.261Z"}
{"level":"info","message":"⌛ Building environment","timeElapsed":112,"timestamp":"2026-06-01T16:20:57.474Z"}
{"level":"info","message":"⌛ Validating src/requisitos.wlk","timeElapsed":123,"timestamp":"2026-06-01T16:20:57.597Z"}
{"level":"info","message":"⌛ Validating src/requisitos.wlk","timeElapsed":106,"timestamp":"2026-06-01T16:20:57.703Z"}
{"level":"info","message":"⌛ Validating src/requisitos.wlk","timeElapsed":129,"timestamp":"2026-06-01T16:20:57.971Z"}
{"level":"info","message":"⌛ Validating src/requisitos.wlk","timeElapsed":105,"timestamp":"2026-06-01T16:20:58.233Z"}
{"level":"info","message":"⌛ Validating src/requisitos.wlk","timeElapsed":105,"timestamp":"2026-06-01T16:20:58.396Z"}
{"level":"info","message":"⌛ Validating src/requisitos.wlk","timeElapsed":129,"timestamp":"2026-06-01T16:20:58.527Z"}
{"level":"info","message":"⌛ Validating src/requisitos.wlk","timeElapsed":102,"timestamp":"2026-06-01T16:20:58.633Z"}
{"level":"info","message":"⌛ Validating src/requisitos.wlk","timeElapsed":101,"timestamp":"2026-06-01T16:20:58.836Z"}
{"level":"info","message":"⌛ Validating src/requisitos.wlk","timeElapsed":110,"timestamp":"2026-06-01T16:20:59.350Z"}
{"level":"info","message":"⌛ Validating src/requisitos.wlk","timeElapsed":114,"timestamp":"2026-06-01T16:20:59.464Z"}
{"level":"info","message":"⌛ Validating src/requisitos.wlk","timeElapsed":113,"timestamp":"2026-06-01T16:20:59.675Z"}
{"level":"info","message":"⌛ Validating src/requisitos.wlk","timeElapsed":112,"timestamp":"2026-06-01T16:20:59.842Z"}
{"level":"info","message":"⌛ Validating src/requisitos.wlk","timeElapsed":128,"timestamp":"2026-06-01T16:20:59.971Z"}
{"level":"info","message":"⌛ Validating src/requisitos.wlk","timeElapsed":110,"timestamp":"2026-06-01T16:21:00.165Z"}
{"level":"info","message":"⌛ Validating src/requisitos.wlk","timeElapsed":111,"timestamp":"2026-06-01T16:21:00.331Z"}
{"level":"info","message":"⌛ Validating src/requisitos.wlk","timeElapsed":117,"timestamp":"2026-06-01T16:21:00.786Z"}
{"level":"info","message":"⌛ Validating src/requisitos.wlk","timeElapsed":112,"timestamp":"2026-06-01T16:21:01.022Z"}
{"level":"info","message":"⌛ Validating src/requisitos.wlk","timeElapsed":103,"timestamp":"2026-06-01T16:21:01.126Z"}
{"level":"info","message":"⌛ Validating src/requisitos.wlk","timeElapsed":107,"timestamp":"2026-06-01T16:21:01.263Z"}
{"level":"info","message":"⌛ Validating src/requisitos.wlk","timeElapsed":116,"timestamp":"2026-06-01T16:21:01.470Z"}
{"level":"info","message":"⌛ Validating src/requisitos.wlk","timeElapsed":107,"timestamp":"2026-06-01T16:21:01.577Z"}
{"level":"info","message":"⌛ Validating src/requisitos.wlk","timeElapsed":144,"timestamp":"2026-06-01T16:21:01.838Z"}
{"level":"info","message":"⌛ Validating src/requisitos.wlk","timeElapsed":114,"timestamp":"2026-06-01T16:21:02.336Z"}
{"level":"info","message":"⌛ Validating src/requisitos.wlk","timeElapsed":108,"timestamp":"2026-06-01T16:21:03.305Z"}
{"level":"info","message":"⌛ Validating src/requisitos.wlk","timeElapsed":113,"timestamp":"2026-06-01T16:21:03.701Z"}
{"level":"info","message":"⌛ Validating src/requisitos.wlk","timeElapsed":110,"timestamp":"2026-06-01T16:21:04.091Z"}
{"level":"info","message":"⌛ Validating src/requisitos.wlk","timeElapsed":109,"timestamp":"2026-06-01T16:21:04.355Z"}
{"level":"info","message":"⌛ Validating src/requisitos.wlk","timeElapsed":103,"timestamp":"2026-06-01T16:21:04.539Z"}
{"level":"info","message":"⌛ Validating src/requisitos.wlk","timeElapsed":111,"timestamp":"2026-06-01T16:21:04.723Z"}
{"level":"info","message":"⌛ Validating src/requisitos.wlk","timeElapsed":146,"timestamp":"2026-06-01T16:21:04.933Z"}
{"level":"info","message":"⌛ Building environment","timeElapsed":174,"timestamp":"2026-06-01T16:21:05.107Z"}
{"level":"info","message":"⌛ Validating src/requisitos.wlk","timeElapsed":113,"timestamp":"2026-06-01T16:21:05.242Z"}
{"level":"info","message":"⌛ Validating src/requisitos.wlk","timeElapsed":103,"timestamp":"2026-06-01T16:21:05.345Z"}
{"level":"info","message":"⌛ Validating src/requisitos.wlk","timeElapsed":101,"timestamp":"2026-06-01T16:21:05.841Z"}
{"level":"info","message":"⌛ Validating src/requisitos.wlk","timeElapsed":140,"timestamp":"2026-06-01T16:21:06.552Z"}
{"level":"info","message":"⌛ Validating src/requisitos.wlk","timeElapsed":108,"timestamp":"2026-06-01T16:21:50.012Z"}
{"level":"info","message":"⌛ Validating src/requisitos.wlk","timeElapsed":114,"timestamp":"2026-06-01T16:21:50.215Z"}
{"level":"info","message":"⌛ Validating src/requisitos.wlk","timeElapsed":112,"timestamp":"2026-06-01T16:21:50.507Z"}
{"level":"info","message":"⌛ Validating src/requisitos.wlk","timeElapsed":102,"timestamp":"2026-06-01T16:21:50.678Z"}
{"level":"info","message":"⌛ Validating src/requisitos.wlk","timeElapsed":102,"timestamp":"2026-06-01T16:21:50.973Z"}
{"level":"info","message":"⌛ Validating src/requisitos.wlk","timeElapsed":110,"timestamp":"2026-06-01T16:21:51.300Z"}
{"level":"info","message":"⌛ Validating src/requisitos.wlk","timeElapsed":103,"timestamp":"2026-06-01T16:21:51.408Z"}
{"level":"info","message":"⌛ Validating src/requisitos.wlk","timeElapsed":101,"timestamp":"2026-06-01T16:21:51.510Z"}
{"level":"info","message":"⌛ Validating src/requisitos.wlk","timeElapsed":108,"timestamp":"2026-06-01T16:21:51.899Z"}
{"level":"info","message":"⌛ Building environment","timeElapsed":101,"timestamp":"2026-06-01T16:21:52.000Z"}
{"level":"info","message":"⌛ Validating src/requisitos.wlk","timeElapsed":102,"timestamp":"2026-06-01T16:21:52.109Z"}
{"level":"info","message":"⌛ Validating src/requisitos.wlk","timeElapsed":101,"timestamp":"2026-06-01T16:21:52.384Z"}
{"level":"info","message":"⌛ Validating src/requisitos.wlk","timeElapsed":125,"timestamp":"2026-06-01T16:21:52.784Z"}
{"level":"info","message":"⌛ Validating src/requisitos.wlk","timeElapsed":130,"timestamp":"2026-06-01T16:21:53.536Z"}
{"level":"info","message":"⌛ Validating src/requisitos.wlk","timeElapsed":122,"timestamp":"2026-06-01T16:21:53.834Z"}
{"level":"info","message":"⌛ Validating src/requisitos.wlk","timeElapsed":130,"timestamp":"2026-06-01T16:21:54.058Z"}
{"level":"info","message":"⌛ Validating src/requisitos.wlk","timeElapsed":123,"timestamp":"2026-06-01T16:21:54.252Z"}
{"level":"info","message":"⌛ Validating src/requisitos.wlk","timeElapsed":121,"timestamp":"2026-06-01T16:21:54.373Z"}
{"level":"info","message":"⌛ Validating src/requisitos.wlk","timeElapsed":101,"timestamp":"2026-06-01T16:21:54.825Z"}
{"level":"info","message":"⌛ Validating src/requisitos.wlk","timeElapsed":106,"timestamp":"2026-06-01T16:21:55.390Z"}
{"level":"info","message":"⌛ Building environment","timeElapsed":125,"timestamp":"2026-06-01T16:21:56.480Z"}
{"level":"info","message":"⌛ Validating src/requisitos.wlk","timeElapsed":104,"timestamp":"2026-06-01T16:21:56.657Z"}
{"level":"info","message":"⌛ Validating src/requisitos.wlk","timeElapsed":119,"timestamp":"2026-06-01T16:21:57.257Z"}
{"level":"info","message":"⌛ Validating src/requisitos.wlk","timeElapsed":122,"timestamp":"2026-06-01T16:21:57.469Z"}
{"level":"info","message":"⌛ Validating src/requisitos.wlk","timeElapsed":101,"timestamp":"2026-06-01T16:21:57.629Z"}
{"level":"info","message":"⌛ Validating src/requisitos.wlk","timeElapsed":107,"timestamp":"2026-06-01T16:21:58.054Z"}
{"level":"info","message":"⌛ Validating src/requisitos.wlk","timeElapsed":105,"timestamp":"2026-06-01T16:21:58.471Z"}
{"level":"info","message":"⌛ Validating src/requisitos.wlk","timeElapsed":104,"timestamp":"2026-06-01T16:21:58.903Z"}
{"level":"info","message":"⌛ Validating src/requisitos.wlk","timeElapsed":111,"timestamp":"2026-06-01T16:21:59.235Z"}
{"level":"info","message":"⌛ Validating src/requisitos.wlk","timeElapsed":111,"timestamp":"2026-06-01T16:21:59.348Z"}
{"level":"info","message":"⌛ Validating src/requisitos.wlk","timeElapsed":103,"timestamp":"2026-06-01T16:21:59.610Z"}
{"level":"info","message":"⌛ Validating src/requisitos.wlk","timeElapsed":104,"timestamp":"2026-06-01T16:21:59.789Z"}
{"level":"info","message":"⌛ Validating src/requisitos.wlk","timeElapsed":149,"timestamp":"2026-06-01T16:21:59.939Z"}
{"level":"info","message":"⌛ Validating src/requisitos.wlk","timeElapsed":114,"timestamp":"2026-06-01T16:22:00.217Z"}
{"level":"info","message":"⌛ Validating src/requisitos.wlk","timeElapsed":103,"timestamp":"2026-06-01T16:22:00.320Z"}
{"level":"info","message":"⌛ Validating src/requisitos.wlk","timeElapsed":112,"timestamp":"2026-06-01T16:22:00.654Z"}
{"level":"info","message":"⌛ Validating src/requisitos.wlk","timeElapsed":102,"timestamp":"2026-06-01T16:22:00.926Z"}
{"level":"info","message":"⌛ Building environment","timeElapsed":112,"timestamp":"2026-06-01T16:22:01.039Z"}
{"level":"info","message":"⌛ Validating src/requisitos.wlk","timeElapsed":104,"timestamp":"2026-06-01T16:22:01.589Z"}
{"level":"error","message":"✘ Completions for node Parameter ([32:28, 32:29] - src/requisitos.wlk) failed: Error: [Parameter]{7f8def} at src/requisitos.wlk:32 exhausted all cases without a match [Parameter]{7f8def} at src/requisitos.wlk:32 exhausted all cases without a match","stack":"Error: [Parameter]{7f8def} at src/requisitos.wlk:32 exhausted all cases without a match\n    at c:\\Users\\Nicolee\\.vscode\\extensions\\uqbar.wollok-lsp-ide-0.5.4\\out\\server\\src\\server.js:38:6142\n    at L2 (c:\\Users\\Nicolee\\.vscode\\extensions\\uqbar.wollok-lsp-ide-0.5.4\\out\\server\\src\\server.js:2389:42)\n    at c:\\Users\\Nicolee\\.vscode\\extensions\\uqbar.wollok-lsp-ide-0.5.4\\out\\server\\src\\server.js:2389:2988\n    at c:\\Users\\Nicolee\\.vscode\\extensions\\uqbar.wollok-lsp-ide-0.5.4\\out\\server\\src\\server.js:2398:8440\n    at c:\\Users\\Nicolee\\.vscode\\extensions\\uqbar.wollok-lsp-ide-0.5.4\\out\\server\\src\\server.js:37:74872\n    at Ke (c:\\Users\\Nicolee\\.vscode\\extensions\\uqbar.wollok-lsp-ide-0.5.4\\out\\server\\src\\server.js:7:8527)\n    at Lt (c:\\Users\\Nicolee\\.vscode\\extensions\\uqbar.wollok-lsp-ide-0.5.4\\out\\server\\src\\server.js:7:6189)\n    at ct (c:\\Users\\Nicolee\\.vscode\\extensions\\uqbar.wollok-lsp-ide-0.5.4\\out\\server\\src\\server.js:7:6378)\n    at Immediate._onImmediate (c:\\Users\\Nicolee\\.vscode\\extensions\\uqbar.wollok-lsp-ide-0.5.4\\out\\server\\src\\server.js:7:6142)\n    at process.processImmediate (node:internal/timers:484:21)","timestamp":"2026-06-01T16:22:04.410Z"}
{"level":"info","message":"⌛ Validating src/requisitos.wlk","timeElapsed":122,"timestamp":"2026-06-01T16:22:04.535Z"}
{"level":"error","message":"✘ Completions for node Parameter ([32:28, 32:30] - src/requisitos.wlk) failed: Error: [Parameter]{28cc2b} at src/requisitos.wlk:32 exhausted all cases without a match [Parameter]{28cc2b} at src/requisitos.wlk:32 exhausted all cases without a match","stack":"Error: [Parameter]{28cc2b} at src/requisitos.wlk:32 exhausted all cases without a match\n    at c:\\Users\\Nicolee\\.vscode\\extensions\\uqbar.wollok-lsp-ide-0.5.4\\out\\server\\src\\server.js:38:6142\n    at L2 (c:\\Users\\Nicolee\\.vscode\\extensions\\uqbar.wollok-lsp-ide-0.5.4\\out\\server\\src\\server.js:2389:42)\n    at c:\\Users\\Nicolee\\.vscode\\extensions\\uqbar.wollok-lsp-ide-0.5.4\\out\\server\\src\\server.js:2389:2988\n    at c:\\Users\\Nicolee\\.vscode\\extensions\\uqbar.wollok-lsp-ide-0.5.4\\out\\server\\src\\server.js:2398:8440\n    at c:\\Users\\Nicolee\\.vscode\\extensions\\uqbar.wollok-lsp-ide-0.5.4\\out\\server\\src\\server.js:37:74872\n    at Ke (c:\\Users\\Nicolee\\.vscode\\extensions\\uqbar.wollok-lsp-ide-0.5.4\\out\\server\\src\\server.js:7:8527)\n    at Lt (c:\\Users\\Nicolee\\.vscode\\extensions\\uqbar.wollok-lsp-ide-0.5.4\\out\\server\\src\\server.js:7:6189)\n    at ct (c:\\Users\\Nicolee\\.vscode\\extensions\\uqbar.wollok-lsp-ide-0.5.4\\out\\server\\src\\server.js:7:6378)\n    at Immediate._onImmediate (c:\\Users\\Nicolee\\.vscode\\extensions\\uqbar.wollok-lsp-ide-0.5.4\\out\\server\\src\\server.js:7:6142)\n    at process.processImmediate (node:internal/timers:484:21)","timestamp":"2026-06-01T16:22:05.339Z"}
{"level":"info","message":"⌛ Validating src/requisitos.wlk","timeElapsed":117,"timestamp":"2026-06-01T16:22:05.463Z"}
{"level":"error","message":"✘ Completions for node Parameter ([32:28, 32:29] - src/requisitos.wlk) failed: Error: [Parameter]{b62936} at src/requisitos.wlk:32 exhausted all cases without a match [Parameter]{b62936} at src/requisitos.wlk:32 exhausted all cases without a match","stack":"Error: [Parameter]{b62936} at src/requisitos.wlk:32 exhausted all cases without a match\n    at c:\\Users\\Nicolee\\.vscode\\extensions\\uqbar.wollok-lsp-ide-0.5.4\\out\\server\\src\\server.js:38:6142\n    at L2 (c:\\Users\\Nicolee\\.vscode\\extensions\\uqbar.wollok-lsp-ide-0.5.4\\out\\server\\src\\server.js:2389:42)\n    at c:\\Users\\Nicolee\\.vscode\\extensions\\uqbar.wollok-lsp-ide-0.5.4\\out\\server\\src\\server.js:2389:2988\n    at c:\\Users\\Nicolee\\.vscode\\extensions\\uqbar.wollok-lsp-ide-0.5.4\\out\\server\\src\\server.js:2398:8440\n    at c:\\Users\\Nicolee\\.vscode\\extensions\\uqbar.wollok-lsp-ide-0.5.4\\out\\server\\src\\server.js:37:74872\n    at Ke (c:\\Users\\Nicolee\\.vscode\\extensions\\uqbar.wollok-lsp-ide-0.5.4\\out\\server\\src\\server.js:7:8527)\n    at Lt (c:\\Users\\Nicolee\\.vscode\\extensions\\uqbar.wollok-lsp-ide-0.5.4\\out\\server\\src\\server.js:7:6189)\n    at ct (c:\\Users\\Nicolee\\.vscode\\extensions\\uqbar.wollok-lsp-ide-0.5.4\\out\\server\\src\\server.js:7:6378)\n    at Immediate._onImmediate (c:\\Users\\Nicolee\\.vscode\\extensions\\uqbar.wollok-lsp-ide-0.5.4\\out\\server\\src\\server.js:7:6142)\n    at process.processImmediate (node:internal/timers:484:21)","timestamp":"2026-06-01T16:22:05.816Z"}
{"level":"info","message":"⌛ Validating src/requisitos.wlk","timeElapsed":123,"timestamp":"2026-06-01T16:22:05.941Z"}
{"level":"error","message":"✘ Completions for node Parameter ([32:28, 32:30] - src/requisitos.wlk) failed: Error: [Parameter]{e67e81} at src/requisitos.wlk:32 exhausted all cases without a match [Parameter]{e67e81} at src/requisitos.wlk:32 exhausted all cases without a match","stack":"Error: [Parameter]{e67e81} at src/requisitos.wlk:32 exhausted all cases without a match\n    at c:\\Users\\Nicolee\\.vscode\\extensions\\uqbar.wollok-lsp-ide-0.5.4\\out\\server\\src\\server.js:38:6142\n    at L2 (c:\\Users\\Nicolee\\.vscode\\extensions\\uqbar.wollok-lsp-ide-0.5.4\\out\\server\\src\\server.js:2389:42)\n    at c:\\Users\\Nicolee\\.vscode\\extensions\\uqbar.wollok-lsp-ide-0.5.4\\out\\server\\src\\server.js:2389:2988\n    at c:\\Users\\Nicolee\\.vscode\\extensions\\uqbar.wollok-lsp-ide-0.5.4\\out\\server\\src\\server.js:2398:8440\n    at c:\\Users\\Nicolee\\.vscode\\extensions\\uqbar.wollok-lsp-ide-0.5.4\\out\\server\\src\\server.js:37:74872\n    at Ke (c:\\Users\\Nicolee\\.vscode\\extensions\\uqbar.wollok-lsp-ide-0.5.4\\out\\server\\src\\server.js:7:8527)\n    at Lt (c:\\Users\\Nicolee\\.vscode\\extensions\\uqbar.wollok-lsp-ide-0.5.4\\out\\server\\src\\server.js:7:6189)\n    at ct (c:\\Users\\Nicolee\\.vscode\\extensions\\uqbar.wollok-lsp-ide-0.5.4\\out\\server\\src\\server.js:7:6378)\n    at Immediate._onImmediate (c:\\Users\\Nicolee\\.vscode\\extensions\\uqbar.wollok-lsp-ide-0.5.4\\out\\server\\src\\server.js:7:6142)\n    at process.processImmediate (node:internal/timers:484:21)","timestamp":"2026-06-01T16:22:06.077Z"}
{"level":"info","message":"⌛ Validating src/requisitos.wlk","timeElapsed":120,"timestamp":"2026-06-01T16:22:06.199Z"}
{"level":"error","message":"✘ Completions for node Parameter ([32:28, 32:31] - src/requisitos.wlk) failed: Error: [Parameter]{693dda} at src/requisitos.wlk:32 exhausted all cases without a match [Parameter]{693dda} at src/requisitos.wlk:32 exhausted all cases without a match","stack":"Error: [Parameter]{693dda} at src/requisitos.wlk:32 exhausted all cases without a match\n    at c:\\Users\\Nicolee\\.vscode\\extensions\\uqbar.wollok-lsp-ide-0.5.4\\out\\server\\src\\server.js:38:6142\n    at L2 (c:\\Users\\Nicolee\\.vscode\\extensions\\uqbar.wollok-lsp-ide-0.5.4\\out\\server\\src\\server.js:2389:42)\n    at c:\\Users\\Nicolee\\.vscode\\extensions\\uqbar.wollok-lsp-ide-0.5.4\\out\\server\\src\\server.js:2389:2988\n    at c:\\Users\\Nicolee\\.vscode\\extensions\\uqbar.wollok-lsp-ide-0.5.4\\out\\server\\src\\server.js:2398:8440\n    at c:\\Users\\Nicolee\\.vscode\\extensions\\uqbar.wollok-lsp-ide-0.5.4\\out\\server\\src\\server.js:37:74872\n    at Ke (c:\\Users\\Nicolee\\.vscode\\extensions\\uqbar.wollok-lsp-ide-0.5.4\\out\\server\\src\\server.js:7:8527)\n    at Lt (c:\\Users\\Nicolee\\.vscode\\extensions\\uqbar.wollok-lsp-ide-0.5.4\\out\\server\\src\\server.js:7:6189)\n    at ct (c:\\Users\\Nicolee\\.vscode\\extensions\\uqbar.wollok-lsp-ide-0.5.4\\out\\server\\src\\server.js:7:6378)\n    at Immediate._onImmediate (c:\\Users\\Nicolee\\.vscode\\extensions\\uqbar.wollok-lsp-ide-0.5.4\\out\\server\\src\\server.js:7:6142)\n    at process.processImmediate (node:internal/timers:484:21)","timestamp":"2026-06-01T16:22:06.285Z"}
{"level":"info","message":"⌛ Validating src/requisitos.wlk","timeElapsed":119,"timestamp":"2026-06-01T16:22:06.407Z"}
{"level":"error","message":"✘ Completions for node Parameter ([32:28, 32:32] - src/requisitos.wlk) failed: Error: [Parameter]{5d06e6} at src/requisitos.wlk:32 exhausted all cases without a match [Parameter]{5d06e6} at src/requisitos.wlk:32 exhausted all cases without a match","stack":"Error: [Parameter]{5d06e6} at src/requisitos.wlk:32 exhausted all cases without a match\n    at c:\\Users\\Nicolee\\.vscode\\extensions\\uqbar.wollok-lsp-ide-0.5.4\\out\\server\\src\\server.js:38:6142\n    at L2 (c:\\Users\\Nicolee\\.vscode\\extensions\\uqbar.wollok-lsp-ide-0.5.4\\out\\server\\src\\server.js:2389:42)\n    at c:\\Users\\Nicolee\\.vscode\\extensions\\uqbar.wollok-lsp-ide-0.5.4\\out\\server\\src\\server.js:2389:2988\n    at c:\\Users\\Nicolee\\.vscode\\extensions\\uqbar.wollok-lsp-ide-0.5.4\\out\\server\\src\\server.js:2398:8440\n    at c:\\Users\\Nicolee\\.vscode\\extensions\\uqbar.wollok-lsp-ide-0.5.4\\out\\server\\src\\server.js:37:74872\n    at Ke (c:\\Users\\Nicolee\\.vscode\\extensions\\uqbar.wollok-lsp-ide-0.5.4\\out\\server\\src\\server.js:7:8527)\n    at Lt (c:\\Users\\Nicolee\\.vscode\\extensions\\uqbar.wollok-lsp-ide-0.5.4\\out\\server\\src\\server.js:7:6189)\n    at ct (c:\\Users\\Nicolee\\.vscode\\extensions\\uqbar.wollok-lsp-ide-0.5.4\\out\\server\\src\\server.js:7:6378)\n    at Immediate._onImmediate (c:\\Users\\Nicolee\\.vscode\\extensions\\uqbar.wollok-lsp-ide-0.5.4\\out\\server\\src\\server.js:7:6142)\n    at process.processImmediate (node:internal/timers:484:21)","timestamp":"2026-06-01T16:22:06.479Z"}
{"level":"info","message":"⌛ Validating src/requisitos.wlk","timeElapsed":107,"timestamp":"2026-06-01T16:22:06.588Z"}
{"level":"error","message":"✘ Completions for node Parameter ([32:28, 32:33] - src/requisitos.wlk) failed: Error: [Parameter]{e2ea44} at src/requisitos.wlk:32 exhausted all cases without a match [Parameter]{e2ea44} at src/requisitos.wlk:32 exhausted all cases without a match","stack":"Error: [Parameter]{e2ea44} at src/requisitos.wlk:32 exhausted all cases without a match\n    at c:\\Users\\Nicolee\\.vscode\\extensions\\uqbar.wollok-lsp-ide-0.5.4\\out\\server\\src\\server.js:38:6142\n    at L2 (c:\\Users\\Nicolee\\.vscode\\extensions\\uqbar.wollok-lsp-ide-0.5.4\\out\\server\\src\\server.js:2389:42)\n    at c:\\Users\\Nicolee\\.vscode\\extensions\\uqbar.wollok-lsp-ide-0.5.4\\out\\server\\src\\server.js:2389:2988\n    at c:\\Users\\Nicolee\\.vscode\\extensions\\uqbar.wollok-lsp-ide-0.5.4\\out\\server\\src\\server.js:2398:8440\n    at c:\\Users\\Nicolee\\.vscode\\extensions\\uqbar.wollok-lsp-ide-0.5.4\\out\\server\\src\\server.js:37:74872\n    at Ke (c:\\Users\\Nicolee\\.vscode\\extensions\\uqbar.wollok-lsp-ide-0.5.4\\out\\server\\src\\server.js:7:8527)\n    at Lt (c:\\Users\\Nicolee\\.vscode\\extensions\\uqbar.wollok-lsp-ide-0.5.4\\out\\server\\src\\server.js:7:6189)\n    at ct (c:\\Users\\Nicolee\\.vscode\\extensions\\uqbar.wollok-lsp-ide-0.5.4\\out\\server\\src\\server.js:7:6378)\n    at Immediate._onImmediate (c:\\Users\\Nicolee\\.vscode\\extensions\\uqbar.wollok-lsp-ide-0.5.4\\out\\server\\src\\server.js:7:6142)\n    at process.processImmediate (node:internal/timers:484:21)","timestamp":"2026-06-01T16:22:06.662Z"}
{"level":"info","message":"⌛ Validating src/requisitos.wlk","timeElapsed":112,"timestamp":"2026-06-01T16:22:06.838Z"}
{"level":"info","message":"⌛ Validating src/requisitos.wlk","timeElapsed":111,"timestamp":"2026-06-01T16:22:07.167Z"}
{"level":"error","message":"✘ Completions for node Parameter ([32:36, 32:37] - src/requisitos.wlk) failed: Error: [Parameter]{32e65e} at src/requisitos.wlk:32 exhausted all cases without a match [Parameter]{32e65e} at src/requisitos.wlk:32 exhausted all cases without a match","stack":"Error: [Parameter]{32e65e} at src/requisitos.wlk:32 exhausted all cases without a match\n    at c:\\Users\\Nicolee\\.vscode\\extensions\\uqbar.wollok-lsp-ide-0.5.4\\out\\server\\src\\server.js:38:6142\n    at L2 (c:\\Users\\Nicolee\\.vscode\\extensions\\uqbar.wollok-lsp-ide-0.5.4\\out\\server\\src\\server.js:2389:42)\n    at c:\\Users\\Nicolee\\.vscode\\extensions\\uqbar.wollok-lsp-ide-0.5.4\\out\\server\\src\\server.js:2389:2988\n    at c:\\Users\\Nicolee\\.vscode\\extensions\\uqbar.wollok-lsp-ide-0.5.4\\out\\server\\src\\server.js:2398:8440\n    at c:\\Users\\Nicolee\\.vscode\\extensions\\uqbar.wollok-lsp-ide-0.5.4\\out\\server\\src\\server.js:37:74872\n    at Ke (c:\\Users\\Nicolee\\.vscode\\extensions\\uqbar.wollok-lsp-ide-0.5.4\\out\\server\\src\\server.js:7:8527)\n    at Lt (c:\\Users\\Nicolee\\.vscode\\extensions\\uqbar.wollok-lsp-ide-0.5.4\\out\\server\\src\\server.js:7:6189)\n    at ct (c:\\Users\\Nicolee\\.vscode\\extensions\\uqbar.wollok-lsp-ide-0.5.4\\out\\server\\src\\server.js:7:6378)\n    at Immediate._onImmediate (c:\\Users\\Nicolee\\.vscode\\extensions\\uqbar.wollok-lsp-ide-0.5.4\\out\\server\\src\\server.js:7:6142)\n    at process.processImmediate (node:internal/timers:484:21)","timestamp":"2026-06-01T16:22:07.338Z"}
{"level":"info","message":"⌛ Validating src/requisitos.wlk","timeElapsed":104,"timestamp":"2026-06-01T16:22:07.446Z"}
{"level":"info","message":"⌛ Validating src/requisitos.wlk","timeElapsed":102,"timestamp":"2026-06-01T16:22:07.624Z"}
{"level":"error","message":"✘ Completions for node Parameter ([32:36, 32:37] - src/requisitos.wlk) failed: Error: [Parameter]{4db201} at src/requisitos.wlk:32 exhausted all cases without a match [Parameter]{4db201} at src/requisitos.wlk:32 exhausted all cases without a match","stack":"Error: [Parameter]{4db201} at src/requisitos.wlk:32 exhausted all cases without a match\n    at c:\\Users\\Nicolee\\.vscode\\extensions\\uqbar.wollok-lsp-ide-0.5.4\\out\\server\\src\\server.js:38:6142\n    at L2 (c:\\Users\\Nicolee\\.vscode\\extensions\\uqbar.wollok-lsp-ide-0.5.4\\out\\server\\src\\server.js:2389:42)\n    at c:\\Users\\Nicolee\\.vscode\\extensions\\uqbar.wollok-lsp-ide-0.5.4\\out\\server\\src\\server.js:2389:2988\n    at c:\\Users\\Nicolee\\.vscode\\extensions\\uqbar.wollok-lsp-ide-0.5.4\\out\\server\\src\\server.js:2398:8440\n    at c:\\Users\\Nicolee\\.vscode\\extensions\\uqbar.wollok-lsp-ide-0.5.4\\out\\server\\src\\server.js:37:74872\n    at Ke (c:\\Users\\Nicolee\\.vscode\\extensions\\uqbar.wollok-lsp-ide-0.5.4\\out\\server\\src\\server.js:7:8527)\n    at Lt (c:\\Users\\Nicolee\\.vscode\\extensions\\uqbar.wollok-lsp-ide-0.5.4\\out\\server\\src\\server.js:7:6189)\n    at ct (c:\\Users\\Nicolee\\.vscode\\extensions\\uqbar.wollok-lsp-ide-0.5.4\\out\\server\\src\\server.js:7:6378)\n    at Immediate._onImmediate (c:\\Users\\Nicolee\\.vscode\\extensions\\uqbar.wollok-lsp-ide-0.5.4\\out\\server\\src\\server.js:7:6142)\n    at process.processImmediate (node:internal/timers:484:21)","timestamp":"2026-06-01T16:22:07.723Z"}
{"level":"info","message":"⌛ Validating src/requisitos.wlk","timeElapsed":101,"timestamp":"2026-06-01T16:22:07.911Z"}
{"level":"error","message":"✘ Completions for node Parameter ([32:36, 32:39] - src/requisitos.wlk) failed: Error: [Parameter]{e20926} at src/requisitos.wlk:32 exhausted all cases without a match [Parameter]{e20926} at src/requisitos.wlk:32 exhausted all cases without a match","stack":"Error: [Parameter]{e20926} at src/requisitos.wlk:32 exhausted all cases without a match\n    at c:\\Users\\Nicolee\\.vscode\\extensions\\uqbar.wollok-lsp-ide-0.5.4\\out\\server\\src\\server.js:38:6142\n    at L2 (c:\\Users\\Nicolee\\.vscode\\extensions\\uqbar.wollok-lsp-ide-0.5.4\\out\\server\\src\\server.js:2389:42)\n    at c:\\Users\\Nicolee\\.vscode\\extensions\\uqbar.wollok-lsp-ide-0.5.4\\out\\server\\src\\server.js:2389:2988\n    at c:\\Users\\Nicolee\\.vscode\\extensions\\uqbar.wollok-lsp-ide-0.5.4\\out\\server\\src\\server.js:2398:8440\n    at c:\\Users\\Nicolee\\.vscode\\extensions\\uqbar.wollok-lsp-ide-0.5.4\\out\\server\\src\\server.js:37:74872\n    at Ke (c:\\Users\\Nicolee\\.vscode\\extensions\\uqbar.wollok-lsp-ide-0.5.4\\out\\server\\src\\server.js:7:8527)\n    at Lt (c:\\Users\\Nicolee\\.vscode\\extensions\\uqbar.wollok-lsp-ide-0.5.4\\out\\server\\src\\server.js:7:6189)\n    at ct (c:\\Users\\Nicolee\\.vscode\\extensions\\uqbar.wollok-lsp-ide-0.5.4\\out\\server\\src\\server.js:7:6378)\n    at Immediate._onImmediate (c:\\Users\\Nicolee\\.vscode\\extensions\\uqbar.wollok-lsp-ide-0.5.4\\out\\server\\src\\server.js:7:6142)\n    at process.processImmediate (node:internal/timers:484:21)","timestamp":"2026-06-01T16:22:08.089Z"}
{"level":"error","message":"✘ Completions for node Parameter ([32:36, 32:40] - src/requisitos.wlk) failed: Error: [Parameter]{1bc5ae} at src/requisitos.wlk:32 exhausted all cases without a match [Parameter]{1bc5ae} at src/requisitos.wlk:32 exhausted all cases without a match","stack":"Error: [Parameter]{1bc5ae} at src/requisitos.wlk:32 exhausted all cases without a match\n    at c:\\Users\\Nicolee\\.vscode\\extensions\\uqbar.wollok-lsp-ide-0.5.4\\out\\server\\src\\server.js:38:6142\n    at L2 (c:\\Users\\Nicolee\\.vscode\\extensions\\uqbar.wollok-lsp-ide-0.5.4\\out\\server\\src\\server.js:2389:42)\n    at c:\\Users\\Nicolee\\.vscode\\extensions\\uqbar.wollok-lsp-ide-0.5.4\\out\\server\\src\\server.js:2389:2988\n    at c:\\Users\\Nicolee\\.vscode\\extensions\\uqbar.wollok-lsp-ide-0.5.4\\out\\server\\src\\server.js:2398:8440\n    at c:\\Users\\Nicolee\\.vscode\\extensions\\uqbar.wollok-lsp-ide-0.5.4\\out\\server\\src\\server.js:37:74872\n    at Ke (c:\\Users\\Nicolee\\.vscode\\extensions\\uqbar.wollok-lsp-ide-0.5.4\\out\\server\\src\\server.js:7:8527)\n    at Lt (c:\\Users\\Nicolee\\.vscode\\extensions\\uqbar.wollok-lsp-ide-0.5.4\\out\\server\\src\\server.js:7:6189)\n    at ct (c:\\Users\\Nicolee\\.vscode\\extensions\\uqbar.wollok-lsp-ide-0.5.4\\out\\server\\src\\server.js:7:6378)\n    at Immediate._onImmediate (c:\\Users\\Nicolee\\.vscode\\extensions\\uqbar.wollok-lsp-ide-0.5.4\\out\\server\\src\\server.js:7:6142)\n    at process.processImmediate (node:internal/timers:484:21)","timestamp":"2026-06-01T16:22:08.520Z"}
{"level":"info","message":"⌛ Validating src/requisitos.wlk","timeElapsed":122,"timestamp":"2026-06-01T16:22:08.650Z"}
{"level":"error","message":"✘ Completions for node Parameter ([32:36, 32:42] - src/requisitos.wlk) failed: Error: [Parameter]{736863} at src/requisitos.wlk:32 exhausted all cases without a match [Parameter]{736863} at src/requisitos.wlk:32 exhausted all cases without a match","stack":"Error: [Parameter]{736863} at src/requisitos.wlk:32 exhausted all cases without a match\n    at c:\\Users\\Nicolee\\.vscode\\extensions\\uqbar.wollok-lsp-ide-0.5.4\\out\\server\\src\\server.js:38:6142\n    at L2 (c:\\Users\\Nicolee\\.vscode\\extensions\\uqbar.wollok-lsp-ide-0.5.4\\out\\server\\src\\server.js:2389:42)\n    at c:\\Users\\Nicolee\\.vscode\\extensions\\uqbar.wollok-lsp-ide-0.5.4\\out\\server\\src\\server.js:2389:2988\n    at c:\\Users\\Nicolee\\.vscode\\extensions\\uqbar.wollok-lsp-ide-0.5.4\\out\\server\\src\\server.js:2398:8440\n    at c:\\Users\\Nicolee\\.vscode\\extensions\\uqbar.wollok-lsp-ide-0.5.4\\out\\server\\src\\server.js:37:74872\n    at Ke (c:\\Users\\Nicolee\\.vscode\\extensions\\uqbar.wollok-lsp-ide-0.5.4\\out\\server\\src\\server.js:7:8527)\n    at Lt (c:\\Users\\Nicolee\\.vscode\\extensions\\uqbar.wollok-lsp-ide-0.5.4\\out\\server\\src\\server.js:7:6189)\n    at ct (c:\\Users\\Nicolee\\.vscode\\extensions\\uqbar.wollok-lsp-ide-0.5.4\\out\\server\\src\\server.js:7:6378)\n    at Immediate._onImmediate (c:\\Users\\Nicolee\\.vscode\\extensions\\uqbar.wollok-lsp-ide-0.5.4\\out\\server\\src\\server.js:7:6142)\n    at process.processImmediate (node:internal/timers:484:21)","timestamp":"2026-06-01T16:22:08.824Z"}
{"level":"info","message":"⌛ Validating src/requisitos.wlk","timeElapsed":119,"timestamp":"2026-06-01T16:22:08.945Z"}
{"level":"info","message":"⌛ Validating src/requisitos.wlk","timeElapsed":123,"timestamp":"2026-06-01T16:22:09.136Z"}
{"level":"info","message":"⌛ Validating src/requisitos.wlk","timeElapsed":118,"timestamp":"2026-06-01T16:22:09.259Z"}
{"level":"info","message":"⌛ Building environment","timeElapsed":143,"timestamp":"2026-06-01T16:22:11.077Z"}
{"level":"info","message":"⌛ Validating src/requisitos.wlk","timeElapsed":135,"timestamp":"2026-06-01T16:22:11.343Z"}
{"level":"info","message":"⌛ Validating src/requisitos.wlk","timeElapsed":132,"timestamp":"2026-06-01T16:22:11.475Z"}
{"level":"info","message":"⌛ Validating src/requisitos.wlk","timeElapsed":138,"timestamp":"2026-06-01T16:22:11.811Z"}
{"level":"info","message":"⌛ Building environment","timeElapsed":139,"timestamp":"2026-06-01T16:22:11.952Z"}
{"level":"info","message":"⌛ Validating src/requisitos.wlk","timeElapsed":136,"timestamp":"2026-06-01T16:22:12.090Z"}
{"level":"info","message":"⌛ Validating src/requisitos.wlk","timeElapsed":133,"timestamp":"2026-06-01T16:22:12.371Z"}
{"level":"info","message":"⌛ Validating src/requisitos.wlk","timeElapsed":113,"timestamp":"2026-06-01T16:22:12.488Z"}
{"level":"info","message":"⌛ Validating src/requisitos.wlk","timeElapsed":107,"timestamp":"2026-06-01T16:22:12.595Z"}
{"level":"error","message":"✘ Completions for node Return ([33:7, 33:15] - src/requisitos.wlk) failed: Error: [Return]{75ae7b} at src/requisitos.wlk:33 exhausted all cases without a match [Return]{75ae7b} at src/requisitos.wlk:33 exhausted all cases without a match","stack":"Error: [Return]{75ae7b} at src/requisitos.wlk:33 exhausted all cases without a match\n    at c:\\Users\\Nicolee\\.vscode\\extensions\\uqbar.wollok-lsp-ide-0.5.4\\out\\server\\src\\server.js:38:6142\n    at L2 (c:\\Users\\Nicolee\\.vscode\\extensions\\uqbar.wollok-lsp-ide-0.5.4\\out\\server\\src\\server.js:2389:42)\n    at Jh (c:\\Users\\Nicolee\\.vscode\\extensions\\uqbar.wollok-lsp-ide-0.5.4\\out\\server\\src\\server.js:2389:1092)\n    at M5n (c:\\Users\\Nicolee\\.vscode\\extensions\\uqbar.wollok-lsp-ide-0.5.4\\out\\server\\src\\server.js:2389:1248)\n    at c:\\Users\\Nicolee\\.vscode\\extensions\\uqbar.wollok-lsp-ide-0.5.4\\out\\server\\src\\server.js:38:6131\n    at L2 (c:\\Users\\Nicolee\\.vscode\\extensions\\uqbar.wollok-lsp-ide-0.5.4\\out\\server\\src\\server.js:2389:42)\n    at c:\\Users\\Nicolee\\.vscode\\extensions\\uqbar.wollok-lsp-ide-0.5.4\\out\\server\\src\\server.js:2389:2988\n    at c:\\Users\\Nicolee\\.vscode\\extensions\\uqbar.wollok-lsp-ide-0.5.4\\out\\server\\src\\server.js:2398:8440\n    at c:\\Users\\Nicolee\\.vscode\\extensions\\uqbar.wollok-lsp-ide-0.5.4\\out\\server\\src\\server.js:37:74872\n    at Ke (c:\\Users\\Nicolee\\.vscode\\extensions\\uqbar.wollok-lsp-ide-0.5.4\\out\\server\\src\\server.js:7:8527)","timestamp":"2026-06-01T16:22:17.645Z"}
{"level":"info","message":"⌛ Validating src/requisitos.wlk","timeElapsed":132,"timestamp":"2026-06-01T16:22:17.779Z"}
{"level":"info","message":"⌛ Validating src/requisitos.wlk","timeElapsed":130,"timestamp":"2026-06-01T16:22:17.980Z"}
{"level":"info","message":"⌛ Validating src/requisitos.wlk","timeElapsed":121,"timestamp":"2026-06-01T16:22:18.275Z"}
{"level":"info","message":"⌛ Building environment","timeElapsed":107,"timestamp":"2026-06-01T16:22:18.535Z"}
{"level":"info","message":"⌛ Validating src/requisitos.wlk","timeElapsed":105,"timestamp":"2026-06-01T16:22:18.658Z"}
{"level":"info","message":"⌛ Validating src/requisitos.wlk","timeElapsed":106,"timestamp":"2026-06-01T16:22:18.846Z"}
{"level":"info","message":"⌛ Validating src/requisitos.wlk","timeElapsed":102,"timestamp":"2026-06-01T16:22:36.069Z"}
{"level":"info","message":"⌛ Validating src/estudiante.wlk","timeElapsed":119,"timestamp":"2026-06-01T16:22:43.437Z"}
{"level":"info","message":"⌛ Building environment","timeElapsed":106,"timestamp":"2026-06-01T16:22:54.305Z"}
{"level":"info","message":"⌛ Validating src/estudiante.wlk","timeElapsed":153,"timestamp":"2026-06-01T16:22:54.487Z"}
{"level":"info","message":"⌛ Validating src/estudiante.wlk","timeElapsed":116,"timestamp":"2026-06-01T16:22:57.024Z"}
{"level":"info","message":"⌛ Validating src/estudiante.wlk","timeElapsed":127,"timestamp":"2026-06-01T16:22:57.623Z"}
{"level":"info","message":"⌛ Building environment","timeElapsed":104,"timestamp":"2026-06-01T16:22:57.896Z"}
{"level":"info","message":"⌛ Validating src/estudiante.wlk","timeElapsed":184,"timestamp":"2026-06-01T16:22:58.081Z"}
{"level":"info","message":"⌛ Validating src/estudiante.wlk","timeElapsed":136,"timestamp":"2026-06-01T16:22:58.445Z"}
{"level":"info","message":"⌛ Validating src/estudiante.wlk","timeElapsed":108,"timestamp":"2026-06-01T16:22:58.553Z"}
{"level":"info","message":"⌛ Building environment","timeElapsed":102,"timestamp":"2026-06-01T16:23:00.011Z"}
{"level":"info","message":"⌛ Validating src/estudiante.wlk","timeElapsed":142,"timestamp":"2026-06-01T16:23:00.154Z"}
{"level":"info","message":"⌛ Validating src/estudiante.wlk","timeElapsed":126,"timestamp":"2026-06-01T16:23:13.158Z"}
{"level":"info","message":"⌛ Validating src/estudiante.wlk","timeElapsed":135,"timestamp":"2026-06-01T16:23:13.489Z"}
{"level":"info","message":"⌛ Validating src/estudiante.wlk","timeElapsed":136,"timestamp":"2026-06-01T16:23:13.710Z"}
{"level":"error","message":"✘ Failed to rebuild document Failed to parse src/estudiante.wlk: \n-- PARSING FAILED --------------------------------------------------\n\n  18 | \tmateriasAprobadas.add(new MateriaAprobada(materia = materia,\n  19 | \t\t\t\t\t\t\t\t\t\t\t\t nota = nota))\n> 20 |   \t}\n     |    ^\n  21 | \n  22 | \tmethod aprobo(materia) {\n\nExpected one of the following: \n\n'@', 'class', 'const', 'describe', 'mixin', 'object', 'only', 'package', 'program', 'test', 'var', '{', EOF, comment, not \"}\r\n\r\n\t\", whitespace\n","stack":"Error: Failed to parse src/estudiante.wlk: \n-- PARSING FAILED --------------------------------------------------\n\n  18 | \tmateriasAprobadas.add(new MateriaAprobada(materia = materia,\n  19 | \t\t\t\t\t\t\t\t\t\t\t\t nota = nota))\n> 20 |   \t}\n     |    ^\n  21 | \n  22 | \tmethod aprobo(materia) {\n\nExpected one of the following: \n\n'@', 'class', 'const', 'describe', 'mixin', 'object', 'only', 'package', 'program', 'test', 'var', '{', EOF, comment, not \"}\r\n\r\n\t\", whitespace\n\n    at c:\\Users\\Nicolee\\.vscode\\extensions\\uqbar.wollok-lsp-ide-0.5.4\\out\\server\\src\\server.js:2353:13026\n    at Array.map (<anonymous>)\n    at U1n (c:\\Users\\Nicolee\\.vscode\\extensions\\uqbar.wollok-lsp-ide-0.5.4\\out\\server\\src\\server.js:2353:12950)\n    at H2.buildEnvironmentFrom (c:\\Users\\Nicolee\\.vscode\\extensions\\uqbar.wollok-lsp-ide-0.5.4\\out\\server\\src\\server.js:2398:5254)\n    at H2.updateEnvironmentWith (c:\\Users\\Nicolee\\.vscode\\extensions\\uqbar.wollok-lsp-ide-0.5.4\\out\\server\\src\\server.js:2398:4989)\n    at GF (c:\\Users\\Nicolee\\.vscode\\extensions\\uqbar.wollok-lsp-ide-0.5.4\\out\\server\\src\\server.js:2398:7383)\n    at V3.invoke (c:\\Users\\Nicolee\\.vscode\\extensions\\uqbar.wollok-lsp-ide-0.5.4\\out\\server\\src\\server.js:3:157328)\n    at o.fire (c:\\Users\\Nicolee\\.vscode\\extensions\\uqbar.wollok-lsp-ide-0.5.4\\out\\server\\src\\server.js:3:158098)\n    at c:\\Users\\Nicolee\\.vscode\\extensions\\uqbar.wollok-lsp-ide-0.5.4\\out\\server\\src\\server.js:37:57871\n    at nd (c:\\Users\\Nicolee\\.vscode\\extensions\\uqbar.wollok-lsp-ide-0.5.4\\out\\server\\src\\server.js:8:1561)","timestamp":"2026-06-01T16:23:13.828Z"}
{"level":"info","message":"⌛ Validating src/estudiante.wlk","timeElapsed":120,"timestamp":"2026-06-01T16:23:13.949Z"}
{"level":"info","message":"⌛ Validating src/estudiante.wlk","timeElapsed":125,"timestamp":"2026-06-01T16:23:14.079Z"}
{"level":"error","message":"✘ Failed to rebuild document Failed to parse src/estudiante.wlk: \n-- PARSING FAILED --------------------------------------------------\n\n  18 | \tmateriasAprobadas.add(new MateriaAprobada(materia = materia,\n  19 | \t\t\t\t\t\t\t\t\t\t\t\t nota = nota))\n> 20 |   \t}\n     |    ^\n  21 | \n  22 | \tmethod aprobo(materia) {\n\nExpected one of the following: \n\n'@', 'class', 'const', 'describe', 'mixin', 'object', 'only', 'package', 'program', 'test', 'var', '{', EOF, comment, not \"}\r\n\r\n\t\", whitespace\n","stack":"Error: Failed to parse src/estudiante.wlk: \n-- PARSING FAILED --------------------------------------------------\n\n  18 | \tmateriasAprobadas.add(new MateriaAprobada(materia = materia,\n  19 | \t\t\t\t\t\t\t\t\t\t\t\t nota = nota))\n> 20 |   \t}\n     |    ^\n  21 | \n  22 | \tmethod aprobo(materia) {\n\nExpected one of the following: \n\n'@', 'class', 'const', 'describe', 'mixin', 'object', 'only', 'package', 'program', 'test', 'var', '{', EOF, comment, not \"}\r\n\r\n\t\", whitespace\n\n    at c:\\Users\\Nicolee\\.vscode\\extensions\\uqbar.wollok-lsp-ide-0.5.4\\out\\server\\src\\server.js:2353:13026\n    at Array.map (<anonymous>)\n    at U1n (c:\\Users\\Nicolee\\.vscode\\extensions\\uqbar.wollok-lsp-ide-0.5.4\\out\\server\\src\\server.js:2353:12950)\n    at H2.buildEnvironmentFrom (c:\\Users\\Nicolee\\.vscode\\extensions\\uqbar.wollok-lsp-ide-0.5.4\\out\\server\\src\\server.js:2398:5254)\n    at H2.updateEnvironmentWith (c:\\Users\\Nicolee\\.vscode\\extensions\\uqbar.wollok-lsp-ide-0.5.4\\out\\server\\src\\server.js:2398:4989)\n    at GF (c:\\Users\\Nicolee\\.vscode\\extensions\\uqbar.wollok-lsp-ide-0.5.4\\out\\server\\src\\server.js:2398:7383)\n    at V3.invoke (c:\\Users\\Nicolee\\.vscode\\extensions\\uqbar.wollok-lsp-ide-0.5.4\\out\\server\\src\\server.js:3:157328)\n    at o.fire (c:\\Users\\Nicolee\\.vscode\\extensions\\uqbar.wollok-lsp-ide-0.5.4\\out\\server\\src\\server.js:3:158098)\n    at c:\\Users\\Nicolee\\.vscode\\extensions\\uqbar.wollok-lsp-ide-0.5.4\\out\\server\\src\\server.js:37:57871\n    at nd (c:\\Users\\Nicolee\\.vscode\\extensions\\uqbar.wollok-lsp-ide-0.5.4\\out\\server\\src\\server.js:8:1561)","timestamp":"2026-06-01T16:23:14.091Z"}
{"level":"info","message":"⌛ Building environment","timeElapsed":101,"timestamp":"2026-06-01T16:23:14.352Z"}
{"level":"info","message":"⌛ Validating src/estudiante.wlk","timeElapsed":125,"timestamp":"2026-06-01T16:23:14.593Z"}
{"level":"info","message":"⌛ Validating src/estudiante.wlk","timeElapsed":137,"timestamp":"2026-06-01T16:23:14.731Z"}
{"level":"info","message":"⌛ Building environment","timeElapsed":107,"timestamp":"2026-06-01T16:23:14.858Z"}
{"level":"info","message":"⌛ Validating src/estudiante.wlk","timeElapsed":144,"timestamp":"2026-06-01T16:23:15.277Z"}
{"level":"info","message":"⌛ Validating src/estudiante.wlk","timeElapsed":122,"timestamp":"2026-06-01T16:23:15.485Z"}
{"level":"info","message":"⌛ Building environment","timeElapsed":104,"timestamp":"2026-06-01T16:23:15.883Z"}
{"level":"info","message":"⌛ Validating src/estudiante.wlk","timeElapsed":109,"timestamp":"2026-06-01T16:23:16.165Z"}
{"level":"info","message":"⌛ Validating src/estudiante.wlk","timeElapsed":107,"timestamp":"2026-06-01T16:23:16.571Z"}
{"level":"info","message":"⌛ Validating src/estudiante.wlk","timeElapsed":120,"timestamp":"2026-06-01T16:23:17.086Z"}
{"level":"error","message":"✘ Completions for node Send ([58:11, 58:75] - src/estudiante.wlk) failed: Error: [Send]{947287} at src/estudiante.wlk:58 exhausted all cases without a match [Send]{947287} at src/estudiante.wlk:58 exhausted all cases without a match","stack":"Error: [Send]{947287} at src/estudiante.wlk:58 exhausted all cases without a match\n    at c:\\Users\\Nicolee\\.vscode\\extensions\\uqbar.wollok-lsp-ide-0.5.4\\out\\server\\src\\server.js:38:6142\n    at L2 (c:\\Users\\Nicolee\\.vscode\\extensions\\uqbar.wollok-lsp-ide-0.5.4\\out\\server\\src\\server.js:2389:42)\n    at Jh (c:\\Users\\Nicolee\\.vscode\\extensions\\uqbar.wollok-lsp-ide-0.5.4\\out\\server\\src\\server.js:2389:1092)\n    at M5n (c:\\Users\\Nicolee\\.vscode\\extensions\\uqbar.wollok-lsp-ide-0.5.4\\out\\server\\src\\server.js:2389:1248)\n    at c:\\Users\\Nicolee\\.vscode\\extensions\\uqbar.wollok-lsp-ide-0.5.4\\out\\server\\src\\server.js:38:6131\n    at L2 (c:\\Users\\Nicolee\\.vscode\\extensions\\uqbar.wollok-lsp-ide-0.5.4\\out\\server\\src\\server.js:2389:42)\n    at c:\\Users\\Nicolee\\.vscode\\extensions\\uqbar.wollok-lsp-ide-0.5.4\\out\\server\\src\\server.js:2389:2988\n    at c:\\Users\\Nicolee\\.vscode\\extensions\\uqbar.wollok-lsp-ide-0.5.4\\out\\server\\src\\server.js:2398:8440\n    at c:\\Users\\Nicolee\\.vscode\\extensions\\uqbar.wollok-lsp-ide-0.5.4\\out\\server\\src\\server.js:37:74872\n    at Ke (c:\\Users\\Nicolee\\.vscode\\extensions\\uqbar.wollok-lsp-ide-0.5.4\\out\\server\\src\\server.js:7:8527)","timestamp":"2026-06-01T16:23:22.008Z"}
{"level":"error","message":"✘ Completions for node Send ([58:11, 59:30] - src/estudiante.wlk) failed: Error: [Send]{198725} at src/estudiante.wlk:58 exhausted all cases without a match [Send]{198725} at src/estudiante.wlk:58 exhausted all cases without a match","stack":"Error: [Send]{198725} at src/estudiante.wlk:58 exhausted all cases without a match\n    at c:\\Users\\Nicolee\\.vscode\\extensions\\uqbar.wollok-lsp-ide-0.5.4\\out\\server\\src\\server.js:38:6142\n    at L2 (c:\\Users\\Nicolee\\.vscode\\extensions\\uqbar.wollok-lsp-ide-0.5.4\\out\\server\\src\\server.js:2389:42)\n    at Jh (c:\\Users\\Nicolee\\.vscode\\extensions\\uqbar.wollok-lsp-ide-0.5.4\\out\\server\\src\\server.js:2389:1092)\n    at L2 (c:\\Users\\Nicolee\\.vscode\\extensions\\uqbar.wollok-lsp-ide-0.5.4\\out\\server\\src\\server.js:2389:544)\n    at Jh (c:\\Users\\Nicolee\\.vscode\\extensions\\uqbar.wollok-lsp-ide-0.5.4\\out\\server\\src\\server.js:2389:1092)\n    at M5n (c:\\Users\\Nicolee\\.vscode\\extensions\\uqbar.wollok-lsp-ide-0.5.4\\out\\server\\src\\server.js:2389:1248)\n    at c:\\Users\\Nicolee\\.vscode\\extensions\\uqbar.wollok-lsp-ide-0.5.4\\out\\server\\src\\server.js:38:6131\n    at L2 (c:\\Users\\Nicolee\\.vscode\\extensions\\uqbar.wollok-lsp-ide-0.5.4\\out\\server\\src\\server.js:2389:42)\n    at c:\\Users\\Nicolee\\.vscode\\extensions\\uqbar.wollok-lsp-ide-0.5.4\\out\\server\\src\\server.js:2389:2988\n    at c:\\Users\\Nicolee\\.vscode\\extensions\\uqbar.wollok-lsp-ide-0.5.4\\out\\server\\src\\server.js:2398:8440","timestamp":"2026-06-01T16:23:22.009Z"}
{"level":"error","message":"✘ Completions for node Send ([58:11, 60:35] - src/estudiante.wlk) failed: Error: [Send]{fd12f0} at src/estudiante.wlk:58 exhausted all cases without a match [Send]{fd12f0} at src/estudiante.wlk:58 exhausted all cases without a match","stack":"Error: [Send]{fd12f0} at src/estudiante.wlk:58 exhausted all cases without a match\n    at c:\\Users\\Nicolee\\.vscode\\extensions\\uqbar.wollok-lsp-ide-0.5.4\\out\\server\\src\\server.js:38:6142\n    at L2 (c:\\Users\\Nicolee\\.vscode\\extensions\\uqbar.wollok-lsp-ide-0.5.4\\out\\server\\src\\server.js:2389:42)\n    at Jh (c:\\Users\\Nicolee\\.vscode\\extensions\\uqbar.wollok-lsp-ide-0.5.4\\out\\server\\src\\server.js:2389:1092)\n    at L2 (c:\\Users\\Nicolee\\.vscode\\extensions\\uqbar.wollok-lsp-ide-0.5.4\\out\\server\\src\\server.js:2389:544)\n    at Jh (c:\\Users\\Nicolee\\.vscode\\extensions\\uqbar.wollok-lsp-ide-0.5.4\\out\\server\\src\\server.js:2389:1092)\n    at L2 (c:\\Users\\Nicolee\\.vscode\\extensions\\uqbar.wollok-lsp-ide-0.5.4\\out\\server\\src\\server.js:2389:544)\n    at Jh (c:\\Users\\Nicolee\\.vscode\\extensions\\uqbar.wollok-lsp-ide-0.5.4\\out\\server\\src\\server.js:2389:1092)\n    at M5n (c:\\Users\\Nicolee\\.vscode\\extensions\\uqbar.wollok-lsp-ide-0.5.4\\out\\server\\src\\server.js:2389:1248)\n    at c:\\Users\\Nicolee\\.vscode\\extensions\\uqbar.wollok-lsp-ide-0.5.4\\out\\server\\src\\server.js:38:6131\n    at L2 (c:\\Users\\Nicolee\\.vscode\\extensions\\uqbar.wollok-lsp-ide-0.5.4\\out\\server\\src\\server.js:2389:42)","timestamp":"2026-06-01T16:23:22.009Z"}
{"level":"error","message":"✘ Completions for node Send ([58:11, 61:54] - src/estudiante.wlk) failed: Error: [Send]{8b6bbe} at src/estudiante.wlk:58 exhausted all cases without a match [Send]{8b6bbe} at src/estudiante.wlk:58 exhausted all cases without a match","stack":"Error: [Send]{8b6bbe} at src/estudiante.wlk:58 exhausted all cases without a match\n    at c:\\Users\\Nicolee\\.vscode\\extensions\\uqbar.wollok-lsp-ide-0.5.4\\out\\server\\src\\server.js:38:6142\n    at L2 (c:\\Users\\Nicolee\\.vscode\\extensions\\uqbar.wollok-lsp-ide-0.5.4\\out\\server\\src\\server.js:2389:42)\n    at Jh (c:\\Users\\Nicolee\\.vscode\\extensions\\uqbar.wollok-lsp-ide-0.5.4\\out\\server\\src\\server.js:2389:1092)\n    at L2 (c:\\Users\\Nicolee\\.vscode\\extensions\\uqbar.wollok-lsp-ide-0.5.4\\out\\server\\src\\server.js:2389:544)\n    at Jh (c:\\Users\\Nicolee\\.vscode\\extensions\\uqbar.wollok-lsp-ide-0.5.4\\out\\server\\src\\server.js:2389:1092)\n    at L2 (c:\\Users\\Nicolee\\.vscode\\extensions\\uqbar.wollok-lsp-ide-0.5.4\\out\\server\\src\\server.js:2389:544)\n    at Jh (c:\\Users\\Nicolee\\.vscode\\extensions\\uqbar.wollok-lsp-ide-0.5.4\\out\\server\\src\\server.js:2389:1092)\n    at L2 (c:\\Users\\Nicolee\\.vscode\\extensions\\uqbar.wollok-lsp-ide-0.5.4\\out\\server\\src\\server.js:2389:544)\n    at Jh (c:\\Users\\Nicolee\\.vscode\\extensions\\uqbar.wollok-lsp-ide-0.5.4\\out\\server\\src\\server.js:2389:1092)\n    at M5n (c:\\Users\\Nicolee\\.vscode\\extensions\\uqbar.wollok-lsp-ide-0.5.4\\out\\server\\src\\server.js:2389:1248)","timestamp":"2026-06-01T16:23:22.009Z"}
{"level":"error","message":"✘ Completions for node Return ([58:4, 61:54] - src/estudiante.wlk) failed: Error: [Return]{370d0a} at src/estudiante.wlk:58 exhausted all cases without a match [Return]{370d0a} at src/estudiante.wlk:58 exhausted all cases without a match","stack":"Error: [Return]{370d0a} at src/estudiante.wlk:58 exhausted all cases without a match\n    at c:\\Users\\Nicolee\\.vscode\\extensions\\uqbar.wollok-lsp-ide-0.5.4\\out\\server\\src\\server.js:38:6142\n    at L2 (c:\\Users\\Nicolee\\.vscode\\extensions\\uqbar.wollok-lsp-ide-0.5.4\\out\\server\\src\\server.js:2389:42)\n    at Jh (c:\\Users\\Nicolee\\.vscode\\extensions\\uqbar.wollok-lsp-ide-0.5.4\\out\\server\\src\\server.js:2389:1092)\n    at L2 (c:\\Users\\Nicolee\\.vscode\\extensions\\uqbar.wollok-lsp-ide-0.5.4\\out\\server\\src\\server.js:2389:544)\n    at Jh (c:\\Users\\Nicolee\\.vscode\\extensions\\uqbar.wollok-lsp-ide-0.5.4\\out\\server\\src\\server.js:2389:1092)\n    at L2 (c:\\Users\\Nicolee\\.vscode\\extensions\\uqbar.wollok-lsp-ide-0.5.4\\out\\server\\src\\server.js:2389:544)\n    at Jh (c:\\Users\\Nicolee\\.vscode\\extensions\\uqbar.wollok-lsp-ide-0.5.4\\out\\server\\src\\server.js:2389:1092)\n    at L2 (c:\\Users\\Nicolee\\.vscode\\extensions\\uqbar.wollok-lsp-ide-0.5.4\\out\\server\\src\\server.js:2389:544)\n    at Jh (c:\\Users\\Nicolee\\.vscode\\extensions\\uqbar.wollok-lsp-ide-0.5.4\\out\\server\\src\\server.js:2389:1092)\n    at L2 (c:\\Users\\Nicolee\\.vscode\\extensions\\uqbar.wollok-lsp-ide-0.5.4\\out\\server\\src\\server.js:2389:544)","timestamp":"2026-06-01T16:23:22.009Z"}
{"level":"info","message":"⌛ Validating src/estudiante.wlk","timeElapsed":140,"timestamp":"2026-06-01T16:23:22.151Z"}
{"level":"info","message":"⌛ Validating src/estudiante.wlk","timeElapsed":125,"timestamp":"2026-06-01T16:23:22.463Z"}
{"level":"info","message":"⌛ Validating src/estudiante.wlk","timeElapsed":115,"timestamp":"2026-06-01T16:23:22.587Z"}
{"level":"error","message":"✘ Completions for node Send ([58:11, 58:78] - src/estudiante.wlk) failed: Error: [Send]{957938} at src/estudiante.wlk:58 exhausted all cases without a match [Send]{957938} at src/estudiante.wlk:58 exhausted all cases without a match","stack":"Error: [Send]{957938} at src/estudiante.wlk:58 exhausted all cases without a match\n    at c:\\Users\\Nicolee\\.vscode\\extensions\\uqbar.wollok-lsp-ide-0.5.4\\out\\server\\src\\server.js:38:6142\n    at L2 (c:\\Users\\Nicolee\\.vscode\\extensions\\uqbar.wollok-lsp-ide-0.5.4\\out\\server\\src\\server.js:2389:42)\n    at Jh (c:\\Users\\Nicolee\\.vscode\\extensions\\uqbar.wollok-lsp-ide-0.5.4\\out\\server\\src\\server.js:2389:1092)\n    at M5n (c:\\Users\\Nicolee\\.vscode\\extensions\\uqbar.wollok-lsp-ide-0.5.4\\out\\server\\src\\server.js:2389:1248)\n    at c:\\Users\\Nicolee\\.vscode\\extensions\\uqbar.wollok-lsp-ide-0.5.4\\out\\server\\src\\server.js:38:6131\n    at L2 (c:\\Users\\Nicolee\\.vscode\\extensions\\uqbar.wollok-lsp-ide-0.5.4\\out\\server\\src\\server.js:2389:42)\n    at c:\\Users\\Nicolee\\.vscode\\extensions\\uqbar.wollok-lsp-ide-0.5.4\\out\\server\\src\\server.js:2389:2988\n    at c:\\Users\\Nicolee\\.vscode\\extensions\\uqbar.wollok-lsp-ide-0.5.4\\out\\server\\src\\server.js:2398:8440\n    at c:\\Users\\Nicolee\\.vscode\\extensions\\uqbar.wollok-lsp-ide-0.5.4\\out\\server\\src\\server.js:37:74872\n    at Ke (c:\\Users\\Nicolee\\.vscode\\extensions\\uqbar.wollok-lsp-ide-0.5.4\\out\\server\\src\\server.js:7:8527)","timestamp":"2026-06-01T16:23:22.708Z"}
{"level":"error","message":"✘ Completions for node Send ([58:11, 59:30] - src/estudiante.wlk) failed: Error: [Send]{f55a46} at src/estudiante.wlk:58 exhausted all cases without a match [Send]{f55a46} at src/estudiante.wlk:58 exhausted all cases without a match","stack":"Error: [Send]{f55a46} at src/estudiante.wlk:58 exhausted all cases without a match\n    at c:\\Users\\Nicolee\\.vscode\\extensions\\uqbar.wollok-lsp-ide-0.5.4\\out\\server\\src\\server.js:38:6142\n    at L2 (c:\\Users\\Nicolee\\.vscode\\extensions\\uqbar.wollok-lsp-ide-0.5.4\\out\\server\\src\\server.js:2389:42)\n    at Jh (c:\\Users\\Nicolee\\.vscode\\extensions\\uqbar.wollok-lsp-ide-0.5.4\\out\\server\\src\\server.js:2389:1092)\n    at L2 (c:\\Users\\Nicolee\\.vscode\\extensions\\uqbar.wollok-lsp-ide-0.5.4\\out\\server\\src\\server.js:2389:544)\n    at Jh (c:\\Users\\Nicolee\\.vscode\\extensions\\uqbar.wollok-lsp-ide-0.5.4\\out\\server\\src\\server.js:2389:1092)\n    at M5n (c:\\Users\\Nicolee\\.vscode\\extensions\\uqbar.wollok-lsp-ide-0.5.4\\out\\server\\src\\server.js:2389:1248)\n    at c:\\Users\\Nicolee\\.vscode\\extensions\\uqbar.wollok-lsp-ide-0.5.4\\out\\server\\src\\server.js:38:6131\n    at L2 (c:\\Users\\Nicolee\\.vscode\\extensions\\uqbar.wollok-lsp-ide-0.5.4\\out\\server\\src\\server.js:2389:42)\n    at c:\\Users\\Nicolee\\.vscode\\extensions\\uqbar.wollok-lsp-ide-0.5.4\\out\\server\\src\\server.js:2389:2988\n    at c:\\Users\\Nicolee\\.vscode\\extensions\\uqbar.wollok-lsp-ide-0.5.4\\out\\server\\src\\server.js:2398:8440","timestamp":"2026-06-01T16:23:22.709Z"}
{"level":"error","message":"✘ Completions for node Send ([58:11, 60:35] - src/estudiante.wlk) failed: Error: [Send]{df1729} at src/estudiante.wlk:58 exhausted all cases without a match [Send]{df1729} at src/estudiante.wlk:58 exhausted all cases without a match","stack":"Error: [Send]{df1729} at src/estudiante.wlk:58 exhausted all cases without a match\n    at c:\\Users\\Nicolee\\.vscode\\extensions\\uqbar.wollok-lsp-ide-0.5.4\\out\\server\\src\\server.js:38:6142\n    at L2 (c:\\Users\\Nicolee\\.vscode\\extensions\\uqbar.wollok-lsp-ide-0.5.4\\out\\server\\src\\server.js:2389:42)\n    at Jh (c:\\Users\\Nicolee\\.vscode\\extensions\\uqbar.wollok-lsp-ide-0.5.4\\out\\server\\src\\server.js:2389:1092)\n    at L2 (c:\\Users\\Nicolee\\.vscode\\extensions\\uqbar.wollok-lsp-ide-0.5.4\\out\\server\\src\\server.js:2389:544)\n    at Jh (c:\\Users\\Nicolee\\.vscode\\extensions\\uqbar.wollok-lsp-ide-0.5.4\\out\\server\\src\\server.js:2389:1092)\n    at L2 (c:\\Users\\Nicolee\\.vscode\\extensions\\uqbar.wollok-lsp-ide-0.5.4\\out\\server\\src\\server.js:2389:544)\n    at Jh (c:\\Users\\Nicolee\\.vscode\\extensions\\uqbar.wollok-lsp-ide-0.5.4\\out\\server\\src\\server.js:2389:1092)\n    at M5n (c:\\Users\\Nicolee\\.vscode\\extensions\\uqbar.wollok-lsp-ide-0.5.4\\out\\server\\src\\server.js:2389:1248)\n    at c:\\Users\\Nicolee\\.vscode\\extensions\\uqbar.wollok-lsp-ide-0.5.4\\out\\server\\src\\server.js:38:6131\n    at L2 (c:\\Users\\Nicolee\\.vscode\\extensions\\uqbar.wollok-lsp-ide-0.5.4\\out\\server\\src\\server.js:2389:42)","timestamp":"2026-06-01T16:23:22.709Z"}
{"level":"error","message":"✘ Completions for node Send ([58:11, 61:54] - src/estudiante.wlk) failed: Error: [Send]{610d66} at src/estudiante.wlk:58 exhausted all cases without a match [Send]{610d66} at src/estudiante.wlk:58 exhausted all cases without a match","stack":"Error: [Send]{610d66} at src/estudiante.wlk:58 exhausted all cases without a match\n    at c:\\Users\\Nicolee\\.vscode\\extensions\\uqbar.wollok-lsp-ide-0.5.4\\out\\server\\src\\server.js:38:6142\n    at L2 (c:\\Users\\Nicolee\\.vscode\\extensions\\uqbar.wollok-lsp-ide-0.5.4\\out\\server\\src\\server.js:2389:42)\n    at Jh (c:\\Users\\Nicolee\\.vscode\\extensions\\uqbar.wollok-lsp-ide-0.5.4\\out\\server\\src\\server.js:2389:1092)\n    at L2 (c:\\Users\\Nicolee\\.vscode\\extensions\\uqbar.wollok-lsp-ide-0.5.4\\out\\server\\src\\server.js:2389:544)\n    at Jh (c:\\Users\\Nicolee\\.vscode\\extensions\\uqbar.wollok-lsp-ide-0.5.4\\out\\server\\src\\server.js:2389:1092)\n    at L2 (c:\\Users\\Nicolee\\.vscode\\extensions\\uqbar.wollok-lsp-ide-0.5.4\\out\\server\\src\\server.js:2389:544)\n    at Jh (c:\\Users\\Nicolee\\.vscode\\extensions\\uqbar.wollok-lsp-ide-0.5.4\\out\\server\\src\\server.js:2389:1092)\n    at L2 (c:\\Users\\Nicolee\\.vscode\\extensions\\uqbar.wollok-lsp-ide-0.5.4\\out\\server\\src\\server.js:2389:544)\n    at Jh (c:\\Users\\Nicolee\\.vscode\\extensions\\uqbar.wollok-lsp-ide-0.5.4\\out\\server\\src\\server.js:2389:1092)\n    at M5n (c:\\Users\\Nicolee\\.vscode\\extensions\\uqbar.wollok-lsp-ide-0.5.4\\out\\server\\src\\server.js:2389:1248)","timestamp":"2026-06-01T16:23:22.709Z"}
{"level":"error","message":"✘ Completions for node Return ([58:4, 61:54] - src/estudiante.wlk) failed: Error: [Return]{69d553} at src/estudiante.wlk:58 exhausted all cases without a match [Return]{69d553} at src/estudiante.wlk:58 exhausted all cases without a match","stack":"Error: [Return]{69d553} at src/estudiante.wlk:58 exhausted all cases without a match\n    at c:\\Users\\Nicolee\\.vscode\\extensions\\uqbar.wollok-lsp-ide-0.5.4\\out\\server\\src\\server.js:38:6142\n    at L2 (c:\\Users\\Nicolee\\.vscode\\extensions\\uqbar.wollok-lsp-ide-0.5.4\\out\\server\\src\\server.js:2389:42)\n    at Jh (c:\\Users\\Nicolee\\.vscode\\extensions\\uqbar.wollok-lsp-ide-0.5.4\\out\\server\\src\\server.js:2389:1092)\n    at L2 (c:\\Users\\Nicolee\\.vscode\\extensions\\uqbar.wollok-lsp-ide-0.5.4\\out\\server\\src\\server.js:2389:544)\n    at Jh (c:\\Users\\Nicolee\\.vscode\\extensions\\uqbar.wollok-lsp-ide-0.5.4\\out\\server\\src\\server.js:2389:1092)\n    at L2 (c:\\Users\\Nicolee\\.vscode\\extensions\\uqbar.wollok-lsp-ide-0.5.4\\out\\server\\src\\server.js:2389:544)\n    at Jh (c:\\Users\\Nicolee\\.vscode\\extensions\\uqbar.wollok-lsp-ide-0.5.4\\out\\server\\src\\server.js:2389:1092)\n    at L2 (c:\\Users\\Nicolee\\.vscode\\extensions\\uqbar.wollok-lsp-ide-0.5.4\\out\\server\\src\\server.js:2389:544)\n    at Jh (c:\\Users\\Nicolee\\.vscode\\extensions\\uqbar.wollok-lsp-ide-0.5.4\\out\\server\\src\\server.js:2389:1092)\n    at L2 (c:\\Users\\Nicolee\\.vscode\\extensions\\uqbar.wollok-lsp-ide-0.5.4\\out\\server\\src\\server.js:2389:544)","timestamp":"2026-06-01T16:23:22.709Z"}
{"level":"info","message":"⌛ Validating src/estudiante.wlk","timeElapsed":118,"timestamp":"2026-06-01T16:23:22.830Z"}
{"level":"info","message":"⌛ Validating src/estudiante.wlk","timeElapsed":119,"timestamp":"2026-06-01T16:23:23.295Z"}
{"level":"info","message":"⌛ Validating src/estudiante.wlk","timeElapsed":126,"timestamp":"2026-06-01T16:23:23.509Z"}
{"level":"info","message":"⌛ Validating src/estudiante.wlk","timeElapsed":183,"timestamp":"2026-06-01T16:23:23.771Z"}
{"level":"info","message":"⌛ Building environment","timeElapsed":147,"timestamp":"2026-06-01T16:23:23.920Z"}
{"level":"error","message":"✘ Completions for node Send ([58:11, 58:76] - src/estudiante.wlk) failed: Error: [Send]{bbc18e} at src/estudiante.wlk:58 exhausted all cases without a match [Send]{bbc18e} at src/estudiante.wlk:58 exhausted all cases without a match","stack":"Error: [Send]{bbc18e} at src/estudiante.wlk:58 exhausted all cases without a match\n    at c:\\Users\\Nicolee\\.vscode\\extensions\\uqbar.wollok-lsp-ide-0.5.4\\out\\server\\src\\server.js:38:6142\n    at L2 (c:\\Users\\Nicolee\\.vscode\\extensions\\uqbar.wollok-lsp-ide-0.5.4\\out\\server\\src\\server.js:2389:42)\n    at Jh (c:\\Users\\Nicolee\\.vscode\\extensions\\uqbar.wollok-lsp-ide-0.5.4\\out\\server\\src\\server.js:2389:1092)\n    at M5n (c:\\Users\\Nicolee\\.vscode\\extensions\\uqbar.wollok-lsp-ide-0.5.4\\out\\server\\src\\server.js:2389:1248)\n    at c:\\Users\\Nicolee\\.vscode\\extensions\\uqbar.wollok-lsp-ide-0.5.4\\out\\server\\src\\server.js:38:6131\n    at L2 (c:\\Users\\Nicolee\\.vscode\\extensions\\uqbar.wollok-lsp-ide-0.5.4\\out\\server\\src\\server.js:2389:42)\n    at c:\\Users\\Nicolee\\.vscode\\extensions\\uqbar.wollok-lsp-ide-0.5.4\\out\\server\\src\\server.js:2389:2988\n    at c:\\Users\\Nicolee\\.vscode\\extensions\\uqbar.wollok-lsp-ide-0.5.4\\out\\server\\src\\server.js:2398:8440\n    at c:\\Users\\Nicolee\\.vscode\\extensions\\uqbar.wollok-lsp-ide-0.5.4\\out\\server\\src\\server.js:37:74872\n    at Ke (c:\\Users\\Nicolee\\.vscode\\extensions\\uqbar.wollok-lsp-ide-0.5.4\\out\\server\\src\\server.js:7:8527)","timestamp":"2026-06-01T16:23:23.946Z"}
{"level":"error","message":"✘ Completions for node Send ([58:11, 59:30] - src/estudiante.wlk) failed: Error: [Send]{455744} at src/estudiante.wlk:58 exhausted all cases without a match [Send]{455744} at src/estudiante.wlk:58 exhausted all cases without a match","stack":"Error: [Send]{455744} at src/estudiante.wlk:58 exhausted all cases without a match\n    at c:\\Users\\Nicolee\\.vscode\\extensions\\uqbar.wollok-lsp-ide-0.5.4\\out\\server\\src\\server.js:38:6142\n    at L2 (c:\\Users\\Nicolee\\.vscode\\extensions\\uqbar.wollok-lsp-ide-0.5.4\\out\\server\\src\\server.js:2389:42)\n    at Jh (c:\\Users\\Nicolee\\.vscode\\extensions\\uqbar.wollok-lsp-ide-0.5.4\\out\\server\\src\\server.js:2389:1092)\n    at L2 (c:\\Users\\Nicolee\\.vscode\\extensions\\uqbar.wollok-lsp-ide-0.5.4\\out\\server\\src\\server.js:2389:544)\n    at Jh (c:\\Users\\Nicolee\\.vscode\\extensions\\uqbar.wollok-lsp-ide-0.5.4\\out\\server\\src\\server.js:2389:1092)\n    at M5n (c:\\Users\\Nicolee\\.vscode\\extensions\\uqbar.wollok-lsp-ide-0.5.4\\out\\server\\src\\server.js:2389:1248)\n    at c:\\Users\\Nicolee\\.vscode\\extensions\\uqbar.wollok-lsp-ide-0.5.4\\out\\server\\src\\server.js:38:6131\n    at L2 (c:\\Users\\Nicolee\\.vscode\\extensions\\uqbar.wollok-lsp-ide-0.5.4\\out\\server\\src\\server.js:2389:42)\n    at c:\\Users\\Nicolee\\.vscode\\extensions\\uqbar.wollok-lsp-ide-0.5.4\\out\\server\\src\\server.js:2389:2988\n    at c:\\Users\\Nicolee\\.vscode\\extensions\\uqbar.wollok-lsp-ide-0.5.4\\out\\server\\src\\server.js:2398:8440","timestamp":"2026-06-01T16:23:23.946Z"}
{"level":"error","message":"✘ Completions for node Send ([58:11, 60:35] - src/estudiante.wlk) failed: Error: [Send]{45bf32} at src/estudiante.wlk:58 exhausted all cases without a match [Send]{45bf32} at src/estudiante.wlk:58 exhausted all cases without a match","stack":"Error: [Send]{45bf32} at src/estudiante.wlk:58 exhausted all cases without a match\n    at c:\\Users\\Nicolee\\.vscode\\extensions\\uqbar.wollok-lsp-ide-0.5.4\\out\\server\\src\\server.js:38:6142\n    at L2 (c:\\Users\\Nicolee\\.vscode\\extensions\\uqbar.wollok-lsp-ide-0.5.4\\out\\server\\src\\server.js:2389:42)\n    at Jh (c:\\Users\\Nicolee\\.vscode\\extensions\\uqbar.wollok-lsp-ide-0.5.4\\out\\server\\src\\server.js:2389:1092)\n    at L2 (c:\\Users\\Nicolee\\.vscode\\extensions\\uqbar.wollok-lsp-ide-0.5.4\\out\\server\\src\\server.js:2389:544)\n    at Jh (c:\\Users\\Nicolee\\.vscode\\extensions\\uqbar.wollok-lsp-ide-0.5.4\\out\\server\\src\\server.js:2389:1092)\n    at L2 (c:\\Users\\Nicolee\\.vscode\\extensions\\uqbar.wollok-lsp-ide-0.5.4\\out\\server\\src\\server.js:2389:544)\n    at Jh (c:\\Users\\Nicolee\\.vscode\\extensions\\uqbar.wollok-lsp-ide-0.5.4\\out\\server\\src\\server.js:2389:1092)\n    at M5n (c:\\Users\\Nicolee\\.vscode\\extensions\\uqbar.wollok-lsp-ide-0.5.4\\out\\server\\src\\server.js:2389:1248)\n    at c:\\Users\\Nicolee\\.vscode\\extensions\\uqbar.wollok-lsp-ide-0.5.4\\out\\server\\src\\server.js:38:6131\n    at L2 (c:\\Users\\Nicolee\\.vscode\\extensions\\uqbar.wollok-lsp-ide-0.5.4\\out\\server\\src\\server.js:2389:42)","timestamp":"2026-06-01T16:23:23.946Z"}
{"level":"error","message":"✘ Completions for node Send ([58:11, 61:54] - src/estudiante.wlk) failed: Error: [Send]{fadebf} at src/estudiante.wlk:58 exhausted all cases without a match [Send]{fadebf} at src/estudiante.wlk:58 exhausted all cases without a match","stack":"Error: [Send]{fadebf} at src/estudiante.wlk:58 exhausted all cases without a match\n    at c:\\Users\\Nicolee\\.vscode\\extensions\\uqbar.wollok-lsp-ide-0.5.4\\out\\server\\src\\server.js:38:6142\n    at L2 (c:\\Users\\Nicolee\\.vscode\\extensions\\uqbar.wollok-lsp-ide-0.5.4\\out\\server\\src\\server.js:2389:42)\n    at Jh (c:\\Users\\Nicolee\\.vscode\\extensions\\uqbar.wollok-lsp-ide-0.5.4\\out\\server\\src\\server.js:2389:1092)\n    at L2 (c:\\Users\\Nicolee\\.vscode\\extensions\\uqbar.wollok-lsp-ide-0.5.4\\out\\server\\src\\server.js:2389:544)\n    at Jh (c:\\Users\\Nicolee\\.vscode\\extensions\\uqbar.wollok-lsp-ide-0.5.4\\out\\server\\src\\server.js:2389:1092)\n    at L2 (c:\\Users\\Nicolee\\.vscode\\extensions\\uqbar.wollok-lsp-ide-0.5.4\\out\\server\\src\\server.js:2389:544)\n    at Jh (c:\\Users\\Nicolee\\.vscode\\extensions\\uqbar.wollok-lsp-ide-0.5.4\\out\\server\\src\\server.js:2389:1092)\n    at L2 (c:\\Users\\Nicolee\\.vscode\\extensions\\uqbar.wollok-lsp-ide-0.5.4\\out\\server\\src\\server.js:2389:544)\n    at Jh (c:\\Users\\Nicolee\\.vscode\\extensions\\uqbar.wollok-lsp-ide-0.5.4\\out\\server\\src\\server.js:2389:1092)\n    at M5n (c:\\Users\\Nicolee\\.vscode\\extensions\\uqbar.wollok-lsp-ide-0.5.4\\out\\server\\src\\server.js:2389:1248)","timestamp":"2026-06-01T16:23:23.947Z"}
{"level":"error","message":"✘ Completions for node Return ([58:4, 61:54] - src/estudiante.wlk) failed: Error: [Return]{2768d9} at src/estudiante.wlk:58 exhausted all cases without a match [Return]{2768d9} at src/estudiante.wlk:58 exhausted all cases without a match","stack":"Error: [Return]{2768d9} at src/estudiante.wlk:58 exhausted all cases without a match\n    at c:\\Users\\Nicolee\\.vscode\\extensions\\uqbar.wollok-lsp-ide-0.5.4\\out\\server\\src\\server.js:38:6142\n    at L2 (c:\\Users\\Nicolee\\.vscode\\extensions\\uqbar.wollok-lsp-ide-0.5.4\\out\\server\\src\\server.js:2389:42)\n    at Jh (c:\\Users\\Nicolee\\.vscode\\extensions\\uqbar.wollok-lsp-ide-0.5.4\\out\\server\\src\\server.js:2389:1092)\n    at L2 (c:\\Users\\Nicolee\\.vscode\\extensions\\uqbar.wollok-lsp-ide-0.5.4\\out\\server\\src\\server.js:2389:544)\n    at Jh (c:\\Users\\Nicolee\\.vscode\\extensions\\uqbar.wollok-lsp-ide-0.5.4\\out\\server\\src\\server.js:2389:1092)\n    at L2 (c:\\Users\\Nicolee\\.vscode\\extensions\\uqbar.wollok-lsp-ide-0.5.4\\out\\server\\src\\server.js:2389:544)\n    at Jh (c:\\Users\\Nicolee\\.vscode\\extensions\\uqbar.wollok-lsp-ide-0.5.4\\out\\server\\src\\server.js:2389:1092)\n    at L2 (c:\\Users\\Nicolee\\.vscode\\extensions\\uqbar.wollok-lsp-ide-0.5.4\\out\\server\\src\\server.js:2389:544)\n    at Jh (c:\\Users\\Nicolee\\.vscode\\extensions\\uqbar.wollok-lsp-ide-0.5.4\\out\\server\\src\\server.js:2389:1092)\n    at L2 (c:\\Users\\Nicolee\\.vscode\\extensions\\uqbar.wollok-lsp-ide-0.5.4\\out\\server\\src\\server.js:2389:544)","timestamp":"2026-06-01T16:23:23.947Z"}
{"level":"info","message":"⌛ Validating src/estudiante.wlk","timeElapsed":141,"timestamp":"2026-06-01T16:23:24.193Z"}
{"level":"info","message":"⌛ Validating src/estudiante.wlk","timeElapsed":131,"timestamp":"2026-06-01T16:23:24.420Z"}
{"level":"info","message":"⌛ Validating src/estudiante.wlk","timeElapsed":126,"timestamp":"2026-06-01T16:23:24.547Z"}
{"level":"info","message":"⌛ Validating src/estudiante.wlk","timeElapsed":133,"timestamp":"2026-06-01T16:24:56.944Z"}
{"level":"info","message":"⌛ Validating src/estudiante.wlk","timeElapsed":130,"timestamp":"2026-06-01T16:24:58.245Z"}
{"level":"info","message":"⌛ Validating src/estudiante.wlk","timeElapsed":116,"timestamp":"2026-06-01T16:24:58.574Z"}
{"level":"info","message":"⌛ Building environment","timeElapsed":131,"timestamp":"2026-06-01T16:24:58.966Z"}
{"level":"info","message":"⌛ Validating src/estudiante.wlk","timeElapsed":152,"timestamp":"2026-06-01T16:24:59.120Z"}
{"level":"info","message":"⌛ Validating src/estudiante.wlk","timeElapsed":107,"timestamp":"2026-06-01T16:24:59.566Z"}
{"level":"info","message":"⌛ Building environment","timeElapsed":118,"timestamp":"2026-06-01T16:24:59.844Z"}
{"level":"error","message":"✘ Completions for node Send ([58:11, 59:7] - src/estudiante.wlk) failed: Error: [Send]{2296fd} at src/estudiante.wlk:58 exhausted all cases without a match [Send]{2296fd} at src/estudiante.wlk:58 exhausted all cases without a match","stack":"Error: [Send]{2296fd} at src/estudiante.wlk:58 exhausted all cases without a match\n    at c:\\Users\\Nicolee\\.vscode\\extensions\\uqbar.wollok-lsp-ide-0.5.4\\out\\server\\src\\server.js:38:6142\n    at L2 (c:\\Users\\Nicolee\\.vscode\\extensions\\uqbar.wollok-lsp-ide-0.5.4\\out\\server\\src\\server.js:2389:42)\n    at Jh (c:\\Users\\Nicolee\\.vscode\\extensions\\uqbar.wollok-lsp-ide-0.5.4\\out\\server\\src\\server.js:2389:1092)\n    at M5n (c:\\Users\\Nicolee\\.vscode\\extensions\\uqbar.wollok-lsp-ide-0.5.4\\out\\server\\src\\server.js:2389:1248)\n    at c:\\Users\\Nicolee\\.vscode\\extensions\\uqbar.wollok-lsp-ide-0.5.4\\out\\server\\src\\server.js:38:6131\n    at L2 (c:\\Users\\Nicolee\\.vscode\\extensions\\uqbar.wollok-lsp-ide-0.5.4\\out\\server\\src\\server.js:2389:42)\n    at c:\\Users\\Nicolee\\.vscode\\extensions\\uqbar.wollok-lsp-ide-0.5.4\\out\\server\\src\\server.js:2389:2988\n    at c:\\Users\\Nicolee\\.vscode\\extensions\\uqbar.wollok-lsp-ide-0.5.4\\out\\server\\src\\server.js:2398:8440\n    at c:\\Users\\Nicolee\\.vscode\\extensions\\uqbar.wollok-lsp-ide-0.5.4\\out\\server\\src\\server.js:37:74872\n    at Ke (c:\\Users\\Nicolee\\.vscode\\extensions\\uqbar.wollok-lsp-ide-0.5.4\\out\\server\\src\\server.js:7:8527)","timestamp":"2026-06-01T16:24:59.868Z"}
{"level":"error","message":"✘ Completions for node Return ([58:4, 59:7] - src/estudiante.wlk) failed: Error: [Return]{8c7efe} at src/estudiante.wlk:58 exhausted all cases without a match [Return]{8c7efe} at src/estudiante.wlk:58 exhausted all cases without a match","stack":"Error: [Return]{8c7efe} at src/estudiante.wlk:58 exhausted all cases without a match\n    at c:\\Users\\Nicolee\\.vscode\\extensions\\uqbar.wollok-lsp-ide-0.5.4\\out\\server\\src\\server.js:38:6142\n    at L2 (c:\\Users\\Nicolee\\.vscode\\extensions\\uqbar.wollok-lsp-ide-0.5.4\\out\\server\\src\\server.js:2389:42)\n    at Jh (c:\\Users\\Nicolee\\.vscode\\extensions\\uqbar.wollok-lsp-ide-0.5.4\\out\\server\\src\\server.js:2389:1092)\n    at L2 (c:\\Users\\Nicolee\\.vscode\\extensions\\uqbar.wollok-lsp-ide-0.5.4\\out\\server\\src\\server.js:2389:544)\n    at Jh (c:\\Users\\Nicolee\\.vscode\\extensions\\uqbar.wollok-lsp-ide-0.5.4\\out\\server\\src\\server.js:2389:1092)\n    at M5n (c:\\Users\\Nicolee\\.vscode\\extensions\\uqbar.wollok-lsp-ide-0.5.4\\out\\server\\src\\server.js:2389:1248)\n    at c:\\Users\\Nicolee\\.vscode\\extensions\\uqbar.wollok-lsp-ide-0.5.4\\out\\server\\src\\server.js:38:6131\n    at L2 (c:\\Users\\Nicolee\\.vscode\\extensions\\uqbar.wollok-lsp-ide-0.5.4\\out\\server\\src\\server.js:2389:42)\n    at c:\\Users\\Nicolee\\.vscode\\extensions\\uqbar.wollok-lsp-ide-0.5.4\\out\\server\\src\\server.js:2389:2988\n    at c:\\Users\\Nicolee\\.vscode\\extensions\\uqbar.wollok-lsp-ide-0.5.4\\out\\server\\src\\server.js:2398:8440","timestamp":"2026-06-01T16:24:59.868Z"}
{"level":"info","message":"⌛ Validating src/estudiante.wlk","timeElapsed":119,"timestamp":"2026-06-01T16:25:00.070Z"}
{"level":"info","message":"⌛ Validating src/estudiante.wlk","timeElapsed":109,"timestamp":"2026-06-01T16:25:00.180Z"}
{"level":"info","message":"⌛ Building environment","timeElapsed":110,"timestamp":"2026-06-01T16:25:00.291Z"}
{"level":"info","message":"⌛ Validating src/estudiante.wlk","timeElapsed":136,"timestamp":"2026-06-01T16:25:00.600Z"}
{"level":"info","message":"⌛ Validating src/estudiante.wlk","timeElapsed":120,"timestamp":"2026-06-01T16:25:00.821Z"}
{"level":"info","message":"⌛ Validating src/estudiante.wlk","timeElapsed":106,"timestamp":"2026-06-01T16:25:00.993Z"}
{"level":"info","message":"⌛ Validating src/estudiante.wlk","timeElapsed":106,"timestamp":"2026-06-01T16:25:01.187Z"}
{"level":"info","message":"⌛ Validating src/estudiante.wlk","timeElapsed":124,"timestamp":"2026-06-01T16:25:01.374Z"}
{"level":"info","message":"⌛ Validating src/estudiante.wlk","timeElapsed":105,"timestamp":"2026-06-01T16:25:01.483Z"}
{"level":"error","message":"✘ Completions for node Send ([58:11, 59:17] - src/estudiante.wlk) failed: Error: [Send]{d24397} at src/estudiante.wlk:58 exhausted all cases without a match [Send]{d24397} at src/estudiante.wlk:58 exhausted all cases without a match","stack":"Error: [Send]{d24397} at src/estudiante.wlk:58 exhausted all cases without a match\n    at c:\\Users\\Nicolee\\.vscode\\extensions\\uqbar.wollok-lsp-ide-0.5.4\\out\\server\\src\\server.js:38:6142\n    at L2 (c:\\Users\\Nicolee\\.vscode\\extensions\\uqbar.wollok-lsp-ide-0.5.4\\out\\server\\src\\server.js:2389:42)\n    at Jh (c:\\Users\\Nicolee\\.vscode\\extensions\\uqbar.wollok-lsp-ide-0.5.4\\out\\server\\src\\server.js:2389:1092)\n    at M5n (c:\\Users\\Nicolee\\.vscode\\extensions\\uqbar.wollok-lsp-ide-0.5.4\\out\\server\\src\\server.js:2389:1248)\n    at c:\\Users\\Nicolee\\.vscode\\extensions\\uqbar.wollok-lsp-ide-0.5.4\\out\\server\\src\\server.js:38:6131\n    at L2 (c:\\Users\\Nicolee\\.vscode\\extensions\\uqbar.wollok-lsp-ide-0.5.4\\out\\server\\src\\server.js:2389:42)\n    at c:\\Users\\Nicolee\\.vscode\\extensions\\uqbar.wollok-lsp-ide-0.5.4\\out\\server\\src\\server.js:2389:2988\n    at c:\\Users\\Nicolee\\.vscode\\extensions\\uqbar.wollok-lsp-ide-0.5.4\\out\\server\\src\\server.js:2398:8440\n    at c:\\Users\\Nicolee\\.vscode\\extensions\\uqbar.wollok-lsp-ide-0.5.4\\out\\server\\src\\server.js:37:74872\n    at Ke (c:\\Users\\Nicolee\\.vscode\\extensions\\uqbar.wollok-lsp-ide-0.5.4\\out\\server\\src\\server.js:7:8527)","timestamp":"2026-06-01T16:25:01.765Z"}
{"level":"error","message":"✘ Completions for node Return ([58:4, 59:17] - src/estudiante.wlk) failed: Error: [Return]{2762bd} at src/estudiante.wlk:58 exhausted all cases without a match [Return]{2762bd} at src/estudiante.wlk:58 exhausted all cases without a match","stack":"Error: [Return]{2762bd} at src/estudiante.wlk:58 exhausted all cases without a match\n    at c:\\Users\\Nicolee\\.vscode\\extensions\\uqbar.wollok-lsp-ide-0.5.4\\out\\server\\src\\server.js:38:6142\n    at L2 (c:\\Users\\Nicolee\\.vscode\\extensions\\uqbar.wollok-lsp-ide-0.5.4\\out\\server\\src\\server.js:2389:42)\n    at Jh (c:\\Users\\Nicolee\\.vscode\\extensions\\uqbar.wollok-lsp-ide-0.5.4\\out\\server\\src\\server.js:2389:1092)\n    at L2 (c:\\Users\\Nicolee\\.vscode\\extensions\\uqbar.wollok-lsp-ide-0.5.4\\out\\server\\src\\server.js:2389:544)\n    at Jh (c:\\Users\\Nicolee\\.vscode\\extensions\\uqbar.wollok-lsp-ide-0.5.4\\out\\server\\src\\server.js:2389:1092)\n    at M5n (c:\\Users\\Nicolee\\.vscode\\extensions\\uqbar.wollok-lsp-ide-0.5.4\\out\\server\\src\\server.js:2389:1248)\n    at c:\\Users\\Nicolee\\.vscode\\extensions\\uqbar.wollok-lsp-ide-0.5.4\\out\\server\\src\\server.js:38:6131\n    at L2 (c:\\Users\\Nicolee\\.vscode\\extensions\\uqbar.wollok-lsp-ide-0.5.4\\out\\server\\src\\server.js:2389:42)\n    at c:\\Users\\Nicolee\\.vscode\\extensions\\uqbar.wollok-lsp-ide-0.5.4\\out\\server\\src\\server.js:2389:2988\n    at c:\\Users\\Nicolee\\.vscode\\extensions\\uqbar.wollok-lsp-ide-0.5.4\\out\\server\\src\\server.js:2398:8440","timestamp":"2026-06-01T16:25:01.765Z"}
{"level":"info","message":"⌛ Validating src/estudiante.wlk","timeElapsed":110,"timestamp":"2026-06-01T16:25:02.177Z"}
{"level":"info","message":"⌛ Validating src/estudiante.wlk","timeElapsed":112,"timestamp":"2026-06-01T16:25:02.357Z"}
{"level":"error","message":"✘ Completions for node Send ([58:11, 59:21] - src/estudiante.wlk) failed: Error: [Send]{e064f6} at src/estudiante.wlk:58 exhausted all cases without a match [Send]{e064f6} at src/estudiante.wlk:58 exhausted all cases without a match","stack":"Error: [Send]{e064f6} at src/estudiante.wlk:58 exhausted all cases without a match\n    at c:\\Users\\Nicolee\\.vscode\\extensions\\uqbar.wollok-lsp-ide-0.5.4\\out\\server\\src\\server.js:38:6142\n    at L2 (c:\\Users\\Nicolee\\.vscode\\extensions\\uqbar.wollok-lsp-ide-0.5.4\\out\\server\\src\\server.js:2389:42)\n    at Jh (c:\\Users\\Nicolee\\.vscode\\extensions\\uqbar.wollok-lsp-ide-0.5.4\\out\\server\\src\\server.js:2389:1092)\n    at M5n (c:\\Users\\Nicolee\\.vscode\\extensions\\uqbar.wollok-lsp-ide-0.5.4\\out\\server\\src\\server.js:2389:1248)\n    at c:\\Users\\Nicolee\\.vscode\\extensions\\uqbar.wollok-lsp-ide-0.5.4\\out\\server\\src\\server.js:38:6131\n    at L2 (c:\\Users\\Nicolee\\.vscode\\extensions\\uqbar.wollok-lsp-ide-0.5.4\\out\\server\\src\\server.js:2389:42)\n    at c:\\Users\\Nicolee\\.vscode\\extensions\\uqbar.wollok-lsp-ide-0.5.4\\out\\server\\src\\server.js:2389:2988\n    at c:\\Users\\Nicolee\\.vscode\\extensions\\uqbar.wollok-lsp-ide-0.5.4\\out\\server\\src\\server.js:2398:8440\n    at c:\\Users\\Nicolee\\.vscode\\extensions\\uqbar.wollok-lsp-ide-0.5.4\\out\\server\\src\\server.js:37:74872\n    at Ke (c:\\Users\\Nicolee\\.vscode\\extensions\\uqbar.wollok-lsp-ide-0.5.4\\out\\server\\src\\server.js:7:8527)","timestamp":"2026-06-01T16:25:02.447Z"}
{"level":"error","message":"✘ Completions for node Return ([58:4, 59:21] - src/estudiante.wlk) failed: Error: [Return]{d78d06} at src/estudiante.wlk:58 exhausted all cases without a match [Return]{d78d06} at src/estudiante.wlk:58 exhausted all cases without a match","stack":"Error: [Return]{d78d06} at src/estudiante.wlk:58 exhausted all cases without a match\n    at c:\\Users\\Nicolee\\.vscode\\extensions\\uqbar.wollok-lsp-ide-0.5.4\\out\\server\\src\\server.js:38:6142\n    at L2 (c:\\Users\\Nicolee\\.vscode\\extensions\\uqbar.wollok-lsp-ide-0.5.4\\out\\server\\src\\server.js:2389:42)\n    at Jh (c:\\Users\\Nicolee\\.vscode\\extensions\\uqbar.wollok-lsp-ide-0.5.4\\out\\server\\src\\server.js:2389:1092)\n    at L2 (c:\\Users\\Nicolee\\.vscode\\extensions\\uqbar.wollok-lsp-ide-0.5.4\\out\\server\\src\\server.js:2389:544)\n    at Jh (c:\\Users\\Nicolee\\.vscode\\extensions\\uqbar.wollok-lsp-ide-0.5.4\\out\\server\\src\\server.js:2389:1092)\n    at M5n (c:\\Users\\Nicolee\\.vscode\\extensions\\uqbar.wollok-lsp-ide-0.5.4\\out\\server\\src\\server.js:2389:1248)\n    at c:\\Users\\Nicolee\\.vscode\\extensions\\uqbar.wollok-lsp-ide-0.5.4\\out\\server\\src\\server.js:38:6131\n    at L2 (c:\\Users\\Nicolee\\.vscode\\extensions\\uqbar.wollok-lsp-ide-0.5.4\\out\\server\\src\\server.js:2389:42)\n    at c:\\Users\\Nicolee\\.vscode\\extensions\\uqbar.wollok-lsp-ide-0.5.4\\out\\server\\src\\server.js:2389:2988\n    at c:\\Users\\Nicolee\\.vscode\\extensions\\uqbar.wollok-lsp-ide-0.5.4\\out\\server\\src\\server.js:2398:8440","timestamp":"2026-06-01T16:25:02.448Z"}
{"level":"info","message":"⌛ Validating src/estudiante.wlk","timeElapsed":112,"timestamp":"2026-06-01T16:25:02.562Z"}
{"level":"info","message":"⌛ Validating src/estudiante.wlk","timeElapsed":104,"timestamp":"2026-06-01T16:25:02.904Z"}
{"level":"error","message":"✘ Completions for node Send ([58:11, 59:24] - src/estudiante.wlk) failed: Error: [Send]{9c33c1} at src/estudiante.wlk:58 exhausted all cases without a match [Send]{9c33c1} at src/estudiante.wlk:58 exhausted all cases without a match","stack":"Error: [Send]{9c33c1} at src/estudiante.wlk:58 exhausted all cases without a match\n    at c:\\Users\\Nicolee\\.vscode\\extensions\\uqbar.wollok-lsp-ide-0.5.4\\out\\server\\src\\server.js:38:6142\n    at L2 (c:\\Users\\Nicolee\\.vscode\\extensions\\uqbar.wollok-lsp-ide-0.5.4\\out\\server\\src\\server.js:2389:42)\n    at Jh (c:\\Users\\Nicolee\\.vscode\\extensions\\uqbar.wollok-lsp-ide-0.5.4\\out\\server\\src\\server.js:2389:1092)\n    at M5n (c:\\Users\\Nicolee\\.vscode\\extensions\\uqbar.wollok-lsp-ide-0.5.4\\out\\server\\src\\server.js:2389:1248)\n    at c:\\Users\\Nicolee\\.vscode\\extensions\\uqbar.wollok-lsp-ide-0.5.4\\out\\server\\src\\server.js:38:6131\n    at L2 (c:\\Users\\Nicolee\\.vscode\\extensions\\uqbar.wollok-lsp-ide-0.5.4\\out\\server\\src\\server.js:2389:42)\n    at c:\\Users\\Nicolee\\.vscode\\extensions\\uqbar.wollok-lsp-ide-0.5.4\\out\\server\\src\\server.js:2389:2988\n    at c:\\Users\\Nicolee\\.vscode\\extensions\\uqbar.wollok-lsp-ide-0.5.4\\out\\server\\src\\server.js:2398:8440\n    at c:\\Users\\Nicolee\\.vscode\\extensions\\uqbar.wollok-lsp-ide-0.5.4\\out\\server\\src\\server.js:37:74872\n    at Ke (c:\\Users\\Nicolee\\.vscode\\extensions\\uqbar.wollok-lsp-ide-0.5.4\\out\\server\\src\\server.js:7:8527)","timestamp":"2026-06-01T16:25:02.986Z"}
{"level":"error","message":"✘ Completions for node Return ([58:4, 59:24] - src/estudiante.wlk) failed: Error: [Return]{e3ada0} at src/estudiante.wlk:58 exhausted all cases without a match [Return]{e3ada0} at src/estudiante.wlk:58 exhausted all cases without a match","stack":"Error: [Return]{e3ada0} at src/estudiante.wlk:58 exhausted all cases without a match\n    at c:\\Users\\Nicolee\\.vscode\\extensions\\uqbar.wollok-lsp-ide-0.5.4\\out\\server\\src\\server.js:38:6142\n    at L2 (c:\\Users\\Nicolee\\.vscode\\extensions\\uqbar.wollok-lsp-ide-0.5.4\\out\\server\\src\\server.js:2389:42)\n    at Jh (c:\\Users\\Nicolee\\.vscode\\extensions\\uqbar.wollok-lsp-ide-0.5.4\\out\\server\\src\\server.js:2389:1092)\n    at L2 (c:\\Users\\Nicolee\\.vscode\\extensions\\uqbar.wollok-lsp-ide-0.5.4\\out\\server\\src\\server.js:2389:544)\n    at Jh (c:\\Users\\Nicolee\\.vscode\\extensions\\uqbar.wollok-lsp-ide-0.5.4\\out\\server\\src\\server.js:2389:1092)\n    at M5n (c:\\Users\\Nicolee\\.vscode\\extensions\\uqbar.wollok-lsp-ide-0.5.4\\out\\server\\src\\server.js:2389:1248)\n    at c:\\Users\\Nicolee\\.vscode\\extensions\\uqbar.wollok-lsp-ide-0.5.4\\out\\server\\src\\server.js:38:6131\n    at L2 (c:\\Users\\Nicolee\\.vscode\\extensions\\uqbar.wollok-lsp-ide-0.5.4\\out\\server\\src\\server.js:2389:42)\n    at c:\\Users\\Nicolee\\.vscode\\extensions\\uqbar.wollok-lsp-ide-0.5.4\\out\\server\\src\\server.js:2389:2988\n    at c:\\Users\\Nicolee\\.vscode\\extensions\\uqbar.wollok-lsp-ide-0.5.4\\out\\server\\src\\server.js:2398:8440","timestamp":"2026-06-01T16:25:02.986Z"}
{"level":"info","message":"⌛ Validating src/estudiante.wlk","timeElapsed":101,"timestamp":"2026-06-01T16:25:03.168Z"}
{"level":"info","message":"⌛ Validating src/estudiante.wlk","timeElapsed":174,"timestamp":"2026-06-01T16:25:03.449Z"}
{"level":"info","message":"⌛ Validating src/estudiante.wlk","timeElapsed":101,"timestamp":"2026-06-01T16:25:03.551Z"}
{"level":"error","message":"✘ Completions for node Send ([58:11, 59:26] - src/estudiante.wlk) failed: Error: [Send]{f7d0fe} at src/estudiante.wlk:58 exhausted all cases without a match [Send]{f7d0fe} at src/estudiante.wlk:58 exhausted all cases without a match","stack":"Error: [Send]{f7d0fe} at src/estudiante.wlk:58 exhausted all cases without a match\n    at c:\\Users\\Nicolee\\.vscode\\extensions\\uqbar.wollok-lsp-ide-0.5.4\\out\\server\\src\\server.js:38:6142\n    at L2 (c:\\Users\\Nicolee\\.vscode\\extensions\\uqbar.wollok-lsp-ide-0.5.4\\out\\server\\src\\server.js:2389:42)\n    at Jh (c:\\Users\\Nicolee\\.vscode\\extensions\\uqbar.wollok-lsp-ide-0.5.4\\out\\server\\src\\server.js:2389:1092)\n    at M5n (c:\\Users\\Nicolee\\.vscode\\extensions\\uqbar.wollok-lsp-ide-0.5.4\\out\\server\\src\\server.js:2389:1248)\n    at c:\\Users\\Nicolee\\.vscode\\extensions\\uqbar.wollok-lsp-ide-0.5.4\\out\\server\\src\\server.js:38:6131\n    at L2 (c:\\Users\\Nicolee\\.vscode\\extensions\\uqbar.wollok-lsp-ide-0.5.4\\out\\server\\src\\server.js:2389:42)\n    at c:\\Users\\Nicolee\\.vscode\\extensions\\uqbar.wollok-lsp-ide-0.5.4\\out\\server\\src\\server.js:2389:2988\n    at c:\\Users\\Nicolee\\.vscode\\extensions\\uqbar.wollok-lsp-ide-0.5.4\\out\\server\\src\\server.js:2398:8440\n    at c:\\Users\\Nicolee\\.vscode\\extensions\\uqbar.wollok-lsp-ide-0.5.4\\out\\server\\src\\server.js:37:74872\n    at Ke (c:\\Users\\Nicolee\\.vscode\\extensions\\uqbar.wollok-lsp-ide-0.5.4\\out\\server\\src\\server.js:7:8527)","timestamp":"2026-06-01T16:25:03.637Z"}
{"level":"error","message":"✘ Completions for node Return ([58:4, 59:26] - src/estudiante.wlk) failed: Error: [Return]{5461c8} at src/estudiante.wlk:58 exhausted all cases without a match [Return]{5461c8} at src/estudiante.wlk:58 exhausted all cases without a match","stack":"Error: [Return]{5461c8} at src/estudiante.wlk:58 exhausted all cases without a match\n    at c:\\Users\\Nicolee\\.vscode\\extensions\\uqbar.wollok-lsp-ide-0.5.4\\out\\server\\src\\server.js:38:6142\n    at L2 (c:\\Users\\Nicolee\\.vscode\\extensions\\uqbar.wollok-lsp-ide-0.5.4\\out\\server\\src\\server.js:2389:42)\n    at Jh (c:\\Users\\Nicolee\\.vscode\\extensions\\uqbar.wollok-lsp-ide-0.5.4\\out\\server\\src\\server.js:2389:1092)\n    at L2 (c:\\Users\\Nicolee\\.vscode\\extensions\\uqbar.wollok-lsp-ide-0.5.4\\out\\server\\src\\server.js:2389:544)\n    at Jh (c:\\Users\\Nicolee\\.vscode\\extensions\\uqbar.wollok-lsp-ide-0.5.4\\out\\server\\src\\server.js:2389:1092)\n    at M5n (c:\\Users\\Nicolee\\.vscode\\extensions\\uqbar.wollok-lsp-ide-0.5.4\\out\\server\\src\\server.js:2389:1248)\n    at c:\\Users\\Nicolee\\.vscode\\extensions\\uqbar.wollok-lsp-ide-0.5.4\\out\\server\\src\\server.js:38:6131\n    at L2 (c:\\Users\\Nicolee\\.vscode\\extensions\\uqbar.wollok-lsp-ide-0.5.4\\out\\server\\src\\server.js:2389:42)\n    at c:\\Users\\Nicolee\\.vscode\\extensions\\uqbar.wollok-lsp-ide-0.5.4\\out\\server\\src\\server.js:2389:2988\n    at c:\\Users\\Nicolee\\.vscode\\extensions\\uqbar.wollok-lsp-ide-0.5.4\\out\\server\\src\\server.js:2398:8440","timestamp":"2026-06-01T16:25:03.638Z"}
{"level":"info","message":"⌛ Validating src/estudiante.wlk","timeElapsed":110,"timestamp":"2026-06-01T16:25:04.091Z"}
{"level":"info","message":"⌛ Building environment","timeElapsed":110,"timestamp":"2026-06-01T16:25:04.205Z"}
{"level":"info","message":"⌛ Validating src/estudiante.wlk","timeElapsed":117,"timestamp":"2026-06-01T16:25:04.394Z"}
{"level":"info","message":"⌛ Building environment","timeElapsed":161,"timestamp":"2026-06-01T16:25:05.065Z"}
{"level":"error","message":"✘ Completions for node Send ([59:6, 59:31] - src/estudiante.wlk) failed: Error: [Send]{c01ed0} at src/estudiante.wlk:59 exhausted all cases without a match [Send]{c01ed0} at src/estudiante.wlk:59 exhausted all cases without a match","stack":"Error: [Send]{c01ed0} at src/estudiante.wlk:59 exhausted all cases without a match\n    at c:\\Users\\Nicolee\\.vscode\\extensions\\uqbar.wollok-lsp-ide-0.5.4\\out\\server\\src\\server.js:38:6142\n    at L2 (c:\\Users\\Nicolee\\.vscode\\extensions\\uqbar.wollok-lsp-ide-0.5.4\\out\\server\\src\\server.js:2389:42)\n    at Jh (c:\\Users\\Nicolee\\.vscode\\extensions\\uqbar.wollok-lsp-ide-0.5.4\\out\\server\\src\\server.js:2389:1092)\n    at M5n (c:\\Users\\Nicolee\\.vscode\\extensions\\uqbar.wollok-lsp-ide-0.5.4\\out\\server\\src\\server.js:2389:1248)\n    at c:\\Users\\Nicolee\\.vscode\\extensions\\uqbar.wollok-lsp-ide-0.5.4\\out\\server\\src\\server.js:38:6131\n    at L2 (c:\\Users\\Nicolee\\.vscode\\extensions\\uqbar.wollok-lsp-ide-0.5.4\\out\\server\\src\\server.js:2389:42)\n    at c:\\Users\\Nicolee\\.vscode\\extensions\\uqbar.wollok-lsp-ide-0.5.4\\out\\server\\src\\server.js:2389:2988\n    at c:\\Users\\Nicolee\\.vscode\\extensions\\uqbar.wollok-lsp-ide-0.5.4\\out\\server\\src\\server.js:2398:8440\n    at c:\\Users\\Nicolee\\.vscode\\extensions\\uqbar.wollok-lsp-ide-0.5.4\\out\\server\\src\\server.js:37:74872\n    at Ke (c:\\Users\\Nicolee\\.vscode\\extensions\\uqbar.wollok-lsp-ide-0.5.4\\out\\server\\src\\server.js:7:8527)","timestamp":"2026-06-01T16:25:05.094Z"}
{"level":"error","message":"✘ Completions for node Send ([58:11, 59:31] - src/estudiante.wlk) failed: Error: [Send]{e28f3a} at src/estudiante.wlk:58 exhausted all cases without a match [Send]{e28f3a} at src/estudiante.wlk:58 exhausted all cases without a match","stack":"Error: [Send]{e28f3a} at src/estudiante.wlk:58 exhausted all cases without a match\n    at c:\\Users\\Nicolee\\.vscode\\extensions\\uqbar.wollok-lsp-ide-0.5.4\\out\\server\\src\\server.js:38:6142\n    at L2 (c:\\Users\\Nicolee\\.vscode\\extensions\\uqbar.wollok-lsp-ide-0.5.4\\out\\server\\src\\server.js:2389:42)\n    at Jh (c:\\Users\\Nicolee\\.vscode\\extensions\\uqbar.wollok-lsp-ide-0.5.4\\out\\server\\src\\server.js:2389:1092)\n    at L2 (c:\\Users\\Nicolee\\.vscode\\extensions\\uqbar.wollok-lsp-ide-0.5.4\\out\\server\\src\\server.js:2389:544)\n    at Jh (c:\\Users\\Nicolee\\.vscode\\extensions\\uqbar.wollok-lsp-ide-0.5.4\\out\\server\\src\\server.js:2389:1092)\n    at M5n (c:\\Users\\Nicolee\\.vscode\\extensions\\uqbar.wollok-lsp-ide-0.5.4\\out\\server\\src\\server.js:2389:1248)\n    at c:\\Users\\Nicolee\\.vscode\\extensions\\uqbar.wollok-lsp-ide-0.5.4\\out\\server\\src\\server.js:38:6131\n    at L2 (c:\\Users\\Nicolee\\.vscode\\extensions\\uqbar.wollok-lsp-ide-0.5.4\\out\\server\\src\\server.js:2389:42)\n    at c:\\Users\\Nicolee\\.vscode\\extensions\\uqbar.wollok-lsp-ide-0.5.4\\out\\server\\src\\server.js:2389:2988\n    at c:\\Users\\Nicolee\\.vscode\\extensions\\uqbar.wollok-lsp-ide-0.5.4\\out\\server\\src\\server.js:2398:8440","timestamp":"2026-06-01T16:25:05.094Z"}
{"level":"error","message":"✘ Completions for node Return ([58:4, 59:31] - src/estudiante.wlk) failed: Error: [Return]{912966} at src/estudiante.wlk:58 exhausted all cases without a match [Return]{912966} at src/estudiante.wlk:58 exhausted all cases without a match","stack":"Error: [Return]{912966} at src/estudiante.wlk:58 exhausted all cases without a match\n    at c:\\Users\\Nicolee\\.vscode\\extensions\\uqbar.wollok-lsp-ide-0.5.4\\out\\server\\src\\server.js:38:6142\n    at L2 (c:\\Users\\Nicolee\\.vscode\\extensions\\uqbar.wollok-lsp-ide-0.5.4\\out\\server\\src\\server.js:2389:42)\n    at Jh (c:\\Users\\Nicolee\\.vscode\\extensions\\uqbar.wollok-lsp-ide-0.5.4\\out\\server\\src\\server.js:2389:1092)\n    at L2 (c:\\Users\\Nicolee\\.vscode\\extensions\\uqbar.wollok-lsp-ide-0.5.4\\out\\server\\src\\server.js:2389:544)\n    at Jh (c:\\Users\\Nicolee\\.vscode\\extensions\\uqbar.wollok-lsp-ide-0.5.4\\out\\server\\src\\server.js:2389:1092)\n    at L2 (c:\\Users\\Nicolee\\.vscode\\extensions\\uqbar.wollok-lsp-ide-0.5.4\\out\\server\\src\\server.js:2389:544)\n    at Jh (c:\\Users\\Nicolee\\.vscode\\extensions\\uqbar.wollok-lsp-ide-0.5.4\\out\\server\\src\\server.js:2389:1092)\n    at M5n (c:\\Users\\Nicolee\\.vscode\\extensions\\uqbar.wollok-lsp-ide-0.5.4\\out\\server\\src\\server.js:2389:1248)\n    at c:\\Users\\Nicolee\\.vscode\\extensions\\uqbar.wollok-lsp-ide-0.5.4\\out\\server\\src\\server.js:38:6131\n    at L2 (c:\\Users\\Nicolee\\.vscode\\extensions\\uqbar.wollok-lsp-ide-0.5.4\\out\\server\\src\\server.js:2389:42)","timestamp":"2026-06-01T16:25:05.094Z"}
{"level":"info","message":"⌛ Validating src/estudiante.wlk","timeElapsed":122,"timestamp":"2026-06-01T16:25:05.397Z"}
{"level":"info","message":"⌛ Validating src/estudiante.wlk","timeElapsed":132,"timestamp":"2026-06-01T16:25:05.529Z"}
{"level":"info","message":"⌛ Validating src/estudiante.wlk","timeElapsed":128,"timestamp":"2026-06-01T16:25:05.732Z"}
{"level":"info","message":"⌛ Validating src/estudiante.wlk","timeElapsed":117,"timestamp":"2026-06-01T16:25:05.854Z"}
{"level":"error","message":"✘ Failed to rebuild document Failed to parse src/estudiante.wlk: \n-- PARSING FAILED --------------------------------------------------\n\n  91 | \t}\n  92 | \n> 93 | }\n     | ^\n  94 | \n  95 | \n\nExpected one of the following: \n\n'@', 'class', 'const', 'describe', 'mixin', 'object', 'only', 'package', 'program', 'test', 'var', '{', EOF, comment, not \"}\r\n\r\n\r\n\r\n\t\", whitespace\n","stack":"Error: Failed to parse src/estudiante.wlk: \n-- PARSING FAILED --------------------------------------------------\n\n  91 | \t}\n  92 | \n> 93 | }\n     | ^\n  94 | \n  95 | \n\nExpected one of the following: \n\n'@', 'class', 'const', 'describe', 'mixin', 'object', 'only', 'package', 'program', 'test', 'var', '{', EOF, comment, not \"}\r\n\r\n\r\n\r\n\t\", whitespace\n\n    at c:\\Users\\Nicolee\\.vscode\\extensions\\uqbar.wollok-lsp-ide-0.5.4\\out\\server\\src\\server.js:2353:13026\n    at Array.map (<anonymous>)\n    at U1n (c:\\Users\\Nicolee\\.vscode\\extensions\\uqbar.wollok-lsp-ide-0.5.4\\out\\server\\src\\server.js:2353:12950)\n    at H2.buildEnvironmentFrom (c:\\Users\\Nicolee\\.vscode\\extensions\\uqbar.wollok-lsp-ide-0.5.4\\out\\server\\src\\server.js:2398:5254)\n    at H2.updateEnvironmentWith (c:\\Users\\Nicolee\\.vscode\\extensions\\uqbar.wollok-lsp-ide-0.5.4\\out\\server\\src\\server.js:2398:4989)\n    at GF (c:\\Users\\Nicolee\\.vscode\\extensions\\uqbar.wollok-lsp-ide-0.5.4\\out\\server\\src\\server.js:2398:7383)\n    at V3.invoke (c:\\Users\\Nicolee\\.vscode\\extensions\\uqbar.wollok-lsp-ide-0.5.4\\out\\server\\src\\server.js:3:157328)\n    at o.fire (c:\\Users\\Nicolee\\.vscode\\extensions\\uqbar.wollok-lsp-ide-0.5.4\\out\\server\\src\\server.js:3:158098)\n    at c:\\Users\\Nicolee\\.vscode\\extensions\\uqbar.wollok-lsp-ide-0.5.4\\out\\server\\src\\server.js:37:57871\n    at nd (c:\\Users\\Nicolee\\.vscode\\extensions\\uqbar.wollok-lsp-ide-0.5.4\\out\\server\\src\\server.js:8:1561)","timestamp":"2026-06-01T16:25:05.943Z"}
{"level":"info","message":"⌛ Building environment","timeElapsed":126,"timestamp":"2026-06-01T16:25:06.412Z"}
{"level":"error","message":"✘ Completions for node Send ([59:6, 59:36] - src/estudiante.wlk) failed: Error: [Send]{7db8ef} at src/estudiante.wlk:59 exhausted all cases without a match [Send]{7db8ef} at src/estudiante.wlk:59 exhausted all cases without a match","stack":"Error: [Send]{7db8ef} at src/estudiante.wlk:59 exhausted all cases without a match\n    at c:\\Users\\Nicolee\\.vscode\\extensions\\uqbar.wollok-lsp-ide-0.5.4\\out\\server\\src\\server.js:38:6142\n    at L2 (c:\\Users\\Nicolee\\.vscode\\extensions\\uqbar.wollok-lsp-ide-0.5.4\\out\\server\\src\\server.js:2389:42)\n    at Jh (c:\\Users\\Nicolee\\.vscode\\extensions\\uqbar.wollok-lsp-ide-0.5.4\\out\\server\\src\\server.js:2389:1092)\n    at M5n (c:\\Users\\Nicolee\\.vscode\\extensions\\uqbar.wollok-lsp-ide-0.5.4\\out\\server\\src\\server.js:2389:1248)\n    at c:\\Users\\Nicolee\\.vscode\\extensions\\uqbar.wollok-lsp-ide-0.5.4\\out\\server\\src\\server.js:38:6131\n    at L2 (c:\\Users\\Nicolee\\.vscode\\extensions\\uqbar.wollok-lsp-ide-0.5.4\\out\\server\\src\\server.js:2389:42)\n    at c:\\Users\\Nicolee\\.vscode\\extensions\\uqbar.wollok-lsp-ide-0.5.4\\out\\server\\src\\server.js:2389:2988\n    at c:\\Users\\Nicolee\\.vscode\\extensions\\uqbar.wollok-lsp-ide-0.5.4\\out\\server\\src\\server.js:2398:8440\n    at c:\\Users\\Nicolee\\.vscode\\extensions\\uqbar.wollok-lsp-ide-0.5.4\\out\\server\\src\\server.js:37:74872\n    at Ke (c:\\Users\\Nicolee\\.vscode\\extensions\\uqbar.wollok-lsp-ide-0.5.4\\out\\server\\src\\server.js:7:8527)","timestamp":"2026-06-01T16:25:06.446Z"}
{"level":"error","message":"✘ Completions for node Send ([58:11, 59:36] - src/estudiante.wlk) failed: Error: [Send]{475da2} at src/estudiante.wlk:58 exhausted all cases without a match [Send]{475da2} at src/estudiante.wlk:58 exhausted all cases without a match","stack":"Error: [Send]{475da2} at src/estudiante.wlk:58 exhausted all cases without a match\n    at c:\\Users\\Nicolee\\.vscode\\extensions\\uqbar.wollok-lsp-ide-0.5.4\\out\\server\\src\\server.js:38:6142\n    at L2 (c:\\Users\\Nicolee\\.vscode\\extensions\\uqbar.wollok-lsp-ide-0.5.4\\out\\server\\src\\server.js:2389:42)\n    at Jh (c:\\Users\\Nicolee\\.vscode\\extensions\\uqbar.wollok-lsp-ide-0.5.4\\out\\server\\src\\server.js:2389:1092)\n    at L2 (c:\\Users\\Nicolee\\.vscode\\extensions\\uqbar.wollok-lsp-ide-0.5.4\\out\\server\\src\\server.js:2389:544)\n    at Jh (c:\\Users\\Nicolee\\.vscode\\extensions\\uqbar.wollok-lsp-ide-0.5.4\\out\\server\\src\\server.js:2389:1092)\n    at M5n (c:\\Users\\Nicolee\\.vscode\\extensions\\uqbar.wollok-lsp-ide-0.5.4\\out\\server\\src\\server.js:2389:1248)\n    at c:\\Users\\Nicolee\\.vscode\\extensions\\uqbar.wollok-lsp-ide-0.5.4\\out\\server\\src\\server.js:38:6131\n    at L2 (c:\\Users\\Nicolee\\.vscode\\extensions\\uqbar.wollok-lsp-ide-0.5.4\\out\\server\\src\\server.js:2389:42)\n    at c:\\Users\\Nicolee\\.vscode\\extensions\\uqbar.wollok-lsp-ide-0.5.4\\out\\server\\src\\server.js:2389:2988\n    at c:\\Users\\Nicolee\\.vscode\\extensions\\uqbar.wollok-lsp-ide-0.5.4\\out\\server\\src\\server.js:2398:8440","timestamp":"2026-06-01T16:25:06.446Z"}
{"level":"error","message":"✘ Completions for node Return ([58:4, 59:36] - src/estudiante.wlk) failed: Error: [Return]{869649} at src/estudiante.wlk:58 exhausted all cases without a match [Return]{869649} at src/estudiante.wlk:58 exhausted all cases without a match","stack":"Error: [Return]{869649} at src/estudiante.wlk:58 exhausted all cases without a match\n    at c:\\Users\\Nicolee\\.vscode\\extensions\\uqbar.wollok-lsp-ide-0.5.4\\out\\server\\src\\server.js:38:6142\n    at L2 (c:\\Users\\Nicolee\\.vscode\\extensions\\uqbar.wollok-lsp-ide-0.5.4\\out\\server\\src\\server.js:2389:42)\n    at Jh (c:\\Users\\Nicolee\\.vscode\\extensions\\uqbar.wollok-lsp-ide-0.5.4\\out\\server\\src\\server.js:2389:1092)\n    at L2 (c:\\Users\\Nicolee\\.vscode\\extensions\\uqbar.wollok-lsp-ide-0.5.4\\out\\server\\src\\server.js:2389:544)\n    at Jh (c:\\Users\\Nicolee\\.vscode\\extensions\\uqbar.wollok-lsp-ide-0.5.4\\out\\server\\src\\server.js:2389:1092)\n    at L2 (c:\\Users\\Nicolee\\.vscode\\extensions\\uqbar.wollok-lsp-ide-0.5.4\\out\\server\\src\\server.js:2389:544)\n    at Jh (c:\\Users\\Nicolee\\.vscode\\extensions\\uqbar.wollok-lsp-ide-0.5.4\\out\\server\\src\\server.js:2389:1092)\n    at M5n (c:\\Users\\Nicolee\\.vscode\\extensions\\uqbar.wollok-lsp-ide-0.5.4\\out\\server\\src\\server.js:2389:1248)\n    at c:\\Users\\Nicolee\\.vscode\\extensions\\uqbar.wollok-lsp-ide-0.5.4\\out\\server\\src\\server.js:38:6131\n    at L2 (c:\\Users\\Nicolee\\.vscode\\extensions\\uqbar.wollok-lsp-ide-0.5.4\\out\\server\\src\\server.js:2389:42)","timestamp":"2026-06-01T16:25:06.446Z"}
{"level":"info","message":"⌛ Validating src/estudiante.wlk","timeElapsed":108,"timestamp":"2026-06-01T16:25:06.643Z"}
{"level":"info","message":"⌛ Validating src/estudiante.wlk","timeElapsed":108,"timestamp":"2026-06-01T16:25:06.828Z"}
{"level":"info","message":"⌛ Validating src/estudiante.wlk","timeElapsed":112,"timestamp":"2026-06-01T16:25:07.405Z"}
{"level":"info","message":"⌛ Validating src/estudiante.wlk","timeElapsed":114,"timestamp":"2026-06-01T16:25:07.520Z"}
{"level":"info","message":"⌛ Validating src/estudiante.wlk","timeElapsed":106,"timestamp":"2026-06-01T16:25:07.629Z"}
{"level":"info","message":"⌛ Validating src/estudiante.wlk","timeElapsed":108,"timestamp":"2026-06-01T16:25:07.738Z"}
{"level":"info","message":"⌛ Validating src/estudiante.wlk","timeElapsed":111,"timestamp":"2026-06-01T16:25:10.245Z"}
{"level":"info","message":"⌛ Validating src/requisitos.wlk","timeElapsed":119,"timestamp":"2026-06-01T16:25:19.658Z"}
{"level":"info","message":"⌛ Validating src/requisitos.wlk","timeElapsed":129,"timestamp":"2026-06-01T16:25:20.230Z"}
{"level":"info","message":"⌛ Validating src/requisitos.wlk","timeElapsed":126,"timestamp":"2026-06-01T16:25:20.432Z"}
{"level":"info","message":"⌛ Validating src/requisitos.wlk","timeElapsed":126,"timestamp":"2026-06-01T16:25:20.942Z"}
{"level":"info","message":"⌛ Validating src/requisitos.wlk","timeElapsed":119,"timestamp":"2026-06-01T16:25:21.697Z"}
{"level":"info","message":"⌛ Validating src/requisitos.wlk","timeElapsed":159,"timestamp":"2026-06-01T16:25:34.113Z"}
{"level":"info","message":"⌛ Validating src/requisitos.wlk","timeElapsed":151,"timestamp":"2026-06-01T16:25:39.493Z"}
{"level":"error","message":"✘ Completions for node Return ([38:7, 38:15] - src/requisitos.wlk) failed: Error: [Return]{cde0f7} at src/requisitos.wlk:38 exhausted all cases without a match [Return]{cde0f7} at src/requisitos.wlk:38 exhausted all cases without a match","stack":"Error: [Return]{cde0f7} at src/requisitos.wlk:38 exhausted all cases without a match\n    at c:\\Users\\Nicolee\\.vscode\\extensions\\uqbar.wollok-lsp-ide-0.5.4\\out\\server\\src\\server.js:38:6142\n    at L2 (c:\\Users\\Nicolee\\.vscode\\extensions\\uqbar.wollok-lsp-ide-0.5.4\\out\\server\\src\\server.js:2389:42)\n    at Jh (c:\\Users\\Nicolee\\.vscode\\extensions\\uqbar.wollok-lsp-ide-0.5.4\\out\\server\\src\\server.js:2389:1092)\n    at M5n (c:\\Users\\Nicolee\\.vscode\\extensions\\uqbar.wollok-lsp-ide-0.5.4\\out\\server\\src\\server.js:2389:1248)\n    at c:\\Users\\Nicolee\\.vscode\\extensions\\uqbar.wollok-lsp-ide-0.5.4\\out\\server\\src\\server.js:38:6131\n    at L2 (c:\\Users\\Nicolee\\.vscode\\extensions\\uqbar.wollok-lsp-ide-0.5.4\\out\\server\\src\\server.js:2389:42)\n    at c:\\Users\\Nicolee\\.vscode\\extensions\\uqbar.wollok-lsp-ide-0.5.4\\out\\server\\src\\server.js:2389:2988\n    at c:\\Users\\Nicolee\\.vscode\\extensions\\uqbar.wollok-lsp-ide-0.5.4\\out\\server\\src\\server.js:2398:8440\n    at c:\\Users\\Nicolee\\.vscode\\extensions\\uqbar.wollok-lsp-ide-0.5.4\\out\\server\\src\\server.js:37:74872\n    at Ke (c:\\Users\\Nicolee\\.vscode\\extensions\\uqbar.wollok-lsp-ide-0.5.4\\out\\server\\src\\server.js:7:8527)","timestamp":"2026-06-01T16:26:00.655Z"}
{"level":"info","message":"⌛ Validating src/requisitos.wlk","timeElapsed":137,"timestamp":"2026-06-01T16:26:00.794Z"}
{"level":"info","message":"⌛ Validating src/requisitos.wlk","timeElapsed":141,"timestamp":"2026-06-01T16:26:01.094Z"}
{"level":"info","message":"⌛ Validating src/requisitos.wlk","timeElapsed":110,"timestamp":"2026-06-01T16:26:01.286Z"}
{"level":"info","message":"⌛ Validating src/requisitos.wlk","timeElapsed":105,"timestamp":"2026-06-01T16:26:01.468Z"}
{"level":"error","message":"✘ Completions for node Self ([38:14, 38:18] - src/requisitos.wlk) failed: Error: [Self]{206b75} at src/requisitos.wlk:38 exhausted all cases without a match [Self]{206b75} at src/requisitos.wlk:38 exhausted all cases without a match","stack":"Error: [Self]{206b75} at src/requisitos.wlk:38 exhausted all cases without a match\n    at c:\\Users\\Nicolee\\.vscode\\extensions\\uqbar.wollok-lsp-ide-0.5.4\\out\\server\\src\\server.js:38:6142\n    at L2 (c:\\Users\\Nicolee\\.vscode\\extensions\\uqbar.wollok-lsp-ide-0.5.4\\out\\server\\src\\server.js:2389:42)\n    at c:\\Users\\Nicolee\\.vscode\\extensions\\uqbar.wollok-lsp-ide-0.5.4\\out\\server\\src\\server.js:2389:2988\n    at c:\\Users\\Nicolee\\.vscode\\extensions\\uqbar.wollok-lsp-ide-0.5.4\\out\\server\\src\\server.js:2398:8440\n    at c:\\Users\\Nicolee\\.vscode\\extensions\\uqbar.wollok-lsp-ide-0.5.4\\out\\server\\src\\server.js:37:74872\n    at Ke (c:\\Users\\Nicolee\\.vscode\\extensions\\uqbar.wollok-lsp-ide-0.5.4\\out\\server\\src\\server.js:7:8527)\n    at Lt (c:\\Users\\Nicolee\\.vscode\\extensions\\uqbar.wollok-lsp-ide-0.5.4\\out\\server\\src\\server.js:7:6189)\n    at ct (c:\\Users\\Nicolee\\.vscode\\extensions\\uqbar.wollok-lsp-ide-0.5.4\\out\\server\\src\\server.js:7:6378)\n    at Immediate._onImmediate (c:\\Users\\Nicolee\\.vscode\\extensions\\uqbar.wollok-lsp-ide-0.5.4\\out\\server\\src\\server.js:7:6142)\n    at process.processImmediate (node:internal/timers:484:21)","timestamp":"2026-06-01T16:26:02.339Z"}
{"level":"error","message":"✘ Completions for node Return ([38:7, 38:18] - src/requisitos.wlk) failed: Error: [Return]{db4efe} at src/requisitos.wlk:38 exhausted all cases without a match [Return]{db4efe} at src/requisitos.wlk:38 exhausted all cases without a match","stack":"Error: [Return]{db4efe} at src/requisitos.wlk:38 exhausted all cases without a match\n    at c:\\Users\\Nicolee\\.vscode\\extensions\\uqbar.wollok-lsp-ide-0.5.4\\out\\server\\src\\server.js:38:6142\n    at L2 (c:\\Users\\Nicolee\\.vscode\\extensions\\uqbar.wollok-lsp-ide-0.5.4\\out\\server\\src\\server.js:2389:42)\n    at Jh (c:\\Users\\Nicolee\\.vscode\\extensions\\uqbar.wollok-lsp-ide-0.5.4\\out\\server\\src\\server.js:2389:1092)\n    at L2 (c:\\Users\\Nicolee\\.vscode\\extensions\\uqbar.wollok-lsp-ide-0.5.4\\out\\server\\src\\server.js:2389:544)\n    at c:\\Users\\Nicolee\\.vscode\\extensions\\uqbar.wollok-lsp-ide-0.5.4\\out\\server\\src\\server.js:2389:2988\n    at c:\\Users\\Nicolee\\.vscode\\extensions\\uqbar.wollok-lsp-ide-0.5.4\\out\\server\\src\\server.js:2398:8440\n    at c:\\Users\\Nicolee\\.vscode\\extensions\\uqbar.wollok-lsp-ide-0.5.4\\out\\server\\src\\server.js:37:74872\n    at Ke (c:\\Users\\Nicolee\\.vscode\\extensions\\uqbar.wollok-lsp-ide-0.5.4\\out\\server\\src\\server.js:7:8527)\n    at Lt (c:\\Users\\Nicolee\\.vscode\\extensions\\uqbar.wollok-lsp-ide-0.5.4\\out\\server\\src\\server.js:7:6189)\n    at ct (c:\\Users\\Nicolee\\.vscode\\extensions\\uqbar.wollok-lsp-ide-0.5.4\\out\\server\\src\\server.js:7:6378)","timestamp":"2026-06-01T16:26:02.339Z"}
{"level":"info","message":"⌛ Validating src/requisitos.wlk","timeElapsed":106,"timestamp":"2026-06-01T16:26:02.453Z"}
{"level":"info","message":"⌛ Validating src/requisitos.wlk","timeElapsed":106,"timestamp":"2026-06-01T16:26:02.620Z"}
{"level":"info","message":"⌛ Validating src/requisitos.wlk","timeElapsed":116,"timestamp":"2026-06-01T16:26:02.815Z"}
{"level":"info","message":"⌛ Validating src/requisitos.wlk","timeElapsed":117,"timestamp":"2026-06-01T16:26:02.997Z"}
{"level":"info","message":"⌛ Validating src/requisitos.wlk","timeElapsed":184,"timestamp":"2026-06-01T16:26:03.473Z"}
{"level":"error","message":"✘ Completions for node Return ([38:7, 38:15] - src/requisitos.wlk) failed: Error: [Return]{cc06e7} at src/requisitos.wlk:38 exhausted all cases without a match [Return]{cc06e7} at src/requisitos.wlk:38 exhausted all cases without a match","stack":"Error: [Return]{cc06e7} at src/requisitos.wlk:38 exhausted all cases without a match\n    at c:\\Users\\Nicolee\\.vscode\\extensions\\uqbar.wollok-lsp-ide-0.5.4\\out\\server\\src\\server.js:38:6142\n    at L2 (c:\\Users\\Nicolee\\.vscode\\extensions\\uqbar.wollok-lsp-ide-0.5.4\\out\\server\\src\\server.js:2389:42)\n    at Jh (c:\\Users\\Nicolee\\.vscode\\extensions\\uqbar.wollok-lsp-ide-0.5.4\\out\\server\\src\\server.js:2389:1092)\n    at M5n (c:\\Users\\Nicolee\\.vscode\\extensions\\uqbar.wollok-lsp-ide-0.5.4\\out\\server\\src\\server.js:2389:1248)\n    at c:\\Users\\Nicolee\\.vscode\\extensions\\uqbar.wollok-lsp-ide-0.5.4\\out\\server\\src\\server.js:38:6131\n    at L2 (c:\\Users\\Nicolee\\.vscode\\extensions\\uqbar.wollok-lsp-ide-0.5.4\\out\\server\\src\\server.js:2389:42)\n    at c:\\Users\\Nicolee\\.vscode\\extensions\\uqbar.wollok-lsp-ide-0.5.4\\out\\server\\src\\server.js:2389:2988\n    at c:\\Users\\Nicolee\\.vscode\\extensions\\uqbar.wollok-lsp-ide-0.5.4\\out\\server\\src\\server.js:2398:8440\n    at c:\\Users\\Nicolee\\.vscode\\extensions\\uqbar.wollok-lsp-ide-0.5.4\\out\\server\\src\\server.js:37:74872\n    at Ke (c:\\Users\\Nicolee\\.vscode\\extensions\\uqbar.wollok-lsp-ide-0.5.4\\out\\server\\src\\server.js:7:8527)","timestamp":"2026-06-01T16:26:03.557Z"}
{"level":"info","message":"⌛ Validating src/requisitos.wlk","timeElapsed":101,"timestamp":"2026-06-01T16:26:03.724Z"}
{"level":"info","message":"⌛ Validating src/requisitos.wlk","timeElapsed":101,"timestamp":"2026-06-01T16:26:03.826Z"}
{"level":"info","message":"⌛ Validating src/requisitos.wlk","timeElapsed":109,"timestamp":"2026-06-01T16:26:03.995Z"}
{"level":"info","message":"⌛ Validating src/requisitos.wlk","timeElapsed":113,"timestamp":"2026-06-01T16:26:04.164Z"}
{"level":"info","message":"⌛ Building environment","timeElapsed":113,"timestamp":"2026-06-01T16:26:04.339Z"}
{"level":"info","message":"⌛ Validating src/requisitos.wlk","timeElapsed":122,"timestamp":"2026-06-01T16:26:04.897Z"}
{"level":"info","message":"⌛ Validating src/requisitos.wlk","timeElapsed":127,"timestamp":"2026-06-01T16:26:05.180Z"}
{"level":"info","message":"⌛ Validating src/requisitos.wlk","timeElapsed":108,"timestamp":"2026-06-01T16:26:08.022Z"}
{"level":"info","message":"⌛ Validating src/requisitos.wlk","timeElapsed":118,"timestamp":"2026-06-01T16:26:08.231Z"}
{"level":"info","message":"⌛ Validating src/requisitos.wlk","timeElapsed":158,"timestamp":"2026-06-01T16:26:08.452Z"}
{"level":"info","message":"⌛ Building environment","timeElapsed":104,"timestamp":"2026-06-01T16:26:08.557Z"}
{"level":"info","message":"⌛ Validating src/requisitos.wlk","timeElapsed":124,"timestamp":"2026-06-01T16:26:08.691Z"}
{"level":"info","message":"⌛ Validating src/requisitos.wlk","timeElapsed":107,"timestamp":"2026-06-01T16:26:08.862Z"}
{"level":"info","message":"⌛ Validating src/requisitos.wlk","timeElapsed":104,"timestamp":"2026-06-01T16:26:09.028Z"}
{"level":"info","message":"⌛ Validating src/requisitos.wlk","timeElapsed":106,"timestamp":"2026-06-01T16:26:09.193Z"}
{"level":"info","message":"⌛ Validating src/requisitos.wlk","timeElapsed":115,"timestamp":"2026-06-01T16:26:11.213Z"}
{"level":"info","message":"⌛ Validating src/requisitos.wlk","timeElapsed":143,"timestamp":"2026-06-01T16:26:11.358Z"}
{"level":"info","message":"⌛ Building environment","timeElapsed":105,"timestamp":"2026-06-01T16:26:43.321Z"}
{"level":"info","message":"⌛ Validating src/estudiante.wlk","timeElapsed":136,"timestamp":"2026-06-01T16:26:43.484Z"}
{"level":"info","message":"⌛ Building environment","timeElapsed":104,"timestamp":"2026-06-01T16:26:43.589Z"}
{"level":"info","message":"⌛ Validating src/estudiante.wlk","timeElapsed":199,"timestamp":"2026-06-01T16:26:43.968Z"}
{"level":"info","message":"⌛ Validating src/estudiante.wlk","timeElapsed":127,"timestamp":"2026-06-01T16:26:44.102Z"}
{"level":"info","message":"⌛ Validating src/estudiante.wlk","timeElapsed":126,"timestamp":"2026-06-01T16:26:44.229Z"}
{"level":"info","message":"⌛ Building environment","timeElapsed":110,"timestamp":"2026-06-01T16:26:44.340Z"}
{"level":"info","message":"⌛ Building environment","timeElapsed":161,"timestamp":"2026-06-01T16:26:45.609Z"}
{"level":"info","message":"⌛ Validating src/estudiante.wlk","timeElapsed":132,"timestamp":"2026-06-01T16:26:45.750Z"}
{"level":"info","message":"⌛ Validating src/estudiante.wlk","timeElapsed":105,"timestamp":"2026-06-01T16:26:49.366Z"}
{"level":"error","message":"✘ Completions for node Send ([59:6, 59:56] - src/estudiante.wlk) failed: Error: [Send]{a18a15} at src/estudiante.wlk:59 exhausted all cases without a match [Send]{a18a15} at src/estudiante.wlk:59 exhausted all cases without a match","stack":"Error: [Send]{a18a15} at src/estudiante.wlk:59 exhausted all cases without a match\n    at c:\\Users\\Nicolee\\.vscode\\extensions\\uqbar.wollok-lsp-ide-0.5.4\\out\\server\\src\\server.js:38:6142\n    at L2 (c:\\Users\\Nicolee\\.vscode\\extensions\\uqbar.wollok-lsp-ide-0.5.4\\out\\server\\src\\server.js:2389:42)\n    at Jh (c:\\Users\\Nicolee\\.vscode\\extensions\\uqbar.wollok-lsp-ide-0.5.4\\out\\server\\src\\server.js:2389:1092)\n    at M5n (c:\\Users\\Nicolee\\.vscode\\extensions\\uqbar.wollok-lsp-ide-0.5.4\\out\\server\\src\\server.js:2389:1248)\n    at c:\\Users\\Nicolee\\.vscode\\extensions\\uqbar.wollok-lsp-ide-0.5.4\\out\\server\\src\\server.js:38:6131\n    at L2 (c:\\Users\\Nicolee\\.vscode\\extensions\\uqbar.wollok-lsp-ide-0.5.4\\out\\server\\src\\server.js:2389:42)\n    at c:\\Users\\Nicolee\\.vscode\\extensions\\uqbar.wollok-lsp-ide-0.5.4\\out\\server\\src\\server.js:2389:2988\n    at c:\\Users\\Nicolee\\.vscode\\extensions\\uqbar.wollok-lsp-ide-0.5.4\\out\\server\\src\\server.js:2398:8440\n    at c:\\Users\\Nicolee\\.vscode\\extensions\\uqbar.wollok-lsp-ide-0.5.4\\out\\server\\src\\server.js:37:74872\n    at Ke (c:\\Users\\Nicolee\\.vscode\\extensions\\uqbar.wollok-lsp-ide-0.5.4\\out\\server\\src\\server.js:7:8527)","timestamp":"2026-06-01T16:26:50.541Z"}
{"level":"error","message":"✘ Completions for node Send ([58:11, 59:56] - src/estudiante.wlk) failed: Error: [Send]{40d8ca} at src/estudiante.wlk:58 exhausted all cases without a match [Send]{40d8ca} at src/estudiante.wlk:58 exhausted all cases without a match","stack":"Error: [Send]{40d8ca} at src/estudiante.wlk:58 exhausted all cases without a match\n    at c:\\Users\\Nicolee\\.vscode\\extensions\\uqbar.wollok-lsp-ide-0.5.4\\out\\server\\src\\server.js:38:6142\n    at L2 (c:\\Users\\Nicolee\\.vscode\\extensions\\uqbar.wollok-lsp-ide-0.5.4\\out\\server\\src\\server.js:2389:42)\n    at Jh (c:\\Users\\Nicolee\\.vscode\\extensions\\uqbar.wollok-lsp-ide-0.5.4\\out\\server\\src\\server.js:2389:1092)\n    at L2 (c:\\Users\\Nicolee\\.vscode\\extensions\\uqbar.wollok-lsp-ide-0.5.4\\out\\server\\src\\server.js:2389:544)\n    at Jh (c:\\Users\\Nicolee\\.vscode\\extensions\\uqbar.wollok-lsp-ide-0.5.4\\out\\server\\src\\server.js:2389:1092)\n    at M5n (c:\\Users\\Nicolee\\.vscode\\extensions\\uqbar.wollok-lsp-ide-0.5.4\\out\\server\\src\\server.js:2389:1248)\n    at c:\\Users\\Nicolee\\.vscode\\extensions\\uqbar.wollok-lsp-ide-0.5.4\\out\\server\\src\\server.js:38:6131\n    at L2 (c:\\Users\\Nicolee\\.vscode\\extensions\\uqbar.wollok-lsp-ide-0.5.4\\out\\server\\src\\server.js:2389:42)\n    at c:\\Users\\Nicolee\\.vscode\\extensions\\uqbar.wollok-lsp-ide-0.5.4\\out\\server\\src\\server.js:2389:2988\n    at c:\\Users\\Nicolee\\.vscode\\extensions\\uqbar.wollok-lsp-ide-0.5.4\\out\\server\\src\\server.js:2398:8440","timestamp":"2026-06-01T16:26:50.541Z"}
{"level":"error","message":"✘ Completions for node Return ([58:4, 59:56] - src/estudiante.wlk) failed: Error: [Return]{e16ead} at src/estudiante.wlk:58 exhausted all cases without a match [Return]{e16ead} at src/estudiante.wlk:58 exhausted all cases without a match","stack":"Error: [Return]{e16ead} at src/estudiante.wlk:58 exhausted all cases without a match\n    at c:\\Users\\Nicolee\\.vscode\\extensions\\uqbar.wollok-lsp-ide-0.5.4\\out\\server\\src\\server.js:38:6142\n    at L2 (c:\\Users\\Nicolee\\.vscode\\extensions\\uqbar.wollok-lsp-ide-0.5.4\\out\\server\\src\\server.js:2389:42)\n    at Jh (c:\\Users\\Nicolee\\.vscode\\extensions\\uqbar.wollok-lsp-ide-0.5.4\\out\\server\\src\\server.js:2389:1092)\n    at L2 (c:\\Users\\Nicolee\\.vscode\\extensions\\uqbar.wollok-lsp-ide-0.5.4\\out\\server\\src\\server.js:2389:544)\n    at Jh (c:\\Users\\Nicolee\\.vscode\\extensions\\uqbar.wollok-lsp-ide-0.5.4\\out\\server\\src\\server.js:2389:1092)\n    at L2 (c:\\Users\\Nicolee\\.vscode\\extensions\\uqbar.wollok-lsp-ide-0.5.4\\out\\server\\src\\server.js:2389:544)\n    at Jh (c:\\Users\\Nicolee\\.vscode\\extensions\\uqbar.wollok-lsp-ide-0.5.4\\out\\server\\src\\server.js:2389:1092)\n    at M5n (c:\\Users\\Nicolee\\.vscode\\extensions\\uqbar.wollok-lsp-ide-0.5.4\\out\\server\\src\\server.js:2389:1248)\n    at c:\\Users\\Nicolee\\.vscode\\extensions\\uqbar.wollok-lsp-ide-0.5.4\\out\\server\\src\\server.js:38:6131\n    at L2 (c:\\Users\\Nicolee\\.vscode\\extensions\\uqbar.wollok-lsp-ide-0.5.4\\out\\server\\src\\server.js:2389:42)","timestamp":"2026-06-01T16:26:50.541Z"}
{"level":"info","message":"⌛ Validating src/estudiante.wlk","timeElapsed":118,"timestamp":"2026-06-01T16:26:50.763Z"}
{"level":"info","message":"⌛ Validating src/estudiante.wlk","timeElapsed":105,"timestamp":"2026-06-01T16:26:50.959Z"}
{"level":"info","message":"⌛ Validating src/estudiante.wlk","timeElapsed":102,"timestamp":"2026-06-01T16:26:51.138Z"}
{"level":"error","message":"✘ Completions for node Send ([59:6, 59:60] - src/estudiante.wlk) failed: Error: [Send]{c6ee78} at src/estudiante.wlk:59 exhausted all cases without a match [Send]{c6ee78} at src/estudiante.wlk:59 exhausted all cases without a match","stack":"Error: [Send]{c6ee78} at src/estudiante.wlk:59 exhausted all cases without a match\n    at c:\\Users\\Nicolee\\.vscode\\extensions\\uqbar.wollok-lsp-ide-0.5.4\\out\\server\\src\\server.js:38:6142\n    at L2 (c:\\Users\\Nicolee\\.vscode\\extensions\\uqbar.wollok-lsp-ide-0.5.4\\out\\server\\src\\server.js:2389:42)\n    at Jh (c:\\Users\\Nicolee\\.vscode\\extensions\\uqbar.wollok-lsp-ide-0.5.4\\out\\server\\src\\server.js:2389:1092)\n    at M5n (c:\\Users\\Nicolee\\.vscode\\extensions\\uqbar.wollok-lsp-ide-0.5.4\\out\\server\\src\\server.js:2389:1248)\n    at c:\\Users\\Nicolee\\.vscode\\extensions\\uqbar.wollok-lsp-ide-0.5.4\\out\\server\\src\\server.js:38:6131\n    at L2 (c:\\Users\\Nicolee\\.vscode\\extensions\\uqbar.wollok-lsp-ide-0.5.4\\out\\server\\src\\server.js:2389:42)\n    at c:\\Users\\Nicolee\\.vscode\\extensions\\uqbar.wollok-lsp-ide-0.5.4\\out\\server\\src\\server.js:2389:2988\n    at c:\\Users\\Nicolee\\.vscode\\extensions\\uqbar.wollok-lsp-ide-0.5.4\\out\\server\\src\\server.js:2398:8440\n    at c:\\Users\\Nicolee\\.vscode\\extensions\\uqbar.wollok-lsp-ide-0.5.4\\out\\server\\src\\server.js:37:74872\n    at Ke (c:\\Users\\Nicolee\\.vscode\\extensions\\uqbar.wollok-lsp-ide-0.5.4\\out\\server\\src\\server.js:7:8527)","timestamp":"2026-06-01T16:27:02.145Z"}
{"level":"error","message":"✘ Completions for node Send ([58:11, 59:60] - src/estudiante.wlk) failed: Error: [Send]{f49101} at src/estudiante.wlk:58 exhausted all cases without a match [Send]{f49101} at src/estudiante.wlk:58 exhausted all cases without a match","stack":"Error: [Send]{f49101} at src/estudiante.wlk:58 exhausted all cases without a match\n    at c:\\Users\\Nicolee\\.vscode\\extensions\\uqbar.wollok-lsp-ide-0.5.4\\out\\server\\src\\server.js:38:6142\n    at L2 (c:\\Users\\Nicolee\\.vscode\\extensions\\uqbar.wollok-lsp-ide-0.5.4\\out\\server\\src\\server.js:2389:42)\n    at Jh (c:\\Users\\Nicolee\\.vscode\\extensions\\uqbar.wollok-lsp-ide-0.5.4\\out\\server\\src\\server.js:2389:1092)\n    at L2 (c:\\Users\\Nicolee\\.vscode\\extensions\\uqbar.wollok-lsp-ide-0.5.4\\out\\server\\src\\server.js:2389:544)\n    at Jh (c:\\Users\\Nicolee\\.vscode\\extensions\\uqbar.wollok-lsp-ide-0.5.4\\out\\server\\src\\server.js:2389:1092)\n    at M5n (c:\\Users\\Nicolee\\.vscode\\extensions\\uqbar.wollok-lsp-ide-0.5.4\\out\\server\\src\\server.js:2389:1248)\n    at c:\\Users\\Nicolee\\.vscode\\extensions\\uqbar.wollok-lsp-ide-0.5.4\\out\\server\\src\\server.js:38:6131\n    at L2 (c:\\Users\\Nicolee\\.vscode\\extensions\\uqbar.wollok-lsp-ide-0.5.4\\out\\server\\src\\server.js:2389:42)\n    at c:\\Users\\Nicolee\\.vscode\\extensions\\uqbar.wollok-lsp-ide-0.5.4\\out\\server\\src\\server.js:2389:2988\n    at c:\\Users\\Nicolee\\.vscode\\extensions\\uqbar.wollok-lsp-ide-0.5.4\\out\\server\\src\\server.js:2398:8440","timestamp":"2026-06-01T16:27:02.145Z"}
{"level":"error","message":"✘ Completions for node Return ([58:4, 59:60] - src/estudiante.wlk) failed: Error: [Return]{11b06e} at src/estudiante.wlk:58 exhausted all cases without a match [Return]{11b06e} at src/estudiante.wlk:58 exhausted all cases without a match","stack":"Error: [Return]{11b06e} at src/estudiante.wlk:58 exhausted all cases without a match\n    at c:\\Users\\Nicolee\\.vscode\\extensions\\uqbar.wollok-lsp-ide-0.5.4\\out\\server\\src\\server.js:38:6142\n    at L2 (c:\\Users\\Nicolee\\.vscode\\extensions\\uqbar.wollok-lsp-ide-0.5.4\\out\\server\\src\\server.js:2389:42)\n    at Jh (c:\\Users\\Nicolee\\.vscode\\extensions\\uqbar.wollok-lsp-ide-0.5.4\\out\\server\\src\\server.js:2389:1092)\n    at L2 (c:\\Users\\Nicolee\\.vscode\\extensions\\uqbar.wollok-lsp-ide-0.5.4\\out\\server\\src\\server.js:2389:544)\n    at Jh (c:\\Users\\Nicolee\\.vscode\\extensions\\uqbar.wollok-lsp-ide-0.5.4\\out\\server\\src\\server.js:2389:1092)\n    at L2 (c:\\Users\\Nicolee\\.vscode\\extensions\\uqbar.wollok-lsp-ide-0.5.4\\out\\server\\src\\server.js:2389:544)\n    at Jh (c:\\Users\\Nicolee\\.vscode\\extensions\\uqbar.wollok-lsp-ide-0.5.4\\out\\server\\src\\server.js:2389:1092)\n    at M5n (c:\\Users\\Nicolee\\.vscode\\extensions\\uqbar.wollok-lsp-ide-0.5.4\\out\\server\\src\\server.js:2389:1248)\n    at c:\\Users\\Nicolee\\.vscode\\extensions\\uqbar.wollok-lsp-ide-0.5.4\\out\\server\\src\\server.js:38:6131\n    at L2 (c:\\Users\\Nicolee\\.vscode\\extensions\\uqbar.wollok-lsp-ide-0.5.4\\out\\server\\src\\server.js:2389:42)","timestamp":"2026-06-01T16:27:02.145Z"}
{"level":"info","message":"⌛ Validating src/estudiante.wlk","timeElapsed":112,"timestamp":"2026-06-01T16:27:02.350Z"}
{"level":"info","message":"⌛ Validating src/estudiante.wlk","timeElapsed":109,"timestamp":"2026-06-01T16:27:02.531Z"}
{"level":"info","message":"⌛ Building environment","timeElapsed":127,"timestamp":"2026-06-01T16:27:02.659Z"}
{"level":"info","message":"⌛ Validating src/estudiante.wlk","timeElapsed":111,"timestamp":"2026-06-01T16:27:02.770Z"}
{"level":"info","message":"⌛ Validating src/estudiante.wlk","timeElapsed":102,"timestamp":"2026-06-01T16:27:02.879Z"}
{"level":"info","message":"⌛ Validating src/estudiante.wlk","timeElapsed":162,"timestamp":"2026-06-01T16:27:08.270Z"}
{"level":"info","message":"⌛ Validating src/estudiante.wlk","timeElapsed":110,"timestamp":"2026-06-01T16:27:08.638Z"}
{"level":"info","message":"⌛ Validating src/estudiante.wlk","timeElapsed":107,"timestamp":"2026-06-01T16:27:08.846Z"}
{"level":"info","message":"⌛ Validating src/estudiante.wlk","timeElapsed":102,"timestamp":"2026-06-01T16:27:09.062Z"}
{"level":"info","message":"⌛ Validating src/estudiante.wlk","timeElapsed":102,"timestamp":"2026-06-01T16:27:09.414Z"}
{"level":"info","message":"⌛ Building environment","timeElapsed":101,"timestamp":"2026-06-01T16:27:10.649Z"}
{"level":"info","message":"⌛ Validating src/estudiante.wlk","timeElapsed":108,"timestamp":"2026-06-01T16:27:10.758Z"}
{"level":"info","message":"⌛ Building environment","timeElapsed":102,"timestamp":"2026-06-01T16:27:22.194Z"}
{"level":"info","message":"⌛ Validating src/estudiante.wlk","timeElapsed":156,"timestamp":"2026-06-01T16:27:22.352Z"}
{"level":"info","message":"⌛ Building environment","timeElapsed":112,"timestamp":"2026-06-01T16:27:35.423Z"}
{"level":"info","message":"⌛ Validating src/estudiante.wlk","timeElapsed":109,"timestamp":"2026-06-01T16:27:35.539Z"}
{"level":"info","message":"⌛ Validating src/estudiante.wlk","timeElapsed":126,"timestamp":"2026-06-01T16:27:49.037Z"}
{"level":"info","message":"⌛ Building environment","timeElapsed":104,"timestamp":"2026-06-01T16:27:49.171Z"}
{"level":"info","message":"⌛ Validating src/estudiante.wlk","timeElapsed":110,"timestamp":"2026-06-01T16:27:49.281Z"}
{"level":"info","message":"⌛ Validating src/estudiante.wlk","timeElapsed":112,"timestamp":"2026-06-01T16:27:49.458Z"}
{"level":"info","message":"⌛ Validating src/estudiante.wlk","timeElapsed":118,"timestamp":"2026-06-01T16:27:49.959Z"}
{"level":"info","message":"⌛ Validating src/estudiante.wlk","timeElapsed":105,"timestamp":"2026-06-01T16:27:50.130Z"}
{"level":"info","message":"⌛ Validating src/estudiante.wlk","timeElapsed":107,"timestamp":"2026-06-01T16:27:50.415Z"}
{"level":"info","message":"⌛ Validating src/estudiante.wlk","timeElapsed":109,"timestamp":"2026-06-01T16:27:50.590Z"}
{"level":"info","message":"⌛ Validating src/estudiante.wlk","timeElapsed":108,"timestamp":"2026-06-01T16:27:50.788Z"}
{"level":"info","message":"⌛ Validating src/estudiante.wlk","timeElapsed":108,"timestamp":"2026-06-01T16:27:51.047Z"}
{"level":"info","message":"⌛ Validating src/estudiante.wlk","timeElapsed":101,"timestamp":"2026-06-01T16:27:51.148Z"}
{"level":"info","message":"⌛ Validating src/estudiante.wlk","timeElapsed":102,"timestamp":"2026-06-01T16:27:51.393Z"}
{"level":"info","message":"⌛ Building environment","timeElapsed":124,"timestamp":"2026-06-01T16:27:51.755Z"}
{"level":"info","message":"⌛ Validating src/estudiante.wlk","timeElapsed":102,"timestamp":"2026-06-01T16:27:51.857Z"}
{"level":"info","message":"⌛ Validating src/estudiante.wlk","timeElapsed":102,"timestamp":"2026-06-01T16:27:51.959Z"}
{"level":"info","message":"⌛ Validating src/estudiante.wlk","timeElapsed":101,"timestamp":"2026-06-01T16:27:52.479Z"}
{"level":"info","message":"⌛ Validating src/estudiante.wlk","timeElapsed":105,"timestamp":"2026-06-01T16:27:52.655Z"}
{"level":"info","message":"⌛ Validating src/estudiante.wlk","timeElapsed":105,"timestamp":"2026-06-01T16:27:52.760Z"}
{"level":"info","message":"⌛ Validating src/estudiante.wlk","timeElapsed":105,"timestamp":"2026-06-01T16:27:52.937Z"}
{"level":"info","message":"⌛ Validating src/estudiante.wlk","timeElapsed":115,"timestamp":"2026-06-01T16:27:53.204Z"}
{"level":"info","message":"⌛ Validating src/estudiante.wlk","timeElapsed":105,"timestamp":"2026-06-01T16:27:53.548Z"}
{"level":"info","message":"⌛ Validating src/estudiante.wlk","timeElapsed":107,"timestamp":"2026-06-01T16:27:53.721Z"}
{"level":"info","message":"⌛ Building environment","timeElapsed":117,"timestamp":"2026-06-01T16:27:53.839Z"}
{"level":"info","message":"⌛ Building environment","timeElapsed":125,"timestamp":"2026-06-01T16:27:53.964Z"}
{"level":"info","message":"⌛ Validating src/estudiante.wlk","timeElapsed":136,"timestamp":"2026-06-01T16:27:54.101Z"}
{"level":"info","message":"⌛ Validating src/estudiante.wlk","timeElapsed":110,"timestamp":"2026-06-01T16:27:54.294Z"}
{"level":"info","message":"⌛ Validating src/estudiante.wlk","timeElapsed":109,"timestamp":"2026-06-01T16:27:54.565Z"}
{"level":"info","message":"⌛ Validating src/estudiante.wlk","timeElapsed":106,"timestamp":"2026-06-01T16:27:54.837Z"}
{"level":"info","message":"⌛ Validating src/estudiante.wlk","timeElapsed":106,"timestamp":"2026-06-01T16:27:55.010Z"}
{"level":"info","message":"⌛ Validating src/estudiante.wlk","timeElapsed":125,"timestamp":"2026-06-01T16:27:55.212Z"}
{"level":"info","message":"⌛ Building environment","timeElapsed":105,"timestamp":"2026-06-01T16:27:55.317Z"}
{"level":"info","message":"⌛ Validating src/estudiante.wlk","timeElapsed":103,"timestamp":"2026-06-01T16:27:55.420Z"}
{"level":"info","message":"⌛ Validating src/estudiante.wlk","timeElapsed":103,"timestamp":"2026-06-01T16:27:55.597Z"}
{"level":"info","message":"⌛ Validating src/estudiante.wlk","timeElapsed":115,"timestamp":"2026-06-01T16:27:55.776Z"}
{"level":"info","message":"⌛ Validating src/estudiante.wlk","timeElapsed":110,"timestamp":"2026-06-01T16:27:56.033Z"}
{"level":"info","message":"⌛ Validating src/estudiante.wlk","timeElapsed":101,"timestamp":"2026-06-01T16:27:56.369Z"}
{"level":"info","message":"⌛ Validating src/estudiante.wlk","timeElapsed":103,"timestamp":"2026-06-01T16:27:56.689Z"}
{"level":"info","message":"⌛ Validating src/estudiante.wlk","timeElapsed":103,"timestamp":"2026-06-01T16:27:56.857Z"}
{"level":"info","message":"⌛ Building environment","timeElapsed":132,"timestamp":"2026-06-01T16:27:56.989Z"}
{"level":"info","message":"⌛ Building environment","timeElapsed":209,"timestamp":"2026-06-01T16:27:57.198Z"}
{"level":"info","message":"⌛ Validating src/estudiante.wlk","timeElapsed":106,"timestamp":"2026-06-01T16:27:57.729Z"}
{"level":"info","message":"⌛ Validating src/estudiante.wlk","timeElapsed":104,"timestamp":"2026-06-01T16:27:57.967Z"}
{"level":"info","message":"⌛ Building environment","timeElapsed":121,"timestamp":"2026-06-01T16:27:58.414Z"}
{"level":"info","message":"⌛ Validating src/estudiante.wlk","timeElapsed":104,"timestamp":"2026-06-01T16:27:58.519Z"}
{"level":"info","message":"⌛ Validating src/estudiante.wlk","timeElapsed":131,"timestamp":"2026-06-01T16:27:59.010Z"}
{"level":"info","message":"⌛ Validating src/estudiante.wlk","timeElapsed":103,"timestamp":"2026-06-01T16:27:59.114Z"}
{"level":"info","message":"⌛ Building environment","timeElapsed":127,"timestamp":"2026-06-01T16:27:59.241Z"}
{"level":"info","message":"⌛ Validating src/estudiante.wlk","timeElapsed":106,"timestamp":"2026-06-01T16:27:59.444Z"}
{"level":"info","message":"⌛ Validating src/estudiante.wlk","timeElapsed":123,"timestamp":"2026-06-01T16:27:59.571Z"}
{"level":"info","message":"⌛ Validating src/estudiante.wlk","timeElapsed":118,"timestamp":"2026-06-01T16:27:59.691Z"}
{"level":"info","message":"⌛ Validating src/estudiante.wlk","timeElapsed":104,"timestamp":"2026-06-01T16:27:59.795Z"}
{"level":"info","message":"⌛ Validating src/estudiante.wlk","timeElapsed":101,"timestamp":"2026-06-01T16:27:59.988Z"}
{"level":"info","message":"⌛ Validating src/estudiante.wlk","timeElapsed":108,"timestamp":"2026-06-01T16:28:00.097Z"}
{"level":"info","message":"⌛ Validating src/estudiante.wlk","timeElapsed":106,"timestamp":"2026-06-01T16:28:00.204Z"}
{"level":"info","message":"⌛ Validating src/estudiante.wlk","timeElapsed":109,"timestamp":"2026-06-01T16:28:00.479Z"}
{"level":"info","message":"⌛ Validating src/estudiante.wlk","timeElapsed":107,"timestamp":"2026-06-01T16:28:00.921Z"}
{"level":"info","message":"⌛ Validating src/estudiante.wlk","timeElapsed":104,"timestamp":"2026-06-01T16:28:01.161Z"}
{"level":"info","message":"⌛ Validating src/estudiante.wlk","timeElapsed":101,"timestamp":"2026-06-01T16:28:01.405Z"}
{"level":"info","message":"⌛ Validating src/estudiante.wlk","timeElapsed":107,"timestamp":"2026-06-01T16:28:01.579Z"}
{"level":"info","message":"⌛ Building environment","timeElapsed":132,"timestamp":"2026-06-01T16:28:01.712Z"}
{"level":"info","message":"⌛ Validating src/estudiante.wlk","timeElapsed":107,"timestamp":"2026-06-01T16:28:01.819Z"}
{"level":"info","message":"⌛ Building environment","timeElapsed":127,"timestamp":"2026-06-01T16:28:01.946Z"}
{"level":"info","message":"⌛ Validating src/estudiante.wlk","timeElapsed":102,"timestamp":"2026-06-01T16:28:02.144Z"}
{"level":"info","message":"⌛ Validating src/estudiante.wlk","timeElapsed":101,"timestamp":"2026-06-01T16:28:02.250Z"}
{"level":"info","message":"⌛ Validating src/estudiante.wlk","timeElapsed":108,"timestamp":"2026-06-01T16:28:02.433Z"}
{"level":"info","message":"⌛ Validating src/estudiante.wlk","timeElapsed":144,"timestamp":"2026-06-01T16:28:02.654Z"}
{"level":"info","message":"⌛ Validating src/estudiante.wlk","timeElapsed":113,"timestamp":"2026-06-01T16:28:02.911Z"}
{"level":"info","message":"⌛ Validating src/estudiante.wlk","timeElapsed":112,"timestamp":"2026-06-01T16:28:03.155Z"}
{"level":"info","message":"⌛ Validating src/estudiante.wlk","timeElapsed":103,"timestamp":"2026-06-01T16:28:03.467Z"}
{"level":"info","message":"⌛ Validating src/estudiante.wlk","timeElapsed":105,"timestamp":"2026-06-01T16:28:03.712Z"}
{"level":"info","message":"⌛ Validating src/estudiante.wlk","timeElapsed":103,"timestamp":"2026-06-01T16:28:04.069Z"}
{"level":"info","message":"⌛ Validating src/estudiante.wlk","timeElapsed":111,"timestamp":"2026-06-01T16:28:04.594Z"}
{"level":"info","message":"⌛ Validating src/estudiante.wlk","timeElapsed":114,"timestamp":"2026-06-01T16:28:04.773Z"}
{"level":"info","message":"⌛ Validating src/estudiante.wlk","timeElapsed":101,"timestamp":"2026-06-01T16:28:04.874Z"}
{"level":"info","message":"⌛ Validating src/estudiante.wlk","timeElapsed":110,"timestamp":"2026-06-01T16:28:05.121Z"}
{"level":"info","message":"⌛ Validating src/estudiante.wlk","timeElapsed":112,"timestamp":"2026-06-01T16:28:05.233Z"}
{"level":"info","message":"⌛ Building environment","timeElapsed":207,"timestamp":"2026-06-01T16:28:05.442Z"}
{"level":"info","message":"⌛ Validating src/estudiante.wlk","timeElapsed":104,"timestamp":"2026-06-01T16:28:05.624Z"}
{"level":"info","message":"⌛ Validating src/estudiante.wlk","timeElapsed":104,"timestamp":"2026-06-01T16:28:05.795Z"}
{"level":"info","message":"⌛ Building environment","timeElapsed":288,"timestamp":"2026-06-01T16:28:06.083Z"}
{"level":"info","message":"⌛ Validating src/estudiante.wlk","timeElapsed":104,"timestamp":"2026-06-01T16:28:06.333Z"}
{"level":"info","message":"⌛ Validating src/estudiante.wlk","timeElapsed":111,"timestamp":"2026-06-01T16:28:06.444Z"}
{"level":"info","message":"⌛ Building environment","timeElapsed":105,"timestamp":"2026-06-01T16:28:06.622Z"}
{"level":"info","message":"⌛ Validating src/estudiante.wlk","timeElapsed":148,"timestamp":"2026-06-01T16:28:06.770Z"}
{"level":"info","message":"⌛ Validating src/estudiante.wlk","timeElapsed":104,"timestamp":"2026-06-01T16:28:06.940Z"}
{"level":"info","message":"⌛ Validating src/estudiante.wlk","timeElapsed":109,"timestamp":"2026-06-01T16:28:07.199Z"}
{"level":"info","message":"⌛ Validating src/estudiante.wlk","timeElapsed":107,"timestamp":"2026-06-01T16:28:07.369Z"}
{"level":"info","message":"⌛ Validating src/estudiante.wlk","timeElapsed":113,"timestamp":"2026-06-01T16:28:07.715Z"}
{"level":"info","message":"⌛ Validating src/estudiante.wlk","timeElapsed":103,"timestamp":"2026-06-01T16:28:08.132Z"}
{"level":"info","message":"⌛ Validating src/estudiante.wlk","timeElapsed":155,"timestamp":"2026-06-01T16:28:08.322Z"}
{"level":"info","message":"⌛ Building environment","timeElapsed":128,"timestamp":"2026-06-01T16:28:08.450Z"}
{"level":"info","message":"⌛ Validating src/estudiante.wlk","timeElapsed":121,"timestamp":"2026-06-01T16:28:08.570Z"}
{"level":"info","message":"⌛ Validating src/estudiante.wlk","timeElapsed":105,"timestamp":"2026-06-01T16:28:08.675Z"}
{"level":"info","message":"⌛ Validating src/estudiante.wlk","timeElapsed":101,"timestamp":"2026-06-01T16:28:08.850Z"}
{"level":"info","message":"⌛ Validating src/estudiante.wlk","timeElapsed":143,"timestamp":"2026-06-01T16:28:08.993Z"}
{"level":"info","message":"⌛ Validating src/estudiante.wlk","timeElapsed":106,"timestamp":"2026-06-01T16:28:09.194Z"}
{"level":"info","message":"⌛ Validating src/estudiante.wlk","timeElapsed":109,"timestamp":"2026-06-01T16:28:09.499Z"}
{"level":"info","message":"⌛ Validating src/estudiante.wlk","timeElapsed":108,"timestamp":"2026-06-01T16:28:09.892Z"}
{"level":"info","message":"⌛ Validating src/estudiante.wlk","timeElapsed":101,"timestamp":"2026-06-01T16:28:10.008Z"}
{"level":"info","message":"⌛ Validating src/estudiante.wlk","timeElapsed":107,"timestamp":"2026-06-01T16:28:10.311Z"}
{"level":"info","message":"⌛ Validating src/estudiante.wlk","timeElapsed":103,"timestamp":"2026-06-01T16:28:10.414Z"}
{"level":"info","message":"⌛ Building environment","timeElapsed":112,"timestamp":"2026-06-01T16:28:54.676Z"}
{"level":"info","message":"⌛ Validating src/estudiante.wlk","timeElapsed":161,"timestamp":"2026-06-01T16:28:54.838Z"}
{"level":"error","message":"✘ Completions for node Send ([59:11, 61:5] - src/estudiante.wlk) failed: Error: [Send]{175e2f} at src/estudiante.wlk:59 exhausted all cases without a match [Send]{175e2f} at src/estudiante.wlk:59 exhausted all cases without a match","stack":"Error: [Send]{175e2f} at src/estudiante.wlk:59 exhausted all cases without a match\n    at c:\\Users\\Nicolee\\.vscode\\extensions\\uqbar.wollok-lsp-ide-0.5.4\\out\\server\\src\\server.js:38:6142\n    at L2 (c:\\Users\\Nicolee\\.vscode\\extensions\\uqbar.wollok-lsp-ide-0.5.4\\out\\server\\src\\server.js:2389:42)\n    at Jh (c:\\Users\\Nicolee\\.vscode\\extensions\\uqbar.wollok-lsp-ide-0.5.4\\out\\server\\src\\server.js:2389:1092)\n    at M5n (c:\\Users\\Nicolee\\.vscode\\extensions\\uqbar.wollok-lsp-ide-0.5.4\\out\\server\\src\\server.js:2389:1248)\n    at c:\\Users\\Nicolee\\.vscode\\extensions\\uqbar.wollok-lsp-ide-0.5.4\\out\\server\\src\\server.js:38:6131\n    at L2 (c:\\Users\\Nicolee\\.vscode\\extensions\\uqbar.wollok-lsp-ide-0.5.4\\out\\server\\src\\server.js:2389:42)\n    at c:\\Users\\Nicolee\\.vscode\\extensions\\uqbar.wollok-lsp-ide-0.5.4\\out\\server\\src\\server.js:2389:2988\n    at c:\\Users\\Nicolee\\.vscode\\extensions\\uqbar.wollok-lsp-ide-0.5.4\\out\\server\\src\\server.js:2398:8440\n    at c:\\Users\\Nicolee\\.vscode\\extensions\\uqbar.wollok-lsp-ide-0.5.4\\out\\server\\src\\server.js:37:74872\n    at Ke (c:\\Users\\Nicolee\\.vscode\\extensions\\uqbar.wollok-lsp-ide-0.5.4\\out\\server\\src\\server.js:7:8527)","timestamp":"2026-06-01T16:28:56.162Z"}
{"level":"error","message":"✘ Completions for node Return ([59:4, 61:5] - src/estudiante.wlk) failed: Error: [Return]{9fdd40} at src/estudiante.wlk:59 exhausted all cases without a match [Return]{9fdd40} at src/estudiante.wlk:59 exhausted all cases without a match","stack":"Error: [Return]{9fdd40} at src/estudiante.wlk:59 exhausted all cases without a match\n    at c:\\Users\\Nicolee\\.vscode\\extensions\\uqbar.wollok-lsp-ide-0.5.4\\out\\server\\src\\server.js:38:6142\n    at L2 (c:\\Users\\Nicolee\\.vscode\\extensions\\uqbar.wollok-lsp-ide-0.5.4\\out\\server\\src\\server.js:2389:42)\n    at Jh (c:\\Users\\Nicolee\\.vscode\\extensions\\uqbar.wollok-lsp-ide-0.5.4\\out\\server\\src\\server.js:2389:1092)\n    at L2 (c:\\Users\\Nicolee\\.vscode\\extensions\\uqbar.wollok-lsp-ide-0.5.4\\out\\server\\src\\server.js:2389:544)\n    at Jh (c:\\Users\\Nicolee\\.vscode\\extensions\\uqbar.wollok-lsp-ide-0.5.4\\out\\server\\src\\server.js:2389:1092)\n    at M5n (c:\\Users\\Nicolee\\.vscode\\extensions\\uqbar.wollok-lsp-ide-0.5.4\\out\\server\\src\\server.js:2389:1248)\n    at c:\\Users\\Nicolee\\.vscode\\extensions\\uqbar.wollok-lsp-ide-0.5.4\\out\\server\\src\\server.js:38:6131\n    at L2 (c:\\Users\\Nicolee\\.vscode\\extensions\\uqbar.wollok-lsp-ide-0.5.4\\out\\server\\src\\server.js:2389:42)\n    at c:\\Users\\Nicolee\\.vscode\\extensions\\uqbar.wollok-lsp-ide-0.5.4\\out\\server\\src\\server.js:2389:2988\n    at c:\\Users\\Nicolee\\.vscode\\extensions\\uqbar.wollok-lsp-ide-0.5.4\\out\\server\\src\\server.js:2398:8440","timestamp":"2026-06-01T16:28:56.162Z"}
{"level":"info","message":"⌛ Validating src/estudiante.wlk","timeElapsed":108,"timestamp":"2026-06-01T16:28:56.272Z"}
{"level":"info","message":"⌛ Validating src/estudiante.wlk","timeElapsed":109,"timestamp":"2026-06-01T16:28:56.549Z"}
{"level":"info","message":"⌛ Validating src/estudiante.wlk","timeElapsed":105,"timestamp":"2026-06-01T16:28:56.654Z"}
{"level":"info","message":"⌛ Building environment","timeElapsed":112,"timestamp":"2026-06-01T16:28:56.767Z"}
{"level":"info","message":"⌛ Validating src/estudiante.wlk","timeElapsed":142,"timestamp":"2026-06-01T16:28:56.925Z"}
{"level":"error","message":"✘ Completions for node Send ([61:4, 61:9] - src/estudiante.wlk) failed: Error: [Send]{4d6809} at src/estudiante.wlk:61 exhausted all cases without a match [Send]{4d6809} at src/estudiante.wlk:61 exhausted all cases without a match","stack":"Error: [Send]{4d6809} at src/estudiante.wlk:61 exhausted all cases without a match\n    at c:\\Users\\Nicolee\\.vscode\\extensions\\uqbar.wollok-lsp-ide-0.5.4\\out\\server\\src\\server.js:38:6142\n    at L2 (c:\\Users\\Nicolee\\.vscode\\extensions\\uqbar.wollok-lsp-ide-0.5.4\\out\\server\\src\\server.js:2389:42)\n    at Jh (c:\\Users\\Nicolee\\.vscode\\extensions\\uqbar.wollok-lsp-ide-0.5.4\\out\\server\\src\\server.js:2389:1092)\n    at M5n (c:\\Users\\Nicolee\\.vscode\\extensions\\uqbar.wollok-lsp-ide-0.5.4\\out\\server\\src\\server.js:2389:1248)\n    at c:\\Users\\Nicolee\\.vscode\\extensions\\uqbar.wollok-lsp-ide-0.5.4\\out\\server\\src\\server.js:38:6131\n    at L2 (c:\\Users\\Nicolee\\.vscode\\extensions\\uqbar.wollok-lsp-ide-0.5.4\\out\\server\\src\\server.js:2389:42)\n    at c:\\Users\\Nicolee\\.vscode\\extensions\\uqbar.wollok-lsp-ide-0.5.4\\out\\server\\src\\server.js:2389:2988\n    at c:\\Users\\Nicolee\\.vscode\\extensions\\uqbar.wollok-lsp-ide-0.5.4\\out\\server\\src\\server.js:2398:8440\n    at c:\\Users\\Nicolee\\.vscode\\extensions\\uqbar.wollok-lsp-ide-0.5.4\\out\\server\\src\\server.js:37:74872\n    at Ke (c:\\Users\\Nicolee\\.vscode\\extensions\\uqbar.wollok-lsp-ide-0.5.4\\out\\server\\src\\server.js:7:8527)","timestamp":"2026-06-01T16:28:58.356Z"}
{"level":"error","message":"✘ Completions for node Send ([59:11, 61:9] - src/estudiante.wlk) failed: Error: [Send]{52422e} at src/estudiante.wlk:59 exhausted all cases without a match [Send]{52422e} at src/estudiante.wlk:59 exhausted all cases without a match","stack":"Error: [Send]{52422e} at src/estudiante.wlk:59 exhausted all cases without a match\n    at c:\\Users\\Nicolee\\.vscode\\extensions\\uqbar.wollok-lsp-ide-0.5.4\\out\\server\\src\\server.js:38:6142\n    at L2 (c:\\Users\\Nicolee\\.vscode\\extensions\\uqbar.wollok-lsp-ide-0.5.4\\out\\server\\src\\server.js:2389:42)\n    at Jh (c:\\Users\\Nicolee\\.vscode\\extensions\\uqbar.wollok-lsp-ide-0.5.4\\out\\server\\src\\server.js:2389:1092)\n    at L2 (c:\\Users\\Nicolee\\.vscode\\extensions\\uqbar.wollok-lsp-ide-0.5.4\\out\\server\\src\\server.js:2389:544)\n    at Jh (c:\\Users\\Nicolee\\.vscode\\extensions\\uqbar.wollok-lsp-ide-0.5.4\\out\\server\\src\\server.js:2389:1092)\n    at M5n (c:\\Users\\Nicolee\\.vscode\\extensions\\uqbar.wollok-lsp-ide-0.5.4\\out\\server\\src\\server.js:2389:1248)\n    at c:\\Users\\Nicolee\\.vscode\\extensions\\uqbar.wollok-lsp-ide-0.5.4\\out\\server\\src\\server.js:38:6131\n    at L2 (c:\\Users\\Nicolee\\.vscode\\extensions\\uqbar.wollok-lsp-ide-0.5.4\\out\\server\\src\\server.js:2389:42)\n    at c:\\Users\\Nicolee\\.vscode\\extensions\\uqbar.wollok-lsp-ide-0.5.4\\out\\server\\src\\server.js:2389:2988\n    at c:\\Users\\Nicolee\\.vscode\\extensions\\uqbar.wollok-lsp-ide-0.5.4\\out\\server\\src\\server.js:2398:8440","timestamp":"2026-06-01T16:28:58.356Z"}
{"level":"error","message":"✘ Completions for node Return ([59:4, 61:9] - src/estudiante.wlk) failed: Error: [Return]{d8ba45} at src/estudiante.wlk:59 exhausted all cases without a match [Return]{d8ba45} at src/estudiante.wlk:59 exhausted all cases without a match","stack":"Error: [Return]{d8ba45} at src/estudiante.wlk:59 exhausted all cases without a match\n    at c:\\Users\\Nicolee\\.vscode\\extensions\\uqbar.wollok-lsp-ide-0.5.4\\out\\server\\src\\server.js:38:6142\n    at L2 (c:\\Users\\Nicolee\\.vscode\\extensions\\uqbar.wollok-lsp-ide-0.5.4\\out\\server\\src\\server.js:2389:42)\n    at Jh (c:\\Users\\Nicolee\\.vscode\\extensions\\uqbar.wollok-lsp-ide-0.5.4\\out\\server\\src\\server.js:2389:1092)\n    at L2 (c:\\Users\\Nicolee\\.vscode\\extensions\\uqbar.wollok-lsp-ide-0.5.4\\out\\server\\src\\server.js:2389:544)\n    at Jh (c:\\Users\\Nicolee\\.vscode\\extensions\\uqbar.wollok-lsp-ide-0.5.4\\out\\server\\src\\server.js:2389:1092)\n    at L2 (c:\\Users\\Nicolee\\.vscode\\extensions\\uqbar.wollok-lsp-ide-0.5.4\\out\\server\\src\\server.js:2389:544)\n    at Jh (c:\\Users\\Nicolee\\.vscode\\extensions\\uqbar.wollok-lsp-ide-0.5.4\\out\\server\\src\\server.js:2389:1092)\n    at M5n (c:\\Users\\Nicolee\\.vscode\\extensions\\uqbar.wollok-lsp-ide-0.5.4\\out\\server\\src\\server.js:2389:1248)\n    at c:\\Users\\Nicolee\\.vscode\\extensions\\uqbar.wollok-lsp-ide-0.5.4\\out\\server\\src\\server.js:38:6131\n    at L2 (c:\\Users\\Nicolee\\.vscode\\extensions\\uqbar.wollok-lsp-ide-0.5.4\\out\\server\\src\\server.js:2389:42)","timestamp":"2026-06-01T16:28:58.356Z"}
{"level":"info","message":"⌛ Validating src/estudiante.wlk","timeElapsed":121,"timestamp":"2026-06-01T16:28:58.480Z"}
{"level":"info","message":"⌛ Validating src/estudiante.wlk","timeElapsed":131,"timestamp":"2026-06-01T16:28:58.808Z"}
{"level":"info","message":"⌛ Validating src/estudiante.wlk","timeElapsed":136,"timestamp":"2026-06-01T16:28:59.020Z"}
{"level":"info","message":"⌛ Validating src/estudiante.wlk","timeElapsed":128,"timestamp":"2026-06-01T16:28:59.236Z"}
{"level":"info","message":"⌛ Validating src/estudiante.wlk","timeElapsed":127,"timestamp":"2026-06-01T16:28:59.533Z"}
{"level":"info","message":"⌛ Validating src/estudiante.wlk","timeElapsed":102,"timestamp":"2026-06-01T16:29:00.106Z"}
{"level":"info","message":"⌛ Building environment","timeElapsed":101,"timestamp":"2026-06-01T16:30:01.577Z"}
{"level":"error","message":"✘ Completions for node Send ([61:4, 61:18] - src/estudiante.wlk) failed: Error: [Send]{1cf022} at src/estudiante.wlk:61 exhausted all cases without a match [Send]{1cf022} at src/estudiante.wlk:61 exhausted all cases without a match","stack":"Error: [Send]{1cf022} at src/estudiante.wlk:61 exhausted all cases without a match\n    at c:\\Users\\Nicolee\\.vscode\\extensions\\uqbar.wollok-lsp-ide-0.5.4\\out\\server\\src\\server.js:38:6142\n    at L2 (c:\\Users\\Nicolee\\.vscode\\extensions\\uqbar.wollok-lsp-ide-0.5.4\\out\\server\\src\\server.js:2389:42)\n    at Jh (c:\\Users\\Nicolee\\.vscode\\extensions\\uqbar.wollok-lsp-ide-0.5.4\\out\\server\\src\\server.js:2389:1092)\n    at M5n (c:\\Users\\Nicolee\\.vscode\\extensions\\uqbar.wollok-lsp-ide-0.5.4\\out\\server\\src\\server.js:2389:1248)\n    at c:\\Users\\Nicolee\\.vscode\\extensions\\uqbar.wollok-lsp-ide-0.5.4\\out\\server\\src\\server.js:38:6131\n    at L2 (c:\\Users\\Nicolee\\.vscode\\extensions\\uqbar.wollok-lsp-ide-0.5.4\\out\\server\\src\\server.js:2389:42)\n    at c:\\Users\\Nicolee\\.vscode\\extensions\\uqbar.wollok-lsp-ide-0.5.4\\out\\server\\src\\server.js:2389:2988\n    at c:\\Users\\Nicolee\\.vscode\\extensions\\uqbar.wollok-lsp-ide-0.5.4\\out\\server\\src\\server.js:2398:8440\n    at c:\\Users\\Nicolee\\.vscode\\extensions\\uqbar.wollok-lsp-ide-0.5.4\\out\\server\\src\\server.js:37:74872\n    at Ke (c:\\Users\\Nicolee\\.vscode\\extensions\\uqbar.wollok-lsp-ide-0.5.4\\out\\server\\src\\server.js:7:8527)","timestamp":"2026-06-01T16:30:01.605Z"}
{"level":"error","message":"✘ Completions for node Send ([59:11, 61:18] - src/estudiante.wlk) failed: Error: [Send]{9b1bee} at src/estudiante.wlk:59 exhausted all cases without a match [Send]{9b1bee} at src/estudiante.wlk:59 exhausted all cases without a match","stack":"Error: [Send]{9b1bee} at src/estudiante.wlk:59 exhausted all cases without a match\n    at c:\\Users\\Nicolee\\.vscode\\extensions\\uqbar.wollok-lsp-ide-0.5.4\\out\\server\\src\\server.js:38:6142\n    at L2 (c:\\Users\\Nicolee\\.vscode\\extensions\\uqbar.wollok-lsp-ide-0.5.4\\out\\server\\src\\server.js:2389:42)\n    at Jh (c:\\Users\\Nicolee\\.vscode\\extensions\\uqbar.wollok-lsp-ide-0.5.4\\out\\server\\src\\server.js:2389:1092)\n    at L2 (c:\\Users\\Nicolee\\.vscode\\extensions\\uqbar.wollok-lsp-ide-0.5.4\\out\\server\\src\\server.js:2389:544)\n    at Jh (c:\\Users\\Nicolee\\.vscode\\extensions\\uqbar.wollok-lsp-ide-0.5.4\\out\\server\\src\\server.js:2389:1092)\n    at M5n (c:\\Users\\Nicolee\\.vscode\\extensions\\uqbar.wollok-lsp-ide-0.5.4\\out\\server\\src\\server.js:2389:1248)\n    at c:\\Users\\Nicolee\\.vscode\\extensions\\uqbar.wollok-lsp-ide-0.5.4\\out\\server\\src\\server.js:38:6131\n    at L2 (c:\\Users\\Nicolee\\.vscode\\extensions\\uqbar.wollok-lsp-ide-0.5.4\\out\\server\\src\\server.js:2389:42)\n    at c:\\Users\\Nicolee\\.vscode\\extensions\\uqbar.wollok-lsp-ide-0.5.4\\out\\server\\src\\server.js:2389:2988\n    at c:\\Users\\Nicolee\\.vscode\\extensions\\uqbar.wollok-lsp-ide-0.5.4\\out\\server\\src\\server.js:2398:8440","timestamp":"2026-06-01T16:30:01.606Z"}
{"level":"error","message":"✘ Completions for node Return ([59:4, 61:18] - src/estudiante.wlk) failed: Error: [Return]{1b511f} at src/estudiante.wlk:59 exhausted all cases without a match [Return]{1b511f} at src/estudiante.wlk:59 exhausted all cases without a match","stack":"Error: [Return]{1b511f} at src/estudiante.wlk:59 exhausted all cases without a match\n    at c:\\Users\\Nicolee\\.vscode\\extensions\\uqbar.wollok-lsp-ide-0.5.4\\out\\server\\src\\server.js:38:6142\n    at L2 (c:\\Users\\Nicolee\\.vscode\\extensions\\uqbar.wollok-lsp-ide-0.5.4\\out\\server\\src\\server.js:2389:42)\n    at Jh (c:\\Users\\Nicolee\\.vscode\\extensions\\uqbar.wollok-lsp-ide-0.5.4\\out\\server\\src\\server.js:2389:1092)\n    at L2 (c:\\Users\\Nicolee\\.vscode\\extensions\\uqbar.wollok-lsp-ide-0.5.4\\out\\server\\src\\server.js:2389:544)\n    at Jh (c:\\Users\\Nicolee\\.vscode\\extensions\\uqbar.wollok-lsp-ide-0.5.4\\out\\server\\src\\server.js:2389:1092)\n    at L2 (c:\\Users\\Nicolee\\.vscode\\extensions\\uqbar.wollok-lsp-ide-0.5.4\\out\\server\\src\\server.js:2389:544)\n    at Jh (c:\\Users\\Nicolee\\.vscode\\extensions\\uqbar.wollok-lsp-ide-0.5.4\\out\\server\\src\\server.js:2389:1092)\n    at M5n (c:\\Users\\Nicolee\\.vscode\\extensions\\uqbar.wollok-lsp-ide-0.5.4\\out\\server\\src\\server.js:2389:1248)\n    at c:\\Users\\Nicolee\\.vscode\\extensions\\uqbar.wollok-lsp-ide-0.5.4\\out\\server\\src\\server.js:38:6131\n    at L2 (c:\\Users\\Nicolee\\.vscode\\extensions\\uqbar.wollok-lsp-ide-0.5.4\\out\\server\\src\\server.js:2389:42)","timestamp":"2026-06-01T16:30:01.606Z"}
{"level":"info","message":"⌛ Validating src/estudiante.wlk","timeElapsed":139,"timestamp":"2026-06-01T16:30:01.754Z"}
{"level":"error","message":"✘ Completions for node Send ([61:4, 61:19] - src/estudiante.wlk) failed: Error: [Send]{d0519a} at src/estudiante.wlk:61 exhausted all cases without a match [Send]{d0519a} at src/estudiante.wlk:61 exhausted all cases without a match","stack":"Error: [Send]{d0519a} at src/estudiante.wlk:61 exhausted all cases without a match\n    at c:\\Users\\Nicolee\\.vscode\\extensions\\uqbar.wollok-lsp-ide-0.5.4\\out\\server\\src\\server.js:38:6142\n    at L2 (c:\\Users\\Nicolee\\.vscode\\extensions\\uqbar.wollok-lsp-ide-0.5.4\\out\\server\\src\\server.js:2389:42)\n    at Jh (c:\\Users\\Nicolee\\.vscode\\extensions\\uqbar.wollok-lsp-ide-0.5.4\\out\\server\\src\\server.js:2389:1092)\n    at M5n (c:\\Users\\Nicolee\\.vscode\\extensions\\uqbar.wollok-lsp-ide-0.5.4\\out\\server\\src\\server.js:2389:1248)\n    at c:\\Users\\Nicolee\\.vscode\\extensions\\uqbar.wollok-lsp-ide-0.5.4\\out\\server\\src\\server.js:38:6131\n    at L2 (c:\\Users\\Nicolee\\.vscode\\extensions\\uqbar.wollok-lsp-ide-0.5.4\\out\\server\\src\\server.js:2389:42)\n    at c:\\Users\\Nicolee\\.vscode\\extensions\\uqbar.wollok-lsp-ide-0.5.4\\out\\server\\src\\server.js:2389:2988\n    at c:\\Users\\Nicolee\\.vscode\\extensions\\uqbar.wollok-lsp-ide-0.5.4\\out\\server\\src\\server.js:2398:8440\n    at c:\\Users\\Nicolee\\.vscode\\extensions\\uqbar.wollok-lsp-ide-0.5.4\\out\\server\\src\\server.js:37:74872\n    at Ke (c:\\Users\\Nicolee\\.vscode\\extensions\\uqbar.wollok-lsp-ide-0.5.4\\out\\server\\src\\server.js:7:8527)","timestamp":"2026-06-01T16:30:01.880Z"}
{"level":"error","message":"✘ Completions for node Send ([59:11, 61:19] - src/estudiante.wlk) failed: Error: [Send]{83a77a} at src/estudiante.wlk:59 exhausted all cases without a match [Send]{83a77a} at src/estudiante.wlk:59 exhausted all cases without a match","stack":"Error: [Send]{83a77a} at src/estudiante.wlk:59 exhausted all cases without a match\n    at c:\\Users\\Nicolee\\.vscode\\extensions\\uqbar.wollok-lsp-ide-0.5.4\\out\\server\\src\\server.js:38:6142\n    at L2 (c:\\Users\\Nicolee\\.vscode\\extensions\\uqbar.wollok-lsp-ide-0.5.4\\out\\server\\src\\server.js:2389:42)\n    at Jh (c:\\Users\\Nicolee\\.vscode\\extensions\\uqbar.wollok-lsp-ide-0.5.4\\out\\server\\src\\server.js:2389:1092)\n    at L2 (c:\\Users\\Nicolee\\.vscode\\extensions\\uqbar.wollok-lsp-ide-0.5.4\\out\\server\\src\\server.js:2389:544)\n    at Jh (c:\\Users\\Nicolee\\.vscode\\extensions\\uqbar.wollok-lsp-ide-0.5.4\\out\\server\\src\\server.js:2389:1092)\n    at M5n (c:\\Users\\Nicolee\\.vscode\\extensions\\uqbar.wollok-lsp-ide-0.5.4\\out\\server\\src\\server.js:2389:1248)\n    at c:\\Users\\Nicolee\\.vscode\\extensions\\uqbar.wollok-lsp-ide-0.5.4\\out\\server\\src\\server.js:38:6131\n    at L2 (c:\\Users\\Nicolee\\.vscode\\extensions\\uqbar.wollok-lsp-ide-0.5.4\\out\\server\\src\\server.js:2389:42)\n    at c:\\Users\\Nicolee\\.vscode\\extensions\\uqbar.wollok-lsp-ide-0.5.4\\out\\server\\src\\server.js:2389:2988\n    at c:\\Users\\Nicolee\\.vscode\\extensions\\uqbar.wollok-lsp-ide-0.5.4\\out\\server\\src\\server.js:2398:8440","timestamp":"2026-06-01T16:30:01.880Z"}
{"level":"error","message":"✘ Completions for node Return ([59:4, 61:19] - src/estudiante.wlk) failed: Error: [Return]{7e4afe} at src/estudiante.wlk:59 exhausted all cases without a match [Return]{7e4afe} at src/estudiante.wlk:59 exhausted all cases without a match","stack":"Error: [Return]{7e4afe} at src/estudiante.wlk:59 exhausted all cases without a match\n    at c:\\Users\\Nicolee\\.vscode\\extensions\\uqbar.wollok-lsp-ide-0.5.4\\out\\server\\src\\server.js:38:6142\n    at L2 (c:\\Users\\Nicolee\\.vscode\\extensions\\uqbar.wollok-lsp-ide-0.5.4\\out\\server\\src\\server.js:2389:42)\n    at Jh (c:\\Users\\Nicolee\\.vscode\\extensions\\uqbar.wollok-lsp-ide-0.5.4\\out\\server\\src\\server.js:2389:1092)\n    at L2 (c:\\Users\\Nicolee\\.vscode\\extensions\\uqbar.wollok-lsp-ide-0.5.4\\out\\server\\src\\server.js:2389:544)\n    at Jh (c:\\Users\\Nicolee\\.vscode\\extensions\\uqbar.wollok-lsp-ide-0.5.4\\out\\server\\src\\server.js:2389:1092)\n    at L2 (c:\\Users\\Nicolee\\.vscode\\extensions\\uqbar.wollok-lsp-ide-0.5.4\\out\\server\\src\\server.js:2389:544)\n    at Jh (c:\\Users\\Nicolee\\.vscode\\extensions\\uqbar.wollok-lsp-ide-0.5.4\\out\\server\\src\\server.js:2389:1092)\n    at M5n (c:\\Users\\Nicolee\\.vscode\\extensions\\uqbar.wollok-lsp-ide-0.5.4\\out\\server\\src\\server.js:2389:1248)\n    at c:\\Users\\Nicolee\\.vscode\\extensions\\uqbar.wollok-lsp-ide-0.5.4\\out\\server\\src\\server.js:38:6131\n    at L2 (c:\\Users\\Nicolee\\.vscode\\extensions\\uqbar.wollok-lsp-ide-0.5.4\\out\\server\\src\\server.js:2389:42)","timestamp":"2026-06-01T16:30:01.880Z"}
{"level":"info","message":"⌛ Validating src/estudiante.wlk","timeElapsed":120,"timestamp":"2026-06-01T16:30:02.011Z"}
{"level":"error","message":"✘ Completions for node Send ([61:4, 61:20] - src/estudiante.wlk) failed: Error: [Send]{1d5f87} at src/estudiante.wlk:61 exhausted all cases without a match [Send]{1d5f87} at src/estudiante.wlk:61 exhausted all cases without a match","stack":"Error: [Send]{1d5f87} at src/estudiante.wlk:61 exhausted all cases without a match\n    at c:\\Users\\Nicolee\\.vscode\\extensions\\uqbar.wollok-lsp-ide-0.5.4\\out\\server\\src\\server.js:38:6142\n    at L2 (c:\\Users\\Nicolee\\.vscode\\extensions\\uqbar.wollok-lsp-ide-0.5.4\\out\\server\\src\\server.js:2389:42)\n    at Jh (c:\\Users\\Nicolee\\.vscode\\extensions\\uqbar.wollok-lsp-ide-0.5.4\\out\\server\\src\\server.js:2389:1092)\n    at M5n (c:\\Users\\Nicolee\\.vscode\\extensions\\uqbar.wollok-lsp-ide-0.5.4\\out\\server\\src\\server.js:2389:1248)\n    at c:\\Users\\Nicolee\\.vscode\\extensions\\uqbar.wollok-lsp-ide-0.5.4\\out\\server\\src\\server.js:38:6131\n    at L2 (c:\\Users\\Nicolee\\.vscode\\extensions\\uqbar.wollok-lsp-ide-0.5.4\\out\\server\\src\\server.js:2389:42)\n    at c:\\Users\\Nicolee\\.vscode\\extensions\\uqbar.wollok-lsp-ide-0.5.4\\out\\server\\src\\server.js:2389:2988\n    at c:\\Users\\Nicolee\\.vscode\\extensions\\uqbar.wollok-lsp-ide-0.5.4\\out\\server\\src\\server.js:2398:8440\n    at c:\\Users\\Nicolee\\.vscode\\extensions\\uqbar.wollok-lsp-ide-0.5.4\\out\\server\\src\\server.js:37:74872\n    at Ke (c:\\Users\\Nicolee\\.vscode\\extensions\\uqbar.wollok-lsp-ide-0.5.4\\out\\server\\src\\server.js:7:8527)","timestamp":"2026-06-01T16:30:02.301Z"}
{"level":"error","message":"✘ Completions for node Send ([59:11, 61:20] - src/estudiante.wlk) failed: Error: [Send]{7d821f} at src/estudiante.wlk:59 exhausted all cases without a match [Send]{7d821f} at src/estudiante.wlk:59 exhausted all cases without a match","stack":"Error: [Send]{7d821f} at src/estudiante.wlk:59 exhausted all cases without a match\n    at c:\\Users\\Nicolee\\.vscode\\extensions\\uqbar.wollok-lsp-ide-0.5.4\\out\\server\\src\\server.js:38:6142\n    at L2 (c:\\Users\\Nicolee\\.vscode\\extensions\\uqbar.wollok-lsp-ide-0.5.4\\out\\server\\src\\server.js:2389:42)\n    at Jh (c:\\Users\\Nicolee\\.vscode\\extensions\\uqbar.wollok-lsp-ide-0.5.4\\out\\server\\src\\server.js:2389:1092)\n    at L2 (c:\\Users\\Nicolee\\.vscode\\extensions\\uqbar.wollok-lsp-ide-0.5.4\\out\\server\\src\\server.js:2389:544)\n    at Jh (c:\\Users\\Nicolee\\.vscode\\extensions\\uqbar.wollok-lsp-ide-0.5.4\\out\\server\\src\\server.js:2389:1092)\n    at M5n (c:\\Users\\Nicolee\\.vscode\\extensions\\uqbar.wollok-lsp-ide-0.5.4\\out\\server\\src\\server.js:2389:1248)\n    at c:\\Users\\Nicolee\\.vscode\\extensions\\uqbar.wollok-lsp-ide-0.5.4\\out\\server\\src\\server.js:38:6131\n    at L2 (c:\\Users\\Nicolee\\.vscode\\extensions\\uqbar.wollok-lsp-ide-0.5.4\\out\\server\\src\\server.js:2389:42)\n    at c:\\Users\\Nicolee\\.vscode\\extensions\\uqbar.wollok-lsp-ide-0.5.4\\out\\server\\src\\server.js:2389:2988\n    at c:\\Users\\Nicolee\\.vscode\\extensions\\uqbar.wollok-lsp-ide-0.5.4\\out\\server\\src\\server.js:2398:8440","timestamp":"2026-06-01T16:30:02.302Z"}
{"level":"error","message":"✘ Completions for node Return ([59:4, 61:20] - src/estudiante.wlk) failed: Error: [Return]{245e3a} at src/estudiante.wlk:59 exhausted all cases without a match [Return]{245e3a} at src/estudiante.wlk:59 exhausted all cases without a match","stack":"Error: [Return]{245e3a} at src/estudiante.wlk:59 exhausted all cases without a match\n    at c:\\Users\\Nicolee\\.vscode\\extensions\\uqbar.wollok-lsp-ide-0.5.4\\out\\server\\src\\server.js:38:6142\n    at L2 (c:\\Users\\Nicolee\\.vscode\\extensions\\uqbar.wollok-lsp-ide-0.5.4\\out\\server\\src\\server.js:2389:42)\n    at Jh (c:\\Users\\Nicolee\\.vscode\\extensions\\uqbar.wollok-lsp-ide-0.5.4\\out\\server\\src\\server.js:2389:1092)\n    at L2 (c:\\Users\\Nicolee\\.vscode\\extensions\\uqbar.wollok-lsp-ide-0.5.4\\out\\server\\src\\server.js:2389:544)\n    at Jh (c:\\Users\\Nicolee\\.vscode\\extensions\\uqbar.wollok-lsp-ide-0.5.4\\out\\server\\src\\server.js:2389:1092)\n    at L2 (c:\\Users\\Nicolee\\.vscode\\extensions\\uqbar.wollok-lsp-ide-0.5.4\\out\\server\\src\\server.js:2389:544)\n    at Jh (c:\\Users\\Nicolee\\.vscode\\extensions\\uqbar.wollok-lsp-ide-0.5.4\\out\\server\\src\\server.js:2389:1092)\n    at M5n (c:\\Users\\Nicolee\\.vscode\\extensions\\uqbar.wollok-lsp-ide-0.5.4\\out\\server\\src\\server.js:2389:1248)\n    at c:\\Users\\Nicolee\\.vscode\\extensions\\uqbar.wollok-lsp-ide-0.5.4\\out\\server\\src\\server.js:38:6131\n    at L2 (c:\\Users\\Nicolee\\.vscode\\extensions\\uqbar.wollok-lsp-ide-0.5.4\\out\\server\\src\\server.js:2389:42)","timestamp":"2026-06-01T16:30:02.302Z"}
{"level":"info","message":"⌛ Validating src/estudiante.wlk","timeElapsed":158,"timestamp":"2026-06-01T16:30:02.462Z"}
{"level":"info","message":"⌛ Building environment","timeElapsed":119,"timestamp":"2026-06-01T16:30:02.584Z"}
{"level":"error","message":"✘ Completions for node Send ([61:4, 61:21] - src/estudiante.wlk) failed: Error: [Send]{856d6f} at src/estudiante.wlk:61 exhausted all cases without a match [Send]{856d6f} at src/estudiante.wlk:61 exhausted all cases without a match","stack":"Error: [Send]{856d6f} at src/estudiante.wlk:61 exhausted all cases without a match\n    at c:\\Users\\Nicolee\\.vscode\\extensions\\uqbar.wollok-lsp-ide-0.5.4\\out\\server\\src\\server.js:38:6142\n    at L2 (c:\\Users\\Nicolee\\.vscode\\extensions\\uqbar.wollok-lsp-ide-0.5.4\\out\\server\\src\\server.js:2389:42)\n    at Jh (c:\\Users\\Nicolee\\.vscode\\extensions\\uqbar.wollok-lsp-ide-0.5.4\\out\\server\\src\\server.js:2389:1092)\n    at M5n (c:\\Users\\Nicolee\\.vscode\\extensions\\uqbar.wollok-lsp-ide-0.5.4\\out\\server\\src\\server.js:2389:1248)\n    at c:\\Users\\Nicolee\\.vscode\\extensions\\uqbar.wollok-lsp-ide-0.5.4\\out\\server\\src\\server.js:38:6131\n    at L2 (c:\\Users\\Nicolee\\.vscode\\extensions\\uqbar.wollok-lsp-ide-0.5.4\\out\\server\\src\\server.js:2389:42)\n    at c:\\Users\\Nicolee\\.vscode\\extensions\\uqbar.wollok-lsp-ide-0.5.4\\out\\server\\src\\server.js:2389:2988\n    at c:\\Users\\Nicolee\\.vscode\\extensions\\uqbar.wollok-lsp-ide-0.5.4\\out\\server\\src\\server.js:2398:8440\n    at c:\\Users\\Nicolee\\.vscode\\extensions\\uqbar.wollok-lsp-ide-0.5.4\\out\\server\\src\\server.js:37:74872\n    at Ke (c:\\Users\\Nicolee\\.vscode\\extensions\\uqbar.wollok-lsp-ide-0.5.4\\out\\server\\src\\server.js:7:8527)","timestamp":"2026-06-01T16:30:02.614Z"}
{"level":"error","message":"✘ Completions for node Send ([59:11, 61:21] - src/estudiante.wlk) failed: Error: [Send]{1de09d} at src/estudiante.wlk:59 exhausted all cases without a match [Send]{1de09d} at src/estudiante.wlk:59 exhausted all cases without a match","stack":"Error: [Send]{1de09d} at src/estudiante.wlk:59 exhausted all cases without a match\n    at c:\\Users\\Nicolee\\.vscode\\extensions\\uqbar.wollok-lsp-ide-0.5.4\\out\\server\\src\\server.js:38:6142\n    at L2 (c:\\Users\\Nicolee\\.vscode\\extensions\\uqbar.wollok-lsp-ide-0.5.4\\out\\server\\src\\server.js:2389:42)\n    at Jh (c:\\Users\\Nicolee\\.vscode\\extensions\\uqbar.wollok-lsp-ide-0.5.4\\out\\server\\src\\server.js:2389:1092)\n    at L2 (c:\\Users\\Nicolee\\.vscode\\extensions\\uqbar.wollok-lsp-ide-0.5.4\\out\\server\\src\\server.js:2389:544)\n    at Jh (c:\\Users\\Nicolee\\.vscode\\extensions\\uqbar.wollok-lsp-ide-0.5.4\\out\\server\\src\\server.js:2389:1092)\n    at M5n (c:\\Users\\Nicolee\\.vscode\\extensions\\uqbar.wollok-lsp-ide-0.5.4\\out\\server\\src\\server.js:2389:1248)\n    at c:\\Users\\Nicolee\\.vscode\\extensions\\uqbar.wollok-lsp-ide-0.5.4\\out\\server\\src\\server.js:38:6131\n    at L2 (c:\\Users\\Nicolee\\.vscode\\extensions\\uqbar.wollok-lsp-ide-0.5.4\\out\\server\\src\\server.js:2389:42)\n    at c:\\Users\\Nicolee\\.vscode\\extensions\\uqbar.wollok-lsp-ide-0.5.4\\out\\server\\src\\server.js:2389:2988\n    at c:\\Users\\Nicolee\\.vscode\\extensions\\uqbar.wollok-lsp-ide-0.5.4\\out\\server\\src\\server.js:2398:8440","timestamp":"2026-06-01T16:30:02.614Z"}
{"level":"error","message":"✘ Completions for node Return ([59:4, 61:21] - src/estudiante.wlk) failed: Error: [Return]{d6700e} at src/estudiante.wlk:59 exhausted all cases without a match [Return]{d6700e} at src/estudiante.wlk:59 exhausted all cases without a match","stack":"Error: [Return]{d6700e} at src/estudiante.wlk:59 exhausted all cases without a match\n    at c:\\Users\\Nicolee\\.vscode\\extensions\\uqbar.wollok-lsp-ide-0.5.4\\out\\server\\src\\server.js:38:6142\n    at L2 (c:\\Users\\Nicolee\\.vscode\\extensions\\uqbar.wollok-lsp-ide-0.5.4\\out\\server\\src\\server.js:2389:42)\n    at Jh (c:\\Users\\Nicolee\\.vscode\\extensions\\uqbar.wollok-lsp-ide-0.5.4\\out\\server\\src\\server.js:2389:1092)\n    at L2 (c:\\Users\\Nicolee\\.vscode\\extensions\\uqbar.wollok-lsp-ide-0.5.4\\out\\server\\src\\server.js:2389:544)\n    at Jh (c:\\Users\\Nicolee\\.vscode\\extensions\\uqbar.wollok-lsp-ide-0.5.4\\out\\server\\src\\server.js:2389:1092)\n    at L2 (c:\\Users\\Nicolee\\.vscode\\extensions\\uqbar.wollok-lsp-ide-0.5.4\\out\\server\\src\\server.js:2389:544)\n    at Jh (c:\\Users\\Nicolee\\.vscode\\extensions\\uqbar.wollok-lsp-ide-0.5.4\\out\\server\\src\\server.js:2389:1092)\n    at M5n (c:\\Users\\Nicolee\\.vscode\\extensions\\uqbar.wollok-lsp-ide-0.5.4\\out\\server\\src\\server.js:2389:1248)\n    at c:\\Users\\Nicolee\\.vscode\\extensions\\uqbar.wollok-lsp-ide-0.5.4\\out\\server\\src\\server.js:38:6131\n    at L2 (c:\\Users\\Nicolee\\.vscode\\extensions\\uqbar.wollok-lsp-ide-0.5.4\\out\\server\\src\\server.js:2389:42)","timestamp":"2026-06-01T16:30:02.614Z"}
{"level":"info","message":"⌛ Validating src/estudiante.wlk","timeElapsed":142,"timestamp":"2026-06-01T16:30:02.759Z"}
{"level":"error","message":"✘ Completions for node Send ([61:4, 61:22] - src/estudiante.wlk) failed: Error: [Send]{de49eb} at src/estudiante.wlk:61 exhausted all cases without a match [Send]{de49eb} at src/estudiante.wlk:61 exhausted all cases without a match","stack":"Error: [Send]{de49eb} at src/estudiante.wlk:61 exhausted all cases without a match\n    at c:\\Users\\Nicolee\\.vscode\\extensions\\uqbar.wollok-lsp-ide-0.5.4\\out\\server\\src\\server.js:38:6142\n    at L2 (c:\\Users\\Nicolee\\.vscode\\extensions\\uqbar.wollok-lsp-ide-0.5.4\\out\\server\\src\\server.js:2389:42)\n    at Jh (c:\\Users\\Nicolee\\.vscode\\extensions\\uqbar.wollok-lsp-ide-0.5.4\\out\\server\\src\\server.js:2389:1092)\n    at M5n (c:\\Users\\Nicolee\\.vscode\\extensions\\uqbar.wollok-lsp-ide-0.5.4\\out\\server\\src\\server.js:2389:1248)\n    at c:\\Users\\Nicolee\\.vscode\\extensions\\uqbar.wollok-lsp-ide-0.5.4\\out\\server\\src\\server.js:38:6131\n    at L2 (c:\\Users\\Nicolee\\.vscode\\extensions\\uqbar.wollok-lsp-ide-0.5.4\\out\\server\\src\\server.js:2389:42)\n    at c:\\Users\\Nicolee\\.vscode\\extensions\\uqbar.wollok-lsp-ide-0.5.4\\out\\server\\src\\server.js:2389:2988\n    at c:\\Users\\Nicolee\\.vscode\\extensions\\uqbar.wollok-lsp-ide-0.5.4\\out\\server\\src\\server.js:2398:8440\n    at c:\\Users\\Nicolee\\.vscode\\extensions\\uqbar.wollok-lsp-ide-0.5.4\\out\\server\\src\\server.js:37:74872\n    at Ke (c:\\Users\\Nicolee\\.vscode\\extensions\\uqbar.wollok-lsp-ide-0.5.4\\out\\server\\src\\server.js:7:8527)","timestamp":"2026-06-01T16:30:02.879Z"}
{"level":"error","message":"✘ Completions for node Send ([59:11, 61:22] - src/estudiante.wlk) failed: Error: [Send]{18cc02} at src/estudiante.wlk:59 exhausted all cases without a match [Send]{18cc02} at src/estudiante.wlk:59 exhausted all cases without a match","stack":"Error: [Send]{18cc02} at src/estudiante.wlk:59 exhausted all cases without a match\n    at c:\\Users\\Nicolee\\.vscode\\extensions\\uqbar.wollok-lsp-ide-0.5.4\\out\\server\\src\\server.js:38:6142\n    at L2 (c:\\Users\\Nicolee\\.vscode\\extensions\\uqbar.wollok-lsp-ide-0.5.4\\out\\server\\src\\server.js:2389:42)\n    at Jh (c:\\Users\\Nicolee\\.vscode\\extensions\\uqbar.wollok-lsp-ide-0.5.4\\out\\server\\src\\server.js:2389:1092)\n    at L2 (c:\\Users\\Nicolee\\.vscode\\extensions\\uqbar.wollok-lsp-ide-0.5.4\\out\\server\\src\\server.js:2389:544)\n    at Jh (c:\\Users\\Nicolee\\.vscode\\extensions\\uqbar.wollok-lsp-ide-0.5.4\\out\\server\\src\\server.js:2389:1092)\n    at M5n (c:\\Users\\Nicolee\\.vscode\\extensions\\uqbar.wollok-lsp-ide-0.5.4\\out\\server\\src\\server.js:2389:1248)\n    at c:\\Users\\Nicolee\\.vscode\\extensions\\uqbar.wollok-lsp-ide-0.5.4\\out\\server\\src\\server.js:38:6131\n    at L2 (c:\\Users\\Nicolee\\.vscode\\extensions\\uqbar.wollok-lsp-ide-0.5.4\\out\\server\\src\\server.js:2389:42)\n    at c:\\Users\\Nicolee\\.vscode\\extensions\\uqbar.wollok-lsp-ide-0.5.4\\out\\server\\src\\server.js:2389:2988\n    at c:\\Users\\Nicolee\\.vscode\\extensions\\uqbar.wollok-lsp-ide-0.5.4\\out\\server\\src\\server.js:2398:8440","timestamp":"2026-06-01T16:30:02.879Z"}
{"level":"error","message":"✘ Completions for node Return ([59:4, 61:22] - src/estudiante.wlk) failed: Error: [Return]{9c2a71} at src/estudiante.wlk:59 exhausted all cases without a match [Return]{9c2a71} at src/estudiante.wlk:59 exhausted all cases without a match","stack":"Error: [Return]{9c2a71} at src/estudiante.wlk:59 exhausted all cases without a match\n    at c:\\Users\\Nicolee\\.vscode\\extensions\\uqbar.wollok-lsp-ide-0.5.4\\out\\server\\src\\server.js:38:6142\n    at L2 (c:\\Users\\Nicolee\\.vscode\\extensions\\uqbar.wollok-lsp-ide-0.5.4\\out\\server\\src\\server.js:2389:42)\n    at Jh (c:\\Users\\Nicolee\\.vscode\\extensions\\uqbar.wollok-lsp-ide-0.5.4\\out\\server\\src\\server.js:2389:1092)\n    at L2 (c:\\Users\\Nicolee\\.vscode\\extensions\\uqbar.wollok-lsp-ide-0.5.4\\out\\server\\src\\server.js:2389:544)\n    at Jh (c:\\Users\\Nicolee\\.vscode\\extensions\\uqbar.wollok-lsp-ide-0.5.4\\out\\server\\src\\server.js:2389:1092)\n    at L2 (c:\\Users\\Nicolee\\.vscode\\extensions\\uqbar.wollok-lsp-ide-0.5.4\\out\\server\\src\\server.js:2389:544)\n    at Jh (c:\\Users\\Nicolee\\.vscode\\extensions\\uqbar.wollok-lsp-ide-0.5.4\\out\\server\\src\\server.js:2389:1092)\n    at M5n (c:\\Users\\Nicolee\\.vscode\\extensions\\uqbar.wollok-lsp-ide-0.5.4\\out\\server\\src\\server.js:2389:1248)\n    at c:\\Users\\Nicolee\\.vscode\\extensions\\uqbar.wollok-lsp-ide-0.5.4\\out\\server\\src\\server.js:38:6131\n    at L2 (c:\\Users\\Nicolee\\.vscode\\extensions\\uqbar.wollok-lsp-ide-0.5.4\\out\\server\\src\\server.js:2389:42)","timestamp":"2026-06-01T16:30:02.879Z"}
{"level":"info","message":"⌛ Validating src/estudiante.wlk","timeElapsed":125,"timestamp":"2026-06-01T16:30:03.007Z"}
{"level":"error","message":"✘ Completions for node Send ([61:4, 61:23] - src/estudiante.wlk) failed: Error: [Send]{6f75ea} at src/estudiante.wlk:61 exhausted all cases without a match [Send]{6f75ea} at src/estudiante.wlk:61 exhausted all cases without a match","stack":"Error: [Send]{6f75ea} at src/estudiante.wlk:61 exhausted all cases without a match\n    at c:\\Users\\Nicolee\\.vscode\\extensions\\uqbar.wollok-lsp-ide-0.5.4\\out\\server\\src\\server.js:38:6142\n    at L2 (c:\\Users\\Nicolee\\.vscode\\extensions\\uqbar.wollok-lsp-ide-0.5.4\\out\\server\\src\\server.js:2389:42)\n    at Jh (c:\\Users\\Nicolee\\.vscode\\extensions\\uqbar.wollok-lsp-ide-0.5.4\\out\\server\\src\\server.js:2389:1092)\n    at M5n (c:\\Users\\Nicolee\\.vscode\\extensions\\uqbar.wollok-lsp-ide-0.5.4\\out\\server\\src\\server.js:2389:1248)\n    at c:\\Users\\Nicolee\\.vscode\\extensions\\uqbar.wollok-lsp-ide-0.5.4\\out\\server\\src\\server.js:38:6131\n    at L2 (c:\\Users\\Nicolee\\.vscode\\extensions\\uqbar.wollok-lsp-ide-0.5.4\\out\\server\\src\\server.js:2389:42)\n    at c:\\Users\\Nicolee\\.vscode\\extensions\\uqbar.wollok-lsp-ide-0.5.4\\out\\server\\src\\server.js:2389:2988\n    at c:\\Users\\Nicolee\\.vscode\\extensions\\uqbar.wollok-lsp-ide-0.5.4\\out\\server\\src\\server.js:2398:8440\n    at c:\\Users\\Nicolee\\.vscode\\extensions\\uqbar.wollok-lsp-ide-0.5.4\\out\\server\\src\\server.js:37:74872\n    at Ke (c:\\Users\\Nicolee\\.vscode\\extensions\\uqbar.wollok-lsp-ide-0.5.4\\out\\server\\src\\server.js:7:8527)","timestamp":"2026-06-01T16:30:03.500Z"}
{"level":"error","message":"✘ Completions for node Send ([59:11, 61:23] - src/estudiante.wlk) failed: Error: [Send]{b434a7} at src/estudiante.wlk:59 exhausted all cases without a match [Send]{b434a7} at src/estudiante.wlk:59 exhausted all cases without a match","stack":"Error: [Send]{b434a7} at src/estudiante.wlk:59 exhausted all cases without a match\n    at c:\\Users\\Nicolee\\.vscode\\extensions\\uqbar.wollok-lsp-ide-0.5.4\\out\\server\\src\\server.js:38:6142\n    at L2 (c:\\Users\\Nicolee\\.vscode\\extensions\\uqbar.wollok-lsp-ide-0.5.4\\out\\server\\src\\server.js:2389:42)\n    at Jh (c:\\Users\\Nicolee\\.vscode\\extensions\\uqbar.wollok-lsp-ide-0.5.4\\out\\server\\src\\server.js:2389:1092)\n    at L2 (c:\\Users\\Nicolee\\.vscode\\extensions\\uqbar.wollok-lsp-ide-0.5.4\\out\\server\\src\\server.js:2389:544)\n    at Jh (c:\\Users\\Nicolee\\.vscode\\extensions\\uqbar.wollok-lsp-ide-0.5.4\\out\\server\\src\\server.js:2389:1092)\n    at M5n (c:\\Users\\Nicolee\\.vscode\\extensions\\uqbar.wollok-lsp-ide-0.5.4\\out\\server\\src\\server.js:2389:1248)\n    at c:\\Users\\Nicolee\\.vscode\\extensions\\uqbar.wollok-lsp-ide-0.5.4\\out\\server\\src\\server.js:38:6131\n    at L2 (c:\\Users\\Nicolee\\.vscode\\extensions\\uqbar.wollok-lsp-ide-0.5.4\\out\\server\\src\\server.js:2389:42)\n    at c:\\Users\\Nicolee\\.vscode\\extensions\\uqbar.wollok-lsp-ide-0.5.4\\out\\server\\src\\server.js:2389:2988\n    at c:\\Users\\Nicolee\\.vscode\\extensions\\uqbar.wollok-lsp-ide-0.5.4\\out\\server\\src\\server.js:2398:8440","timestamp":"2026-06-01T16:30:03.500Z"}
{"level":"error","message":"✘ Completions for node Return ([59:4, 61:23] - src/estudiante.wlk) failed: Error: [Return]{20e979} at src/estudiante.wlk:59 exhausted all cases without a match [Return]{20e979} at src/estudiante.wlk:59 exhausted all cases without a match","stack":"Error: [Return]{20e979} at src/estudiante.wlk:59 exhausted all cases without a match\n    at c:\\Users\\Nicolee\\.vscode\\extensions\\uqbar.wollok-lsp-ide-0.5.4\\out\\server\\src\\server.js:38:6142\n    at L2 (c:\\Users\\Nicolee\\.vscode\\extensions\\uqbar.wollok-lsp-ide-0.5.4\\out\\server\\src\\server.js:2389:42)\n    at Jh (c:\\Users\\Nicolee\\.vscode\\extensions\\uqbar.wollok-lsp-ide-0.5.4\\out\\server\\src\\server.js:2389:1092)\n    at L2 (c:\\Users\\Nicolee\\.vscode\\extensions\\uqbar.wollok-lsp-ide-0.5.4\\out\\server\\src\\server.js:2389:544)\n    at Jh (c:\\Users\\Nicolee\\.vscode\\extensions\\uqbar.wollok-lsp-ide-0.5.4\\out\\server\\src\\server.js:2389:1092)\n    at L2 (c:\\Users\\Nicolee\\.vscode\\extensions\\uqbar.wollok-lsp-ide-0.5.4\\out\\server\\src\\server.js:2389:544)\n    at Jh (c:\\Users\\Nicolee\\.vscode\\extensions\\uqbar.wollok-lsp-ide-0.5.4\\out\\server\\src\\server.js:2389:1092)\n    at M5n (c:\\Users\\Nicolee\\.vscode\\extensions\\uqbar.wollok-lsp-ide-0.5.4\\out\\server\\src\\server.js:2389:1248)\n    at c:\\Users\\Nicolee\\.vscode\\extensions\\uqbar.wollok-lsp-ide-0.5.4\\out\\server\\src\\server.js:38:6131\n    at L2 (c:\\Users\\Nicolee\\.vscode\\extensions\\uqbar.wollok-lsp-ide-0.5.4\\out\\server\\src\\server.js:2389:42)","timestamp":"2026-06-01T16:30:03.500Z"}
{"level":"error","message":"✘ Completions for node Send ([61:4, 61:24] - src/estudiante.wlk) failed: Error: [Send]{b76b8c} at src/estudiante.wlk:61 exhausted all cases without a match [Send]{b76b8c} at src/estudiante.wlk:61 exhausted all cases without a match","stack":"Error: [Send]{b76b8c} at src/estudiante.wlk:61 exhausted all cases without a match\n    at c:\\Users\\Nicolee\\.vscode\\extensions\\uqbar.wollok-lsp-ide-0.5.4\\out\\server\\src\\server.js:38:6142\n    at L2 (c:\\Users\\Nicolee\\.vscode\\extensions\\uqbar.wollok-lsp-ide-0.5.4\\out\\server\\src\\server.js:2389:42)\n    at Jh (c:\\Users\\Nicolee\\.vscode\\extensions\\uqbar.wollok-lsp-ide-0.5.4\\out\\server\\src\\server.js:2389:1092)\n    at M5n (c:\\Users\\Nicolee\\.vscode\\extensions\\uqbar.wollok-lsp-ide-0.5.4\\out\\server\\src\\server.js:2389:1248)\n    at c:\\Users\\Nicolee\\.vscode\\extensions\\uqbar.wollok-lsp-ide-0.5.4\\out\\server\\src\\server.js:38:6131\n    at L2 (c:\\Users\\Nicolee\\.vscode\\extensions\\uqbar.wollok-lsp-ide-0.5.4\\out\\server\\src\\server.js:2389:42)\n    at c:\\Users\\Nicolee\\.vscode\\extensions\\uqbar.wollok-lsp-ide-0.5.4\\out\\server\\src\\server.js:2389:2988\n    at c:\\Users\\Nicolee\\.vscode\\extensions\\uqbar.wollok-lsp-ide-0.5.4\\out\\server\\src\\server.js:2398:8440\n    at c:\\Users\\Nicolee\\.vscode\\extensions\\uqbar.wollok-lsp-ide-0.5.4\\out\\server\\src\\server.js:37:74872\n    at Ke (c:\\Users\\Nicolee\\.vscode\\extensions\\uqbar.wollok-lsp-ide-0.5.4\\out\\server\\src\\server.js:7:8527)","timestamp":"2026-06-01T16:30:03.745Z"}
{"level":"error","message":"✘ Completions for node Send ([59:11, 61:24] - src/estudiante.wlk) failed: Error: [Send]{d4ffbd} at src/estudiante.wlk:59 exhausted all cases without a match [Send]{d4ffbd} at src/estudiante.wlk:59 exhausted all cases without a match","stack":"Error: [Send]{d4ffbd} at src/estudiante.wlk:59 exhausted all cases without a match\n    at c:\\Users\\Nicolee\\.vscode\\extensions\\uqbar.wollok-lsp-ide-0.5.4\\out\\server\\src\\server.js:38:6142\n    at L2 (c:\\Users\\Nicolee\\.vscode\\extensions\\uqbar.wollok-lsp-ide-0.5.4\\out\\server\\src\\server.js:2389:42)\n    at Jh (c:\\Users\\Nicolee\\.vscode\\extensions\\uqbar.wollok-lsp-ide-0.5.4\\out\\server\\src\\server.js:2389:1092)\n    at L2 (c:\\Users\\Nicolee\\.vscode\\extensions\\uqbar.wollok-lsp-ide-0.5.4\\out\\server\\src\\server.js:2389:544)\n    at Jh (c:\\Users\\Nicolee\\.vscode\\extensions\\uqbar.wollok-lsp-ide-0.5.4\\out\\server\\src\\server.js:2389:1092)\n    at M5n (c:\\Users\\Nicolee\\.vscode\\extensions\\uqbar.wollok-lsp-ide-0.5.4\\out\\server\\src\\server.js:2389:1248)\n    at c:\\Users\\Nicolee\\.vscode\\extensions\\uqbar.wollok-lsp-ide-0.5.4\\out\\server\\src\\server.js:38:6131\n    at L2 (c:\\Users\\Nicolee\\.vscode\\extensions\\uqbar.wollok-lsp-ide-0.5.4\\out\\server\\src\\server.js:2389:42)\n    at c:\\Users\\Nicolee\\.vscode\\extensions\\uqbar.wollok-lsp-ide-0.5.4\\out\\server\\src\\server.js:2389:2988\n    at c:\\Users\\Nicolee\\.vscode\\extensions\\uqbar.wollok-lsp-ide-0.5.4\\out\\server\\src\\server.js:2398:8440","timestamp":"2026-06-01T16:30:03.745Z"}
{"level":"error","message":"✘ Completions for node Return ([59:4, 61:24] - src/estudiante.wlk) failed: Error: [Return]{2502a4} at src/estudiante.wlk:59 exhausted all cases without a match [Return]{2502a4} at src/estudiante.wlk:59 exhausted all cases without a match","stack":"Error: [Return]{2502a4} at src/estudiante.wlk:59 exhausted all cases without a match\n    at c:\\Users\\Nicolee\\.vscode\\extensions\\uqbar.wollok-lsp-ide-0.5.4\\out\\server\\src\\server.js:38:6142\n    at L2 (c:\\Users\\Nicolee\\.vscode\\extensions\\uqbar.wollok-lsp-ide-0.5.4\\out\\server\\src\\server.js:2389:42)\n    at Jh (c:\\Users\\Nicolee\\.vscode\\extensions\\uqbar.wollok-lsp-ide-0.5.4\\out\\server\\src\\server.js:2389:1092)\n    at L2 (c:\\Users\\Nicolee\\.vscode\\extensions\\uqbar.wollok-lsp-ide-0.5.4\\out\\server\\src\\server.js:2389:544)\n    at Jh (c:\\Users\\Nicolee\\.vscode\\extensions\\uqbar.wollok-lsp-ide-0.5.4\\out\\server\\src\\server.js:2389:1092)\n    at L2 (c:\\Users\\Nicolee\\.vscode\\extensions\\uqbar.wollok-lsp-ide-0.5.4\\out\\server\\src\\server.js:2389:544)\n    at Jh (c:\\Users\\Nicolee\\.vscode\\extensions\\uqbar.wollok-lsp-ide-0.5.4\\out\\server\\src\\server.js:2389:1092)\n    at M5n (c:\\Users\\Nicolee\\.vscode\\extensions\\uqbar.wollok-lsp-ide-0.5.4\\out\\server\\src\\server.js:2389:1248)\n    at c:\\Users\\Nicolee\\.vscode\\extensions\\uqbar.wollok-lsp-ide-0.5.4\\out\\server\\src\\server.js:38:6131\n    at L2 (c:\\Users\\Nicolee\\.vscode\\extensions\\uqbar.wollok-lsp-ide-0.5.4\\out\\server\\src\\server.js:2389:42)","timestamp":"2026-06-01T16:30:03.745Z"}
{"level":"info","message":"⌛ Validating src/estudiante.wlk","timeElapsed":104,"timestamp":"2026-06-01T16:30:04.135Z"}
{"level":"error","message":"✘ Completions for node Send ([61:4, 61:23] - src/estudiante.wlk) failed: Error: [Send]{82d10f} at src/estudiante.wlk:61 exhausted all cases without a match [Send]{82d10f} at src/estudiante.wlk:61 exhausted all cases without a match","stack":"Error: [Send]{82d10f} at src/estudiante.wlk:61 exhausted all cases without a match\n    at c:\\Users\\Nicolee\\.vscode\\extensions\\uqbar.wollok-lsp-ide-0.5.4\\out\\server\\src\\server.js:38:6142\n    at L2 (c:\\Users\\Nicolee\\.vscode\\extensions\\uqbar.wollok-lsp-ide-0.5.4\\out\\server\\src\\server.js:2389:42)\n    at Jh (c:\\Users\\Nicolee\\.vscode\\extensions\\uqbar.wollok-lsp-ide-0.5.4\\out\\server\\src\\server.js:2389:1092)\n    at M5n (c:\\Users\\Nicolee\\.vscode\\extensions\\uqbar.wollok-lsp-ide-0.5.4\\out\\server\\src\\server.js:2389:1248)\n    at c:\\Users\\Nicolee\\.vscode\\extensions\\uqbar.wollok-lsp-ide-0.5.4\\out\\server\\src\\server.js:38:6131\n    at L2 (c:\\Users\\Nicolee\\.vscode\\extensions\\uqbar.wollok-lsp-ide-0.5.4\\out\\server\\src\\server.js:2389:42)\n    at c:\\Users\\Nicolee\\.vscode\\extensions\\uqbar.wollok-lsp-ide-0.5.4\\out\\server\\src\\server.js:2389:2988\n    at c:\\Users\\Nicolee\\.vscode\\extensions\\uqbar.wollok-lsp-ide-0.5.4\\out\\server\\src\\server.js:2398:8440\n    at c:\\Users\\Nicolee\\.vscode\\extensions\\uqbar.wollok-lsp-ide-0.5.4\\out\\server\\src\\server.js:37:74872\n    at Ke (c:\\Users\\Nicolee\\.vscode\\extensions\\uqbar.wollok-lsp-ide-0.5.4\\out\\server\\src\\server.js:7:8527)","timestamp":"2026-06-01T16:30:04.320Z"}
{"level":"error","message":"✘ Completions for node Send ([59:11, 61:23] - src/estudiante.wlk) failed: Error: [Send]{2c8ece} at src/estudiante.wlk:59 exhausted all cases without a match [Send]{2c8ece} at src/estudiante.wlk:59 exhausted all cases without a match","stack":"Error: [Send]{2c8ece} at src/estudiante.wlk:59 exhausted all cases without a match\n    at c:\\Users\\Nicolee\\.vscode\\extensions\\uqbar.wollok-lsp-ide-0.5.4\\out\\server\\src\\server.js:38:6142\n    at L2 (c:\\Users\\Nicolee\\.vscode\\extensions\\uqbar.wollok-lsp-ide-0.5.4\\out\\server\\src\\server.js:2389:42)\n    at Jh (c:\\Users\\Nicolee\\.vscode\\extensions\\uqbar.wollok-lsp-ide-0.5.4\\out\\server\\src\\server.js:2389:1092)\n    at L2 (c:\\Users\\Nicolee\\.vscode\\extensions\\uqbar.wollok-lsp-ide-0.5.4\\out\\server\\src\\server.js:2389:544)\n    at Jh (c:\\Users\\Nicolee\\.vscode\\extensions\\uqbar.wollok-lsp-ide-0.5.4\\out\\server\\src\\server.js:2389:1092)\n    at M5n (c:\\Users\\Nicolee\\.vscode\\extensions\\uqbar.wollok-lsp-ide-0.5.4\\out\\server\\src\\server.js:2389:1248)\n    at c:\\Users\\Nicolee\\.vscode\\extensions\\uqbar.wollok-lsp-ide-0.5.4\\out\\server\\src\\server.js:38:6131\n    at L2 (c:\\Users\\Nicolee\\.vscode\\extensions\\uqbar.wollok-lsp-ide-0.5.4\\out\\server\\src\\server.js:2389:42)\n    at c:\\Users\\Nicolee\\.vscode\\extensions\\uqbar.wollok-lsp-ide-0.5.4\\out\\server\\src\\server.js:2389:2988\n    at c:\\Users\\Nicolee\\.vscode\\extensions\\uqbar.wollok-lsp-ide-0.5.4\\out\\server\\src\\server.js:2398:8440","timestamp":"2026-06-01T16:30:04.320Z"}
{"level":"error","message":"✘ Completions for node Return ([59:4, 61:23] - src/estudiante.wlk) failed: Error: [Return]{d3f159} at src/estudiante.wlk:59 exhausted all cases without a match [Return]{d3f159} at src/estudiante.wlk:59 exhausted all cases without a match","stack":"Error: [Return]{d3f159} at src/estudiante.wlk:59 exhausted all cases without a match\n    at c:\\Users\\Nicolee\\.vscode\\extensions\\uqbar.wollok-lsp-ide-0.5.4\\out\\server\\src\\server.js:38:6142\n    at L2 (c:\\Users\\Nicolee\\.vscode\\extensions\\uqbar.wollok-lsp-ide-0.5.4\\out\\server\\src\\server.js:2389:42)\n    at Jh (c:\\Users\\Nicolee\\.vscode\\extensions\\uqbar.wollok-lsp-ide-0.5.4\\out\\server\\src\\server.js:2389:1092)\n    at L2 (c:\\Users\\Nicolee\\.vscode\\extensions\\uqbar.wollok-lsp-ide-0.5.4\\out\\server\\src\\server.js:2389:544)\n    at Jh (c:\\Users\\Nicolee\\.vscode\\extensions\\uqbar.wollok-lsp-ide-0.5.4\\out\\server\\src\\server.js:2389:1092)\n    at L2 (c:\\Users\\Nicolee\\.vscode\\extensions\\uqbar.wollok-lsp-ide-0.5.4\\out\\server\\src\\server.js:2389:544)\n    at Jh (c:\\Users\\Nicolee\\.vscode\\extensions\\uqbar.wollok-lsp-ide-0.5.4\\out\\server\\src\\server.js:2389:1092)\n    at M5n (c:\\Users\\Nicolee\\.vscode\\extensions\\uqbar.wollok-lsp-ide-0.5.4\\out\\server\\src\\server.js:2389:1248)\n    at c:\\Users\\Nicolee\\.vscode\\extensions\\uqbar.wollok-lsp-ide-0.5.4\\out\\server\\src\\server.js:38:6131\n    at L2 (c:\\Users\\Nicolee\\.vscode\\extensions\\uqbar.wollok-lsp-ide-0.5.4\\out\\server\\src\\server.js:2389:42)","timestamp":"2026-06-01T16:30:04.320Z"}
{"level":"error","message":"✘ Completions for node Send ([61:4, 61:24] - src/estudiante.wlk) failed: Error: [Send]{1ab39c} at src/estudiante.wlk:61 exhausted all cases without a match [Send]{1ab39c} at src/estudiante.wlk:61 exhausted all cases without a match","stack":"Error: [Send]{1ab39c} at src/estudiante.wlk:61 exhausted all cases without a match\n    at c:\\Users\\Nicolee\\.vscode\\extensions\\uqbar.wollok-lsp-ide-0.5.4\\out\\server\\src\\server.js:38:6142\n    at L2 (c:\\Users\\Nicolee\\.vscode\\extensions\\uqbar.wollok-lsp-ide-0.5.4\\out\\server\\src\\server.js:2389:42)\n    at Jh (c:\\Users\\Nicolee\\.vscode\\extensions\\uqbar.wollok-lsp-ide-0.5.4\\out\\server\\src\\server.js:2389:1092)\n    at M5n (c:\\Users\\Nicolee\\.vscode\\extensions\\uqbar.wollok-lsp-ide-0.5.4\\out\\server\\src\\server.js:2389:1248)\n    at c:\\Users\\Nicolee\\.vscode\\extensions\\uqbar.wollok-lsp-ide-0.5.4\\out\\server\\src\\server.js:38:6131\n    at L2 (c:\\Users\\Nicolee\\.vscode\\extensions\\uqbar.wollok-lsp-ide-0.5.4\\out\\server\\src\\server.js:2389:42)\n    at c:\\Users\\Nicolee\\.vscode\\extensions\\uqbar.wollok-lsp-ide-0.5.4\\out\\server\\src\\server.js:2389:2988\n    at c:\\Users\\Nicolee\\.vscode\\extensions\\uqbar.wollok-lsp-ide-0.5.4\\out\\server\\src\\server.js:2398:8440\n    at c:\\Users\\Nicolee\\.vscode\\extensions\\uqbar.wollok-lsp-ide-0.5.4\\out\\server\\src\\server.js:37:74872\n    at Ke (c:\\Users\\Nicolee\\.vscode\\extensions\\uqbar.wollok-lsp-ide-0.5.4\\out\\server\\src\\server.js:7:8527)","timestamp":"2026-06-01T16:30:04.686Z"}
{"level":"error","message":"✘ Completions for node Send ([59:11, 61:24] - src/estudiante.wlk) failed: Error: [Send]{6a66ba} at src/estudiante.wlk:59 exhausted all cases without a match [Send]{6a66ba} at src/estudiante.wlk:59 exhausted all cases without a match","stack":"Error: [Send]{6a66ba} at src/estudiante.wlk:59 exhausted all cases without a match\n    at c:\\Users\\Nicolee\\.vscode\\extensions\\uqbar.wollok-lsp-ide-0.5.4\\out\\server\\src\\server.js:38:6142\n    at L2 (c:\\Users\\Nicolee\\.vscode\\extensions\\uqbar.wollok-lsp-ide-0.5.4\\out\\server\\src\\server.js:2389:42)\n    at Jh (c:\\Users\\Nicolee\\.vscode\\extensions\\uqbar.wollok-lsp-ide-0.5.4\\out\\server\\src\\server.js:2389:1092)\n    at L2 (c:\\Users\\Nicolee\\.vscode\\extensions\\uqbar.wollok-lsp-ide-0.5.4\\out\\server\\src\\server.js:2389:544)\n    at Jh (c:\\Users\\Nicolee\\.vscode\\extensions\\uqbar.wollok-lsp-ide-0.5.4\\out\\server\\src\\server.js:2389:1092)\n    at M5n (c:\\Users\\Nicolee\\.vscode\\extensions\\uqbar.wollok-lsp-ide-0.5.4\\out\\server\\src\\server.js:2389:1248)\n    at c:\\Users\\Nicolee\\.vscode\\extensions\\uqbar.wollok-lsp-ide-0.5.4\\out\\server\\src\\server.js:38:6131\n    at L2 (c:\\Users\\Nicolee\\.vscode\\extensions\\uqbar.wollok-lsp-ide-0.5.4\\out\\server\\src\\server.js:2389:42)\n    at c:\\Users\\Nicolee\\.vscode\\extensions\\uqbar.wollok-lsp-ide-0.5.4\\out\\server\\src\\server.js:2389:2988\n    at c:\\Users\\Nicolee\\.vscode\\extensions\\uqbar.wollok-lsp-ide-0.5.4\\out\\server\\src\\server.js:2398:8440","timestamp":"2026-06-01T16:30:04.686Z"}
{"level":"error","message":"✘ Completions for node Return ([59:4, 61:24] - src/estudiante.wlk) failed: Error: [Return]{74b227} at src/estudiante.wlk:59 exhausted all cases without a match [Return]{74b227} at src/estudiante.wlk:59 exhausted all cases without a match","stack":"Error: [Return]{74b227} at src/estudiante.wlk:59 exhausted all cases without a match\n    at c:\\Users\\Nicolee\\.vscode\\extensions\\uqbar.wollok-lsp-ide-0.5.4\\out\\server\\src\\server.js:38:6142\n    at L2 (c:\\Users\\Nicolee\\.vscode\\extensions\\uqbar.wollok-lsp-ide-0.5.4\\out\\server\\src\\server.js:2389:42)\n    at Jh (c:\\Users\\Nicolee\\.vscode\\extensions\\uqbar.wollok-lsp-ide-0.5.4\\out\\server\\src\\server.js:2389:1092)\n    at L2 (c:\\Users\\Nicolee\\.vscode\\extensions\\uqbar.wollok-lsp-ide-0.5.4\\out\\server\\src\\server.js:2389:544)\n    at Jh (c:\\Users\\Nicolee\\.vscode\\extensions\\uqbar.wollok-lsp-ide-0.5.4\\out\\server\\src\\server.js:2389:1092)\n    at L2 (c:\\Users\\Nicolee\\.vscode\\extensions\\uqbar.wollok-lsp-ide-0.5.4\\out\\server\\src\\server.js:2389:544)\n    at Jh (c:\\Users\\Nicolee\\.vscode\\extensions\\uqbar.wollok-lsp-ide-0.5.4\\out\\server\\src\\server.js:2389:1092)\n    at M5n (c:\\Users\\Nicolee\\.vscode\\extensions\\uqbar.wollok-lsp-ide-0.5.4\\out\\server\\src\\server.js:2389:1248)\n    at c:\\Users\\Nicolee\\.vscode\\extensions\\uqbar.wollok-lsp-ide-0.5.4\\out\\server\\src\\server.js:38:6131\n    at L2 (c:\\Users\\Nicolee\\.vscode\\extensions\\uqbar.wollok-lsp-ide-0.5.4\\out\\server\\src\\server.js:2389:42)","timestamp":"2026-06-01T16:30:04.686Z"}
{"level":"info","message":"⌛ Validating src/estudiante.wlk","timeElapsed":101,"timestamp":"2026-06-01T16:30:04.795Z"}
{"level":"error","message":"✘ Completions for node Send ([61:4, 61:25] - src/estudiante.wlk) failed: Error: [Send]{fe5b68} at src/estudiante.wlk:61 exhausted all cases without a match [Send]{fe5b68} at src/estudiante.wlk:61 exhausted all cases without a match","stack":"Error: [Send]{fe5b68} at src/estudiante.wlk:61 exhausted all cases without a match\n    at c:\\Users\\Nicolee\\.vscode\\extensions\\uqbar.wollok-lsp-ide-0.5.4\\out\\server\\src\\server.js:38:6142\n    at L2 (c:\\Users\\Nicolee\\.vscode\\extensions\\uqbar.wollok-lsp-ide-0.5.4\\out\\server\\src\\server.js:2389:42)\n    at Jh (c:\\Users\\Nicolee\\.vscode\\extensions\\uqbar.wollok-lsp-ide-0.5.4\\out\\server\\src\\server.js:2389:1092)\n    at M5n (c:\\Users\\Nicolee\\.vscode\\extensions\\uqbar.wollok-lsp-ide-0.5.4\\out\\server\\src\\server.js:2389:1248)\n    at c:\\Users\\Nicolee\\.vscode\\extensions\\uqbar.wollok-lsp-ide-0.5.4\\out\\server\\src\\server.js:38:6131\n    at L2 (c:\\Users\\Nicolee\\.vscode\\extensions\\uqbar.wollok-lsp-ide-0.5.4\\out\\server\\src\\server.js:2389:42)\n    at c:\\Users\\Nicolee\\.vscode\\extensions\\uqbar.wollok-lsp-ide-0.5.4\\out\\server\\src\\server.js:2389:2988\n    at c:\\Users\\Nicolee\\.vscode\\extensions\\uqbar.wollok-lsp-ide-0.5.4\\out\\server\\src\\server.js:2398:8440\n    at c:\\Users\\Nicolee\\.vscode\\extensions\\uqbar.wollok-lsp-ide-0.5.4\\out\\server\\src\\server.js:37:74872\n    at Ke (c:\\Users\\Nicolee\\.vscode\\extensions\\uqbar.wollok-lsp-ide-0.5.4\\out\\server\\src\\server.js:7:8527)","timestamp":"2026-06-01T16:30:04.888Z"}
{"level":"error","message":"✘ Completions for node Send ([59:11, 61:25] - src/estudiante.wlk) failed: Error: [Send]{682c25} at src/estudiante.wlk:59 exhausted all cases without a match [Send]{682c25} at src/estudiante.wlk:59 exhausted all cases without a match","stack":"Error: [Send]{682c25} at src/estudiante.wlk:59 exhausted all cases without a match\n    at c:\\Users\\Nicolee\\.vscode\\extensions\\uqbar.wollok-lsp-ide-0.5.4\\out\\server\\src\\server.js:38:6142\n    at L2 (c:\\Users\\Nicolee\\.vscode\\extensions\\uqbar.wollok-lsp-ide-0.5.4\\out\\server\\src\\server.js:2389:42)\n    at Jh (c:\\Users\\Nicolee\\.vscode\\extensions\\uqbar.wollok-lsp-ide-0.5.4\\out\\server\\src\\server.js:2389:1092)\n    at L2 (c:\\Users\\Nicolee\\.vscode\\extensions\\uqbar.wollok-lsp-ide-0.5.4\\out\\server\\src\\server.js:2389:544)\n    at Jh (c:\\Users\\Nicolee\\.vscode\\extensions\\uqbar.wollok-lsp-ide-0.5.4\\out\\server\\src\\server.js:2389:1092)\n    at M5n (c:\\Users\\Nicolee\\.vscode\\extensions\\uqbar.wollok-lsp-ide-0.5.4\\out\\server\\src\\server.js:2389:1248)\n    at c:\\Users\\Nicolee\\.vscode\\extensions\\uqbar.wollok-lsp-ide-0.5.4\\out\\server\\src\\server.js:38:6131\n    at L2 (c:\\Users\\Nicolee\\.vscode\\extensions\\uqbar.wollok-lsp-ide-0.5.4\\out\\server\\src\\server.js:2389:42)\n    at c:\\Users\\Nicolee\\.vscode\\extensions\\uqbar.wollok-lsp-ide-0.5.4\\out\\server\\src\\server.js:2389:2988\n    at c:\\Users\\Nicolee\\.vscode\\extensions\\uqbar.wollok-lsp-ide-0.5.4\\out\\server\\src\\server.js:2398:8440","timestamp":"2026-06-01T16:30:04.888Z"}
{"level":"error","message":"✘ Completions for node Return ([59:4, 61:25] - src/estudiante.wlk) failed: Error: [Return]{ef05ee} at src/estudiante.wlk:59 exhausted all cases without a match [Return]{ef05ee} at src/estudiante.wlk:59 exhausted all cases without a match","stack":"Error: [Return]{ef05ee} at src/estudiante.wlk:59 exhausted all cases without a match\n    at c:\\Users\\Nicolee\\.vscode\\extensions\\uqbar.wollok-lsp-ide-0.5.4\\out\\server\\src\\server.js:38:6142\n    at L2 (c:\\Users\\Nicolee\\.vscode\\extensions\\uqbar.wollok-lsp-ide-0.5.4\\out\\server\\src\\server.js:2389:42)\n    at Jh (c:\\Users\\Nicolee\\.vscode\\extensions\\uqbar.wollok-lsp-ide-0.5.4\\out\\server\\src\\server.js:2389:1092)\n    at L2 (c:\\Users\\Nicolee\\.vscode\\extensions\\uqbar.wollok-lsp-ide-0.5.4\\out\\server\\src\\server.js:2389:544)\n    at Jh (c:\\Users\\Nicolee\\.vscode\\extensions\\uqbar.wollok-lsp-ide-0.5.4\\out\\server\\src\\server.js:2389:1092)\n    at L2 (c:\\Users\\Nicolee\\.vscode\\extensions\\uqbar.wollok-lsp-ide-0.5.4\\out\\server\\src\\server.js:2389:544)\n    at Jh (c:\\Users\\Nicolee\\.vscode\\extensions\\uqbar.wollok-lsp-ide-0.5.4\\out\\server\\src\\server.js:2389:1092)\n    at M5n (c:\\Users\\Nicolee\\.vscode\\extensions\\uqbar.wollok-lsp-ide-0.5.4\\out\\server\\src\\server.js:2389:1248)\n    at c:\\Users\\Nicolee\\.vscode\\extensions\\uqbar.wollok-lsp-ide-0.5.4\\out\\server\\src\\server.js:38:6131\n    at L2 (c:\\Users\\Nicolee\\.vscode\\extensions\\uqbar.wollok-lsp-ide-0.5.4\\out\\server\\src\\server.js:2389:42)","timestamp":"2026-06-01T16:30:04.888Z"}
{"level":"info","message":"⌛ Validating src/estudiante.wlk","timeElapsed":112,"timestamp":"2026-06-01T16:30:05.167Z"}
{"level":"error","message":"✘ Completions for node Send ([61:4, 61:27] - src/estudiante.wlk) failed: Error: [Send]{02e9ff} at src/estudiante.wlk:61 exhausted all cases without a match [Send]{02e9ff} at src/estudiante.wlk:61 exhausted all cases without a match","stack":"Error: [Send]{02e9ff} at src/estudiante.wlk:61 exhausted all cases without a match\n    at c:\\Users\\Nicolee\\.vscode\\extensions\\uqbar.wollok-lsp-ide-0.5.4\\out\\server\\src\\server.js:38:6142\n    at L2 (c:\\Users\\Nicolee\\.vscode\\extensions\\uqbar.wollok-lsp-ide-0.5.4\\out\\server\\src\\server.js:2389:42)\n    at Jh (c:\\Users\\Nicolee\\.vscode\\extensions\\uqbar.wollok-lsp-ide-0.5.4\\out\\server\\src\\server.js:2389:1092)\n    at M5n (c:\\Users\\Nicolee\\.vscode\\extensions\\uqbar.wollok-lsp-ide-0.5.4\\out\\server\\src\\server.js:2389:1248)\n    at c:\\Users\\Nicolee\\.vscode\\extensions\\uqbar.wollok-lsp-ide-0.5.4\\out\\server\\src\\server.js:38:6131\n    at L2 (c:\\Users\\Nicolee\\.vscode\\extensions\\uqbar.wollok-lsp-ide-0.5.4\\out\\server\\src\\server.js:2389:42)\n    at c:\\Users\\Nicolee\\.vscode\\extensions\\uqbar.wollok-lsp-ide-0.5.4\\out\\server\\src\\server.js:2389:2988\n    at c:\\Users\\Nicolee\\.vscode\\extensions\\uqbar.wollok-lsp-ide-0.5.4\\out\\server\\src\\server.js:2398:8440\n    at c:\\Users\\Nicolee\\.vscode\\extensions\\uqbar.wollok-lsp-ide-0.5.4\\out\\server\\src\\server.js:37:74872\n    at Ke (c:\\Users\\Nicolee\\.vscode\\extensions\\uqbar.wollok-lsp-ide-0.5.4\\out\\server\\src\\server.js:7:8527)","timestamp":"2026-06-01T16:30:05.301Z"}
{"level":"error","message":"✘ Completions for node Send ([59:11, 61:27] - src/estudiante.wlk) failed: Error: [Send]{c3517c} at src/estudiante.wlk:59 exhausted all cases without a match [Send]{c3517c} at src/estudiante.wlk:59 exhausted all cases without a match","stack":"Error: [Send]{c3517c} at src/estudiante.wlk:59 exhausted all cases without a match\n    at c:\\Users\\Nicolee\\.vscode\\extensions\\uqbar.wollok-lsp-ide-0.5.4\\out\\server\\src\\server.js:38:6142\n    at L2 (c:\\Users\\Nicolee\\.vscode\\extensions\\uqbar.wollok-lsp-ide-0.5.4\\out\\server\\src\\server.js:2389:42)\n    at Jh (c:\\Users\\Nicolee\\.vscode\\extensions\\uqbar.wollok-lsp-ide-0.5.4\\out\\server\\src\\server.js:2389:1092)\n    at L2 (c:\\Users\\Nicolee\\.vscode\\extensions\\uqbar.wollok-lsp-ide-0.5.4\\out\\server\\src\\server.js:2389:544)\n    at Jh (c:\\Users\\Nicolee\\.vscode\\extensions\\uqbar.wollok-lsp-ide-0.5.4\\out\\server\\src\\server.js:2389:1092)\n    at M5n (c:\\Users\\Nicolee\\.vscode\\extensions\\uqbar.wollok-lsp-ide-0.5.4\\out\\server\\src\\server.js:2389:1248)\n    at c:\\Users\\Nicolee\\.vscode\\extensions\\uqbar.wollok-lsp-ide-0.5.4\\out\\server\\src\\server.js:38:6131\n    at L2 (c:\\Users\\Nicolee\\.vscode\\extensions\\uqbar.wollok-lsp-ide-0.5.4\\out\\server\\src\\server.js:2389:42)\n    at c:\\Users\\Nicolee\\.vscode\\extensions\\uqbar.wollok-lsp-ide-0.5.4\\out\\server\\src\\server.js:2389:2988\n    at c:\\Users\\Nicolee\\.vscode\\extensions\\uqbar.wollok-lsp-ide-0.5.4\\out\\server\\src\\server.js:2398:8440","timestamp":"2026-06-01T16:30:05.301Z"}
{"level":"error","message":"✘ Completions for node Return ([59:4, 61:27] - src/estudiante.wlk) failed: Error: [Return]{8bb876} at src/estudiante.wlk:59 exhausted all cases without a match [Return]{8bb876} at src/estudiante.wlk:59 exhausted all cases without a match","stack":"Error: [Return]{8bb876} at src/estudiante.wlk:59 exhausted all cases without a match\n    at c:\\Users\\Nicolee\\.vscode\\extensions\\uqbar.wollok-lsp-ide-0.5.4\\out\\server\\src\\server.js:38:6142\n    at L2 (c:\\Users\\Nicolee\\.vscode\\extensions\\uqbar.wollok-lsp-ide-0.5.4\\out\\server\\src\\server.js:2389:42)\n    at Jh (c:\\Users\\Nicolee\\.vscode\\extensions\\uqbar.wollok-lsp-ide-0.5.4\\out\\server\\src\\server.js:2389:1092)\n    at L2 (c:\\Users\\Nicolee\\.vscode\\extensions\\uqbar.wollok-lsp-ide-0.5.4\\out\\server\\src\\server.js:2389:544)\n    at Jh (c:\\Users\\Nicolee\\.vscode\\extensions\\uqbar.wollok-lsp-ide-0.5.4\\out\\server\\src\\server.js:2389:1092)\n    at L2 (c:\\Users\\Nicolee\\.vscode\\extensions\\uqbar.wollok-lsp-ide-0.5.4\\out\\server\\src\\server.js:2389:544)\n    at Jh (c:\\Users\\Nicolee\\.vscode\\extensions\\uqbar.wollok-lsp-ide-0.5.4\\out\\server\\src\\server.js:2389:1092)\n    at M5n (c:\\Users\\Nicolee\\.vscode\\extensions\\uqbar.wollok-lsp-ide-0.5.4\\out\\server\\src\\server.js:2389:1248)\n    at c:\\Users\\Nicolee\\.vscode\\extensions\\uqbar.wollok-lsp-ide-0.5.4\\out\\server\\src\\server.js:38:6131\n    at L2 (c:\\Users\\Nicolee\\.vscode\\extensions\\uqbar.wollok-lsp-ide-0.5.4\\out\\server\\src\\server.js:2389:42)","timestamp":"2026-06-01T16:30:05.301Z"}
{"level":"info","message":"⌛ Validating src/estudiante.wlk","timeElapsed":104,"timestamp":"2026-06-01T16:30:05.407Z"}
{"level":"error","message":"✘ Completions for node Send ([61:4, 61:28] - src/estudiante.wlk) failed: Error: [Send]{0c520f} at src/estudiante.wlk:61 exhausted all cases without a match [Send]{0c520f} at src/estudiante.wlk:61 exhausted all cases without a match","stack":"Error: [Send]{0c520f} at src/estudiante.wlk:61 exhausted all cases without a match\n    at c:\\Users\\Nicolee\\.vscode\\extensions\\uqbar.wollok-lsp-ide-0.5.4\\out\\server\\src\\server.js:38:6142\n    at L2 (c:\\Users\\Nicolee\\.vscode\\extensions\\uqbar.wollok-lsp-ide-0.5.4\\out\\server\\src\\server.js:2389:42)\n    at Jh (c:\\Users\\Nicolee\\.vscode\\extensions\\uqbar.wollok-lsp-ide-0.5.4\\out\\server\\src\\server.js:2389:1092)\n    at M5n (c:\\Users\\Nicolee\\.vscode\\extensions\\uqbar.wollok-lsp-ide-0.5.4\\out\\server\\src\\server.js:2389:1248)\n    at c:\\Users\\Nicolee\\.vscode\\extensions\\uqbar.wollok-lsp-ide-0.5.4\\out\\server\\src\\server.js:38:6131\n    at L2 (c:\\Users\\Nicolee\\.vscode\\extensions\\uqbar.wollok-lsp-ide-0.5.4\\out\\server\\src\\server.js:2389:42)\n    at c:\\Users\\Nicolee\\.vscode\\extensions\\uqbar.wollok-lsp-ide-0.5.4\\out\\server\\src\\server.js:2389:2988\n    at c:\\Users\\Nicolee\\.vscode\\extensions\\uqbar.wollok-lsp-ide-0.5.4\\out\\server\\src\\server.js:2398:8440\n    at c:\\Users\\Nicolee\\.vscode\\extensions\\uqbar.wollok-lsp-ide-0.5.4\\out\\server\\src\\server.js:37:74872\n    at Ke (c:\\Users\\Nicolee\\.vscode\\extensions\\uqbar.wollok-lsp-ide-0.5.4\\out\\server\\src\\server.js:7:8527)","timestamp":"2026-06-01T16:30:05.499Z"}
{"level":"error","message":"✘ Completions for node Send ([59:11, 61:28] - src/estudiante.wlk) failed: Error: [Send]{e58bd0} at src/estudiante.wlk:59 exhausted all cases without a match [Send]{e58bd0} at src/estudiante.wlk:59 exhausted all cases without a match","stack":"Error: [Send]{e58bd0} at src/estudiante.wlk:59 exhausted all cases without a match\n    at c:\\Users\\Nicolee\\.vscode\\extensions\\uqbar.wollok-lsp-ide-0.5.4\\out\\server\\src\\server.js:38:6142\n    at L2 (c:\\Users\\Nicolee\\.vscode\\extensions\\uqbar.wollok-lsp-ide-0.5.4\\out\\server\\src\\server.js:2389:42)\n    at Jh (c:\\Users\\Nicolee\\.vscode\\extensions\\uqbar.wollok-lsp-ide-0.5.4\\out\\server\\src\\server.js:2389:1092)\n    at L2 (c:\\Users\\Nicolee\\.vscode\\extensions\\uqbar.wollok-lsp-ide-0.5.4\\out\\server\\src\\server.js:2389:544)\n    at Jh (c:\\Users\\Nicolee\\.vscode\\extensions\\uqbar.wollok-lsp-ide-0.5.4\\out\\server\\src\\server.js:2389:1092)\n    at M5n (c:\\Users\\Nicolee\\.vscode\\extensions\\uqbar.wollok-lsp-ide-0.5.4\\out\\server\\src\\server.js:2389:1248)\n    at c:\\Users\\Nicolee\\.vscode\\extensions\\uqbar.wollok-lsp-ide-0.5.4\\out\\server\\src\\server.js:38:6131\n    at L2 (c:\\Users\\Nicolee\\.vscode\\extensions\\uqbar.wollok-lsp-ide-0.5.4\\out\\server\\src\\server.js:2389:42)\n    at c:\\Users\\Nicolee\\.vscode\\extensions\\uqbar.wollok-lsp-ide-0.5.4\\out\\server\\src\\server.js:2389:2988\n    at c:\\Users\\Nicolee\\.vscode\\extensions\\uqbar.wollok-lsp-ide-0.5.4\\out\\server\\src\\server.js:2398:8440","timestamp":"2026-06-01T16:30:05.499Z"}
{"level":"error","message":"✘ Completions for node Return ([59:4, 61:28] - src/estudiante.wlk) failed: Error: [Return]{721885} at src/estudiante.wlk:59 exhausted all cases without a match [Return]{721885} at src/estudiante.wlk:59 exhausted all cases without a match","stack":"Error: [Return]{721885} at src/estudiante.wlk:59 exhausted all cases without a match\n    at c:\\Users\\Nicolee\\.vscode\\extensions\\uqbar.wollok-lsp-ide-0.5.4\\out\\server\\src\\server.js:38:6142\n    at L2 (c:\\Users\\Nicolee\\.vscode\\extensions\\uqbar.wollok-lsp-ide-0.5.4\\out\\server\\src\\server.js:2389:42)\n    at Jh (c:\\Users\\Nicolee\\.vscode\\extensions\\uqbar.wollok-lsp-ide-0.5.4\\out\\server\\src\\server.js:2389:1092)\n    at L2 (c:\\Users\\Nicolee\\.vscode\\extensions\\uqbar.wollok-lsp-ide-0.5.4\\out\\server\\src\\server.js:2389:544)\n    at Jh (c:\\Users\\Nicolee\\.vscode\\extensions\\uqbar.wollok-lsp-ide-0.5.4\\out\\server\\src\\server.js:2389:1092)\n    at L2 (c:\\Users\\Nicolee\\.vscode\\extensions\\uqbar.wollok-lsp-ide-0.5.4\\out\\server\\src\\server.js:2389:544)\n    at Jh (c:\\Users\\Nicolee\\.vscode\\extensions\\uqbar.wollok-lsp-ide-0.5.4\\out\\server\\src\\server.js:2389:1092)\n    at M5n (c:\\Users\\Nicolee\\.vscode\\extensions\\uqbar.wollok-lsp-ide-0.5.4\\out\\server\\src\\server.js:2389:1248)\n    at c:\\Users\\Nicolee\\.vscode\\extensions\\uqbar.wollok-lsp-ide-0.5.4\\out\\server\\src\\server.js:38:6131\n    at L2 (c:\\Users\\Nicolee\\.vscode\\extensions\\uqbar.wollok-lsp-ide-0.5.4\\out\\server\\src\\server.js:2389:42)","timestamp":"2026-06-01T16:30:05.499Z"}
{"level":"info","message":"⌛ Validating src/estudiante.wlk","timeElapsed":105,"timestamp":"2026-06-01T16:30:05.606Z"}
{"level":"info","message":"⌛ Validating src/estudiante.wlk","timeElapsed":126,"timestamp":"2026-06-01T16:30:06.117Z"}
{"level":"error","message":"✘ Completions for node Send ([61:4, 61:28] - src/estudiante.wlk) failed: Error: [Send]{e7401a} at src/estudiante.wlk:61 exhausted all cases without a match [Send]{e7401a} at src/estudiante.wlk:61 exhausted all cases without a match","stack":"Error: [Send]{e7401a} at src/estudiante.wlk:61 exhausted all cases without a match\n    at c:\\Users\\Nicolee\\.vscode\\extensions\\uqbar.wollok-lsp-ide-0.5.4\\out\\server\\src\\server.js:38:6142\n    at L2 (c:\\Users\\Nicolee\\.vscode\\extensions\\uqbar.wollok-lsp-ide-0.5.4\\out\\server\\src\\server.js:2389:42)\n    at Jh (c:\\Users\\Nicolee\\.vscode\\extensions\\uqbar.wollok-lsp-ide-0.5.4\\out\\server\\src\\server.js:2389:1092)\n    at M5n (c:\\Users\\Nicolee\\.vscode\\extensions\\uqbar.wollok-lsp-ide-0.5.4\\out\\server\\src\\server.js:2389:1248)\n    at c:\\Users\\Nicolee\\.vscode\\extensions\\uqbar.wollok-lsp-ide-0.5.4\\out\\server\\src\\server.js:38:6131\n    at L2 (c:\\Users\\Nicolee\\.vscode\\extensions\\uqbar.wollok-lsp-ide-0.5.4\\out\\server\\src\\server.js:2389:42)\n    at c:\\Users\\Nicolee\\.vscode\\extensions\\uqbar.wollok-lsp-ide-0.5.4\\out\\server\\src\\server.js:2389:2988\n    at c:\\Users\\Nicolee\\.vscode\\extensions\\uqbar.wollok-lsp-ide-0.5.4\\out\\server\\src\\server.js:2398:8440\n    at c:\\Users\\Nicolee\\.vscode\\extensions\\uqbar.wollok-lsp-ide-0.5.4\\out\\server\\src\\server.js:37:74872\n    at Ke (c:\\Users\\Nicolee\\.vscode\\extensions\\uqbar.wollok-lsp-ide-0.5.4\\out\\server\\src\\server.js:7:8527)","timestamp":"2026-06-01T16:30:06.446Z"}
{"level":"error","message":"✘ Completions for node Send ([59:11, 61:28] - src/estudiante.wlk) failed: Error: [Send]{aec995} at src/estudiante.wlk:59 exhausted all cases without a match [Send]{aec995} at src/estudiante.wlk:59 exhausted all cases without a match","stack":"Error: [Send]{aec995} at src/estudiante.wlk:59 exhausted all cases without a match\n    at c:\\Users\\Nicolee\\.vscode\\extensions\\uqbar.wollok-lsp-ide-0.5.4\\out\\server\\src\\server.js:38:6142\n    at L2 (c:\\Users\\Nicolee\\.vscode\\extensions\\uqbar.wollok-lsp-ide-0.5.4\\out\\server\\src\\server.js:2389:42)\n    at Jh (c:\\Users\\Nicolee\\.vscode\\extensions\\uqbar.wollok-lsp-ide-0.5.4\\out\\server\\src\\server.js:2389:1092)\n    at L2 (c:\\Users\\Nicolee\\.vscode\\extensions\\uqbar.wollok-lsp-ide-0.5.4\\out\\server\\src\\server.js:2389:544)\n    at Jh (c:\\Users\\Nicolee\\.vscode\\extensions\\uqbar.wollok-lsp-ide-0.5.4\\out\\server\\src\\server.js:2389:1092)\n    at M5n (c:\\Users\\Nicolee\\.vscode\\extensions\\uqbar.wollok-lsp-ide-0.5.4\\out\\server\\src\\server.js:2389:1248)\n    at c:\\Users\\Nicolee\\.vscode\\extensions\\uqbar.wollok-lsp-ide-0.5.4\\out\\server\\src\\server.js:38:6131\n    at L2 (c:\\Users\\Nicolee\\.vscode\\extensions\\uqbar.wollok-lsp-ide-0.5.4\\out\\server\\src\\server.js:2389:42)\n    at c:\\Users\\Nicolee\\.vscode\\extensions\\uqbar.wollok-lsp-ide-0.5.4\\out\\server\\src\\server.js:2389:2988\n    at c:\\Users\\Nicolee\\.vscode\\extensions\\uqbar.wollok-lsp-ide-0.5.4\\out\\server\\src\\server.js:2398:8440","timestamp":"2026-06-01T16:30:06.447Z"}
{"level":"error","message":"✘ Completions for node Return ([59:4, 61:28] - src/estudiante.wlk) failed: Error: [Return]{ae14cd} at src/estudiante.wlk:59 exhausted all cases without a match [Return]{ae14cd} at src/estudiante.wlk:59 exhausted all cases without a match","stack":"Error: [Return]{ae14cd} at src/estudiante.wlk:59 exhausted all cases without a match\n    at c:\\Users\\Nicolee\\.vscode\\extensions\\uqbar.wollok-lsp-ide-0.5.4\\out\\server\\src\\server.js:38:6142\n    at L2 (c:\\Users\\Nicolee\\.vscode\\extensions\\uqbar.wollok-lsp-ide-0.5.4\\out\\server\\src\\server.js:2389:42)\n    at Jh (c:\\Users\\Nicolee\\.vscode\\extensions\\uqbar.wollok-lsp-ide-0.5.4\\out\\server\\src\\server.js:2389:1092)\n    at L2 (c:\\Users\\Nicolee\\.vscode\\extensions\\uqbar.wollok-lsp-ide-0.5.4\\out\\server\\src\\server.js:2389:544)\n    at Jh (c:\\Users\\Nicolee\\.vscode\\extensions\\uqbar.wollok-lsp-ide-0.5.4\\out\\server\\src\\server.js:2389:1092)\n    at L2 (c:\\Users\\Nicolee\\.vscode\\extensions\\uqbar.wollok-lsp-ide-0.5.4\\out\\server\\src\\server.js:2389:544)\n    at Jh (c:\\Users\\Nicolee\\.vscode\\extensions\\uqbar.wollok-lsp-ide-0.5.4\\out\\server\\src\\server.js:2389:1092)\n    at M5n (c:\\Users\\Nicolee\\.vscode\\extensions\\uqbar.wollok-lsp-ide-0.5.4\\out\\server\\src\\server.js:2389:1248)\n    at c:\\Users\\Nicolee\\.vscode\\extensions\\uqbar.wollok-lsp-ide-0.5.4\\out\\server\\src\\server.js:38:6131\n    at L2 (c:\\Users\\Nicolee\\.vscode\\extensions\\uqbar.wollok-lsp-ide-0.5.4\\out\\server\\src\\server.js:2389:42)","timestamp":"2026-06-01T16:30:06.447Z"}
{"level":"info","message":"⌛ Validating src/estudiante.wlk","timeElapsed":114,"timestamp":"2026-06-01T16:30:06.764Z"}
{"level":"error","message":"✘ Completions for node Send ([61:4, 61:30] - src/estudiante.wlk) failed: Error: [Send]{52bbfa} at src/estudiante.wlk:61 exhausted all cases without a match [Send]{52bbfa} at src/estudiante.wlk:61 exhausted all cases without a match","stack":"Error: [Send]{52bbfa} at src/estudiante.wlk:61 exhausted all cases without a match\n    at c:\\Users\\Nicolee\\.vscode\\extensions\\uqbar.wollok-lsp-ide-0.5.4\\out\\server\\src\\server.js:38:6142\n    at L2 (c:\\Users\\Nicolee\\.vscode\\extensions\\uqbar.wollok-lsp-ide-0.5.4\\out\\server\\src\\server.js:2389:42)\n    at Jh (c:\\Users\\Nicolee\\.vscode\\extensions\\uqbar.wollok-lsp-ide-0.5.4\\out\\server\\src\\server.js:2389:1092)\n    at M5n (c:\\Users\\Nicolee\\.vscode\\extensions\\uqbar.wollok-lsp-ide-0.5.4\\out\\server\\src\\server.js:2389:1248)\n    at c:\\Users\\Nicolee\\.vscode\\extensions\\uqbar.wollok-lsp-ide-0.5.4\\out\\server\\src\\server.js:38:6131\n    at L2 (c:\\Users\\Nicolee\\.vscode\\extensions\\uqbar.wollok-lsp-ide-0.5.4\\out\\server\\src\\server.js:2389:42)\n    at c:\\Users\\Nicolee\\.vscode\\extensions\\uqbar.wollok-lsp-ide-0.5.4\\out\\server\\src\\server.js:2389:2988\n    at c:\\Users\\Nicolee\\.vscode\\extensions\\uqbar.wollok-lsp-ide-0.5.4\\out\\server\\src\\server.js:2398:8440\n    at c:\\Users\\Nicolee\\.vscode\\extensions\\uqbar.wollok-lsp-ide-0.5.4\\out\\server\\src\\server.js:37:74872\n    at Ke (c:\\Users\\Nicolee\\.vscode\\extensions\\uqbar.wollok-lsp-ide-0.5.4\\out\\server\\src\\server.js:7:8527)","timestamp":"2026-06-01T16:30:06.855Z"}
{"level":"error","message":"✘ Completions for node Send ([59:11, 61:30] - src/estudiante.wlk) failed: Error: [Send]{b0fb5a} at src/estudiante.wlk:59 exhausted all cases without a match [Send]{b0fb5a} at src/estudiante.wlk:59 exhausted all cases without a match","stack":"Error: [Send]{b0fb5a} at src/estudiante.wlk:59 exhausted all cases without a match\n    at c:\\Users\\Nicolee\\.vscode\\extensions\\uqbar.wollok-lsp-ide-0.5.4\\out\\server\\src\\server.js:38:6142\n    at L2 (c:\\Users\\Nicolee\\.vscode\\extensions\\uqbar.wollok-lsp-ide-0.5.4\\out\\server\\src\\server.js:2389:42)\n    at Jh (c:\\Users\\Nicolee\\.vscode\\extensions\\uqbar.wollok-lsp-ide-0.5.4\\out\\server\\src\\server.js:2389:1092)\n    at L2 (c:\\Users\\Nicolee\\.vscode\\extensions\\uqbar.wollok-lsp-ide-0.5.4\\out\\server\\src\\server.js:2389:544)\n    at Jh (c:\\Users\\Nicolee\\.vscode\\extensions\\uqbar.wollok-lsp-ide-0.5.4\\out\\server\\src\\server.js:2389:1092)\n    at M5n (c:\\Users\\Nicolee\\.vscode\\extensions\\uqbar.wollok-lsp-ide-0.5.4\\out\\server\\src\\server.js:2389:1248)\n    at c:\\Users\\Nicolee\\.vscode\\extensions\\uqbar.wollok-lsp-ide-0.5.4\\out\\server\\src\\server.js:38:6131\n    at L2 (c:\\Users\\Nicolee\\.vscode\\extensions\\uqbar.wollok-lsp-ide-0.5.4\\out\\server\\src\\server.js:2389:42)\n    at c:\\Users\\Nicolee\\.vscode\\extensions\\uqbar.wollok-lsp-ide-0.5.4\\out\\server\\src\\server.js:2389:2988\n    at c:\\Users\\Nicolee\\.vscode\\extensions\\uqbar.wollok-lsp-ide-0.5.4\\out\\server\\src\\server.js:2398:8440","timestamp":"2026-06-01T16:30:06.855Z"}
{"level":"error","message":"✘ Completions for node Return ([59:4, 61:30] - src/estudiante.wlk) failed: Error: [Return]{6a1d98} at src/estudiante.wlk:59 exhausted all cases without a match [Return]{6a1d98} at src/estudiante.wlk:59 exhausted all cases without a match","stack":"Error: [Return]{6a1d98} at src/estudiante.wlk:59 exhausted all cases without a match\n    at c:\\Users\\Nicolee\\.vscode\\extensions\\uqbar.wollok-lsp-ide-0.5.4\\out\\server\\src\\server.js:38:6142\n    at L2 (c:\\Users\\Nicolee\\.vscode\\extensions\\uqbar.wollok-lsp-ide-0.5.4\\out\\server\\src\\server.js:2389:42)\n    at Jh (c:\\Users\\Nicolee\\.vscode\\extensions\\uqbar.wollok-lsp-ide-0.5.4\\out\\server\\src\\server.js:2389:1092)\n    at L2 (c:\\Users\\Nicolee\\.vscode\\extensions\\uqbar.wollok-lsp-ide-0.5.4\\out\\server\\src\\server.js:2389:544)\n    at Jh (c:\\Users\\Nicolee\\.vscode\\extensions\\uqbar.wollok-lsp-ide-0.5.4\\out\\server\\src\\server.js:2389:1092)\n    at L2 (c:\\Users\\Nicolee\\.vscode\\extensions\\uqbar.wollok-lsp-ide-0.5.4\\out\\server\\src\\server.js:2389:544)\n    at Jh (c:\\Users\\Nicolee\\.vscode\\extensions\\uqbar.wollok-lsp-ide-0.5.4\\out\\server\\src\\server.js:2389:1092)\n    at M5n (c:\\Users\\Nicolee\\.vscode\\extensions\\uqbar.wollok-lsp-ide-0.5.4\\out\\server\\src\\server.js:2389:1248)\n    at c:\\Users\\Nicolee\\.vscode\\extensions\\uqbar.wollok-lsp-ide-0.5.4\\out\\server\\src\\server.js:38:6131\n    at L2 (c:\\Users\\Nicolee\\.vscode\\extensions\\uqbar.wollok-lsp-ide-0.5.4\\out\\server\\src\\server.js:2389:42)","timestamp":"2026-06-01T16:30:06.855Z"}
{"level":"info","message":"⌛ Validating src/estudiante.wlk","timeElapsed":101,"timestamp":"2026-06-01T16:30:07.041Z"}
{"level":"error","message":"✘ Completions for node Send ([61:4, 61:32] - src/estudiante.wlk) failed: Error: [Send]{e7d03c} at src/estudiante.wlk:61 exhausted all cases without a match [Send]{e7d03c} at src/estudiante.wlk:61 exhausted all cases without a match","stack":"Error: [Send]{e7d03c} at src/estudiante.wlk:61 exhausted all cases without a match\n    at c:\\Users\\Nicolee\\.vscode\\extensions\\uqbar.wollok-lsp-ide-0.5.4\\out\\server\\src\\server.js:38:6142\n    at L2 (c:\\Users\\Nicolee\\.vscode\\extensions\\uqbar.wollok-lsp-ide-0.5.4\\out\\server\\src\\server.js:2389:42)\n    at Jh (c:\\Users\\Nicolee\\.vscode\\extensions\\uqbar.wollok-lsp-ide-0.5.4\\out\\server\\src\\server.js:2389:1092)\n    at M5n (c:\\Users\\Nicolee\\.vscode\\extensions\\uqbar.wollok-lsp-ide-0.5.4\\out\\server\\src\\server.js:2389:1248)\n    at c:\\Users\\Nicolee\\.vscode\\extensions\\uqbar.wollok-lsp-ide-0.5.4\\out\\server\\src\\server.js:38:6131\n    at L2 (c:\\Users\\Nicolee\\.vscode\\extensions\\uqbar.wollok-lsp-ide-0.5.4\\out\\server\\src\\server.js:2389:42)\n    at c:\\Users\\Nicolee\\.vscode\\extensions\\uqbar.wollok-lsp-ide-0.5.4\\out\\server\\src\\server.js:2389:2988\n    at c:\\Users\\Nicolee\\.vscode\\extensions\\uqbar.wollok-lsp-ide-0.5.4\\out\\server\\src\\server.js:2398:8440\n    at c:\\Users\\Nicolee\\.vscode\\extensions\\uqbar.wollok-lsp-ide-0.5.4\\out\\server\\src\\server.js:37:74872\n    at Ke (c:\\Users\\Nicolee\\.vscode\\extensions\\uqbar.wollok-lsp-ide-0.5.4\\out\\server\\src\\server.js:7:8527)","timestamp":"2026-06-01T16:30:07.129Z"}
{"level":"error","message":"✘ Completions for node Send ([59:11, 61:32] - src/estudiante.wlk) failed: Error: [Send]{05b66d} at src/estudiante.wlk:59 exhausted all cases without a match [Send]{05b66d} at src/estudiante.wlk:59 exhausted all cases without a match","stack":"Error: [Send]{05b66d} at src/estudiante.wlk:59 exhausted all cases without a match\n    at c:\\Users\\Nicolee\\.vscode\\extensions\\uqbar.wollok-lsp-ide-0.5.4\\out\\server\\src\\server.js:38:6142\n    at L2 (c:\\Users\\Nicolee\\.vscode\\extensions\\uqbar.wollok-lsp-ide-0.5.4\\out\\server\\src\\server.js:2389:42)\n    at Jh (c:\\Users\\Nicolee\\.vscode\\extensions\\uqbar.wollok-lsp-ide-0.5.4\\out\\server\\src\\server.js:2389:1092)\n    at L2 (c:\\Users\\Nicolee\\.vscode\\extensions\\uqbar.wollok-lsp-ide-0.5.4\\out\\server\\src\\server.js:2389:544)\n    at Jh (c:\\Users\\Nicolee\\.vscode\\extensions\\uqbar.wollok-lsp-ide-0.5.4\\out\\server\\src\\server.js:2389:1092)\n    at M5n (c:\\Users\\Nicolee\\.vscode\\extensions\\uqbar.wollok-lsp-ide-0.5.4\\out\\server\\src\\server.js:2389:1248)\n    at c:\\Users\\Nicolee\\.vscode\\extensions\\uqbar.wollok-lsp-ide-0.5.4\\out\\server\\src\\server.js:38:6131\n    at L2 (c:\\Users\\Nicolee\\.vscode\\extensions\\uqbar.wollok-lsp-ide-0.5.4\\out\\server\\src\\server.js:2389:42)\n    at c:\\Users\\Nicolee\\.vscode\\extensions\\uqbar.wollok-lsp-ide-0.5.4\\out\\server\\src\\server.js:2389:2988\n    at c:\\Users\\Nicolee\\.vscode\\extensions\\uqbar.wollok-lsp-ide-0.5.4\\out\\server\\src\\server.js:2398:8440","timestamp":"2026-06-01T16:30:07.129Z"}
{"level":"error","message":"✘ Completions for node Return ([59:4, 61:32] - src/estudiante.wlk) failed: Error: [Return]{3bb564} at src/estudiante.wlk:59 exhausted all cases without a match [Return]{3bb564} at src/estudiante.wlk:59 exhausted all cases without a match","stack":"Error: [Return]{3bb564} at src/estudiante.wlk:59 exhausted all cases without a match\n    at c:\\Users\\Nicolee\\.vscode\\extensions\\uqbar.wollok-lsp-ide-0.5.4\\out\\server\\src\\server.js:38:6142\n    at L2 (c:\\Users\\Nicolee\\.vscode\\extensions\\uqbar.wollok-lsp-ide-0.5.4\\out\\server\\src\\server.js:2389:42)\n    at Jh (c:\\Users\\Nicolee\\.vscode\\extensions\\uqbar.wollok-lsp-ide-0.5.4\\out\\server\\src\\server.js:2389:1092)\n    at L2 (c:\\Users\\Nicolee\\.vscode\\extensions\\uqbar.wollok-lsp-ide-0.5.4\\out\\server\\src\\server.js:2389:544)\n    at Jh (c:\\Users\\Nicolee\\.vscode\\extensions\\uqbar.wollok-lsp-ide-0.5.4\\out\\server\\src\\server.js:2389:1092)\n    at L2 (c:\\Users\\Nicolee\\.vscode\\extensions\\uqbar.wollok-lsp-ide-0.5.4\\out\\server\\src\\server.js:2389:544)\n    at Jh (c:\\Users\\Nicolee\\.vscode\\extensions\\uqbar.wollok-lsp-ide-0.5.4\\out\\server\\src\\server.js:2389:1092)\n    at M5n (c:\\Users\\Nicolee\\.vscode\\extensions\\uqbar.wollok-lsp-ide-0.5.4\\out\\server\\src\\server.js:2389:1248)\n    at c:\\Users\\Nicolee\\.vscode\\extensions\\uqbar.wollok-lsp-ide-0.5.4\\out\\server\\src\\server.js:38:6131\n    at L2 (c:\\Users\\Nicolee\\.vscode\\extensions\\uqbar.wollok-lsp-ide-0.5.4\\out\\server\\src\\server.js:2389:42)","timestamp":"2026-06-01T16:30:07.130Z"}
{"level":"info","message":"⌛ Validating src/estudiante.wlk","timeElapsed":141,"timestamp":"2026-06-01T16:30:17.212Z"}
{"level":"info","message":"⌛ Building environment","timeElapsed":116,"timestamp":"2026-06-01T16:30:17.331Z"}
{"level":"info","message":"⌛ Validating src/estudiante.wlk","timeElapsed":122,"timestamp":"2026-06-01T16:30:17.550Z"}
{"level":"info","message":"⌛ Building environment","timeElapsed":124,"timestamp":"2026-06-01T16:30:17.681Z"}
{"level":"info","message":"⌛ Validating src/estudiante.wlk","timeElapsed":125,"timestamp":"2026-06-01T16:30:17.807Z"}
{"level":"info","message":"⌛ Validating src/estudiante.wlk","timeElapsed":115,"timestamp":"2026-06-01T16:30:18.021Z"}
{"level":"info","message":"⌛ Validating src/estudiante.wlk","timeElapsed":118,"timestamp":"2026-06-01T16:30:18.322Z"}
{"level":"info","message":"⌛ Validating src/estudiante.wlk","timeElapsed":144,"timestamp":"2026-06-01T16:30:18.505Z"}
{"level":"info","message":"⌛ Validating src/estudiante.wlk","timeElapsed":117,"timestamp":"2026-06-01T16:30:18.622Z"}
{"level":"info","message":"⌛ Building environment","timeElapsed":106,"timestamp":"2026-06-01T16:30:18.926Z"}
{"level":"info","message":"⌛ Validating src/estudiante.wlk","timeElapsed":104,"timestamp":"2026-06-01T16:30:19.031Z"}
{"level":"info","message":"⌛ Validating src/estudiante.wlk","timeElapsed":112,"timestamp":"2026-06-01T16:30:20.340Z"}
{"level":"error","message":"✘ Completions for node Send ([61:4, 61:40] - src/estudiante.wlk) failed: Error: [Send]{cf6a27} at src/estudiante.wlk:61 exhausted all cases without a match [Send]{cf6a27} at src/estudiante.wlk:61 exhausted all cases without a match","stack":"Error: [Send]{cf6a27} at src/estudiante.wlk:61 exhausted all cases without a match\n    at c:\\Users\\Nicolee\\.vscode\\extensions\\uqbar.wollok-lsp-ide-0.5.4\\out\\server\\src\\server.js:38:6142\n    at L2 (c:\\Users\\Nicolee\\.vscode\\extensions\\uqbar.wollok-lsp-ide-0.5.4\\out\\server\\src\\server.js:2389:42)\n    at Jh (c:\\Users\\Nicolee\\.vscode\\extensions\\uqbar.wollok-lsp-ide-0.5.4\\out\\server\\src\\server.js:2389:1092)\n    at M5n (c:\\Users\\Nicolee\\.vscode\\extensions\\uqbar.wollok-lsp-ide-0.5.4\\out\\server\\src\\server.js:2389:1248)\n    at c:\\Users\\Nicolee\\.vscode\\extensions\\uqbar.wollok-lsp-ide-0.5.4\\out\\server\\src\\server.js:38:6131\n    at L2 (c:\\Users\\Nicolee\\.vscode\\extensions\\uqbar.wollok-lsp-ide-0.5.4\\out\\server\\src\\server.js:2389:42)\n    at c:\\Users\\Nicolee\\.vscode\\extensions\\uqbar.wollok-lsp-ide-0.5.4\\out\\server\\src\\server.js:2389:2988\n    at c:\\Users\\Nicolee\\.vscode\\extensions\\uqbar.wollok-lsp-ide-0.5.4\\out\\server\\src\\server.js:2398:8440\n    at c:\\Users\\Nicolee\\.vscode\\extensions\\uqbar.wollok-lsp-ide-0.5.4\\out\\server\\src\\server.js:37:74872\n    at Ke (c:\\Users\\Nicolee\\.vscode\\extensions\\uqbar.wollok-lsp-ide-0.5.4\\out\\server\\src\\server.js:7:8527)","timestamp":"2026-06-01T16:30:21.568Z"}
{"level":"error","message":"✘ Completions for node Send ([59:11, 61:40] - src/estudiante.wlk) failed: Error: [Send]{789ddd} at src/estudiante.wlk:59 exhausted all cases without a match [Send]{789ddd} at src/estudiante.wlk:59 exhausted all cases without a match","stack":"Error: [Send]{789ddd} at src/estudiante.wlk:59 exhausted all cases without a match\n    at c:\\Users\\Nicolee\\.vscode\\extensions\\uqbar.wollok-lsp-ide-0.5.4\\out\\server\\src\\server.js:38:6142\n    at L2 (c:\\Users\\Nicolee\\.vscode\\extensions\\uqbar.wollok-lsp-ide-0.5.4\\out\\server\\src\\server.js:2389:42)\n    at Jh (c:\\Users\\Nicolee\\.vscode\\extensions\\uqbar.wollok-lsp-ide-0.5.4\\out\\server\\src\\server.js:2389:1092)\n    at L2 (c:\\Users\\Nicolee\\.vscode\\extensions\\uqbar.wollok-lsp-ide-0.5.4\\out\\server\\src\\server.js:2389:544)\n    at Jh (c:\\Users\\Nicolee\\.vscode\\extensions\\uqbar.wollok-lsp-ide-0.5.4\\out\\server\\src\\server.js:2389:1092)\n    at M5n (c:\\Users\\Nicolee\\.vscode\\extensions\\uqbar.wollok-lsp-ide-0.5.4\\out\\server\\src\\server.js:2389:1248)\n    at c:\\Users\\Nicolee\\.vscode\\extensions\\uqbar.wollok-lsp-ide-0.5.4\\out\\server\\src\\server.js:38:6131\n    at L2 (c:\\Users\\Nicolee\\.vscode\\extensions\\uqbar.wollok-lsp-ide-0.5.4\\out\\server\\src\\server.js:2389:42)\n    at c:\\Users\\Nicolee\\.vscode\\extensions\\uqbar.wollok-lsp-ide-0.5.4\\out\\server\\src\\server.js:2389:2988\n    at c:\\Users\\Nicolee\\.vscode\\extensions\\uqbar.wollok-lsp-ide-0.5.4\\out\\server\\src\\server.js:2398:8440","timestamp":"2026-06-01T16:30:21.568Z"}
{"level":"error","message":"✘ Completions for node Return ([59:4, 61:40] - src/estudiante.wlk) failed: Error: [Return]{8ca6bc} at src/estudiante.wlk:59 exhausted all cases without a match [Return]{8ca6bc} at src/estudiante.wlk:59 exhausted all cases without a match","stack":"Error: [Return]{8ca6bc} at src/estudiante.wlk:59 exhausted all cases without a match\n    at c:\\Users\\Nicolee\\.vscode\\extensions\\uqbar.wollok-lsp-ide-0.5.4\\out\\server\\src\\server.js:38:6142\n    at L2 (c:\\Users\\Nicolee\\.vscode\\extensions\\uqbar.wollok-lsp-ide-0.5.4\\out\\server\\src\\server.js:2389:42)\n    at Jh (c:\\Users\\Nicolee\\.vscode\\extensions\\uqbar.wollok-lsp-ide-0.5.4\\out\\server\\src\\server.js:2389:1092)\n    at L2 (c:\\Users\\Nicolee\\.vscode\\extensions\\uqbar.wollok-lsp-ide-0.5.4\\out\\server\\src\\server.js:2389:544)\n    at Jh (c:\\Users\\Nicolee\\.vscode\\extensions\\uqbar.wollok-lsp-ide-0.5.4\\out\\server\\src\\server.js:2389:1092)\n    at L2 (c:\\Users\\Nicolee\\.vscode\\extensions\\uqbar.wollok-lsp-ide-0.5.4\\out\\server\\src\\server.js:2389:544)\n    at Jh (c:\\Users\\Nicolee\\.vscode\\extensions\\uqbar.wollok-lsp-ide-0.5.4\\out\\server\\src\\server.js:2389:1092)\n    at M5n (c:\\Users\\Nicolee\\.vscode\\extensions\\uqbar.wollok-lsp-ide-0.5.4\\out\\server\\src\\server.js:2389:1248)\n    at c:\\Users\\Nicolee\\.vscode\\extensions\\uqbar.wollok-lsp-ide-0.5.4\\out\\server\\src\\server.js:38:6131\n    at L2 (c:\\Users\\Nicolee\\.vscode\\extensions\\uqbar.wollok-lsp-ide-0.5.4\\out\\server\\src\\server.js:2389:42)","timestamp":"2026-06-01T16:30:21.568Z"}
{"level":"error","message":"✘ Completions for node Send ([61:4, 61:41] - src/estudiante.wlk) failed: Error: [Send]{cb6d76} at src/estudiante.wlk:61 exhausted all cases without a match [Send]{cb6d76} at src/estudiante.wlk:61 exhausted all cases without a match","stack":"Error: [Send]{cb6d76} at src/estudiante.wlk:61 exhausted all cases without a match\n    at c:\\Users\\Nicolee\\.vscode\\extensions\\uqbar.wollok-lsp-ide-0.5.4\\out\\server\\src\\server.js:38:6142\n    at L2 (c:\\Users\\Nicolee\\.vscode\\extensions\\uqbar.wollok-lsp-ide-0.5.4\\out\\server\\src\\server.js:2389:42)\n    at Jh (c:\\Users\\Nicolee\\.vscode\\extensions\\uqbar.wollok-lsp-ide-0.5.4\\out\\server\\src\\server.js:2389:1092)\n    at M5n (c:\\Users\\Nicolee\\.vscode\\extensions\\uqbar.wollok-lsp-ide-0.5.4\\out\\server\\src\\server.js:2389:1248)\n    at c:\\Users\\Nicolee\\.vscode\\extensions\\uqbar.wollok-lsp-ide-0.5.4\\out\\server\\src\\server.js:38:6131\n    at L2 (c:\\Users\\Nicolee\\.vscode\\extensions\\uqbar.wollok-lsp-ide-0.5.4\\out\\server\\src\\server.js:2389:42)\n    at c:\\Users\\Nicolee\\.vscode\\extensions\\uqbar.wollok-lsp-ide-0.5.4\\out\\server\\src\\server.js:2389:2988\n    at c:\\Users\\Nicolee\\.vscode\\extensions\\uqbar.wollok-lsp-ide-0.5.4\\out\\server\\src\\server.js:2398:8440\n    at c:\\Users\\Nicolee\\.vscode\\extensions\\uqbar.wollok-lsp-ide-0.5.4\\out\\server\\src\\server.js:37:74872\n    at Ke (c:\\Users\\Nicolee\\.vscode\\extensions\\uqbar.wollok-lsp-ide-0.5.4\\out\\server\\src\\server.js:7:8527)","timestamp":"2026-06-01T16:30:21.784Z"}
{"level":"error","message":"✘ Completions for node Send ([59:11, 61:41] - src/estudiante.wlk) failed: Error: [Send]{72bdef} at src/estudiante.wlk:59 exhausted all cases without a match [Send]{72bdef} at src/estudiante.wlk:59 exhausted all cases without a match","stack":"Error: [Send]{72bdef} at src/estudiante.wlk:59 exhausted all cases without a match\n    at c:\\Users\\Nicolee\\.vscode\\extensions\\uqbar.wollok-lsp-ide-0.5.4\\out\\server\\src\\server.js:38:6142\n    at L2 (c:\\Users\\Nicolee\\.vscode\\extensions\\uqbar.wollok-lsp-ide-0.5.4\\out\\server\\src\\server.js:2389:42)\n    at Jh (c:\\Users\\Nicolee\\.vscode\\extensions\\uqbar.wollok-lsp-ide-0.5.4\\out\\server\\src\\server.js:2389:1092)\n    at L2 (c:\\Users\\Nicolee\\.vscode\\extensions\\uqbar.wollok-lsp-ide-0.5.4\\out\\server\\src\\server.js:2389:544)\n    at Jh (c:\\Users\\Nicolee\\.vscode\\extensions\\uqbar.wollok-lsp-ide-0.5.4\\out\\server\\src\\server.js:2389:1092)\n    at M5n (c:\\Users\\Nicolee\\.vscode\\extensions\\uqbar.wollok-lsp-ide-0.5.4\\out\\server\\src\\server.js:2389:1248)\n    at c:\\Users\\Nicolee\\.vscode\\extensions\\uqbar.wollok-lsp-ide-0.5.4\\out\\server\\src\\server.js:38:6131\n    at L2 (c:\\Users\\Nicolee\\.vscode\\extensions\\uqbar.wollok-lsp-ide-0.5.4\\out\\server\\src\\server.js:2389:42)\n    at c:\\Users\\Nicolee\\.vscode\\extensions\\uqbar.wollok-lsp-ide-0.5.4\\out\\server\\src\\server.js:2389:2988\n    at c:\\Users\\Nicolee\\.vscode\\extensions\\uqbar.wollok-lsp-ide-0.5.4\\out\\server\\src\\server.js:2398:8440","timestamp":"2026-06-01T16:30:21.784Z"}
{"level":"error","message":"✘ Completions for node Return ([59:4, 61:41] - src/estudiante.wlk) failed: Error: [Return]{e6ecbb} at src/estudiante.wlk:59 exhausted all cases without a match [Return]{e6ecbb} at src/estudiante.wlk:59 exhausted all cases without a match","stack":"Error: [Return]{e6ecbb} at src/estudiante.wlk:59 exhausted all cases without a match\n    at c:\\Users\\Nicolee\\.vscode\\extensions\\uqbar.wollok-lsp-ide-0.5.4\\out\\server\\src\\server.js:38:6142\n    at L2 (c:\\Users\\Nicolee\\.vscode\\extensions\\uqbar.wollok-lsp-ide-0.5.4\\out\\server\\src\\server.js:2389:42)\n    at Jh (c:\\Users\\Nicolee\\.vscode\\extensions\\uqbar.wollok-lsp-ide-0.5.4\\out\\server\\src\\server.js:2389:1092)\n    at L2 (c:\\Users\\Nicolee\\.vscode\\extensions\\uqbar.wollok-lsp-ide-0.5.4\\out\\server\\src\\server.js:2389:544)\n    at Jh (c:\\Users\\Nicolee\\.vscode\\extensions\\uqbar.wollok-lsp-ide-0.5.4\\out\\server\\src\\server.js:2389:1092)\n    at L2 (c:\\Users\\Nicolee\\.vscode\\extensions\\uqbar.wollok-lsp-ide-0.5.4\\out\\server\\src\\server.js:2389:544)\n    at Jh (c:\\Users\\Nicolee\\.vscode\\extensions\\uqbar.wollok-lsp-ide-0.5.4\\out\\server\\src\\server.js:2389:1092)\n    at M5n (c:\\Users\\Nicolee\\.vscode\\extensions\\uqbar.wollok-lsp-ide-0.5.4\\out\\server\\src\\server.js:2389:1248)\n    at c:\\Users\\Nicolee\\.vscode\\extensions\\uqbar.wollok-lsp-ide-0.5.4\\out\\server\\src\\server.js:38:6131\n    at L2 (c:\\Users\\Nicolee\\.vscode\\extensions\\uqbar.wollok-lsp-ide-0.5.4\\out\\server\\src\\server.js:2389:42)","timestamp":"2026-06-01T16:30:21.784Z"}
{"level":"info","message":"⌛ Validating src/estudiante.wlk","timeElapsed":101,"timestamp":"2026-06-01T16:30:21.887Z"}
{"level":"error","message":"✘ Completions for node Send ([61:4, 61:42] - src/estudiante.wlk) failed: Error: [Send]{2884ab} at src/estudiante.wlk:61 exhausted all cases without a match [Send]{2884ab} at src/estudiante.wlk:61 exhausted all cases without a match","stack":"Error: [Send]{2884ab} at src/estudiante.wlk:61 exhausted all cases without a match\n    at c:\\Users\\Nicolee\\.vscode\\extensions\\uqbar.wollok-lsp-ide-0.5.4\\out\\server\\src\\server.js:38:6142\n    at L2 (c:\\Users\\Nicolee\\.vscode\\extensions\\uqbar.wollok-lsp-ide-0.5.4\\out\\server\\src\\server.js:2389:42)\n    at Jh (c:\\Users\\Nicolee\\.vscode\\extensions\\uqbar.wollok-lsp-ide-0.5.4\\out\\server\\src\\server.js:2389:1092)\n    at M5n (c:\\Users\\Nicolee\\.vscode\\extensions\\uqbar.wollok-lsp-ide-0.5.4\\out\\server\\src\\server.js:2389:1248)\n    at c:\\Users\\Nicolee\\.vscode\\extensions\\uqbar.wollok-lsp-ide-0.5.4\\out\\server\\src\\server.js:38:6131\n    at L2 (c:\\Users\\Nicolee\\.vscode\\extensions\\uqbar.wollok-lsp-ide-0.5.4\\out\\server\\src\\server.js:2389:42)\n    at c:\\Users\\Nicolee\\.vscode\\extensions\\uqbar.wollok-lsp-ide-0.5.4\\out\\server\\src\\server.js:2389:2988\n    at c:\\Users\\Nicolee\\.vscode\\extensions\\uqbar.wollok-lsp-ide-0.5.4\\out\\server\\src\\server.js:2398:8440\n    at c:\\Users\\Nicolee\\.vscode\\extensions\\uqbar.wollok-lsp-ide-0.5.4\\out\\server\\src\\server.js:37:74872\n    at Ke (c:\\Users\\Nicolee\\.vscode\\extensions\\uqbar.wollok-lsp-ide-0.5.4\\out\\server\\src\\server.js:7:8527)","timestamp":"2026-06-01T16:30:22.021Z"}
{"level":"error","message":"✘ Completions for node Send ([59:11, 61:42] - src/estudiante.wlk) failed: Error: [Send]{49262e} at src/estudiante.wlk:59 exhausted all cases without a match [Send]{49262e} at src/estudiante.wlk:59 exhausted all cases without a match","stack":"Error: [Send]{49262e} at src/estudiante.wlk:59 exhausted all cases without a match\n    at c:\\Users\\Nicolee\\.vscode\\extensions\\uqbar.wollok-lsp-ide-0.5.4\\out\\server\\src\\server.js:38:6142\n    at L2 (c:\\Users\\Nicolee\\.vscode\\extensions\\uqbar.wollok-lsp-ide-0.5.4\\out\\server\\src\\server.js:2389:42)\n    at Jh (c:\\Users\\Nicolee\\.vscode\\extensions\\uqbar.wollok-lsp-ide-0.5.4\\out\\server\\src\\server.js:2389:1092)\n    at L2 (c:\\Users\\Nicolee\\.vscode\\extensions\\uqbar.wollok-lsp-ide-0.5.4\\out\\server\\src\\server.js:2389:544)\n    at Jh (c:\\Users\\Nicolee\\.vscode\\extensions\\uqbar.wollok-lsp-ide-0.5.4\\out\\server\\src\\server.js:2389:1092)\n    at M5n (c:\\Users\\Nicolee\\.vscode\\extensions\\uqbar.wollok-lsp-ide-0.5.4\\out\\server\\src\\server.js:2389:1248)\n    at c:\\Users\\Nicolee\\.vscode\\extensions\\uqbar.wollok-lsp-ide-0.5.4\\out\\server\\src\\server.js:38:6131\n    at L2 (c:\\Users\\Nicolee\\.vscode\\extensions\\uqbar.wollok-lsp-ide-0.5.4\\out\\server\\src\\server.js:2389:42)\n    at c:\\Users\\Nicolee\\.vscode\\extensions\\uqbar.wollok-lsp-ide-0.5.4\\out\\server\\src\\server.js:2389:2988\n    at c:\\Users\\Nicolee\\.vscode\\extensions\\uqbar.wollok-lsp-ide-0.5.4\\out\\server\\src\\server.js:2398:8440","timestamp":"2026-06-01T16:30:22.021Z"}
{"level":"error","message":"✘ Completions for node Return ([59:4, 61:42] - src/estudiante.wlk) failed: Error: [Return]{da7c89} at src/estudiante.wlk:59 exhausted all cases without a match [Return]{da7c89} at src/estudiante.wlk:59 exhausted all cases without a match","stack":"Error: [Return]{da7c89} at src/estudiante.wlk:59 exhausted all cases without a match\n    at c:\\Users\\Nicolee\\.vscode\\extensions\\uqbar.wollok-lsp-ide-0.5.4\\out\\server\\src\\server.js:38:6142\n    at L2 (c:\\Users\\Nicolee\\.vscode\\extensions\\uqbar.wollok-lsp-ide-0.5.4\\out\\server\\src\\server.js:2389:42)\n    at Jh (c:\\Users\\Nicolee\\.vscode\\extensions\\uqbar.wollok-lsp-ide-0.5.4\\out\\server\\src\\server.js:2389:1092)\n    at L2 (c:\\Users\\Nicolee\\.vscode\\extensions\\uqbar.wollok-lsp-ide-0.5.4\\out\\server\\src\\server.js:2389:544)\n    at Jh (c:\\Users\\Nicolee\\.vscode\\extensions\\uqbar.wollok-lsp-ide-0.5.4\\out\\server\\src\\server.js:2389:1092)\n    at L2 (c:\\Users\\Nicolee\\.vscode\\extensions\\uqbar.wollok-lsp-ide-0.5.4\\out\\server\\src\\server.js:2389:544)\n    at Jh (c:\\Users\\Nicolee\\.vscode\\extensions\\uqbar.wollok-lsp-ide-0.5.4\\out\\server\\src\\server.js:2389:1092)\n    at M5n (c:\\Users\\Nicolee\\.vscode\\extensions\\uqbar.wollok-lsp-ide-0.5.4\\out\\server\\src\\server.js:2389:1248)\n    at c:\\Users\\Nicolee\\.vscode\\extensions\\uqbar.wollok-lsp-ide-0.5.4\\out\\server\\src\\server.js:38:6131\n    at L2 (c:\\Users\\Nicolee\\.vscode\\extensions\\uqbar.wollok-lsp-ide-0.5.4\\out\\server\\src\\server.js:2389:42)","timestamp":"2026-06-01T16:30:22.021Z"}
{"level":"error","message":"✘ Completions for node Send ([61:4, 61:43] - src/estudiante.wlk) failed: Error: [Send]{8bdccb} at src/estudiante.wlk:61 exhausted all cases without a match [Send]{8bdccb} at src/estudiante.wlk:61 exhausted all cases without a match","stack":"Error: [Send]{8bdccb} at src/estudiante.wlk:61 exhausted all cases without a match\n    at c:\\Users\\Nicolee\\.vscode\\extensions\\uqbar.wollok-lsp-ide-0.5.4\\out\\server\\src\\server.js:38:6142\n    at L2 (c:\\Users\\Nicolee\\.vscode\\extensions\\uqbar.wollok-lsp-ide-0.5.4\\out\\server\\src\\server.js:2389:42)\n    at Jh (c:\\Users\\Nicolee\\.vscode\\extensions\\uqbar.wollok-lsp-ide-0.5.4\\out\\server\\src\\server.js:2389:1092)\n    at M5n (c:\\Users\\Nicolee\\.vscode\\extensions\\uqbar.wollok-lsp-ide-0.5.4\\out\\server\\src\\server.js:2389:1248)\n    at c:\\Users\\Nicolee\\.vscode\\extensions\\uqbar.wollok-lsp-ide-0.5.4\\out\\server\\src\\server.js:38:6131\n    at L2 (c:\\Users\\Nicolee\\.vscode\\extensions\\uqbar.wollok-lsp-ide-0.5.4\\out\\server\\src\\server.js:2389:42)\n    at c:\\Users\\Nicolee\\.vscode\\extensions\\uqbar.wollok-lsp-ide-0.5.4\\out\\server\\src\\server.js:2389:2988\n    at c:\\Users\\Nicolee\\.vscode\\extensions\\uqbar.wollok-lsp-ide-0.5.4\\out\\server\\src\\server.js:2398:8440\n    at c:\\Users\\Nicolee\\.vscode\\extensions\\uqbar.wollok-lsp-ide-0.5.4\\out\\server\\src\\server.js:37:74872\n    at Ke (c:\\Users\\Nicolee\\.vscode\\extensions\\uqbar.wollok-lsp-ide-0.5.4\\out\\server\\src\\server.js:7:8527)","timestamp":"2026-06-01T16:30:22.913Z"}
{"level":"error","message":"✘ Completions for node Send ([59:11, 61:43] - src/estudiante.wlk) failed: Error: [Send]{b0e841} at src/estudiante.wlk:59 exhausted all cases without a match [Send]{b0e841} at src/estudiante.wlk:59 exhausted all cases without a match","stack":"Error: [Send]{b0e841} at src/estudiante.wlk:59 exhausted all cases without a match\n    at c:\\Users\\Nicolee\\.vscode\\extensions\\uqbar.wollok-lsp-ide-0.5.4\\out\\server\\src\\server.js:38:6142\n    at L2 (c:\\Users\\Nicolee\\.vscode\\extensions\\uqbar.wollok-lsp-ide-0.5.4\\out\\server\\src\\server.js:2389:42)\n    at Jh (c:\\Users\\Nicolee\\.vscode\\extensions\\uqbar.wollok-lsp-ide-0.5.4\\out\\server\\src\\server.js:2389:1092)\n    at L2 (c:\\Users\\Nicolee\\.vscode\\extensions\\uqbar.wollok-lsp-ide-0.5.4\\out\\server\\src\\server.js:2389:544)\n    at Jh (c:\\Users\\Nicolee\\.vscode\\extensions\\uqbar.wollok-lsp-ide-0.5.4\\out\\server\\src\\server.js:2389:1092)\n    at M5n (c:\\Users\\Nicolee\\.vscode\\extensions\\uqbar.wollok-lsp-ide-0.5.4\\out\\server\\src\\server.js:2389:1248)\n    at c:\\Users\\Nicolee\\.vscode\\extensions\\uqbar.wollok-lsp-ide-0.5.4\\out\\server\\src\\server.js:38:6131\n    at L2 (c:\\Users\\Nicolee\\.vscode\\extensions\\uqbar.wollok-lsp-ide-0.5.4\\out\\server\\src\\server.js:2389:42)\n    at c:\\Users\\Nicolee\\.vscode\\extensions\\uqbar.wollok-lsp-ide-0.5.4\\out\\server\\src\\server.js:2389:2988\n    at c:\\Users\\Nicolee\\.vscode\\extensions\\uqbar.wollok-lsp-ide-0.5.4\\out\\server\\src\\server.js:2398:8440","timestamp":"2026-06-01T16:30:22.913Z"}
{"level":"error","message":"✘ Completions for node Return ([59:4, 61:43] - src/estudiante.wlk) failed: Error: [Return]{19cee5} at src/estudiante.wlk:59 exhausted all cases without a match [Return]{19cee5} at src/estudiante.wlk:59 exhausted all cases without a match","stack":"Error: [Return]{19cee5} at src/estudiante.wlk:59 exhausted all cases without a match\n    at c:\\Users\\Nicolee\\.vscode\\extensions\\uqbar.wollok-lsp-ide-0.5.4\\out\\server\\src\\server.js:38:6142\n    at L2 (c:\\Users\\Nicolee\\.vscode\\extensions\\uqbar.wollok-lsp-ide-0.5.4\\out\\server\\src\\server.js:2389:42)\n    at Jh (c:\\Users\\Nicolee\\.vscode\\extensions\\uqbar.wollok-lsp-ide-0.5.4\\out\\server\\src\\server.js:2389:1092)\n    at L2 (c:\\Users\\Nicolee\\.vscode\\extensions\\uqbar.wollok-lsp-ide-0.5.4\\out\\server\\src\\server.js:2389:544)\n    at Jh (c:\\Users\\Nicolee\\.vscode\\extensions\\uqbar.wollok-lsp-ide-0.5.4\\out\\server\\src\\server.js:2389:1092)\n    at L2 (c:\\Users\\Nicolee\\.vscode\\extensions\\uqbar.wollok-lsp-ide-0.5.4\\out\\server\\src\\server.js:2389:544)\n    at Jh (c:\\Users\\Nicolee\\.vscode\\extensions\\uqbar.wollok-lsp-ide-0.5.4\\out\\server\\src\\server.js:2389:1092)\n    at M5n (c:\\Users\\Nicolee\\.vscode\\extensions\\uqbar.wollok-lsp-ide-0.5.4\\out\\server\\src\\server.js:2389:1248)\n    at c:\\Users\\Nicolee\\.vscode\\extensions\\uqbar.wollok-lsp-ide-0.5.4\\out\\server\\src\\server.js:38:6131\n    at L2 (c:\\Users\\Nicolee\\.vscode\\extensions\\uqbar.wollok-lsp-ide-0.5.4\\out\\server\\src\\server.js:2389:42)","timestamp":"2026-06-01T16:30:22.914Z"}
{"level":"info","message":"⌛ Validating src/estudiante.wlk","timeElapsed":125,"timestamp":"2026-06-01T16:30:23.041Z"}
{"level":"info","message":"⌛ Building environment","timeElapsed":117,"timestamp":"2026-06-01T16:30:23.158Z"}
{"level":"error","message":"✘ Completions for node Send ([61:4, 61:44] - src/estudiante.wlk) failed: Error: [Send]{259fcd} at src/estudiante.wlk:61 exhausted all cases without a match [Send]{259fcd} at src/estudiante.wlk:61 exhausted all cases without a match","stack":"Error: [Send]{259fcd} at src/estudiante.wlk:61 exhausted all cases without a match\n    at c:\\Users\\Nicolee\\.vscode\\extensions\\uqbar.wollok-lsp-ide-0.5.4\\out\\server\\src\\server.js:38:6142\n    at L2 (c:\\Users\\Nicolee\\.vscode\\extensions\\uqbar.wollok-lsp-ide-0.5.4\\out\\server\\src\\server.js:2389:42)\n    at Jh (c:\\Users\\Nicolee\\.vscode\\extensions\\uqbar.wollok-lsp-ide-0.5.4\\out\\server\\src\\server.js:2389:1092)\n    at M5n (c:\\Users\\Nicolee\\.vscode\\extensions\\uqbar.wollok-lsp-ide-0.5.4\\out\\server\\src\\server.js:2389:1248)\n    at c:\\Users\\Nicolee\\.vscode\\extensions\\uqbar.wollok-lsp-ide-0.5.4\\out\\server\\src\\server.js:38:6131\n    at L2 (c:\\Users\\Nicolee\\.vscode\\extensions\\uqbar.wollok-lsp-ide-0.5.4\\out\\server\\src\\server.js:2389:42)\n    at c:\\Users\\Nicolee\\.vscode\\extensions\\uqbar.wollok-lsp-ide-0.5.4\\out\\server\\src\\server.js:2389:2988\n    at c:\\Users\\Nicolee\\.vscode\\extensions\\uqbar.wollok-lsp-ide-0.5.4\\out\\server\\src\\server.js:2398:8440\n    at c:\\Users\\Nicolee\\.vscode\\extensions\\uqbar.wollok-lsp-ide-0.5.4\\out\\server\\src\\server.js:37:74872\n    at Ke (c:\\Users\\Nicolee\\.vscode\\extensions\\uqbar.wollok-lsp-ide-0.5.4\\out\\server\\src\\server.js:7:8527)","timestamp":"2026-06-01T16:30:23.186Z"}
{"level":"error","message":"✘ Completions for node Send ([59:11, 61:44] - src/estudiante.wlk) failed: Error: [Send]{f4a5b5} at src/estudiante.wlk:59 exhausted all cases without a match [Send]{f4a5b5} at src/estudiante.wlk:59 exhausted all cases without a match","stack":"Error: [Send]{f4a5b5} at src/estudiante.wlk:59 exhausted all cases without a match\n    at c:\\Users\\Nicolee\\.vscode\\extensions\\uqbar.wollok-lsp-ide-0.5.4\\out\\server\\src\\server.js:38:6142\n    at L2 (c:\\Users\\Nicolee\\.vscode\\extensions\\uqbar.wollok-lsp-ide-0.5.4\\out\\server\\src\\server.js:2389:42)\n    at Jh (c:\\Users\\Nicolee\\.vscode\\extensions\\uqbar.wollok-lsp-ide-0.5.4\\out\\server\\src\\server.js:2389:1092)\n    at L2 (c:\\Users\\Nicolee\\.vscode\\extensions\\uqbar.wollok-lsp-ide-0.5.4\\out\\server\\src\\server.js:2389:544)\n    at Jh (c:\\Users\\Nicolee\\.vscode\\extensions\\uqbar.wollok-lsp-ide-0.5.4\\out\\server\\src\\server.js:2389:1092)\n    at M5n (c:\\Users\\Nicolee\\.vscode\\extensions\\uqbar.wollok-lsp-ide-0.5.4\\out\\server\\src\\server.js:2389:1248)\n    at c:\\Users\\Nicolee\\.vscode\\extensions\\uqbar.wollok-lsp-ide-0.5.4\\out\\server\\src\\server.js:38:6131\n    at L2 (c:\\Users\\Nicolee\\.vscode\\extensions\\uqbar.wollok-lsp-ide-0.5.4\\out\\server\\src\\server.js:2389:42)\n    at c:\\Users\\Nicolee\\.vscode\\extensions\\uqbar.wollok-lsp-ide-0.5.4\\out\\server\\src\\server.js:2389:2988\n    at c:\\Users\\Nicolee\\.vscode\\extensions\\uqbar.wollok-lsp-ide-0.5.4\\out\\server\\src\\server.js:2398:8440","timestamp":"2026-06-01T16:30:23.186Z"}
{"level":"error","message":"✘ Completions for node Return ([59:4, 61:44] - src/estudiante.wlk) failed: Error: [Return]{d75194} at src/estudiante.wlk:59 exhausted all cases without a match [Return]{d75194} at src/estudiante.wlk:59 exhausted all cases without a match","stack":"Error: [Return]{d75194} at src/estudiante.wlk:59 exhausted all cases without a match\n    at c:\\Users\\Nicolee\\.vscode\\extensions\\uqbar.wollok-lsp-ide-0.5.4\\out\\server\\src\\server.js:38:6142\n    at L2 (c:\\Users\\Nicolee\\.vscode\\extensions\\uqbar.wollok-lsp-ide-0.5.4\\out\\server\\src\\server.js:2389:42)\n    at Jh (c:\\Users\\Nicolee\\.vscode\\extensions\\uqbar.wollok-lsp-ide-0.5.4\\out\\server\\src\\server.js:2389:1092)\n    at L2 (c:\\Users\\Nicolee\\.vscode\\extensions\\uqbar.wollok-lsp-ide-0.5.4\\out\\server\\src\\server.js:2389:544)\n    at Jh (c:\\Users\\Nicolee\\.vscode\\extensions\\uqbar.wollok-lsp-ide-0.5.4\\out\\server\\src\\server.js:2389:1092)\n    at L2 (c:\\Users\\Nicolee\\.vscode\\extensions\\uqbar.wollok-lsp-ide-0.5.4\\out\\server\\src\\server.js:2389:544)\n    at Jh (c:\\Users\\Nicolee\\.vscode\\extensions\\uqbar.wollok-lsp-ide-0.5.4\\out\\server\\src\\server.js:2389:1092)\n    at M5n (c:\\Users\\Nicolee\\.vscode\\extensions\\uqbar.wollok-lsp-ide-0.5.4\\out\\server\\src\\server.js:2389:1248)\n    at c:\\Users\\Nicolee\\.vscode\\extensions\\uqbar.wollok-lsp-ide-0.5.4\\out\\server\\src\\server.js:38:6131\n    at L2 (c:\\Users\\Nicolee\\.vscode\\extensions\\uqbar.wollok-lsp-ide-0.5.4\\out\\server\\src\\server.js:2389:42)","timestamp":"2026-06-01T16:30:23.186Z"}
{"level":"info","message":"⌛ Validating src/estudiante.wlk","timeElapsed":120,"timestamp":"2026-06-01T16:30:23.396Z"}
{"level":"error","message":"✘ Completions for node Send ([61:4, 61:46] - src/estudiante.wlk) failed: Error: [Send]{c65c71} at src/estudiante.wlk:61 exhausted all cases without a match [Send]{c65c71} at src/estudiante.wlk:61 exhausted all cases without a match","stack":"Error: [Send]{c65c71} at src/estudiante.wlk:61 exhausted all cases without a match\n    at c:\\Users\\Nicolee\\.vscode\\extensions\\uqbar.wollok-lsp-ide-0.5.4\\out\\server\\src\\server.js:38:6142\n    at L2 (c:\\Users\\Nicolee\\.vscode\\extensions\\uqbar.wollok-lsp-ide-0.5.4\\out\\server\\src\\server.js:2389:42)\n    at Jh (c:\\Users\\Nicolee\\.vscode\\extensions\\uqbar.wollok-lsp-ide-0.5.4\\out\\server\\src\\server.js:2389:1092)\n    at M5n (c:\\Users\\Nicolee\\.vscode\\extensions\\uqbar.wollok-lsp-ide-0.5.4\\out\\server\\src\\server.js:2389:1248)\n    at c:\\Users\\Nicolee\\.vscode\\extensions\\uqbar.wollok-lsp-ide-0.5.4\\out\\server\\src\\server.js:38:6131\n    at L2 (c:\\Users\\Nicolee\\.vscode\\extensions\\uqbar.wollok-lsp-ide-0.5.4\\out\\server\\src\\server.js:2389:42)\n    at c:\\Users\\Nicolee\\.vscode\\extensions\\uqbar.wollok-lsp-ide-0.5.4\\out\\server\\src\\server.js:2389:2988\n    at c:\\Users\\Nicolee\\.vscode\\extensions\\uqbar.wollok-lsp-ide-0.5.4\\out\\server\\src\\server.js:2398:8440\n    at c:\\Users\\Nicolee\\.vscode\\extensions\\uqbar.wollok-lsp-ide-0.5.4\\out\\server\\src\\server.js:37:74872\n    at Ke (c:\\Users\\Nicolee\\.vscode\\extensions\\uqbar.wollok-lsp-ide-0.5.4\\out\\server\\src\\server.js:7:8527)","timestamp":"2026-06-01T16:30:23.516Z"}
{"level":"error","message":"✘ Completions for node Send ([59:11, 61:46] - src/estudiante.wlk) failed: Error: [Send]{fd7d0e} at src/estudiante.wlk:59 exhausted all cases without a match [Send]{fd7d0e} at src/estudiante.wlk:59 exhausted all cases without a match","stack":"Error: [Send]{fd7d0e} at src/estudiante.wlk:59 exhausted all cases without a match\n    at c:\\Users\\Nicolee\\.vscode\\extensions\\uqbar.wollok-lsp-ide-0.5.4\\out\\server\\src\\server.js:38:6142\n    at L2 (c:\\Users\\Nicolee\\.vscode\\extensions\\uqbar.wollok-lsp-ide-0.5.4\\out\\server\\src\\server.js:2389:42)\n    at Jh (c:\\Users\\Nicolee\\.vscode\\extensions\\uqbar.wollok-lsp-ide-0.5.4\\out\\server\\src\\server.js:2389:1092)\n    at L2 (c:\\Users\\Nicolee\\.vscode\\extensions\\uqbar.wollok-lsp-ide-0.5.4\\out\\server\\src\\server.js:2389:544)\n    at Jh (c:\\Users\\Nicolee\\.vscode\\extensions\\uqbar.wollok-lsp-ide-0.5.4\\out\\server\\src\\server.js:2389:1092)\n    at M5n (c:\\Users\\Nicolee\\.vscode\\extensions\\uqbar.wollok-lsp-ide-0.5.4\\out\\server\\src\\server.js:2389:1248)\n    at c:\\Users\\Nicolee\\.vscode\\extensions\\uqbar.wollok-lsp-ide-0.5.4\\out\\server\\src\\server.js:38:6131\n    at L2 (c:\\Users\\Nicolee\\.vscode\\extensions\\uqbar.wollok-lsp-ide-0.5.4\\out\\server\\src\\server.js:2389:42)\n    at c:\\Users\\Nicolee\\.vscode\\extensions\\uqbar.wollok-lsp-ide-0.5.4\\out\\server\\src\\server.js:2389:2988\n    at c:\\Users\\Nicolee\\.vscode\\extensions\\uqbar.wollok-lsp-ide-0.5.4\\out\\server\\src\\server.js:2398:8440","timestamp":"2026-06-01T16:30:23.516Z"}
{"level":"error","message":"✘ Completions for node Return ([59:4, 61:46] - src/estudiante.wlk) failed: Error: [Return]{6eaaf5} at src/estudiante.wlk:59 exhausted all cases without a match [Return]{6eaaf5} at src/estudiante.wlk:59 exhausted all cases without a match","stack":"Error: [Return]{6eaaf5} at src/estudiante.wlk:59 exhausted all cases without a match\n    at c:\\Users\\Nicolee\\.vscode\\extensions\\uqbar.wollok-lsp-ide-0.5.4\\out\\server\\src\\server.js:38:6142\n    at L2 (c:\\Users\\Nicolee\\.vscode\\extensions\\uqbar.wollok-lsp-ide-0.5.4\\out\\server\\src\\server.js:2389:42)\n    at Jh (c:\\Users\\Nicolee\\.vscode\\extensions\\uqbar.wollok-lsp-ide-0.5.4\\out\\server\\src\\server.js:2389:1092)\n    at L2 (c:\\Users\\Nicolee\\.vscode\\extensions\\uqbar.wollok-lsp-ide-0.5.4\\out\\server\\src\\server.js:2389:544)\n    at Jh (c:\\Users\\Nicolee\\.vscode\\extensions\\uqbar.wollok-lsp-ide-0.5.4\\out\\server\\src\\server.js:2389:1092)\n    at L2 (c:\\Users\\Nicolee\\.vscode\\extensions\\uqbar.wollok-lsp-ide-0.5.4\\out\\server\\src\\server.js:2389:544)\n    at Jh (c:\\Users\\Nicolee\\.vscode\\extensions\\uqbar.wollok-lsp-ide-0.5.4\\out\\server\\src\\server.js:2389:1092)\n    at M5n (c:\\Users\\Nicolee\\.vscode\\extensions\\uqbar.wollok-lsp-ide-0.5.4\\out\\server\\src\\server.js:2389:1248)\n    at c:\\Users\\Nicolee\\.vscode\\extensions\\uqbar.wollok-lsp-ide-0.5.4\\out\\server\\src\\server.js:38:6131\n    at L2 (c:\\Users\\Nicolee\\.vscode\\extensions\\uqbar.wollok-lsp-ide-0.5.4\\out\\server\\src\\server.js:2389:42)","timestamp":"2026-06-01T16:30:23.516Z"}
{"level":"info","message":"⌛ Validating src/estudiante.wlk","timeElapsed":129,"timestamp":"2026-06-01T16:30:23.649Z"}
{"level":"info","message":"⌛ Building environment","timeElapsed":135,"timestamp":"2026-06-01T16:30:23.784Z"}
{"level":"info","message":"⌛ Validating src/estudiante.wlk","timeElapsed":123,"timestamp":"2026-06-01T16:30:23.908Z"}
{"level":"info","message":"⌛ Validating src/estudiante.wlk","timeElapsed":123,"timestamp":"2026-06-01T16:30:24.111Z"}
{"level":"info","message":"⌛ Validating src/estudiante.wlk","timeElapsed":118,"timestamp":"2026-06-01T16:30:24.234Z"}
{"level":"info","message":"⌛ Validating src/estudiante.wlk","timeElapsed":124,"timestamp":"2026-06-01T16:30:24.536Z"}
{"level":"info","message":"⌛ Validating src/estudiante.wlk","timeElapsed":123,"timestamp":"2026-06-01T16:30:24.659Z"}
{"level":"info","message":"⌛ Building environment","timeElapsed":140,"timestamp":"2026-06-01T16:30:25.041Z"}
{"level":"error","message":"✘ Completions for node Send ([61:8, 61:51] - src/estudiante.wlk) failed: Error: [Send]{e0991f} at src/estudiante.wlk:61 exhausted all cases without a match [Send]{e0991f} at src/estudiante.wlk:61 exhausted all cases without a match","stack":"Error: [Send]{e0991f} at src/estudiante.wlk:61 exhausted all cases without a match\n    at c:\\Users\\Nicolee\\.vscode\\extensions\\uqbar.wollok-lsp-ide-0.5.4\\out\\server\\src\\server.js:38:6142\n    at L2 (c:\\Users\\Nicolee\\.vscode\\extensions\\uqbar.wollok-lsp-ide-0.5.4\\out\\server\\src\\server.js:2389:42)\n    at Jh (c:\\Users\\Nicolee\\.vscode\\extensions\\uqbar.wollok-lsp-ide-0.5.4\\out\\server\\src\\server.js:2389:1092)\n    at M5n (c:\\Users\\Nicolee\\.vscode\\extensions\\uqbar.wollok-lsp-ide-0.5.4\\out\\server\\src\\server.js:2389:1248)\n    at c:\\Users\\Nicolee\\.vscode\\extensions\\uqbar.wollok-lsp-ide-0.5.4\\out\\server\\src\\server.js:38:6131\n    at L2 (c:\\Users\\Nicolee\\.vscode\\extensions\\uqbar.wollok-lsp-ide-0.5.4\\out\\server\\src\\server.js:2389:42)\n    at c:\\Users\\Nicolee\\.vscode\\extensions\\uqbar.wollok-lsp-ide-0.5.4\\out\\server\\src\\server.js:2389:2988\n    at c:\\Users\\Nicolee\\.vscode\\extensions\\uqbar.wollok-lsp-ide-0.5.4\\out\\server\\src\\server.js:2398:8440\n    at c:\\Users\\Nicolee\\.vscode\\extensions\\uqbar.wollok-lsp-ide-0.5.4\\out\\server\\src\\server.js:37:74872\n    at Ke (c:\\Users\\Nicolee\\.vscode\\extensions\\uqbar.wollok-lsp-ide-0.5.4\\out\\server\\src\\server.js:7:8527)","timestamp":"2026-06-01T16:30:25.065Z"}
{"level":"error","message":"✘ Completions for node Send ([61:4, 61:51] - src/estudiante.wlk) failed: Error: [Send]{9c161c} at src/estudiante.wlk:61 exhausted all cases without a match [Send]{9c161c} at src/estudiante.wlk:61 exhausted all cases without a match","stack":"Error: [Send]{9c161c} at src/estudiante.wlk:61 exhausted all cases without a match\n    at c:\\Users\\Nicolee\\.vscode\\extensions\\uqbar.wollok-lsp-ide-0.5.4\\out\\server\\src\\server.js:38:6142\n    at L2 (c:\\Users\\Nicolee\\.vscode\\extensions\\uqbar.wollok-lsp-ide-0.5.4\\out\\server\\src\\server.js:2389:42)\n    at Jh (c:\\Users\\Nicolee\\.vscode\\extensions\\uqbar.wollok-lsp-ide-0.5.4\\out\\server\\src\\server.js:2389:1092)\n    at L2 (c:\\Users\\Nicolee\\.vscode\\extensions\\uqbar.wollok-lsp-ide-0.5.4\\out\\server\\src\\server.js:2389:544)\n    at Jh (c:\\Users\\Nicolee\\.vscode\\extensions\\uqbar.wollok-lsp-ide-0.5.4\\out\\server\\src\\server.js:2389:1092)\n    at M5n (c:\\Users\\Nicolee\\.vscode\\extensions\\uqbar.wollok-lsp-ide-0.5.4\\out\\server\\src\\server.js:2389:1248)\n    at c:\\Users\\Nicolee\\.vscode\\extensions\\uqbar.wollok-lsp-ide-0.5.4\\out\\server\\src\\server.js:38:6131\n    at L2 (c:\\Users\\Nicolee\\.vscode\\extensions\\uqbar.wollok-lsp-ide-0.5.4\\out\\server\\src\\server.js:2389:42)\n    at c:\\Users\\Nicolee\\.vscode\\extensions\\uqbar.wollok-lsp-ide-0.5.4\\out\\server\\src\\server.js:2389:2988\n    at c:\\Users\\Nicolee\\.vscode\\extensions\\uqbar.wollok-lsp-ide-0.5.4\\out\\server\\src\\server.js:2398:8440","timestamp":"2026-06-01T16:30:25.065Z"}
{"level":"error","message":"✘ Completions for node Send ([59:11, 61:51] - src/estudiante.wlk) failed: Error: [Send]{7d6367} at src/estudiante.wlk:59 exhausted all cases without a match [Send]{7d6367} at src/estudiante.wlk:59 exhausted all cases without a match","stack":"Error: [Send]{7d6367} at src/estudiante.wlk:59 exhausted all cases without a match\n    at c:\\Users\\Nicolee\\.vscode\\extensions\\uqbar.wollok-lsp-ide-0.5.4\\out\\server\\src\\server.js:38:6142\n    at L2 (c:\\Users\\Nicolee\\.vscode\\extensions\\uqbar.wollok-lsp-ide-0.5.4\\out\\server\\src\\server.js:2389:42)\n    at Jh (c:\\Users\\Nicolee\\.vscode\\extensions\\uqbar.wollok-lsp-ide-0.5.4\\out\\server\\src\\server.js:2389:1092)\n    at L2 (c:\\Users\\Nicolee\\.vscode\\extensions\\uqbar.wollok-lsp-ide-0.5.4\\out\\server\\src\\server.js:2389:544)\n    at Jh (c:\\Users\\Nicolee\\.vscode\\extensions\\uqbar.wollok-lsp-ide-0.5.4\\out\\server\\src\\server.js:2389:1092)\n    at L2 (c:\\Users\\Nicolee\\.vscode\\extensions\\uqbar.wollok-lsp-ide-0.5.4\\out\\server\\src\\server.js:2389:544)\n    at Jh (c:\\Users\\Nicolee\\.vscode\\extensions\\uqbar.wollok-lsp-ide-0.5.4\\out\\server\\src\\server.js:2389:1092)\n    at M5n (c:\\Users\\Nicolee\\.vscode\\extensions\\uqbar.wollok-lsp-ide-0.5.4\\out\\server\\src\\server.js:2389:1248)\n    at c:\\Users\\Nicolee\\.vscode\\extensions\\uqbar.wollok-lsp-ide-0.5.4\\out\\server\\src\\server.js:38:6131\n    at L2 (c:\\Users\\Nicolee\\.vscode\\extensions\\uqbar.wollok-lsp-ide-0.5.4\\out\\server\\src\\server.js:2389:42)","timestamp":"2026-06-01T16:30:25.065Z"}
{"level":"error","message":"✘ Completions for node Return ([59:4, 61:51] - src/estudiante.wlk) failed: Error: [Return]{0ca5e1} at src/estudiante.wlk:59 exhausted all cases without a match [Return]{0ca5e1} at src/estudiante.wlk:59 exhausted all cases without a match","stack":"Error: [Return]{0ca5e1} at src/estudiante.wlk:59 exhausted all cases without a match\n    at c:\\Users\\Nicolee\\.vscode\\extensions\\uqbar.wollok-lsp-ide-0.5.4\\out\\server\\src\\server.js:38:6142\n    at L2 (c:\\Users\\Nicolee\\.vscode\\extensions\\uqbar.wollok-lsp-ide-0.5.4\\out\\server\\src\\server.js:2389:42)\n    at Jh (c:\\Users\\Nicolee\\.vscode\\extensions\\uqbar.wollok-lsp-ide-0.5.4\\out\\server\\src\\server.js:2389:1092)\n    at L2 (c:\\Users\\Nicolee\\.vscode\\extensions\\uqbar.wollok-lsp-ide-0.5.4\\out\\server\\src\\server.js:2389:544)\n    at Jh (c:\\Users\\Nicolee\\.vscode\\extensions\\uqbar.wollok-lsp-ide-0.5.4\\out\\server\\src\\server.js:2389:1092)\n    at L2 (c:\\Users\\Nicolee\\.vscode\\extensions\\uqbar.wollok-lsp-ide-0.5.4\\out\\server\\src\\server.js:2389:544)\n    at Jh (c:\\Users\\Nicolee\\.vscode\\extensions\\uqbar.wollok-lsp-ide-0.5.4\\out\\server\\src\\server.js:2389:1092)\n    at L2 (c:\\Users\\Nicolee\\.vscode\\extensions\\uqbar.wollok-lsp-ide-0.5.4\\out\\server\\src\\server.js:2389:544)\n    at Jh (c:\\Users\\Nicolee\\.vscode\\extensions\\uqbar.wollok-lsp-ide-0.5.4\\out\\server\\src\\server.js:2389:1092)\n    at M5n (c:\\Users\\Nicolee\\.vscode\\extensions\\uqbar.wollok-lsp-ide-0.5.4\\out\\server\\src\\server.js:2389:1248)","timestamp":"2026-06-01T16:30:25.065Z"}
{"level":"info","message":"⌛ Validating src/estudiante.wlk","timeElapsed":129,"timestamp":"2026-06-01T16:30:25.197Z"}
{"level":"info","message":"⌛ Validating src/estudiante.wlk","timeElapsed":126,"timestamp":"2026-06-01T16:30:25.540Z"}
{"level":"info","message":"⌛ Validating src/estudiante.wlk","timeElapsed":123,"timestamp":"2026-06-01T16:30:25.744Z"}
{"level":"info","message":"⌛ Validating src/estudiante.wlk","timeElapsed":120,"timestamp":"2026-06-01T16:30:26.671Z"}
{"level":"info","message":"⌛ Validating src/estudiante.wlk","timeElapsed":128,"timestamp":"2026-06-01T16:30:26.975Z"}
{"level":"info","message":"⌛ Validating src/estudiante.wlk","timeElapsed":111,"timestamp":"2026-06-01T16:30:27.087Z"}
{"level":"info","message":"⌛ Building environment","timeElapsed":152,"timestamp":"2026-06-01T16:30:27.239Z"}
{"level":"error","message":"✘ Completions for node Send ([61:8, 61:57] - src/estudiante.wlk) failed: Error: [Send]{dedde7} at src/estudiante.wlk:61 exhausted all cases without a match [Send]{dedde7} at src/estudiante.wlk:61 exhausted all cases without a match","stack":"Error: [Send]{dedde7} at src/estudiante.wlk:61 exhausted all cases without a match\n    at c:\\Users\\Nicolee\\.vscode\\extensions\\uqbar.wollok-lsp-ide-0.5.4\\out\\server\\src\\server.js:38:6142\n    at L2 (c:\\Users\\Nicolee\\.vscode\\extensions\\uqbar.wollok-lsp-ide-0.5.4\\out\\server\\src\\server.js:2389:42)\n    at Jh (c:\\Users\\Nicolee\\.vscode\\extensions\\uqbar.wollok-lsp-ide-0.5.4\\out\\server\\src\\server.js:2389:1092)\n    at M5n (c:\\Users\\Nicolee\\.vscode\\extensions\\uqbar.wollok-lsp-ide-0.5.4\\out\\server\\src\\server.js:2389:1248)\n    at c:\\Users\\Nicolee\\.vscode\\extensions\\uqbar.wollok-lsp-ide-0.5.4\\out\\server\\src\\server.js:38:6131\n    at L2 (c:\\Users\\Nicolee\\.vscode\\extensions\\uqbar.wollok-lsp-ide-0.5.4\\out\\server\\src\\server.js:2389:42)\n    at c:\\Users\\Nicolee\\.vscode\\extensions\\uqbar.wollok-lsp-ide-0.5.4\\out\\server\\src\\server.js:2389:2988\n    at c:\\Users\\Nicolee\\.vscode\\extensions\\uqbar.wollok-lsp-ide-0.5.4\\out\\server\\src\\server.js:2398:8440\n    at c:\\Users\\Nicolee\\.vscode\\extensions\\uqbar.wollok-lsp-ide-0.5.4\\out\\server\\src\\server.js:37:74872\n    at Ke (c:\\Users\\Nicolee\\.vscode\\extensions\\uqbar.wollok-lsp-ide-0.5.4\\out\\server\\src\\server.js:7:8527)","timestamp":"2026-06-01T16:30:27.264Z"}
{"level":"error","message":"✘ Completions for node Send ([61:4, 61:57] - src/estudiante.wlk) failed: Error: [Send]{20b15d} at src/estudiante.wlk:61 exhausted all cases without a match [Send]{20b15d} at src/estudiante.wlk:61 exhausted all cases without a match","stack":"Error: [Send]{20b15d} at src/estudiante.wlk:61 exhausted all cases without a match\n    at c:\\Users\\Nicolee\\.vscode\\extensions\\uqbar.wollok-lsp-ide-0.5.4\\out\\server\\src\\server.js:38:6142\n    at L2 (c:\\Users\\Nicolee\\.vscode\\extensions\\uqbar.wollok-lsp-ide-0.5.4\\out\\server\\src\\server.js:2389:42)\n    at Jh (c:\\Users\\Nicolee\\.vscode\\extensions\\uqbar.wollok-lsp-ide-0.5.4\\out\\server\\src\\server.js:2389:1092)\n    at L2 (c:\\Users\\Nicolee\\.vscode\\extensions\\uqbar.wollok-lsp-ide-0.5.4\\out\\server\\src\\server.js:2389:544)\n    at Jh (c:\\Users\\Nicolee\\.vscode\\extensions\\uqbar.wollok-lsp-ide-0.5.4\\out\\server\\src\\server.js:2389:1092)\n    at M5n (c:\\Users\\Nicolee\\.vscode\\extensions\\uqbar.wollok-lsp-ide-0.5.4\\out\\server\\src\\server.js:2389:1248)\n    at c:\\Users\\Nicolee\\.vscode\\extensions\\uqbar.wollok-lsp-ide-0.5.4\\out\\server\\src\\server.js:38:6131\n    at L2 (c:\\Users\\Nicolee\\.vscode\\extensions\\uqbar.wollok-lsp-ide-0.5.4\\out\\server\\src\\server.js:2389:42)\n    at c:\\Users\\Nicolee\\.vscode\\extensions\\uqbar.wollok-lsp-ide-0.5.4\\out\\server\\src\\server.js:2389:2988\n    at c:\\Users\\Nicolee\\.vscode\\extensions\\uqbar.wollok-lsp-ide-0.5.4\\out\\server\\src\\server.js:2398:8440","timestamp":"2026-06-01T16:30:27.264Z"}
{"level":"error","message":"✘ Completions for node Send ([59:11, 61:57] - src/estudiante.wlk) failed: Error: [Send]{725017} at src/estudiante.wlk:59 exhausted all cases without a match [Send]{725017} at src/estudiante.wlk:59 exhausted all cases without a match","stack":"Error: [Send]{725017} at src/estudiante.wlk:59 exhausted all cases without a match\n    at c:\\Users\\Nicolee\\.vscode\\extensions\\uqbar.wollok-lsp-ide-0.5.4\\out\\server\\src\\server.js:38:6142\n    at L2 (c:\\Users\\Nicolee\\.vscode\\extensions\\uqbar.wollok-lsp-ide-0.5.4\\out\\server\\src\\server.js:2389:42)\n    at Jh (c:\\Users\\Nicolee\\.vscode\\extensions\\uqbar.wollok-lsp-ide-0.5.4\\out\\server\\src\\server.js:2389:1092)\n    at L2 (c:\\Users\\Nicolee\\.vscode\\extensions\\uqbar.wollok-lsp-ide-0.5.4\\out\\server\\src\\server.js:2389:544)\n    at Jh (c:\\Users\\Nicolee\\.vscode\\extensions\\uqbar.wollok-lsp-ide-0.5.4\\out\\server\\src\\server.js:2389:1092)\n    at L2 (c:\\Users\\Nicolee\\.vscode\\extensions\\uqbar.wollok-lsp-ide-0.5.4\\out\\server\\src\\server.js:2389:544)\n    at Jh (c:\\Users\\Nicolee\\.vscode\\extensions\\uqbar.wollok-lsp-ide-0.5.4\\out\\server\\src\\server.js:2389:1092)\n    at M5n (c:\\Users\\Nicolee\\.vscode\\extensions\\uqbar.wollok-lsp-ide-0.5.4\\out\\server\\src\\server.js:2389:1248)\n    at c:\\Users\\Nicolee\\.vscode\\extensions\\uqbar.wollok-lsp-ide-0.5.4\\out\\server\\src\\server.js:38:6131\n    at L2 (c:\\Users\\Nicolee\\.vscode\\extensions\\uqbar.wollok-lsp-ide-0.5.4\\out\\server\\src\\server.js:2389:42)","timestamp":"2026-06-01T16:30:27.264Z"}
{"level":"error","message":"✘ Completions for node Return ([59:4, 61:57] - src/estudiante.wlk) failed: Error: [Return]{dd81d8} at src/estudiante.wlk:59 exhausted all cases without a match [Return]{dd81d8} at src/estudiante.wlk:59 exhausted all cases without a match","stack":"Error: [Return]{dd81d8} at src/estudiante.wlk:59 exhausted all cases without a match\n    at c:\\Users\\Nicolee\\.vscode\\extensions\\uqbar.wollok-lsp-ide-0.5.4\\out\\server\\src\\server.js:38:6142\n    at L2 (c:\\Users\\Nicolee\\.vscode\\extensions\\uqbar.wollok-lsp-ide-0.5.4\\out\\server\\src\\server.js:2389:42)\n    at Jh (c:\\Users\\Nicolee\\.vscode\\extensions\\uqbar.wollok-lsp-ide-0.5.4\\out\\server\\src\\server.js:2389:1092)\n    at L2 (c:\\Users\\Nicolee\\.vscode\\extensions\\uqbar.wollok-lsp-ide-0.5.4\\out\\server\\src\\server.js:2389:544)\n    at Jh (c:\\Users\\Nicolee\\.vscode\\extensions\\uqbar.wollok-lsp-ide-0.5.4\\out\\server\\src\\server.js:2389:1092)\n    at L2 (c:\\Users\\Nicolee\\.vscode\\extensions\\uqbar.wollok-lsp-ide-0.5.4\\out\\server\\src\\server.js:2389:544)\n    at Jh (c:\\Users\\Nicolee\\.vscode\\extensions\\uqbar.wollok-lsp-ide-0.5.4\\out\\server\\src\\server.js:2389:1092)\n    at L2 (c:\\Users\\Nicolee\\.vscode\\extensions\\uqbar.wollok-lsp-ide-0.5.4\\out\\server\\src\\server.js:2389:544)\n    at Jh (c:\\Users\\Nicolee\\.vscode\\extensions\\uqbar.wollok-lsp-ide-0.5.4\\out\\server\\src\\server.js:2389:1092)\n    at M5n (c:\\Users\\Nicolee\\.vscode\\extensions\\uqbar.wollok-lsp-ide-0.5.4\\out\\server\\src\\server.js:2389:1248)","timestamp":"2026-06-01T16:30:27.264Z"}
{"level":"info","message":"⌛ Validating src/estudiante.wlk","timeElapsed":123,"timestamp":"2026-06-01T16:30:27.673Z"}
{"level":"info","message":"⌛ Validating src/estudiante.wlk","timeElapsed":132,"timestamp":"2026-06-01T16:30:27.881Z"}
{"level":"info","message":"⌛ Validating src/estudiante.wlk","timeElapsed":121,"timestamp":"2026-06-01T16:30:28.085Z"}
{"level":"info","message":"⌛ Validating src/estudiante.wlk","timeElapsed":116,"timestamp":"2026-06-01T16:30:28.201Z"}
{"level":"info","message":"⌛ Validating src/estudiante.wlk","timeElapsed":134,"timestamp":"2026-06-01T16:30:28.418Z"}
{"level":"info","message":"⌛ Validating src/estudiante.wlk","timeElapsed":104,"timestamp":"2026-06-01T16:30:28.526Z"}
{"level":"info","message":"⌛ Validating src/estudiante.wlk","timeElapsed":143,"timestamp":"2026-06-01T16:30:28.671Z"}
{"level":"info","message":"⌛ Building environment","timeElapsed":104,"timestamp":"2026-06-01T16:30:48.915Z"}
{"level":"info","message":"⌛ Validating src/estudiante.wlk","timeElapsed":126,"timestamp":"2026-06-01T16:30:49.042Z"}
{"level":"info","message":"⌛ Validating src/estudiante.wlk","timeElapsed":138,"timestamp":"2026-06-01T16:30:59.329Z"}
{"level":"info","message":"⌛ Validating src/requisitos.wlk","timeElapsed":136,"timestamp":"2026-06-01T16:31:33.407Z"}
{"level":"info","message":"⌛ Validating src/requisitos.wlk","timeElapsed":127,"timestamp":"2026-06-01T16:31:33.619Z"}
{"level":"info","message":"⌛ Validating src/requisitos.wlk","timeElapsed":109,"timestamp":"2026-06-01T16:31:34.024Z"}
{"level":"info","message":"⌛ Validating src/requisitos.wlk","timeElapsed":131,"timestamp":"2026-06-01T16:31:34.329Z"}
{"level":"info","message":"⌛ Validating src/requisitos.wlk","timeElapsed":112,"timestamp":"2026-06-01T16:31:34.590Z"}
{"level":"info","message":"⌛ Validating src/requisitos.wlk","timeElapsed":122,"timestamp":"2026-06-01T16:31:34.713Z"}
{"level":"info","message":"⌛ Validating src/requisitos.wlk","timeElapsed":106,"timestamp":"2026-06-01T16:31:35.683Z"}
{"level":"info","message":"⌛ Validating src/requisitos.wlk","timeElapsed":127,"timestamp":"2026-06-01T16:31:40.535Z"}
{"level":"info","message":"⌛ Validating src/requisitos.wlk","timeElapsed":108,"timestamp":"2026-06-01T16:31:41.996Z"}
{"level":"info","message":"⌛ Validating src/requisitos.wlk","timeElapsed":121,"timestamp":"2026-06-01T16:31:44.993Z"}
{"level":"error","message":"✘ Completions for node Return ([45:7, 45:15] - src/requisitos.wlk) failed: Error: [Return]{100f72} at src/requisitos.wlk:45 exhausted all cases without a match [Return]{100f72} at src/requisitos.wlk:45 exhausted all cases without a match","stack":"Error: [Return]{100f72} at src/requisitos.wlk:45 exhausted all cases without a match\n    at c:\\Users\\Nicolee\\.vscode\\extensions\\uqbar.wollok-lsp-ide-0.5.4\\out\\server\\src\\server.js:38:6142\n    at L2 (c:\\Users\\Nicolee\\.vscode\\extensions\\uqbar.wollok-lsp-ide-0.5.4\\out\\server\\src\\server.js:2389:42)\n    at Jh (c:\\Users\\Nicolee\\.vscode\\extensions\\uqbar.wollok-lsp-ide-0.5.4\\out\\server\\src\\server.js:2389:1092)\n    at M5n (c:\\Users\\Nicolee\\.vscode\\extensions\\uqbar.wollok-lsp-ide-0.5.4\\out\\server\\src\\server.js:2389:1248)\n    at c:\\Users\\Nicolee\\.vscode\\extensions\\uqbar.wollok-lsp-ide-0.5.4\\out\\server\\src\\server.js:38:6131\n    at L2 (c:\\Users\\Nicolee\\.vscode\\extensions\\uqbar.wollok-lsp-ide-0.5.4\\out\\server\\src\\server.js:2389:42)\n    at c:\\Users\\Nicolee\\.vscode\\extensions\\uqbar.wollok-lsp-ide-0.5.4\\out\\server\\src\\server.js:2389:2988\n    at c:\\Users\\Nicolee\\.vscode\\extensions\\uqbar.wollok-lsp-ide-0.5.4\\out\\server\\src\\server.js:2398:8440\n    at c:\\Users\\Nicolee\\.vscode\\extensions\\uqbar.wollok-lsp-ide-0.5.4\\out\\server\\src\\server.js:37:74872\n    at Ke (c:\\Users\\Nicolee\\.vscode\\extensions\\uqbar.wollok-lsp-ide-0.5.4\\out\\server\\src\\server.js:7:8527)","timestamp":"2026-06-01T16:31:45.641Z"}
{"level":"info","message":"⌛ Validating src/requisitos.wlk","timeElapsed":131,"timestamp":"2026-06-01T16:31:45.849Z"}
{"level":"info","message":"⌛ Validating src/requisitos.wlk","timeElapsed":119,"timestamp":"2026-06-01T16:31:45.969Z"}
{"level":"info","message":"⌛ Validating src/requisitos.wlk","timeElapsed":138,"timestamp":"2026-06-01T16:31:46.279Z"}
{"level":"info","message":"⌛ Validating src/requisitos.wlk","timeElapsed":121,"timestamp":"2026-06-01T16:31:46.471Z"}
{"level":"info","message":"⌛ Validating src/requisitos.wlk","timeElapsed":157,"timestamp":"2026-06-01T16:31:46.876Z"}
{"level":"info","message":"⌛ Validating src/requisitos.wlk","timeElapsed":106,"timestamp":"2026-06-01T16:31:46.983Z"}
{"level":"info","message":"⌛ Validating src/requisitos.wlk","timeElapsed":139,"timestamp":"2026-06-01T16:32:03.486Z"}
{"level":"info","message":"⌛ Validating src/requisitos.wlk","timeElapsed":175,"timestamp":"2026-06-01T16:32:06.123Z"}
{"level":"info","message":"⌛ Validating src/requisitos.wlk","timeElapsed":122,"timestamp":"2026-06-01T16:32:06.320Z"}
{"level":"info","message":"⌛ Building environment","timeElapsed":125,"timestamp":"2026-06-01T16:32:13.585Z"}
{"level":"info","message":"⌛ Validating src/estudiante.wlk","timeElapsed":106,"timestamp":"2026-06-01T16:32:13.692Z"}
{"level":"info","message":"⌛ Validating src/estudiante.wlk","timeElapsed":109,"timestamp":"2026-06-01T16:32:13.973Z"}
{"level":"info","message":"⌛ Validating src/estudiante.wlk","timeElapsed":113,"timestamp":"2026-06-01T16:32:14.223Z"}
{"level":"info","message":"⌛ Validating src/estudiante.wlk","timeElapsed":107,"timestamp":"2026-06-01T16:32:14.452Z"}
{"level":"info","message":"⌛ Validating src/estudiante.wlk","timeElapsed":103,"timestamp":"2026-06-01T16:32:14.912Z"}
{"level":"info","message":"⌛ Validating src/estudiante.wlk","timeElapsed":133,"timestamp":"2026-06-01T16:32:16.856Z"}
{"level":"info","message":"⌛ Validating src/estudiante.wlk","timeElapsed":157,"timestamp":"2026-06-01T16:32:17.014Z"}
{"level":"info","message":"⌛ Validating src/estudiante.wlk","timeElapsed":182,"timestamp":"2026-06-01T16:32:17.849Z"}
{"level":"info","message":"⌛ Validating src/estudiante.wlk","timeElapsed":137,"timestamp":"2026-06-01T16:32:18.077Z"}
{"level":"info","message":"⌛ Validating src/estudiante.wlk","timeElapsed":126,"timestamp":"2026-06-01T16:32:18.288Z"}
{"level":"info","message":"⌛ Building environment","timeElapsed":130,"timestamp":"2026-06-01T16:32:18.419Z"}
{"level":"info","message":"⌛ Validating src/estudiante.wlk","timeElapsed":147,"timestamp":"2026-06-01T16:32:18.566Z"}
{"level":"info","message":"⌛ Validating src/estudiante.wlk","timeElapsed":104,"timestamp":"2026-06-01T16:32:20.258Z"}
{"level":"info","message":"⌛ Validating src/requisitos.wlk","timeElapsed":110,"timestamp":"2026-06-01T16:32:35.015Z"}
{"level":"info","message":"⌛ Validating src/requisitos.wlk","timeElapsed":109,"timestamp":"2026-06-01T16:32:35.192Z"}
{"level":"info","message":"⌛ Validating src/requisitos.wlk","timeElapsed":113,"timestamp":"2026-06-01T16:32:35.589Z"}
{"level":"info","message":"⌛ Validating src/requisitos.wlk","timeElapsed":107,"timestamp":"2026-06-01T16:32:36.151Z"}
{"level":"info","message":"⌛ Validating src/requisitos.wlk","timeElapsed":105,"timestamp":"2026-06-01T16:32:36.346Z"}
{"level":"info","message":"⌛ Validating src/requisitos.wlk","timeElapsed":112,"timestamp":"2026-06-01T16:32:36.525Z"}
{"level":"info","message":"⌛ Validating src/requisitos.wlk","timeElapsed":114,"timestamp":"2026-06-01T16:32:36.759Z"}
{"level":"info","message":"⌛ Validating src/requisitos.wlk","timeElapsed":102,"timestamp":"2026-06-01T16:32:36.860Z"}
{"level":"info","message":"⌛ Validating src/requisitos.wlk","timeElapsed":110,"timestamp":"2026-06-01T16:32:37.104Z"}
{"level":"info","message":"⌛ Validating src/requisitos.wlk","timeElapsed":102,"timestamp":"2026-06-01T16:32:37.271Z"}
{"level":"info","message":"⌛ Validating src/requisitos.wlk","timeElapsed":105,"timestamp":"2026-06-01T16:32:37.435Z"}
{"level":"info","message":"⌛ Validating src/requisitos.wlk","timeElapsed":153,"timestamp":"2026-06-01T16:32:37.804Z"}
{"level":"info","message":"⌛ Validating src/requisitos.wlk","timeElapsed":102,"timestamp":"2026-06-01T16:32:37.909Z"}
{"level":"info","message":"⌛ Validating src/requisitos.wlk","timeElapsed":113,"timestamp":"2026-06-01T16:32:38.403Z"}
{"level":"info","message":"⌛ Validating src/requisitos.wlk","timeElapsed":107,"timestamp":"2026-06-01T16:32:38.642Z"}
{"level":"info","message":"⌛ Validating src/requisitos.wlk","timeElapsed":108,"timestamp":"2026-06-01T16:32:38.808Z"}
{"level":"info","message":"⌛ Building environment","timeElapsed":115,"timestamp":"2026-06-01T16:32:38.924Z"}
{"level":"info","message":"⌛ Validating src/requisitos.wlk","timeElapsed":109,"timestamp":"2026-06-01T16:32:39.033Z"}
{"level":"info","message":"⌛ Validating src/requisitos.wlk","timeElapsed":103,"timestamp":"2026-06-01T16:32:39.256Z"}
{"level":"info","message":"⌛ Validating src/requisitos.wlk","timeElapsed":120,"timestamp":"2026-06-01T16:32:39.524Z"}
{"level":"info","message":"⌛ Validating src/requisitos.wlk","timeElapsed":101,"timestamp":"2026-06-01T16:32:39.783Z"}
{"level":"info","message":"⌛ Validating src/requisitos.wlk","timeElapsed":109,"timestamp":"2026-06-01T16:32:40.279Z"}
{"level":"info","message":"⌛ Validating src/requisitos.wlk","timeElapsed":125,"timestamp":"2026-06-01T16:32:40.406Z"}
{"level":"info","message":"⌛ Validating src/requisitos.wlk","timeElapsed":110,"timestamp":"2026-06-01T16:32:40.759Z"}
{"level":"info","message":"⌛ Validating src/requisitos.wlk","timeElapsed":104,"timestamp":"2026-06-01T16:32:41.029Z"}
{"level":"info","message":"⌛ Validating src/requisitos.wlk","timeElapsed":133,"timestamp":"2026-06-01T16:32:42.783Z"}
{"level":"info","message":"⌛ Validating src/requisitos.wlk","timeElapsed":200,"timestamp":"2026-06-01T16:32:43.094Z"}
{"level":"info","message":"⌛ Validating src/requisitos.wlk","timeElapsed":126,"timestamp":"2026-06-01T16:32:43.332Z"}
{"level":"info","message":"⌛ Building environment","timeElapsed":105,"timestamp":"2026-06-01T16:32:43.573Z"}
{"level":"info","message":"⌛ Validating src/requisitos.wlk","timeElapsed":102,"timestamp":"2026-06-01T16:32:43.745Z"}
{"level":"info","message":"⌛ Validating src/requisitos.wlk","timeElapsed":126,"timestamp":"2026-06-01T16:32:44.313Z"}
{"level":"info","message":"⌛ Validating src/requisitos.wlk","timeElapsed":124,"timestamp":"2026-06-01T16:32:44.510Z"}
{"level":"info","message":"⌛ Validating src/requisitos.wlk","timeElapsed":122,"timestamp":"2026-06-01T16:32:44.941Z"}
{"level":"info","message":"⌛ Validating src/requisitos.wlk","timeElapsed":101,"timestamp":"2026-06-01T16:32:45.139Z"}
{"level":"info","message":"⌛ Building environment","timeElapsed":125,"timestamp":"2026-06-01T16:32:45.589Z"}
{"level":"info","message":"⌛ Validating src/requisitos.wlk","timeElapsed":104,"timestamp":"2026-06-01T16:32:46.388Z"}
{"level":"info","message":"⌛ Validating src/requisitos.wlk","timeElapsed":103,"timestamp":"2026-06-01T16:32:46.611Z"}
{"level":"info","message":"⌛ Validating src/requisitos.wlk","timeElapsed":102,"timestamp":"2026-06-01T16:32:46.714Z"}
{"level":"info","message":"⌛ Validating src/requisitos.wlk","timeElapsed":105,"timestamp":"2026-06-01T16:32:46.881Z"}
{"level":"info","message":"⌛ Validating src/requisitos.wlk","timeElapsed":114,"timestamp":"2026-06-01T16:32:47.116Z"}
{"level":"info","message":"⌛ Building environment","timeElapsed":112,"timestamp":"2026-06-01T16:32:47.229Z"}
{"level":"info","message":"⌛ Validating src/requisitos.wlk","timeElapsed":115,"timestamp":"2026-06-01T16:32:47.344Z"}
{"level":"info","message":"⌛ Validating src/requisitos.wlk","timeElapsed":124,"timestamp":"2026-06-01T16:32:47.658Z"}
{"level":"info","message":"⌛ Validating src/requisitos.wlk","timeElapsed":116,"timestamp":"2026-06-01T16:32:47.845Z"}
{"level":"info","message":"⌛ Building environment","timeElapsed":150,"timestamp":"2026-06-01T16:32:47.995Z"}
{"level":"info","message":"⌛ Validating src/requisitos.wlk","timeElapsed":122,"timestamp":"2026-06-01T16:32:48.118Z"}
{"level":"info","message":"⌛ Validating src/requisitos.wlk","timeElapsed":104,"timestamp":"2026-06-01T16:32:48.294Z"}
{"level":"info","message":"⌛ Validating src/requisitos.wlk","timeElapsed":102,"timestamp":"2026-06-01T16:32:48.403Z"}
{"level":"info","message":"⌛ Validating src/requisitos.wlk","timeElapsed":150,"timestamp":"2026-06-01T16:36:11.916Z"}
{"level":"info","message":"⌛ Validating src/requisitos.wlk","timeElapsed":102,"timestamp":"2026-06-01T16:36:12.148Z"}
{"level":"error","message":"✘ Failed to rebuild document Failed to parse src/materia.wlk: \n-- PARSING FAILED --------------------------------------------------\n\n  20 | \t\t\talumnosInscriptos.add(alumno)\n  21 | \t\t\tcantInscriptos += 1\n> 22 | \t\t}\n     |   ^\n  23 | \n  24 | \t\tmethod hayCupo() {\n\nExpected one of the following: \n\n'@', 'class', 'const', 'describe', 'mixin', 'object', 'only', 'package', 'program', 'test', 'var', '{', EOF, comment, not \"}\r\n\r\n\t\t\", whitespace\n","stack":"Error: Failed to parse src/materia.wlk: \n-- PARSING FAILED --------------------------------------------------\n\n  20 | \t\t\talumnosInscriptos.add(alumno)\n  21 | \t\t\tcantInscriptos += 1\n> 22 | \t\t}\n     |   ^\n  23 | \n  24 | \t\tmethod hayCupo() {\n\nExpected one of the following: \n\n'@', 'class', 'const', 'describe', 'mixin', 'object', 'only', 'package', 'program', 'test', 'var', '{', EOF, comment, not \"}\r\n\r\n\t\t\", whitespace\n\n    at c:\\Users\\Nicolee\\.vscode\\extensions\\uqbar.wollok-lsp-ide-0.5.4\\out\\server\\src\\server.js:2353:13026\n    at Array.map (<anonymous>)\n    at U1n (c:\\Users\\Nicolee\\.vscode\\extensions\\uqbar.wollok-lsp-ide-0.5.4\\out\\server\\src\\server.js:2353:12950)\n    at H2.buildEnvironmentFrom (c:\\Users\\Nicolee\\.vscode\\extensions\\uqbar.wollok-lsp-ide-0.5.4\\out\\server\\src\\server.js:2398:5254)\n    at H2.updateEnvironmentWith (c:\\Users\\Nicolee\\.vscode\\extensions\\uqbar.wollok-lsp-ide-0.5.4\\out\\server\\src\\server.js:2398:4989)\n    at GF (c:\\Users\\Nicolee\\.vscode\\extensions\\uqbar.wollok-lsp-ide-0.5.4\\out\\server\\src\\server.js:2398:7383)\n    at V3.invoke (c:\\Users\\Nicolee\\.vscode\\extensions\\uqbar.wollok-lsp-ide-0.5.4\\out\\server\\src\\server.js:3:157328)\n    at o.fire (c:\\Users\\Nicolee\\.vscode\\extensions\\uqbar.wollok-lsp-ide-0.5.4\\out\\server\\src\\server.js:3:158098)\n    at c:\\Users\\Nicolee\\.vscode\\extensions\\uqbar.wollok-lsp-ide-0.5.4\\out\\server\\src\\server.js:37:57871\n    at nd (c:\\Users\\Nicolee\\.vscode\\extensions\\uqbar.wollok-lsp-ide-0.5.4\\out\\server\\src\\server.js:8:1561)","timestamp":"2026-06-01T16:37:07.719Z"}
{"level":"error","message":"✘ Failed to rebuild document Failed to parse src/materia.wlk: \n-- PARSING FAILED --------------------------------------------------\n\n  21 | \t\t\talumnosInscriptos.add(alumno)\n  22 | \t\t\tcantInscriptos += 1\n> 23 | \t\t}\n     |   ^\n  24 | \n  25 | \t\tmethod hayCupo() {\n\nExpected one of the following: \n\n'@', 'class', 'const', 'describe', 'mixin', 'object', 'only', 'package', 'program', 'test', 'var', '{', EOF, comment, not \"}\r\n\r\n\t\t\", whitespace\n","stack":"Error: Failed to parse src/materia.wlk: \n-- PARSING FAILED --------------------------------------------------\n\n  21 | \t\t\talumnosInscriptos.add(alumno)\n  22 | \t\t\tcantInscriptos += 1\n> 23 | \t\t}\n     |   ^\n  24 | \n  25 | \t\tmethod hayCupo() {\n\nExpected one of the following: \n\n'@', 'class', 'const', 'describe', 'mixin', 'object', 'only', 'package', 'program', 'test', 'var', '{', EOF, comment, not \"}\r\n\r\n\t\t\", whitespace\n\n    at c:\\Users\\Nicolee\\.vscode\\extensions\\uqbar.wollok-lsp-ide-0.5.4\\out\\server\\src\\server.js:2353:13026\n    at Array.map (<anonymous>)\n    at U1n (c:\\Users\\Nicolee\\.vscode\\extensions\\uqbar.wollok-lsp-ide-0.5.4\\out\\server\\src\\server.js:2353:12950)\n    at H2.buildEnvironmentFrom (c:\\Users\\Nicolee\\.vscode\\extensions\\uqbar.wollok-lsp-ide-0.5.4\\out\\server\\src\\server.js:2398:5254)\n    at H2.updateEnvironmentWith (c:\\Users\\Nicolee\\.vscode\\extensions\\uqbar.wollok-lsp-ide-0.5.4\\out\\server\\src\\server.js:2398:4989)\n    at GF (c:\\Users\\Nicolee\\.vscode\\extensions\\uqbar.wollok-lsp-ide-0.5.4\\out\\server\\src\\server.js:2398:7383)\n    at V3.invoke (c:\\Users\\Nicolee\\.vscode\\extensions\\uqbar.wollok-lsp-ide-0.5.4\\out\\server\\src\\server.js:3:157328)\n    at o.fire (c:\\Users\\Nicolee\\.vscode\\extensions\\uqbar.wollok-lsp-ide-0.5.4\\out\\server\\src\\server.js:3:158098)\n    at c:\\Users\\Nicolee\\.vscode\\extensions\\uqbar.wollok-lsp-ide-0.5.4\\out\\server\\src\\server.js:37:57871\n    at nd (c:\\Users\\Nicolee\\.vscode\\extensions\\uqbar.wollok-lsp-ide-0.5.4\\out\\server\\src\\server.js:8:1561)","timestamp":"2026-06-01T16:37:07.726Z"}
{"level":"error","message":"✘ Failed to rebuild document Failed to parse src/materia.wlk: \n-- PARSING FAILED --------------------------------------------------\n\n  21 | \t\t\talumnosInscriptos.add(alumno)\n  22 | \t\t\tcantInscriptos += 1\n> 23 | \t\t}\n     |   ^\n  24 | \n  25 | \t\tmethod hayCupo() {\n\nExpected one of the following: \n\n'@', 'class', 'const', 'describe', 'mixin', 'object', 'only', 'package', 'program', 'test', 'var', '{', EOF, comment, not \"}\r\n\r\n\t\t\", whitespace\n","stack":"Error: Failed to parse src/materia.wlk: \n-- PARSING FAILED --------------------------------------------------\n\n  21 | \t\t\talumnosInscriptos.add(alumno)\n  22 | \t\t\tcantInscriptos += 1\n> 23 | \t\t}\n     |   ^\n  24 | \n  25 | \t\tmethod hayCupo() {\n\nExpected one of the following: \n\n'@', 'class', 'const', 'describe', 'mixin', 'object', 'only', 'package', 'program', 'test', 'var', '{', EOF, comment, not \"}\r\n\r\n\t\t\", whitespace\n\n    at c:\\Users\\Nicolee\\.vscode\\extensions\\uqbar.wollok-lsp-ide-0.5.4\\out\\server\\src\\server.js:2353:13026\n    at Array.map (<anonymous>)\n    at U1n (c:\\Users\\Nicolee\\.vscode\\extensions\\uqbar.wollok-lsp-ide-0.5.4\\out\\server\\src\\server.js:2353:12950)\n    at H2.buildEnvironmentFrom (c:\\Users\\Nicolee\\.vscode\\extensions\\uqbar.wollok-lsp-ide-0.5.4\\out\\server\\src\\server.js:2398:5254)\n    at H2.updateEnvironmentWith (c:\\Users\\Nicolee\\.vscode\\extensions\\uqbar.wollok-lsp-ide-0.5.4\\out\\server\\src\\server.js:2398:4989)\n    at GF (c:\\Users\\Nicolee\\.vscode\\extensions\\uqbar.wollok-lsp-ide-0.5.4\\out\\server\\src\\server.js:2398:7383)\n    at V3.invoke (c:\\Users\\Nicolee\\.vscode\\extensions\\uqbar.wollok-lsp-ide-0.5.4\\out\\server\\src\\server.js:3:157328)\n    at o.fire (c:\\Users\\Nicolee\\.vscode\\extensions\\uqbar.wollok-lsp-ide-0.5.4\\out\\server\\src\\server.js:3:158098)\n    at c:\\Users\\Nicolee\\.vscode\\extensions\\uqbar.wollok-lsp-ide-0.5.4\\out\\server\\src\\server.js:37:57871\n    at nd (c:\\Users\\Nicolee\\.vscode\\extensions\\uqbar.wollok-lsp-ide-0.5.4\\out\\server\\src\\server.js:8:1561)","timestamp":"2026-06-01T16:37:09.166Z"}
{"level":"error","message":"✘ Failed to rebuild document Failed to parse src/materia.wlk: \n-- PARSING FAILED --------------------------------------------------\n\n  21 | \t\t\talumnosInscriptos.add(alumno)\n  22 | \t\t\tcantInscriptos += 1\n> 23 | \t\t}\n     |   ^\n  24 | \n  25 | \t\tmethod hayCupo() {\n\nExpected one of the following: \n\n'@', 'class', 'const', 'describe', 'mixin', 'object', 'only', 'package', 'program', 'test', 'var', '{', EOF, comment, not \"}\r\n\r\n\t\t\", whitespace\n","stack":"Error: Failed to parse src/materia.wlk: \n-- PARSING FAILED --------------------------------------------------\n\n  21 | \t\t\talumnosInscriptos.add(alumno)\n  22 | \t\t\tcantInscriptos += 1\n> 23 | \t\t}\n     |   ^\n  24 | \n  25 | \t\tmethod hayCupo() {\n\nExpected one of the following: \n\n'@', 'class', 'const', 'describe', 'mixin', 'object', 'only', 'package', 'program', 'test', 'var', '{', EOF, comment, not \"}\r\n\r\n\t\t\", whitespace\n\n    at c:\\Users\\Nicolee\\.vscode\\extensions\\uqbar.wollok-lsp-ide-0.5.4\\out\\server\\src\\server.js:2353:13026\n    at Array.map (<anonymous>)\n    at U1n (c:\\Users\\Nicolee\\.vscode\\extensions\\uqbar.wollok-lsp-ide-0.5.4\\out\\server\\src\\server.js:2353:12950)\n    at H2.buildEnvironmentFrom (c:\\Users\\Nicolee\\.vscode\\extensions\\uqbar.wollok-lsp-ide-0.5.4\\out\\server\\src\\server.js:2398:5254)\n    at H2.updateEnvironmentWith (c:\\Users\\Nicolee\\.vscode\\extensions\\uqbar.wollok-lsp-ide-0.5.4\\out\\server\\src\\server.js:2398:4989)\n    at GF (c:\\Users\\Nicolee\\.vscode\\extensions\\uqbar.wollok-lsp-ide-0.5.4\\out\\server\\src\\server.js:2398:7383)\n    at V3.invoke (c:\\Users\\Nicolee\\.vscode\\extensions\\uqbar.wollok-lsp-ide-0.5.4\\out\\server\\src\\server.js:3:157328)\n    at o.fire (c:\\Users\\Nicolee\\.vscode\\extensions\\uqbar.wollok-lsp-ide-0.5.4\\out\\server\\src\\server.js:3:158098)\n    at c:\\Users\\Nicolee\\.vscode\\extensions\\uqbar.wollok-lsp-ide-0.5.4\\out\\server\\src\\server.js:37:57871\n    at nd (c:\\Users\\Nicolee\\.vscode\\extensions\\uqbar.wollok-lsp-ide-0.5.4\\out\\server\\src\\server.js:8:1561)","timestamp":"2026-06-01T16:37:09.313Z"}
{"level":"error","message":"✘ Failed to rebuild document Failed to parse src/materia.wlk: \n-- PARSING FAILED --------------------------------------------------\n\n  20 | \t\t\talumnosInscriptos.add(alumno)\n  21 | \t\t\tcantInscriptos += 1\n> 22 | \t\t}\n     |   ^\n  23 | \n  24 | \t\tmethod hayCupo() {\n\nExpected one of the following: \n\n'@', 'class', 'const', 'describe', 'mixin', 'object', 'only', 'package', 'program', 'test', 'var', '{', EOF, comment, not \"}\r\n\r\n\t\t\", whitespace\n","stack":"Error: Failed to parse src/materia.wlk: \n-- PARSING FAILED --------------------------------------------------\n\n  20 | \t\t\talumnosInscriptos.add(alumno)\n  21 | \t\t\tcantInscriptos += 1\n> 22 | \t\t}\n     |   ^\n  23 | \n  24 | \t\tmethod hayCupo() {\n\nExpected one of the following: \n\n'@', 'class', 'const', 'describe', 'mixin', 'object', 'only', 'package', 'program', 'test', 'var', '{', EOF, comment, not \"}\r\n\r\n\t\t\", whitespace\n\n    at c:\\Users\\Nicolee\\.vscode\\extensions\\uqbar.wollok-lsp-ide-0.5.4\\out\\server\\src\\server.js:2353:13026\n    at Array.map (<anonymous>)\n    at U1n (c:\\Users\\Nicolee\\.vscode\\extensions\\uqbar.wollok-lsp-ide-0.5.4\\out\\server\\src\\server.js:2353:12950)\n    at H2.buildEnvironmentFrom (c:\\Users\\Nicolee\\.vscode\\extensions\\uqbar.wollok-lsp-ide-0.5.4\\out\\server\\src\\server.js:2398:5254)\n    at H2.updateEnvironmentWith (c:\\Users\\Nicolee\\.vscode\\extensions\\uqbar.wollok-lsp-ide-0.5.4\\out\\server\\src\\server.js:2398:4989)\n    at GF (c:\\Users\\Nicolee\\.vscode\\extensions\\uqbar.wollok-lsp-ide-0.5.4\\out\\server\\src\\server.js:2398:7383)\n    at V3.invoke (c:\\Users\\Nicolee\\.vscode\\extensions\\uqbar.wollok-lsp-ide-0.5.4\\out\\server\\src\\server.js:3:157328)\n    at o.fire (c:\\Users\\Nicolee\\.vscode\\extensions\\uqbar.wollok-lsp-ide-0.5.4\\out\\server\\src\\server.js:3:158098)\n    at c:\\Users\\Nicolee\\.vscode\\extensions\\uqbar.wollok-lsp-ide-0.5.4\\out\\server\\src\\server.js:37:57871\n    at nd (c:\\Users\\Nicolee\\.vscode\\extensions\\uqbar.wollok-lsp-ide-0.5.4\\out\\server\\src\\server.js:8:1561)","timestamp":"2026-06-01T16:37:09.453Z"}
{"level":"info","message":"⌛ Validating src/materia.wlk","timeElapsed":148,"timestamp":"2026-06-01T16:37:10.052Z"}
{"level":"info","message":"⌛ Validating src/materia.wlk","timeElapsed":112,"timestamp":"2026-06-01T16:37:10.309Z"}
{"level":"info","message":"⌛ Validating src/materia.wlk","timeElapsed":119,"timestamp":"2026-06-01T16:37:10.917Z"}
{"level":"info","message":"⌛ Validating src/materia.wlk","timeElapsed":121,"timestamp":"2026-06-01T16:37:11.168Z"}
{"level":"info","message":"⌛ Validating src/materia.wlk","timeElapsed":102,"timestamp":"2026-06-01T16:37:11.270Z"}
{"level":"info","message":"⌛ Validating src/materia.wlk","timeElapsed":111,"timestamp":"2026-06-01T16:37:11.474Z"}
{"level":"error","message":"✘ Failed to rebuild document Failed to parse src/materia.wlk: \n-- PARSING FAILED --------------------------------------------------\n\n  11 | \t\tvar property cantCreditosQueOtorga = 0\n  12 | \t\tconst property anioCarrera\n> 13 | \t\tconst  = \n     |          ^\n  14 | \n  15 | \t\tmethod listaDeEspera() = listaDeEspera\n\nExpected one of the following: \n\n'property', identifier, whitespace\n","stack":"Error: Failed to parse src/materia.wlk: \n-- PARSING FAILED --------------------------------------------------\n\n  11 | \t\tvar property cantCreditosQueOtorga = 0\n  12 | \t\tconst property anioCarrera\n> 13 | \t\tconst  = \n     |          ^\n  14 | \n  15 | \t\tmethod listaDeEspera() = listaDeEspera\n\nExpected one of the following: \n\n'property', identifier, whitespace\n\n    at c:\\Users\\Nicolee\\.vscode\\extensions\\uqbar.wollok-lsp-ide-0.5.4\\out\\server\\src\\server.js:2353:13026\n    at Array.map (<anonymous>)\n    at U1n (c:\\Users\\Nicolee\\.vscode\\extensions\\uqbar.wollok-lsp-ide-0.5.4\\out\\server\\src\\server.js:2353:12950)\n    at H2.buildEnvironmentFrom (c:\\Users\\Nicolee\\.vscode\\extensions\\uqbar.wollok-lsp-ide-0.5.4\\out\\server\\src\\server.js:2398:5254)\n    at H2.updateEnvironmentWith (c:\\Users\\Nicolee\\.vscode\\extensions\\uqbar.wollok-lsp-ide-0.5.4\\out\\server\\src\\server.js:2398:4989)\n    at GF (c:\\Users\\Nicolee\\.vscode\\extensions\\uqbar.wollok-lsp-ide-0.5.4\\out\\server\\src\\server.js:2398:7383)\n    at V3.invoke (c:\\Users\\Nicolee\\.vscode\\extensions\\uqbar.wollok-lsp-ide-0.5.4\\out\\server\\src\\server.js:3:157328)\n    at o.fire (c:\\Users\\Nicolee\\.vscode\\extensions\\uqbar.wollok-lsp-ide-0.5.4\\out\\server\\src\\server.js:3:158098)\n    at c:\\Users\\Nicolee\\.vscode\\extensions\\uqbar.wollok-lsp-ide-0.5.4\\out\\server\\src\\server.js:37:57871\n    at nd (c:\\Users\\Nicolee\\.vscode\\extensions\\uqbar.wollok-lsp-ide-0.5.4\\out\\server\\src\\server.js:8:1561)","timestamp":"2026-06-01T16:37:12.375Z"}
{"level":"info","message":"⌛ Validating src/materia.wlk","timeElapsed":105,"timestamp":"2026-06-01T16:37:13.236Z"}
{"level":"info","message":"⌛ Validating src/materia.wlk","timeElapsed":112,"timestamp":"2026-06-01T16:37:13.348Z"}
{"level":"info","message":"⌛ Building environment","timeElapsed":102,"timestamp":"2026-06-01T16:37:13.626Z"}
{"level":"info","message":"⌛ Validating src/materia.wlk","timeElapsed":116,"timestamp":"2026-06-01T16:37:13.753Z"}
{"level":"info","message":"⌛ Validating src/materia.wlk","timeElapsed":102,"timestamp":"2026-06-01T16:37:13.856Z"}
{"level":"info","message":"⌛ Validating src/materia.wlk","timeElapsed":106,"timestamp":"2026-06-01T16:37:14.150Z"}
{"level":"info","message":"⌛ Validating src/materia.wlk","timeElapsed":123,"timestamp":"2026-06-01T16:37:14.550Z"}
{"level":"info","message":"⌛ Validating src/materia.wlk","timeElapsed":122,"timestamp":"2026-06-01T16:37:14.763Z"}
{"level":"info","message":"⌛ Validating src/materia.wlk","timeElapsed":102,"timestamp":"2026-06-01T16:37:14.954Z"}
{"level":"info","message":"⌛ Validating src/materia.wlk","timeElapsed":107,"timestamp":"2026-06-01T16:37:15.117Z"}
{"level":"info","message":"⌛ Validating src/materia.wlk","timeElapsed":113,"timestamp":"2026-06-01T16:37:15.305Z"}
{"level":"info","message":"⌛ Building environment","timeElapsed":120,"timestamp":"2026-06-01T16:37:15.756Z"}
{"level":"info","message":"⌛ Validating src/materia.wlk","timeElapsed":108,"timestamp":"2026-06-01T16:37:15.883Z"}
{"level":"info","message":"⌛ Building environment","timeElapsed":128,"timestamp":"2026-06-01T16:37:16.126Z"}
{"level":"info","message":"⌛ Validating src/materia.wlk","timeElapsed":126,"timestamp":"2026-06-01T16:37:16.273Z"}
{"level":"info","message":"⌛ Validating src/materia.wlk","timeElapsed":125,"timestamp":"2026-06-01T16:37:16.974Z"}
{"level":"info","message":"⌛ Building environment","timeElapsed":175,"timestamp":"2026-06-01T16:37:17.151Z"}
{"level":"info","message":"⌛ Validating src/materia.wlk","timeElapsed":108,"timestamp":"2026-06-01T16:37:17.419Z"}
{"level":"info","message":"⌛ Validating src/materia.wlk","timeElapsed":105,"timestamp":"2026-06-01T16:37:17.612Z"}
{"level":"info","message":"⌛ Validating src/materia.wlk","timeElapsed":101,"timestamp":"2026-06-01T16:37:17.712Z"}
{"level":"info","message":"⌛ Validating src/materia.wlk","timeElapsed":101,"timestamp":"2026-06-01T16:37:18.395Z"}
{"level":"info","message":"⌛ Validating src/materia.wlk","timeElapsed":135,"timestamp":"2026-06-01T16:37:21.480Z"}
{"level":"info","message":"⌛ Validating src/materia.wlk","timeElapsed":114,"timestamp":"2026-06-01T16:37:21.789Z"}
{"level":"info","message":"⌛ Validating src/materia.wlk","timeElapsed":132,"timestamp":"2026-06-01T16:37:21.996Z"}
{"level":"info","message":"⌛ Validating src/materia.wlk","timeElapsed":106,"timestamp":"2026-06-01T16:37:26.266Z"}
{"level":"error","message":"✘ Failed to rebuild document Failed to parse src/materia.wlk: \n-- PARSING FAILED --------------------------------------------------\n\n  11 | \t\tvar property cantCreditosQueOtorga = 0\n  12 | \t\tconst property anioCarrera\n> 13 | \t\tconst  property  =  manejoListaDeEspera  \n     |                    ^\n  14 | \n  15 | \t\tmethod listaDeEspera() = listaDeEspera\n\nExpected one of the following: \n\nidentifier, whitespace\n","stack":"Error: Failed to parse src/materia.wlk: \n-- PARSING FAILED --------------------------------------------------\n\n  11 | \t\tvar property cantCreditosQueOtorga = 0\n  12 | \t\tconst property anioCarrera\n> 13 | \t\tconst  property  =  manejoListaDeEspera  \n     |                    ^\n  14 | \n  15 | \t\tmethod listaDeEspera() = listaDeEspera\n\nExpected one of the following: \n\nidentifier, whitespace\n\n    at c:\\Users\\Nicolee\\.vscode\\extensions\\uqbar.wollok-lsp-ide-0.5.4\\out\\server\\src\\server.js:2353:13026\n    at Array.map (<anonymous>)\n    at U1n (c:\\Users\\Nicolee\\.vscode\\extensions\\uqbar.wollok-lsp-ide-0.5.4\\out\\server\\src\\server.js:2353:12950)\n    at H2.buildEnvironmentFrom (c:\\Users\\Nicolee\\.vscode\\extensions\\uqbar.wollok-lsp-ide-0.5.4\\out\\server\\src\\server.js:2398:5254)\n    at H2.updateEnvironmentWith (c:\\Users\\Nicolee\\.vscode\\extensions\\uqbar.wollok-lsp-ide-0.5.4\\out\\server\\src\\server.js:2398:4989)\n    at GF (c:\\Users\\Nicolee\\.vscode\\extensions\\uqbar.wollok-lsp-ide-0.5.4\\out\\server\\src\\server.js:2398:7383)\n    at V3.invoke (c:\\Users\\Nicolee\\.vscode\\extensions\\uqbar.wollok-lsp-ide-0.5.4\\out\\server\\src\\server.js:3:157328)\n    at o.fire (c:\\Users\\Nicolee\\.vscode\\extensions\\uqbar.wollok-lsp-ide-0.5.4\\out\\server\\src\\server.js:3:158098)\n    at c:\\Users\\Nicolee\\.vscode\\extensions\\uqbar.wollok-lsp-ide-0.5.4\\out\\server\\src\\server.js:37:57871\n    at nd (c:\\Users\\Nicolee\\.vscode\\extensions\\uqbar.wollok-lsp-ide-0.5.4\\out\\server\\src\\server.js:8:1561)","timestamp":"2026-06-01T16:37:27.780Z"}
{"level":"error","message":"✘ Failed to rebuild document Failed to parse src/materia.wlk: \n-- PARSING FAILED --------------------------------------------------\n\n  11 | \t\tvar property cantCreditosQueOtorga = 0\n  12 | \t\tconst property anioCarrera\n> 13 | \t\tconst  property  = manejoListaDeEspera  \n     |                    ^\n  14 | \n  15 | \t\tmethod listaDeEspera() = listaDeEspera\n\nExpected one of the following: \n\nidentifier, whitespace\n","stack":"Error: Failed to parse src/materia.wlk: \n-- PARSING FAILED --------------------------------------------------\n\n  11 | \t\tvar property cantCreditosQueOtorga = 0\n  12 | \t\tconst property anioCarrera\n> 13 | \t\tconst  property  = manejoListaDeEspera  \n     |                    ^\n  14 | \n  15 | \t\tmethod listaDeEspera() = listaDeEspera\n\nExpected one of the following: \n\nidentifier, whitespace\n\n    at c:\\Users\\Nicolee\\.vscode\\extensions\\uqbar.wollok-lsp-ide-0.5.4\\out\\server\\src\\server.js:2353:13026\n    at Array.map (<anonymous>)\n    at U1n (c:\\Users\\Nicolee\\.vscode\\extensions\\uqbar.wollok-lsp-ide-0.5.4\\out\\server\\src\\server.js:2353:12950)\n    at H2.buildEnvironmentFrom (c:\\Users\\Nicolee\\.vscode\\extensions\\uqbar.wollok-lsp-ide-0.5.4\\out\\server\\src\\server.js:2398:5254)\n    at H2.updateEnvironmentWith (c:\\Users\\Nicolee\\.vscode\\extensions\\uqbar.wollok-lsp-ide-0.5.4\\out\\server\\src\\server.js:2398:4989)\n    at GF (c:\\Users\\Nicolee\\.vscode\\extensions\\uqbar.wollok-lsp-ide-0.5.4\\out\\server\\src\\server.js:2398:7383)\n    at V3.invoke (c:\\Users\\Nicolee\\.vscode\\extensions\\uqbar.wollok-lsp-ide-0.5.4\\out\\server\\src\\server.js:3:157328)\n    at o.fire (c:\\Users\\Nicolee\\.vscode\\extensions\\uqbar.wollok-lsp-ide-0.5.4\\out\\server\\src\\server.js:3:158098)\n    at c:\\Users\\Nicolee\\.vscode\\extensions\\uqbar.wollok-lsp-ide-0.5.4\\out\\server\\src\\server.js:37:57871\n    at nd (c:\\Users\\Nicolee\\.vscode\\extensions\\uqbar.wollok-lsp-ide-0.5.4\\out\\server\\src\\server.js:8:1561)","timestamp":"2026-06-01T16:37:28.681Z"}
{"level":"error","message":"✘ Failed to rebuild document Failed to parse src/materia.wlk: \n-- PARSING FAILED --------------------------------------------------\n\n  11 | \t\tvar property cantCreditosQueOtorga = 0\n  12 | \t\tconst property anioCarrera\n> 13 | \t\tconst  property  =manejoListaDeEspera  \n     |                    ^\n  14 | \n  15 | \t\tmethod listaDeEspera() = listaDeEspera\n\nExpected one of the following: \n\nidentifier, whitespace\n","stack":"Error: Failed to parse src/materia.wlk: \n-- PARSING FAILED --------------------------------------------------\n\n  11 | \t\tvar property cantCreditosQueOtorga = 0\n  12 | \t\tconst property anioCarrera\n> 13 | \t\tconst  property  =manejoListaDeEspera  \n     |                    ^\n  14 | \n  15 | \t\tmethod listaDeEspera() = listaDeEspera\n\nExpected one of the following: \n\nidentifier, whitespace\n\n    at c:\\Users\\Nicolee\\.vscode\\extensions\\uqbar.wollok-lsp-ide-0.5.4\\out\\server\\src\\server.js:2353:13026\n    at Array.map (<anonymous>)\n    at U1n (c:\\Users\\Nicolee\\.vscode\\extensions\\uqbar.wollok-lsp-ide-0.5.4\\out\\server\\src\\server.js:2353:12950)\n    at H2.buildEnvironmentFrom (c:\\Users\\Nicolee\\.vscode\\extensions\\uqbar.wollok-lsp-ide-0.5.4\\out\\server\\src\\server.js:2398:5254)\n    at H2.updateEnvironmentWith (c:\\Users\\Nicolee\\.vscode\\extensions\\uqbar.wollok-lsp-ide-0.5.4\\out\\server\\src\\server.js:2398:4989)\n    at GF (c:\\Users\\Nicolee\\.vscode\\extensions\\uqbar.wollok-lsp-ide-0.5.4\\out\\server\\src\\server.js:2398:7383)\n    at V3.invoke (c:\\Users\\Nicolee\\.vscode\\extensions\\uqbar.wollok-lsp-ide-0.5.4\\out\\server\\src\\server.js:3:157328)\n    at o.fire (c:\\Users\\Nicolee\\.vscode\\extensions\\uqbar.wollok-lsp-ide-0.5.4\\out\\server\\src\\server.js:3:158098)\n    at c:\\Users\\Nicolee\\.vscode\\extensions\\uqbar.wollok-lsp-ide-0.5.4\\out\\server\\src\\server.js:37:57871\n    at nd (c:\\Users\\Nicolee\\.vscode\\extensions\\uqbar.wollok-lsp-ide-0.5.4\\out\\server\\src\\server.js:8:1561)","timestamp":"2026-06-01T16:37:28.886Z"}
{"level":"info","message":"⌛ Validating src/materia.wlk","timeElapsed":120,"timestamp":"2026-06-01T16:37:29.286Z"}
{"level":"info","message":"⌛ Validating src/materia.wlk","timeElapsed":139,"timestamp":"2026-06-01T16:37:29.518Z"}
{"level":"info","message":"⌛ Validating src/materia.wlk","timeElapsed":115,"timestamp":"2026-06-01T16:37:33.625Z"}
{"level":"info","message":"⌛ Validating src/materia.wlk","timeElapsed":109,"timestamp":"2026-06-01T16:37:37.657Z"}
{"level":"info","message":"⌛ Validating src/materia.wlk","timeElapsed":104,"timestamp":"2026-06-01T16:37:38.141Z"}
{"level":"info","message":"⌛ Validating src/materia.wlk","timeElapsed":109,"timestamp":"2026-06-01T16:37:38.312Z"}
{"level":"info","message":"⌛ Validating src/materia.wlk","timeElapsed":108,"timestamp":"2026-06-01T16:37:38.730Z"}
{"level":"info","message":"⌛ Validating src/materia.wlk","timeElapsed":101,"timestamp":"2026-06-01T16:37:38.892Z"}
{"level":"info","message":"⌛ Building environment","timeElapsed":119,"timestamp":"2026-06-01T16:37:39.016Z"}
{"level":"info","message":"⌛ Validating src/materia.wlk","timeElapsed":109,"timestamp":"2026-06-01T16:37:39.125Z"}
{"level":"info","message":"⌛ Building environment","timeElapsed":120,"timestamp":"2026-06-01T16:37:39.251Z"}
{"level":"info","message":"⌛ Validating src/materia.wlk","timeElapsed":103,"timestamp":"2026-06-01T16:37:39.361Z"}
{"level":"info","message":"⌛ Validating src/materia.wlk","timeElapsed":107,"timestamp":"2026-06-01T16:37:39.606Z"}
{"level":"info","message":"⌛ Building environment","timeElapsed":141,"timestamp":"2026-06-01T16:37:39.849Z"}
{"level":"info","message":"⌛ Validating src/materia.wlk","timeElapsed":105,"timestamp":"2026-06-01T16:37:39.958Z"}
{"level":"info","message":"⌛ Validating src/materia.wlk","timeElapsed":106,"timestamp":"2026-06-01T16:37:40.181Z"}
{"level":"info","message":"⌛ Validating src/materia.wlk","timeElapsed":104,"timestamp":"2026-06-01T16:37:40.385Z"}
{"level":"info","message":"⌛ Validating src/materia.wlk","timeElapsed":123,"timestamp":"2026-06-01T16:37:46.209Z"}
{"level":"info","message":"⌛ Validating src/materia.wlk","timeElapsed":107,"timestamp":"2026-06-01T16:37:47.290Z"}
{"level":"info","message":"⌛ Validating src/materia.wlk","timeElapsed":107,"timestamp":"2026-06-01T16:37:47.687Z"}
{"level":"info","message":"⌛ Validating src/materia.wlk","timeElapsed":101,"timestamp":"2026-06-01T16:37:50.224Z"}
{"level":"info","message":"⌛ Validating src/materia.wlk","timeElapsed":114,"timestamp":"2026-06-01T16:37:50.625Z"}
{"level":"info","message":"⌛ Validating src/materia.wlk","timeElapsed":118,"timestamp":"2026-06-01T16:37:51.887Z"}
{"level":"info","message":"⌛ Validating src/materia.wlk","timeElapsed":131,"timestamp":"2026-06-01T16:37:54.204Z"}
{"level":"info","message":"⌛ Validating src/materia.wlk","timeElapsed":140,"timestamp":"2026-06-01T16:37:54.415Z"}
{"level":"info","message":"⌛ Validating src/materia.wlk","timeElapsed":101,"timestamp":"2026-06-01T16:37:54.730Z"}
{"level":"info","message":"⌛ Validating src/materia.wlk","timeElapsed":107,"timestamp":"2026-06-01T16:37:54.899Z"}
{"level":"info","message":"⌛ Validating src/materia.wlk","timeElapsed":116,"timestamp":"2026-06-01T16:37:55.135Z"}
{"level":"info","message":"⌛ Validating src/materia.wlk","timeElapsed":108,"timestamp":"2026-06-01T16:37:55.464Z"}
{"level":"info","message":"⌛ Validating src/materia.wlk","timeElapsed":111,"timestamp":"2026-06-01T16:37:55.786Z"}
{"level":"info","message":"⌛ Building environment","timeElapsed":116,"timestamp":"2026-06-01T16:37:55.902Z"}
{"level":"info","message":"⌛ Validating src/materia.wlk","timeElapsed":111,"timestamp":"2026-06-01T16:37:56.014Z"}
{"level":"info","message":"⌛ Validating src/materia.wlk","timeElapsed":113,"timestamp":"2026-06-01T16:37:56.253Z"}
{"level":"info","message":"⌛ Validating src/materia.wlk","timeElapsed":111,"timestamp":"2026-06-01T16:37:56.488Z"}
{"level":"info","message":"⌛ Validating src/materia.wlk","timeElapsed":102,"timestamp":"2026-06-01T16:37:56.590Z"}
{"level":"info","message":"⌛ Validating src/materia.wlk","timeElapsed":109,"timestamp":"2026-06-01T16:37:56.902Z"}
{"level":"info","message":"⌛ Validating src/materia.wlk","timeElapsed":125,"timestamp":"2026-06-01T16:37:57.712Z"}
{"level":"info","message":"⌛ Validating src/materia.wlk","timeElapsed":148,"timestamp":"2026-06-01T16:37:57.861Z"}
{"level":"info","message":"⌛ Validating src/materia.wlk","timeElapsed":105,"timestamp":"2026-06-01T16:37:58.054Z"}
{"level":"info","message":"⌛ Validating src/materia.wlk","timeElapsed":113,"timestamp":"2026-06-01T16:37:58.237Z"}
{"level":"info","message":"⌛ Validating src/materia.wlk","timeElapsed":130,"timestamp":"2026-06-01T16:37:58.585Z"}
{"level":"info","message":"⌛ Building environment","timeElapsed":117,"timestamp":"2026-06-01T16:37:58.703Z"}
{"level":"info","message":"⌛ Validating src/materia.wlk","timeElapsed":121,"timestamp":"2026-06-01T16:37:58.825Z"}
{"level":"info","message":"⌛ Validating src/materia.wlk","timeElapsed":109,"timestamp":"2026-06-01T16:37:59.425Z"}
{"level":"info","message":"⌛ Validating src/materia.wlk","timeElapsed":113,"timestamp":"2026-06-01T16:37:59.684Z"}
{"level":"info","message":"⌛ Building environment","timeElapsed":102,"timestamp":"2026-06-01T16:37:59.787Z"}
{"level":"info","message":"⌛ Validating src/materia.wlk","timeElapsed":113,"timestamp":"2026-06-01T16:37:59.901Z"}
{"level":"info","message":"⌛ Validating src/materia.wlk","timeElapsed":117,"timestamp":"2026-06-01T16:38:00.121Z"}
{"level":"info","message":"⌛ Validating src/materia.wlk","timeElapsed":104,"timestamp":"2026-06-01T16:38:00.225Z"}
{"level":"info","message":"⌛ Validating src/materia.wlk","timeElapsed":112,"timestamp":"2026-06-01T16:38:00.338Z"}
{"level":"info","message":"⌛ Building environment","timeElapsed":157,"timestamp":"2026-06-01T16:38:09.611Z"}
{"level":"info","message":"⌛ Validating src/estudianteTest.wtest","timeElapsed":157,"timestamp":"2026-06-01T16:38:09.817Z"}
{"level":"info","message":"⌛ Validating src/listaDeEspera.wlk","timeElapsed":131,"timestamp":"2026-06-01T16:38:38.132Z"}
{"level":"info","message":"⌛ Validating src/estudianteTest.wtest","timeElapsed":121,"timestamp":"2026-06-01T16:39:18.050Z"}
{"level":"info","message":"⌛ Building environment","timeElapsed":104,"timestamp":"2026-06-01T16:39:18.527Z"}
{"level":"info","message":"⌛ Validating src/estudianteTest.wtest","timeElapsed":143,"timestamp":"2026-06-01T16:39:18.694Z"}
{"level":"info","message":"⌛ Validating src/estudianteTest.wtest","timeElapsed":108,"timestamp":"2026-06-01T16:39:19.243Z"}
{"level":"info","message":"⌛ Validating src/estudianteTest.wtest","timeElapsed":102,"timestamp":"2026-06-01T16:39:19.545Z"}
{"level":"info","message":"⌛ Building environment","timeElapsed":120,"timestamp":"2026-06-01T16:39:19.665Z"}
{"level":"info","message":"⌛ Validating src/estudianteTest.wtest","timeElapsed":105,"timestamp":"2026-06-01T16:39:19.797Z"}
{"level":"info","message":"⌛ Building environment","timeElapsed":198,"timestamp":"2026-06-01T16:39:20.676Z"}
{"level":"info","message":"⌛ Building environment","timeElapsed":109,"timestamp":"2026-06-01T16:39:21.021Z"}
{"level":"info","message":"⌛ Building environment","timeElapsed":155,"timestamp":"2026-06-01T16:39:21.377Z"}
{"level":"info","message":"⌛ Validating src/estudianteTest.wtest","timeElapsed":134,"timestamp":"2026-06-01T16:39:21.513Z"}
{"level":"info","message":"⌛ Building environment","timeElapsed":117,"timestamp":"2026-06-01T16:39:22.519Z"}
{"level":"info","message":"⌛ Building environment","timeElapsed":107,"timestamp":"2026-06-01T16:39:23.990Z"}
{"level":"info","message":"⌛ Validating src/estudianteTest.wtest","timeElapsed":112,"timestamp":"2026-06-01T16:39:24.103Z"}
{"level":"info","message":"⌛ Building environment","timeElapsed":116,"timestamp":"2026-06-01T16:39:24.830Z"}
{"level":"info","message":"⌛ Building environment","timeElapsed":110,"timestamp":"2026-06-01T16:39:24.964Z"}
{"level":"info","message":"⌛ Validating src/estudianteTest.wtest","timeElapsed":108,"timestamp":"2026-06-01T16:39:25.073Z"}
{"level":"info","message":"⌛ Building environment","timeElapsed":118,"timestamp":"2026-06-01T16:39:25.668Z"}
{"level":"info","message":"⌛ Validating src/estudianteTest.wtest","timeElapsed":112,"timestamp":"2026-06-01T16:39:25.801Z"}
{"level":"info","message":"⌛ Building environment","timeElapsed":127,"timestamp":"2026-06-01T16:39:25.929Z"}
{"level":"info","message":"⌛ Validating src/estudianteTest.wtest","timeElapsed":104,"timestamp":"2026-06-01T16:39:26.034Z"}
{"level":"info","message":"⌛ Validating src/estudianteTest.wtest","timeElapsed":101,"timestamp":"2026-06-01T16:39:26.141Z"}
{"level":"info","message":"⌛ Validating src/estudianteTest.wtest","timeElapsed":102,"timestamp":"2026-06-01T16:39:26.915Z"}
{"level":"info","message":"⌛ Building environment","timeElapsed":121,"timestamp":"2026-06-01T16:39:27.037Z"}
{"level":"info","message":"⌛ Validating src/estudianteTest.wtest","timeElapsed":110,"timestamp":"2026-06-01T16:39:27.148Z"}
{"level":"info","message":"⌛ Building environment","timeElapsed":135,"timestamp":"2026-06-01T16:39:27.481Z"}
{"level":"info","message":"⌛ Building environment","timeElapsed":127,"timestamp":"2026-06-01T16:39:27.609Z"}
{"level":"info","message":"⌛ Validating src/estudianteTest.wtest","timeElapsed":111,"timestamp":"2026-06-01T16:39:28.024Z"}
{"level":"info","message":"⌛ Validating src/estudianteTest.wtest","timeElapsed":102,"timestamp":"2026-06-01T16:39:28.310Z"}
{"level":"info","message":"⌛ Building environment","timeElapsed":121,"timestamp":"2026-06-01T16:39:28.545Z"}
{"level":"info","message":"⌛ Building environment","timeElapsed":136,"timestamp":"2026-06-01T16:39:28.721Z"}
{"level":"info","message":"⌛ Validating src/estudianteTest.wtest","timeElapsed":103,"timestamp":"2026-06-01T16:39:28.824Z"}
{"level":"info","message":"⌛ Building environment","timeElapsed":141,"timestamp":"2026-06-01T16:39:28.966Z"}
{"level":"info","message":"⌛ Building environment","timeElapsed":104,"timestamp":"2026-06-01T16:39:29.071Z"}
{"level":"info","message":"⌛ Validating src/estudianteTest.wtest","timeElapsed":105,"timestamp":"2026-06-01T16:39:29.177Z"}
{"level":"info","message":"⌛ Building environment","timeElapsed":133,"timestamp":"2026-06-01T16:39:29.611Z"}
{"level":"info","message":"⌛ Validating src/estudianteTest.wtest","timeElapsed":108,"timestamp":"2026-06-01T16:39:29.895Z"}
{"level":"info","message":"⌛ Validating src/estudianteTest.wtest","timeElapsed":124,"timestamp":"2026-06-01T16:39:30.202Z"}
{"level":"info","message":"⌛ Validating src/estudianteTest.wtest","timeElapsed":102,"timestamp":"2026-06-01T16:39:30.304Z"}
{"level":"info","message":"⌛ Building environment","timeElapsed":104,"timestamp":"2026-06-01T16:39:32.617Z"}
{"level":"info","message":"⌛ Validating src/estudianteTest.wtest","timeElapsed":102,"timestamp":"2026-06-01T16:39:32.720Z"}
{"level":"info","message":"⌛ Building environment","timeElapsed":108,"timestamp":"2026-06-01T16:39:36.872Z"}
{"level":"info","message":"⌛ Validating src/estudianteTest.wtest","timeElapsed":115,"timestamp":"2026-06-01T16:39:37.018Z"}
{"level":"info","message":"⌛ Building environment","timeElapsed":103,"timestamp":"2026-06-01T16:39:37.254Z"}
{"level":"info","message":"⌛ Validating src/estudianteTest.wtest","timeElapsed":103,"timestamp":"2026-06-01T16:39:37.558Z"}
{"level":"info","message":"⌛ Validating src/estudianteTest.wtest","timeElapsed":101,"timestamp":"2026-06-01T16:39:37.744Z"}
{"level":"info","message":"⌛ Building environment","timeElapsed":108,"timestamp":"2026-06-01T16:39:37.853Z"}
{"level":"info","message":"⌛ Building environment","timeElapsed":114,"timestamp":"2026-06-01T16:39:38.186Z"}
{"level":"info","message":"⌛ Validating src/estudianteTest.wtest","timeElapsed":105,"timestamp":"2026-06-01T16:39:38.395Z"}
{"level":"info","message":"⌛ Building environment","timeElapsed":130,"timestamp":"2026-06-01T16:39:44.186Z"}
{"level":"info","message":"⌛ Validating src/estudianteTest.wtest","timeElapsed":127,"timestamp":"2026-06-01T16:39:44.348Z"}
{"level":"info","message":"⌛ Building environment","timeElapsed":108,"timestamp":"2026-06-01T16:39:44.804Z"}
{"level":"info","message":"⌛ Building environment","timeElapsed":189,"timestamp":"2026-06-01T16:39:45.091Z"}
{"level":"info","message":"⌛ Building environment","timeElapsed":156,"timestamp":"2026-06-01T16:39:45.641Z"}
{"level":"info","message":"⌛ Building environment","timeElapsed":145,"timestamp":"2026-06-01T16:39:46.163Z"}
{"level":"info","message":"⌛ Validating src/estudianteTest.wtest","timeElapsed":103,"timestamp":"2026-06-01T16:39:46.272Z"}
{"level":"info","message":"⌛ Validating src/listaDeEspera.wlk","timeElapsed":102,"timestamp":"2026-06-01T16:40:01.209Z"}
{"level":"info","message":"⌛ Validating src/listaDeEspera.wlk","timeElapsed":107,"timestamp":"2026-06-01T16:40:01.461Z"}
{"level":"info","message":"⌛ Validating src/listaDeEspera.wlk","timeElapsed":107,"timestamp":"2026-06-01T16:40:02.672Z"}
{"level":"info","message":"⌛ Validating src/listaDeEspera.wlk","timeElapsed":120,"timestamp":"2026-06-01T16:40:02.966Z"}
{"level":"info","message":"⌛ Validating src/listaDeEspera.wlk","timeElapsed":107,"timestamp":"2026-06-01T16:40:03.074Z"}
{"level":"info","message":"⌛ Validating src/listaDeEspera.wlk","timeElapsed":119,"timestamp":"2026-06-01T16:40:03.340Z"}
{"level":"info","message":"⌛ Validating src/listaDeEspera.wlk","timeElapsed":104,"timestamp":"2026-06-01T16:40:03.445Z"}
{"level":"info","message":"⌛ Validating src/listaDeEspera.wlk","timeElapsed":119,"timestamp":"2026-06-01T16:40:03.722Z"}
{"level":"info","message":"⌛ Building environment","timeElapsed":104,"timestamp":"2026-06-01T16:40:03.826Z"}
{"level":"info","message":"⌛ Validating src/listaDeEspera.wlk","timeElapsed":168,"timestamp":"2026-06-01T16:40:04.700Z"}
{"level":"info","message":"⌛ Validating src/listaDeEspera.wlk","timeElapsed":116,"timestamp":"2026-06-01T16:40:04.878Z"}
{"level":"info","message":"⌛ Validating src/listaDeEspera.wlk","timeElapsed":120,"timestamp":"2026-06-01T16:40:05.515Z"}
{"level":"info","message":"⌛ Validating src/listaDeEspera.wlk","timeElapsed":117,"timestamp":"2026-06-01T16:40:05.990Z"}
{"level":"info","message":"⌛ Validating src/listaDeEspera.wlk","timeElapsed":112,"timestamp":"2026-06-01T16:40:06.258Z"}
{"level":"info","message":"⌛ Validating src/listaDeEspera.wlk","timeElapsed":111,"timestamp":"2026-06-01T16:40:07.040Z"}
{"level":"info","message":"⌛ Validating src/listaDeEspera.wlk","timeElapsed":121,"timestamp":"2026-06-01T16:40:07.281Z"}
{"level":"info","message":"⌛ Validating src/listaDeEspera.wlk","timeElapsed":109,"timestamp":"2026-06-01T16:40:07.546Z"}
{"level":"info","message":"⌛ Validating src/listaDeEspera.wlk","timeElapsed":135,"timestamp":"2026-06-01T16:40:07.683Z"}
{"level":"info","message":"⌛ Validating src/listaDeEspera.wlk","timeElapsed":117,"timestamp":"2026-06-01T16:40:08.374Z"}
{"level":"info","message":"⌛ Validating src/listaDeEspera.wlk","timeElapsed":116,"timestamp":"2026-06-01T16:40:08.580Z"}
{"level":"info","message":"⌛ Validating src/listaDeEspera.wlk","timeElapsed":122,"timestamp":"2026-06-01T16:40:08.943Z"}
{"level":"info","message":"⌛ Validating src/listaDeEspera.wlk","timeElapsed":102,"timestamp":"2026-06-01T16:40:09.318Z"}
{"level":"info","message":"⌛ Validating src/listaDeEspera.wlk","timeElapsed":117,"timestamp":"2026-06-01T16:40:09.711Z"}
{"level":"info","message":"⌛ Validating src/listaDeEspera.wlk","timeElapsed":113,"timestamp":"2026-06-01T16:40:10.176Z"}
{"level":"info","message":"⌛ Validating src/listaDeEspera.wlk","timeElapsed":121,"timestamp":"2026-06-01T16:40:10.474Z"}
{"level":"info","message":"⌛ Validating src/listaDeEspera.wlk","timeElapsed":101,"timestamp":"2026-06-01T16:40:10.575Z"}
{"level":"info","message":"⌛ Building environment","timeElapsed":102,"timestamp":"2026-06-01T16:42:09.985Z"}
{"level":"info","message":"⌛ Validating src/materia.wlk","timeElapsed":154,"timestamp":"2026-06-01T16:42:10.141Z"}
{"level":"info","message":"⌛ Validating src/materia.wlk","timeElapsed":201,"timestamp":"2026-06-01T16:42:10.507Z"}
{"level":"info","message":"⌛ Validating src/materia.wlk","timeElapsed":195,"timestamp":"2026-06-01T16:42:10.806Z"}
{"level":"info","message":"⌛ Validating src/materia.wlk","timeElapsed":148,"timestamp":"2026-06-01T16:42:11.050Z"}
{"level":"info","message":"⌛ Validating src/materia.wlk","timeElapsed":113,"timestamp":"2026-06-01T16:42:12.244Z"}
{"level":"info","message":"⌛ Validating src/materia.wlk","timeElapsed":115,"timestamp":"2026-06-01T16:42:12.451Z"}
{"level":"info","message":"⌛ Validating src/materia.wlk","timeElapsed":116,"timestamp":"2026-06-01T16:42:12.732Z"}
{"level":"info","message":"⌛ Validating src/materia.wlk","timeElapsed":194,"timestamp":"2026-06-01T16:42:13.013Z"}
{"level":"info","message":"⌛ Validating src/materia.wlk","timeElapsed":116,"timestamp":"2026-06-01T16:42:13.289Z"}
{"level":"info","message":"⌛ Validating src/materia.wlk","timeElapsed":113,"timestamp":"2026-06-01T16:42:13.402Z"}
{"level":"info","message":"⌛ Building environment","timeElapsed":129,"timestamp":"2026-06-01T16:42:13.604Z"}
{"level":"info","message":"⌛ Building environment","timeElapsed":103,"timestamp":"2026-06-01T16:42:14.163Z"}
{"level":"info","message":"⌛ Validating src/materia.wlk","timeElapsed":102,"timestamp":"2026-06-01T16:42:14.330Z"}
{"level":"info","message":"⌛ Validating src/materia.wlk","timeElapsed":102,"timestamp":"2026-06-01T16:42:15.029Z"}
{"level":"info","message":"⌛ Validating src/materia.wlk","timeElapsed":123,"timestamp":"2026-06-01T16:42:15.302Z"}
{"level":"info","message":"⌛ Validating src/materia.wlk","timeElapsed":101,"timestamp":"2026-06-01T16:42:15.508Z"}
{"level":"info","message":"⌛ Validating src/listaDeEspera.wlk","timeElapsed":112,"timestamp":"2026-06-01T16:43:20.815Z"}
{"level":"info","message":"⌛ Validating src/listaDeEspera.wlk","timeElapsed":109,"timestamp":"2026-06-01T16:43:21.198Z"}
{"level":"info","message":"⌛ Validating src/listaDeEspera.wlk","timeElapsed":123,"timestamp":"2026-06-01T16:43:21.558Z"}
{"level":"info","message":"⌛ Validating src/listaDeEspera.wlk","timeElapsed":107,"timestamp":"2026-06-01T16:43:21.667Z"}
{"level":"info","message":"⌛ Building environment","timeElapsed":131,"timestamp":"2026-06-01T16:43:21.799Z"}
{"level":"info","message":"⌛ Validating src/listaDeEspera.wlk","timeElapsed":114,"timestamp":"2026-06-01T16:43:21.995Z"}
{"level":"info","message":"⌛ Validating src/listaDeEspera.wlk","timeElapsed":109,"timestamp":"2026-06-01T16:43:22.108Z"}
{"level":"info","message":"⌛ Validating src/listaDeEspera.wlk","timeElapsed":115,"timestamp":"2026-06-01T16:43:23.127Z"}
{"level":"info","message":"⌛ Validating src/listaDeEspera.wlk","timeElapsed":109,"timestamp":"2026-06-01T16:43:23.302Z"}
{"level":"info","message":"⌛ Validating src/listaDeEspera.wlk","timeElapsed":103,"timestamp":"2026-06-01T16:43:24.396Z"}
{"level":"info","message":"⌛ Validating src/listaDeEspera.wlk","timeElapsed":117,"timestamp":"2026-06-01T16:43:24.718Z"}
{"level":"info","message":"⌛ Building environment","timeElapsed":107,"timestamp":"2026-06-01T16:43:25.627Z"}
{"level":"info","message":"⌛ Validating src/listaDeEspera.wlk","timeElapsed":120,"timestamp":"2026-06-01T16:43:25.862Z"}
{"level":"info","message":"⌛ Validating src/listaDeEspera.wlk","timeElapsed":103,"timestamp":"2026-06-01T16:43:25.966Z"}
{"level":"info","message":"⌛ Building environment","timeElapsed":133,"timestamp":"2026-06-01T16:43:26.099Z"}
{"level":"info","message":"⌛ Validating src/listaDeEspera.wlk","timeElapsed":110,"timestamp":"2026-06-01T16:43:26.435Z"}
{"level":"info","message":"⌛ Validating src/listaDeEspera.wlk","timeElapsed":105,"timestamp":"2026-06-01T16:43:26.540Z"}
{"level":"info","message":"⌛ Validating src/listaDeEspera.wlk","timeElapsed":110,"timestamp":"2026-06-01T16:43:26.650Z"}
{"level":"info","message":"⌛ Validating src/listaDeEspera.wlk","timeElapsed":112,"timestamp":"2026-06-01T16:43:26.762Z"}
{"level":"info","message":"⌛ Validating src/listaDeEspera.wlk","timeElapsed":118,"timestamp":"2026-06-01T16:43:27.216Z"}
{"level":"info","message":"⌛ Validating src/listaDeEspera.wlk","timeElapsed":104,"timestamp":"2026-06-01T16:43:29.006Z"}
{"level":"info","message":"⌛ Validating src/listaDeEspera.wlk","timeElapsed":107,"timestamp":"2026-06-01T16:43:29.260Z"}
{"level":"info","message":"⌛ Validating src/listaDeEspera.wlk","timeElapsed":137,"timestamp":"2026-06-01T16:43:29.925Z"}
{"level":"error","message":"✘ Completions for node Parameter ([2:35, 2:36] - src/listaDeEspera.wlk) failed: Error: [Parameter]{a79257} at src/listaDeEspera.wlk:2 exhausted all cases without a match [Parameter]{a79257} at src/listaDeEspera.wlk:2 exhausted all cases without a match","stack":"Error: [Parameter]{a79257} at src/listaDeEspera.wlk:2 exhausted all cases without a match\n    at c:\\Users\\Nicolee\\.vscode\\extensions\\uqbar.wollok-lsp-ide-0.5.4\\out\\server\\src\\server.js:38:6142\n    at L2 (c:\\Users\\Nicolee\\.vscode\\extensions\\uqbar.wollok-lsp-ide-0.5.4\\out\\server\\src\\server.js:2389:42)\n    at c:\\Users\\Nicolee\\.vscode\\extensions\\uqbar.wollok-lsp-ide-0.5.4\\out\\server\\src\\server.js:2389:2988\n    at c:\\Users\\Nicolee\\.vscode\\extensions\\uqbar.wollok-lsp-ide-0.5.4\\out\\server\\src\\server.js:2398:8440\n    at c:\\Users\\Nicolee\\.vscode\\extensions\\uqbar.wollok-lsp-ide-0.5.4\\out\\server\\src\\server.js:37:74872\n    at Ke (c:\\Users\\Nicolee\\.vscode\\extensions\\uqbar.wollok-lsp-ide-0.5.4\\out\\server\\src\\server.js:7:8527)\n    at Lt (c:\\Users\\Nicolee\\.vscode\\extensions\\uqbar.wollok-lsp-ide-0.5.4\\out\\server\\src\\server.js:7:6189)\n    at ct (c:\\Users\\Nicolee\\.vscode\\extensions\\uqbar.wollok-lsp-ide-0.5.4\\out\\server\\src\\server.js:7:6378)\n    at Immediate._onImmediate (c:\\Users\\Nicolee\\.vscode\\extensions\\uqbar.wollok-lsp-ide-0.5.4\\out\\server\\src\\server.js:7:6142)\n    at process.processImmediate (node:internal/timers:484:21)","timestamp":"2026-06-01T16:43:40.032Z"}
{"level":"error","message":"✘ Completions for node Parameter ([2:35, 2:38] - src/listaDeEspera.wlk) failed: Error: [Parameter]{fa81ad} at src/listaDeEspera.wlk:2 exhausted all cases without a match [Parameter]{fa81ad} at src/listaDeEspera.wlk:2 exhausted all cases without a match","stack":"Error: [Parameter]{fa81ad} at src/listaDeEspera.wlk:2 exhausted all cases without a match\n    at c:\\Users\\Nicolee\\.vscode\\extensions\\uqbar.wollok-lsp-ide-0.5.4\\out\\server\\src\\server.js:38:6142\n    at L2 (c:\\Users\\Nicolee\\.vscode\\extensions\\uqbar.wollok-lsp-ide-0.5.4\\out\\server\\src\\server.js:2389:42)\n    at c:\\Users\\Nicolee\\.vscode\\extensions\\uqbar.wollok-lsp-ide-0.5.4\\out\\server\\src\\server.js:2389:2988\n    at c:\\Users\\Nicolee\\.vscode\\extensions\\uqbar.wollok-lsp-ide-0.5.4\\out\\server\\src\\server.js:2398:8440\n    at c:\\Users\\Nicolee\\.vscode\\extensions\\uqbar.wollok-lsp-ide-0.5.4\\out\\server\\src\\server.js:37:74872\n    at Ke (c:\\Users\\Nicolee\\.vscode\\extensions\\uqbar.wollok-lsp-ide-0.5.4\\out\\server\\src\\server.js:7:8527)\n    at Lt (c:\\Users\\Nicolee\\.vscode\\extensions\\uqbar.wollok-lsp-ide-0.5.4\\out\\server\\src\\server.js:7:6189)\n    at ct (c:\\Users\\Nicolee\\.vscode\\extensions\\uqbar.wollok-lsp-ide-0.5.4\\out\\server\\src\\server.js:7:6378)\n    at Immediate._onImmediate (c:\\Users\\Nicolee\\.vscode\\extensions\\uqbar.wollok-lsp-ide-0.5.4\\out\\server\\src\\server.js:7:6142)\n    at process.processImmediate (node:internal/timers:484:21)","timestamp":"2026-06-01T16:43:40.347Z"}
{"level":"error","message":"✘ Completions for node Parameter ([2:35, 2:39] - src/listaDeEspera.wlk) failed: Error: [Parameter]{86f77e} at src/listaDeEspera.wlk:2 exhausted all cases without a match [Parameter]{86f77e} at src/listaDeEspera.wlk:2 exhausted all cases without a match","stack":"Error: [Parameter]{86f77e} at src/listaDeEspera.wlk:2 exhausted all cases without a match\n    at c:\\Users\\Nicolee\\.vscode\\extensions\\uqbar.wollok-lsp-ide-0.5.4\\out\\server\\src\\server.js:38:6142\n    at L2 (c:\\Users\\Nicolee\\.vscode\\extensions\\uqbar.wollok-lsp-ide-0.5.4\\out\\server\\src\\server.js:2389:42)\n    at c:\\Users\\Nicolee\\.vscode\\extensions\\uqbar.wollok-lsp-ide-0.5.4\\out\\server\\src\\server.js:2389:2988\n    at c:\\Users\\Nicolee\\.vscode\\extensions\\uqbar.wollok-lsp-ide-0.5.4\\out\\server\\src\\server.js:2398:8440\n    at c:\\Users\\Nicolee\\.vscode\\extensions\\uqbar.wollok-lsp-ide-0.5.4\\out\\server\\src\\server.js:37:74872\n    at Ke (c:\\Users\\Nicolee\\.vscode\\extensions\\uqbar.wollok-lsp-ide-0.5.4\\out\\server\\src\\server.js:7:8527)\n    at Lt (c:\\Users\\Nicolee\\.vscode\\extensions\\uqbar.wollok-lsp-ide-0.5.4\\out\\server\\src\\server.js:7:6189)\n    at ct (c:\\Users\\Nicolee\\.vscode\\extensions\\uqbar.wollok-lsp-ide-0.5.4\\out\\server\\src\\server.js:7:6378)\n    at Immediate._onImmediate (c:\\Users\\Nicolee\\.vscode\\extensions\\uqbar.wollok-lsp-ide-0.5.4\\out\\server\\src\\server.js:7:6142)\n    at process.processImmediate (node:internal/timers:484:21)","timestamp":"2026-06-01T16:43:40.511Z"}
{"level":"error","message":"✘ Completions for node Parameter ([2:35, 2:40] - src/listaDeEspera.wlk) failed: Error: [Parameter]{3380c6} at src/listaDeEspera.wlk:2 exhausted all cases without a match [Parameter]{3380c6} at src/listaDeEspera.wlk:2 exhausted all cases without a match","stack":"Error: [Parameter]{3380c6} at src/listaDeEspera.wlk:2 exhausted all cases without a match\n    at c:\\Users\\Nicolee\\.vscode\\extensions\\uqbar.wollok-lsp-ide-0.5.4\\out\\server\\src\\server.js:38:6142\n    at L2 (c:\\Users\\Nicolee\\.vscode\\extensions\\uqbar.wollok-lsp-ide-0.5.4\\out\\server\\src\\server.js:2389:42)\n    at c:\\Users\\Nicolee\\.vscode\\extensions\\uqbar.wollok-lsp-ide-0.5.4\\out\\server\\src\\server.js:2389:2988\n    at c:\\Users\\Nicolee\\.vscode\\extensions\\uqbar.wollok-lsp-ide-0.5.4\\out\\server\\src\\server.js:2398:8440\n    at c:\\Users\\Nicolee\\.vscode\\extensions\\uqbar.wollok-lsp-ide-0.5.4\\out\\server\\src\\server.js:37:74872\n    at Ke (c:\\Users\\Nicolee\\.vscode\\extensions\\uqbar.wollok-lsp-ide-0.5.4\\out\\server\\src\\server.js:7:8527)\n    at Lt (c:\\Users\\Nicolee\\.vscode\\extensions\\uqbar.wollok-lsp-ide-0.5.4\\out\\server\\src\\server.js:7:6189)\n    at ct (c:\\Users\\Nicolee\\.vscode\\extensions\\uqbar.wollok-lsp-ide-0.5.4\\out\\server\\src\\server.js:7:6378)\n    at Immediate._onImmediate (c:\\Users\\Nicolee\\.vscode\\extensions\\uqbar.wollok-lsp-ide-0.5.4\\out\\server\\src\\server.js:7:6142)\n    at process.processImmediate (node:internal/timers:484:21)","timestamp":"2026-06-01T16:43:40.681Z"}
{"level":"info","message":"⌛ Validating src/listaDeEspera.wlk","timeElapsed":109,"timestamp":"2026-06-01T16:44:03.083Z"}
{"level":"error","message":"✘ Completions for node Parameter ([2:35, 2:42] - src/listaDeEspera.wlk) failed: Error: [Parameter]{dea75e} at src/listaDeEspera.wlk:2 exhausted all cases without a match [Parameter]{dea75e} at src/listaDeEspera.wlk:2 exhausted all cases without a match","stack":"Error: [Parameter]{dea75e} at src/listaDeEspera.wlk:2 exhausted all cases without a match\n    at c:\\Users\\Nicolee\\.vscode\\extensions\\uqbar.wollok-lsp-ide-0.5.4\\out\\server\\src\\server.js:38:6142\n    at L2 (c:\\Users\\Nicolee\\.vscode\\extensions\\uqbar.wollok-lsp-ide-0.5.4\\out\\server\\src\\server.js:2389:42)\n    at c:\\Users\\Nicolee\\.vscode\\extensions\\uqbar.wollok-lsp-ide-0.5.4\\out\\server\\src\\server.js:2389:2988\n    at c:\\Users\\Nicolee\\.vscode\\extensions\\uqbar.wollok-lsp-ide-0.5.4\\out\\server\\src\\server.js:2398:8440\n    at c:\\Users\\Nicolee\\.vscode\\extensions\\uqbar.wollok-lsp-ide-0.5.4\\out\\server\\src\\server.js:37:74872\n    at Ke (c:\\Users\\Nicolee\\.vscode\\extensions\\uqbar.wollok-lsp-ide-0.5.4\\out\\server\\src\\server.js:7:8527)\n    at Lt (c:\\Users\\Nicolee\\.vscode\\extensions\\uqbar.wollok-lsp-ide-0.5.4\\out\\server\\src\\server.js:7:6189)\n    at ct (c:\\Users\\Nicolee\\.vscode\\extensions\\uqbar.wollok-lsp-ide-0.5.4\\out\\server\\src\\server.js:7:6378)\n    at Immediate._onImmediate (c:\\Users\\Nicolee\\.vscode\\extensions\\uqbar.wollok-lsp-ide-0.5.4\\out\\server\\src\\server.js:7:6142)\n    at process.processImmediate (node:internal/timers:484:21)","timestamp":"2026-06-01T16:44:10.237Z"}
{"level":"info","message":"⌛ Validating src/listaDeEspera.wlk","timeElapsed":122,"timestamp":"2026-06-01T16:44:10.433Z"}
{"level":"info","message":"⌛ Validating src/listaDeEspera.wlk","timeElapsed":146,"timestamp":"2026-06-01T16:44:10.581Z"}
{"level":"info","message":"⌛ Validating src/listaDeEspera.wlk","timeElapsed":116,"timestamp":"2026-06-01T16:44:11.013Z"}
{"level":"error","message":"✘ Completions for node Send ([3:5, 3:31] - src/listaDeEspera.wlk) failed: Error: [Send]{73e8d8} at src/listaDeEspera.wlk:3 exhausted all cases without a match [Send]{73e8d8} at src/listaDeEspera.wlk:3 exhausted all cases without a match","stack":"Error: [Send]{73e8d8} at src/listaDeEspera.wlk:3 exhausted all cases without a match\n    at c:\\Users\\Nicolee\\.vscode\\extensions\\uqbar.wollok-lsp-ide-0.5.4\\out\\server\\src\\server.js:38:6142\n    at L2 (c:\\Users\\Nicolee\\.vscode\\extensions\\uqbar.wollok-lsp-ide-0.5.4\\out\\server\\src\\server.js:2389:42)\n    at Jh (c:\\Users\\Nicolee\\.vscode\\extensions\\uqbar.wollok-lsp-ide-0.5.4\\out\\server\\src\\server.js:2389:1092)\n    at M5n (c:\\Users\\Nicolee\\.vscode\\extensions\\uqbar.wollok-lsp-ide-0.5.4\\out\\server\\src\\server.js:2389:1248)\n    at c:\\Users\\Nicolee\\.vscode\\extensions\\uqbar.wollok-lsp-ide-0.5.4\\out\\server\\src\\server.js:38:6131\n    at L2 (c:\\Users\\Nicolee\\.vscode\\extensions\\uqbar.wollok-lsp-ide-0.5.4\\out\\server\\src\\server.js:2389:42)\n    at c:\\Users\\Nicolee\\.vscode\\extensions\\uqbar.wollok-lsp-ide-0.5.4\\out\\server\\src\\server.js:2389:2988\n    at c:\\Users\\Nicolee\\.vscode\\extensions\\uqbar.wollok-lsp-ide-0.5.4\\out\\server\\src\\server.js:2398:8440\n    at c:\\Users\\Nicolee\\.vscode\\extensions\\uqbar.wollok-lsp-ide-0.5.4\\out\\server\\src\\server.js:37:74872\n    at Ke (c:\\Users\\Nicolee\\.vscode\\extensions\\uqbar.wollok-lsp-ide-0.5.4\\out\\server\\src\\server.js:7:8527)","timestamp":"2026-06-01T16:44:20.266Z"}
{"level":"info","message":"⌛ Validating src/listaDeEspera.wlk","timeElapsed":126,"timestamp":"2026-06-01T16:44:20.473Z"}
{"level":"info","message":"⌛ Validating src/listaDeEspera.wlk","timeElapsed":130,"timestamp":"2026-06-01T16:44:24.564Z"}
{"level":"info","message":"⌛ Validating src/listaDeEspera.wlk","timeElapsed":123,"timestamp":"2026-06-01T16:44:24.751Z"}
{"level":"info","message":"⌛ Validating src/materia.wlk","timeElapsed":111,"timestamp":"2026-06-01T16:44:43.275Z"}
{"level":"info","message":"⌛ Validating src/materia.wlk","timeElapsed":144,"timestamp":"2026-06-01T16:44:46.339Z"}
{"level":"info","message":"⌛ Validating src/materia.wlk","timeElapsed":115,"timestamp":"2026-06-01T16:44:48.271Z"}
{"level":"info","message":"⌛ Validating src/materia.wlk","timeElapsed":115,"timestamp":"2026-06-01T16:44:49.054Z"}
{"level":"info","message":"⌛ Validating src/materia.wlk","timeElapsed":104,"timestamp":"2026-06-01T16:44:50.358Z"}
{"level":"info","message":"⌛ Validating src/materia.wlk","timeElapsed":126,"timestamp":"2026-06-01T16:44:52.177Z"}
{"level":"info","message":"⌛ Building environment","timeElapsed":116,"timestamp":"2026-06-01T16:44:59.206Z"}
{"level":"info","message":"⌛ Validating src/materia.wlk","timeElapsed":102,"timestamp":"2026-06-01T16:44:59.391Z"}
{"level":"info","message":"⌛ Validating src/materia.wlk","timeElapsed":115,"timestamp":"2026-06-01T16:45:02.586Z"}
{"level":"info","message":"⌛ Building environment","timeElapsed":200,"timestamp":"2026-06-01T16:47:05.090Z"}
{"level":"info","message":"⌛ Validating src/materia.wlk","timeElapsed":156,"timestamp":"2026-06-01T16:47:05.284Z"}
{"level":"info","message":"⌛ Validating src/listaDeEspera.wlk","timeElapsed":154,"timestamp":"2026-06-01T16:50:04.994Z"}
{"level":"info","message":"⌛ Validating src/listaDeEspera.wlk","timeElapsed":143,"timestamp":"2026-06-01T16:50:05.221Z"}
{"level":"info","message":"⌛ Validating src/listaDeEspera.wlk","timeElapsed":115,"timestamp":"2026-06-01T16:50:05.675Z"}
{"level":"info","message":"⌛ Validating src/listaDeEspera.wlk","timeElapsed":105,"timestamp":"2026-06-01T16:50:05.855Z"}
{"level":"info","message":"⌛ Validating src/listaDeEspera.wlk","timeElapsed":120,"timestamp":"2026-06-01T16:50:06.102Z"}
{"level":"info","message":"⌛ Validating src/listaDeEspera.wlk","timeElapsed":105,"timestamp":"2026-06-01T16:50:06.373Z"}
{"level":"info","message":"⌛ Validating src/listaDeEspera.wlk","timeElapsed":107,"timestamp":"2026-06-01T16:50:06.544Z"}
{"level":"info","message":"⌛ Validating src/listaDeEspera.wlk","timeElapsed":130,"timestamp":"2026-06-01T16:50:07.332Z"}
{"level":"info","message":"⌛ Validating src/listaDeEspera.wlk","timeElapsed":118,"timestamp":"2026-06-01T16:50:07.624Z"}
{"level":"info","message":"⌛ Validating src/listaDeEspera.wlk","timeElapsed":157,"timestamp":"2026-06-01T16:50:07.782Z"}
{"level":"info","message":"⌛ Validating src/listaDeEspera.wlk","timeElapsed":116,"timestamp":"2026-06-01T16:50:08.078Z"}
{"level":"info","message":"⌛ Validating src/listaDeEspera.wlk","timeElapsed":116,"timestamp":"2026-06-01T16:50:08.194Z"}
{"level":"info","message":"⌛ Validating src/listaDeEspera.wlk","timeElapsed":107,"timestamp":"2026-06-01T16:50:08.500Z"}
{"level":"info","message":"⌛ Validating src/listaDeEspera.wlk","timeElapsed":106,"timestamp":"2026-06-01T16:50:08.841Z"}
{"level":"info","message":"⌛ Building environment","timeElapsed":101,"timestamp":"2026-06-01T16:50:09.071Z"}
{"level":"info","message":"⌛ Validating src/listaDeEspera.wlk","timeElapsed":114,"timestamp":"2026-06-01T16:50:09.264Z"}
{"level":"info","message":"⌛ Validating src/listaDeEspera.wlk","timeElapsed":104,"timestamp":"2026-06-01T16:50:09.433Z"}
{"level":"info","message":"⌛ Validating src/listaDeEspera.wlk","timeElapsed":104,"timestamp":"2026-06-01T16:50:09.622Z"}
{"level":"info","message":"⌛ Validating src/listaDeEspera.wlk","timeElapsed":102,"timestamp":"2026-06-01T16:50:09.841Z"}
{"level":"info","message":"⌛ Validating src/listaDeEspera.wlk","timeElapsed":133,"timestamp":"2026-06-01T16:50:10.297Z"}
{"level":"info","message":"⌛ Validating src/listaDeEspera.wlk","timeElapsed":118,"timestamp":"2026-06-01T16:50:10.573Z"}
{"level":"info","message":"⌛ Building environment","timeElapsed":107,"timestamp":"2026-06-01T16:50:10.681Z"}
{"level":"info","message":"⌛ Validating src/listaDeEspera.wlk","timeElapsed":118,"timestamp":"2026-06-01T16:50:10.800Z"}
{"level":"info","message":"⌛ Validating src/listaDeEspera.wlk","timeElapsed":104,"timestamp":"2026-06-01T16:50:10.980Z"}
{"level":"info","message":"⌛ Validating src/listaDeEspera.wlk","timeElapsed":108,"timestamp":"2026-06-01T16:50:11.446Z"}
{"level":"info","message":"⌛ Validating src/listaDeEspera.wlk","timeElapsed":106,"timestamp":"2026-06-01T16:50:11.634Z"}
{"level":"info","message":"⌛ Validating src/listaDeEspera.wlk","timeElapsed":101,"timestamp":"2026-06-01T16:50:11.809Z"}
{"level":"info","message":"⌛ Validating src/listaDeEspera.wlk","timeElapsed":103,"timestamp":"2026-06-01T16:50:11.992Z"}
{"level":"info","message":"⌛ Validating src/listaDeEspera.wlk","timeElapsed":115,"timestamp":"2026-06-01T16:50:12.195Z"}
{"level":"info","message":"⌛ Validating src/listaDeEspera.wlk","timeElapsed":140,"timestamp":"2026-06-01T16:50:12.415Z"}
{"level":"info","message":"⌛ Validating src/listaDeEspera.wlk","timeElapsed":123,"timestamp":"2026-06-01T16:50:12.605Z"}
{"level":"info","message":"⌛ Validating src/listaDeEspera.wlk","timeElapsed":127,"timestamp":"2026-06-01T16:50:14.273Z"}
{"level":"info","message":"⌛ Validating src/listaDeEspera.wlk","timeElapsed":141,"timestamp":"2026-06-01T16:50:14.488Z"}
{"level":"info","message":"⌛ Validating src/listaDeEspera.wlk","timeElapsed":125,"timestamp":"2026-06-01T16:50:20.099Z"}
{"level":"info","message":"⌛ Validating src/listaDeEspera.wlk","timeElapsed":113,"timestamp":"2026-06-01T16:50:22.775Z"}
{"level":"info","message":"⌛ Validating src/listaDeEspera.wlk","timeElapsed":102,"timestamp":"2026-06-01T16:50:24.339Z"}
{"level":"info","message":"⌛ Validating src/listaDeEspera.wlk","timeElapsed":162,"timestamp":"2026-06-01T16:50:32.637Z"}
{"level":"info","message":"⌛ Validating src/listaDeEspera.wlk","timeElapsed":186,"timestamp":"2026-06-01T16:51:03.309Z"}
{"level":"info","message":"⌛ Validating src/listaDeEspera.wlk","timeElapsed":102,"timestamp":"2026-06-01T16:51:03.809Z"}
{"level":"info","message":"⌛ Validating src/listaDeEspera.wlk","timeElapsed":117,"timestamp":"2026-06-01T16:51:04.017Z"}
{"level":"info","message":"⌛ Validating src/listaDeEspera.wlk","timeElapsed":110,"timestamp":"2026-06-01T16:51:04.833Z"}
{"level":"info","message":"⌛ Validating src/listaDeEspera.wlk","timeElapsed":118,"timestamp":"2026-06-01T16:51:05.534Z"}
{"level":"info","message":"⌛ Validating src/listaDeEspera.wlk","timeElapsed":154,"timestamp":"2026-06-01T18:34:16.906Z"}
{"level":"info","message":"⌛ Validating src/listaDeEspera.wlk","timeElapsed":146,"timestamp":"2026-06-01T18:34:17.968Z"}
{"level":"info","message":"⌛ Validating src/listaDeEspera.wlk","timeElapsed":111,"timestamp":"2026-06-01T18:34:18.534Z"}
{"level":"info","message":"⌛ Validating src/listaDeEspera.wlk","timeElapsed":106,"timestamp":"2026-06-01T18:34:20.877Z"}
{"level":"info","message":"⌛ Validating src/listaDeEspera.wlk","timeElapsed":122,"timestamp":"2026-06-01T18:34:21.000Z"}
{"level":"info","message":"⌛ Validating src/listaDeEspera.wlk","timeElapsed":104,"timestamp":"2026-06-01T18:34:21.250Z"}
{"level":"info","message":"⌛ Validating src/listaDeEspera.wlk","timeElapsed":102,"timestamp":"2026-06-01T18:34:21.522Z"}
{"level":"info","message":"⌛ Validating src/listaDeEspera.wlk","timeElapsed":156,"timestamp":"2026-06-01T18:34:24.152Z"}
{"level":"info","message":"⌛ Validating src/listaDeEspera.wlk","timeElapsed":101,"timestamp":"2026-06-01T18:34:24.386Z"}
{"level":"info","message":"⌛ Validating src/listaDeEspera.wlk","timeElapsed":105,"timestamp":"2026-06-01T18:34:24.492Z"}
{"level":"info","message":"⌛ Validating src/listaDeEspera.wlk","timeElapsed":112,"timestamp":"2026-06-01T18:34:25.077Z"}
{"level":"info","message":"⌛ Validating src/listaDeEspera.wlk","timeElapsed":101,"timestamp":"2026-06-01T18:34:25.238Z"}
{"level":"info","message":"⌛ Validating src/listaDeEspera.wlk","timeElapsed":102,"timestamp":"2026-06-01T18:34:25.523Z"}
{"level":"info","message":"⌛ Validating src/listaDeEspera.wlk","timeElapsed":123,"timestamp":"2026-06-01T18:34:26.251Z"}
{"level":"info","message":"⌛ Validating src/listaDeEspera.wlk","timeElapsed":106,"timestamp":"2026-06-01T18:34:26.357Z"}
{"level":"info","message":"⌛ Validating src/listaDeEspera.wlk","timeElapsed":108,"timestamp":"2026-06-01T18:34:26.587Z"}
{"level":"info","message":"⌛ Validating src/listaDeEspera.wlk","timeElapsed":156,"timestamp":"2026-06-01T18:34:26.759Z"}
{"level":"info","message":"⌛ Validating src/listaDeEspera.wlk","timeElapsed":107,"timestamp":"2026-06-01T18:34:26.941Z"}
{"level":"info","message":"⌛ Validating src/listaDeEspera.wlk","timeElapsed":117,"timestamp":"2026-06-01T18:34:27.453Z"}
{"level":"info","message":"⌛ Validating src/listaDeEspera.wlk","timeElapsed":103,"timestamp":"2026-06-01T18:34:27.616Z"}
{"level":"info","message":"⌛ Validating src/listaDeEspera.wlk","timeElapsed":103,"timestamp":"2026-06-01T18:34:27.800Z"}
{"level":"info","message":"⌛ Validating src/listaDeEspera.wlk","timeElapsed":106,"timestamp":"2026-06-01T18:34:28.060Z"}
{"level":"info","message":"⌛ Validating src/listaDeEspera.wlk","timeElapsed":113,"timestamp":"2026-06-01T18:34:28.507Z"}
{"level":"info","message":"⌛ Validating src/listaDeEspera.wlk","timeElapsed":119,"timestamp":"2026-06-01T18:34:29.682Z"}
{"level":"info","message":"⌛ Validating src/listaDeEspera.wlk","timeElapsed":102,"timestamp":"2026-06-01T18:34:30.581Z"}
{"level":"info","message":"⌛ Validating src/listaDeEspera.wlk","timeElapsed":105,"timestamp":"2026-06-01T18:34:30.793Z"}
{"level":"info","message":"⌛ Validating src/listaDeEspera.wlk","timeElapsed":105,"timestamp":"2026-06-01T18:34:30.996Z"}
{"level":"info","message":"⌛ Validating src/listaDeEspera.wlk","timeElapsed":103,"timestamp":"2026-06-01T18:34:31.151Z"}
{"level":"info","message":"⌛ Validating src/listaDeEspera.wlk","timeElapsed":128,"timestamp":"2026-06-01T18:34:31.333Z"}
{"level":"info","message":"⌛ Validating src/listaDeEspera.wlk","timeElapsed":108,"timestamp":"2026-06-01T18:34:32.425Z"}
{"level":"info","message":"⌛ Validating src/listaDeEspera.wlk","timeElapsed":108,"timestamp":"2026-06-01T18:34:33.227Z"}
{"level":"info","message":"⌛ Validating src/listaDeEspera.wlk","timeElapsed":114,"timestamp":"2026-06-01T18:34:33.722Z"}
{"level":"info","message":"⌛ Validating src/listaDeEspera.wlk","timeElapsed":102,"timestamp":"2026-06-01T18:34:39.979Z"}
{"level":"info","message":"⌛ Validating src/listaDeEspera.wlk","timeElapsed":109,"timestamp":"2026-06-01T18:37:57.908Z"}
{"level":"info","message":"⌛ Validating src/listaDeEspera.wlk","timeElapsed":119,"timestamp":"2026-06-01T18:38:02.955Z"}
{"level":"error","message":"✘ Completions for node Parameter ([12:34, 12:36] - src/listaDeEspera.wlk) failed: Error: [Parameter]{7c2bd6} at src/listaDeEspera.wlk:12 exhausted all cases without a match [Parameter]{7c2bd6} at src/listaDeEspera.wlk:12 exhausted all cases without a match","stack":"Error: [Parameter]{7c2bd6} at src/listaDeEspera.wlk:12 exhausted all cases without a match\n    at c:\\Users\\Nicolee\\.vscode\\extensions\\uqbar.wollok-lsp-ide-0.5.4\\out\\server\\src\\server.js:38:6142\n    at L2 (c:\\Users\\Nicolee\\.vscode\\extensions\\uqbar.wollok-lsp-ide-0.5.4\\out\\server\\src\\server.js:2389:42)\n    at c:\\Users\\Nicolee\\.vscode\\extensions\\uqbar.wollok-lsp-ide-0.5.4\\out\\server\\src\\server.js:2389:2988\n    at c:\\Users\\Nicolee\\.vscode\\extensions\\uqbar.wollok-lsp-ide-0.5.4\\out\\server\\src\\server.js:2398:8440\n    at c:\\Users\\Nicolee\\.vscode\\extensions\\uqbar.wollok-lsp-ide-0.5.4\\out\\server\\src\\server.js:37:74872\n    at Ke (c:\\Users\\Nicolee\\.vscode\\extensions\\uqbar.wollok-lsp-ide-0.5.4\\out\\server\\src\\server.js:7:8527)\n    at Lt (c:\\Users\\Nicolee\\.vscode\\extensions\\uqbar.wollok-lsp-ide-0.5.4\\out\\server\\src\\server.js:7:6189)\n    at ct (c:\\Users\\Nicolee\\.vscode\\extensions\\uqbar.wollok-lsp-ide-0.5.4\\out\\server\\src\\server.js:7:6378)\n    at Immediate._onImmediate (c:\\Users\\Nicolee\\.vscode\\extensions\\uqbar.wollok-lsp-ide-0.5.4\\out\\server\\src\\server.js:7:6142)\n    at process.processImmediate (node:internal/timers:484:21)","timestamp":"2026-06-01T18:38:06.265Z"}
{"level":"info","message":"⌛ Validating src/listaDeEspera.wlk","timeElapsed":140,"timestamp":"2026-06-01T18:38:06.408Z"}
{"level":"info","message":"⌛ Validating src/listaDeEspera.wlk","timeElapsed":128,"timestamp":"2026-06-01T18:38:06.603Z"}
{"level":"info","message":"⌛ Building environment","timeElapsed":109,"timestamp":"2026-06-01T18:38:06.714Z"}
{"level":"info","message":"⌛ Validating src/listaDeEspera.wlk","timeElapsed":126,"timestamp":"2026-06-01T18:38:06.920Z"}
{"level":"info","message":"⌛ Validating src/listaDeEspera.wlk","timeElapsed":141,"timestamp":"2026-06-01T18:38:07.198Z"}
{"level":"info","message":"⌛ Validating src/listaDeEspera.wlk","timeElapsed":134,"timestamp":"2026-06-01T18:38:07.435Z"}
{"level":"info","message":"⌛ Validating src/listaDeEspera.wlk","timeElapsed":127,"timestamp":"2026-06-01T18:38:07.562Z"}
{"level":"info","message":"⌛ Validating src/listaDeEspera.wlk","timeElapsed":131,"timestamp":"2026-06-01T18:38:07.757Z"}
{"level":"error","message":"✘ Completions for node Parameter ([12:43, 12:44] - src/listaDeEspera.wlk) failed: Error: [Parameter]{973585} at src/listaDeEspera.wlk:12 exhausted all cases without a match [Parameter]{973585} at src/listaDeEspera.wlk:12 exhausted all cases without a match","stack":"Error: [Parameter]{973585} at src/listaDeEspera.wlk:12 exhausted all cases without a match\n    at c:\\Users\\Nicolee\\.vscode\\extensions\\uqbar.wollok-lsp-ide-0.5.4\\out\\server\\src\\server.js:38:6142\n    at L2 (c:\\Users\\Nicolee\\.vscode\\extensions\\uqbar.wollok-lsp-ide-0.5.4\\out\\server\\src\\server.js:2389:42)\n    at c:\\Users\\Nicolee\\.vscode\\extensions\\uqbar.wollok-lsp-ide-0.5.4\\out\\server\\src\\server.js:2389:2988\n    at c:\\Users\\Nicolee\\.vscode\\extensions\\uqbar.wollok-lsp-ide-0.5.4\\out\\server\\src\\server.js:2398:8440\n    at c:\\Users\\Nicolee\\.vscode\\extensions\\uqbar.wollok-lsp-ide-0.5.4\\out\\server\\src\\server.js:37:74872\n    at Ke (c:\\Users\\Nicolee\\.vscode\\extensions\\uqbar.wollok-lsp-ide-0.5.4\\out\\server\\src\\server.js:7:8527)\n    at Lt (c:\\Users\\Nicolee\\.vscode\\extensions\\uqbar.wollok-lsp-ide-0.5.4\\out\\server\\src\\server.js:7:6189)\n    at ct (c:\\Users\\Nicolee\\.vscode\\extensions\\uqbar.wollok-lsp-ide-0.5.4\\out\\server\\src\\server.js:7:6378)\n    at Immediate._onImmediate (c:\\Users\\Nicolee\\.vscode\\extensions\\uqbar.wollok-lsp-ide-0.5.4\\out\\server\\src\\server.js:7:6142)\n    at process.processImmediate (node:internal/timers:484:21)","timestamp":"2026-06-01T18:38:07.846Z"}
{"level":"info","message":"⌛ Validating src/listaDeEspera.wlk","timeElapsed":102,"timestamp":"2026-06-01T18:38:08.021Z"}
{"level":"info","message":"⌛ Building environment","timeElapsed":143,"timestamp":"2026-06-01T18:38:08.165Z"}
{"level":"info","message":"⌛ Validating src/listaDeEspera.wlk","timeElapsed":107,"timestamp":"2026-06-01T18:38:08.345Z"}
{"level":"info","message":"⌛ Validating src/listaDeEspera.wlk","timeElapsed":106,"timestamp":"2026-06-01T18:38:08.562Z"}
{"level":"info","message":"⌛ Validating src/listaDeEspera.wlk","timeElapsed":126,"timestamp":"2026-06-01T18:38:08.690Z"}
{"level":"info","message":"⌛ Validating src/listaDeEspera.wlk","timeElapsed":102,"timestamp":"2026-06-01T18:38:08.798Z"}
{"level":"info","message":"⌛ Validating src/listaDeEspera.wlk","timeElapsed":106,"timestamp":"2026-06-01T18:38:15.343Z"}
{"level":"info","message":"⌛ Validating src/listaDeEspera.wlk","timeElapsed":155,"timestamp":"2026-06-01T18:38:15.590Z"}
{"level":"info","message":"⌛ Validating src/listaDeEspera.wlk","timeElapsed":111,"timestamp":"2026-06-01T18:38:16.069Z"}
{"level":"info","message":"⌛ Validating src/listaDeEspera.wlk","timeElapsed":102,"timestamp":"2026-06-01T18:38:16.243Z"}
{"level":"info","message":"⌛ Validating src/listaDeEspera.wlk","timeElapsed":151,"timestamp":"2026-06-01T18:38:18.336Z"}
{"level":"info","message":"⌛ Validating src/listaDeEspera.wlk","timeElapsed":153,"timestamp":"2026-06-01T18:38:21.288Z"}
{"level":"info","message":"⌛ Validating src/listaDeEspera.wlk","timeElapsed":118,"timestamp":"2026-06-01T18:38:22.036Z"}
{"level":"info","message":"⌛ Validating src/listaDeEspera.wlk","timeElapsed":119,"timestamp":"2026-06-01T18:38:22.156Z"}
{"level":"info","message":"⌛ Validating src/listaDeEspera.wlk","timeElapsed":110,"timestamp":"2026-06-01T18:38:22.661Z"}
{"level":"info","message":"⌛ Validating src/listaDeEspera.wlk","timeElapsed":121,"timestamp":"2026-06-01T18:38:22.977Z"}
{"level":"info","message":"⌛ Validating src/listaDeEspera.wlk","timeElapsed":117,"timestamp":"2026-06-01T18:38:23.165Z"}
{"level":"info","message":"⌛ Validating src/listaDeEspera.wlk","timeElapsed":111,"timestamp":"2026-06-01T18:38:31.844Z"}
{"level":"info","message":"⌛ Validating src/listaDeEspera.wlk","timeElapsed":146,"timestamp":"2026-06-01T18:38:33.024Z"}
{"level":"info","message":"⌛ Validating src/listaDeEspera.wlk","timeElapsed":186,"timestamp":"2026-06-01T18:38:37.364Z"}
{"level":"info","message":"⌛ Validating src/listaDeEspera.wlk","timeElapsed":123,"timestamp":"2026-06-01T18:38:38.366Z"}
{"level":"info","message":"⌛ Validating src/listaDeEspera.wlk","timeElapsed":181,"timestamp":"2026-06-01T18:38:39.331Z"}
{"level":"info","message":"⌛ Validating src/listaDeEspera.wlk","timeElapsed":110,"timestamp":"2026-06-01T18:38:39.515Z"}
{"level":"info","message":"⌛ Validating src/listaDeEspera.wlk","timeElapsed":127,"timestamp":"2026-06-01T18:38:40.345Z"}
{"level":"info","message":"⌛ Validating src/listaDeEspera.wlk","timeElapsed":142,"timestamp":"2026-06-01T18:38:42.764Z"}
{"level":"info","message":"⌛ Validating src/listaDeEspera.wlk","timeElapsed":124,"timestamp":"2026-06-01T18:38:56.229Z"}
{"level":"info","message":"⌛ Validating src/listaDeEspera.wlk","timeElapsed":121,"timestamp":"2026-06-01T18:38:56.588Z"}
{"level":"info","message":"⌛ Validating src/listaDeEspera.wlk","timeElapsed":117,"timestamp":"2026-06-01T18:38:56.901Z"}
{"level":"info","message":"⌛ Validating src/listaDeEspera.wlk","timeElapsed":112,"timestamp":"2026-06-01T18:38:57.317Z"}
{"level":"info","message":"⌛ Validating src/listaDeEspera.wlk","timeElapsed":132,"timestamp":"2026-06-01T18:43:57.733Z"}
{"level":"info","message":"⌛ Validating src/listaDeEspera.wlk","timeElapsed":124,"timestamp":"2026-06-01T18:44:22.971Z"}
{"level":"info","message":"⌛ Validating src/listaDeEspera.wlk","timeElapsed":141,"timestamp":"2026-06-01T18:44:23.428Z"}
{"level":"info","message":"⌛ Validating src/listaDeEspera.wlk","timeElapsed":118,"timestamp":"2026-06-01T18:44:24.120Z"}
{"level":"info","message":"⌛ Validating src/listaDeEspera.wlk","timeElapsed":131,"timestamp":"2026-06-01T18:44:24.405Z"}
{"level":"info","message":"⌛ Validating src/listaDeEspera.wlk","timeElapsed":129,"timestamp":"2026-06-01T18:44:24.535Z"}
{"level":"info","message":"⌛ Validating src/listaDeEspera.wlk","timeElapsed":119,"timestamp":"2026-06-01T18:44:25.248Z"}
{"level":"error","message":"✘ Failed to rebuild document Failed to parse src/listaDeEspera.wlk: \n-- PARSING FAILED --------------------------------------------------\n\n  16 |     }\n  17 | \n> 18 |     method () {\n     |            ^\n  19 |       \n  20 |     }\n\nExpected one of the following: \n\n'!=', '!==', '%', '&&', '*', '**', '+', '-', '->', '..', '..<', '/', '<', '<<', '<<<', '<=', '<=>', '<>', '==', '===', '>', '>..', '>=', '>>', '>>>', '?:', 'and', 'invert', 'negate', 'or', 'plus', '||', identifier, whitespace\n","stack":"Error: Failed to parse src/listaDeEspera.wlk: \n-- PARSING FAILED --------------------------------------------------\n\n  16 |     }\n  17 | \n> 18 |     method () {\n     |            ^\n  19 |       \n  20 |     }\n\nExpected one of the following: \n\n'!=', '!==', '%', '&&', '*', '**', '+', '-', '->', '..', '..<', '/', '<', '<<', '<<<', '<=', '<=>', '<>', '==', '===', '>', '>..', '>=', '>>', '>>>', '?:', 'and', 'invert', 'negate', 'or', 'plus', '||', identifier, whitespace\n\n    at c:\\Users\\Nicolee\\.vscode\\extensions\\uqbar.wollok-lsp-ide-0.5.4\\out\\server\\src\\server.js:2353:13026\n    at Array.map (<anonymous>)\n    at U1n (c:\\Users\\Nicolee\\.vscode\\extensions\\uqbar.wollok-lsp-ide-0.5.4\\out\\server\\src\\server.js:2353:12950)\n    at H2.buildEnvironmentFrom (c:\\Users\\Nicolee\\.vscode\\extensions\\uqbar.wollok-lsp-ide-0.5.4\\out\\server\\src\\server.js:2398:5254)\n    at H2.updateEnvironmentWith (c:\\Users\\Nicolee\\.vscode\\extensions\\uqbar.wollok-lsp-ide-0.5.4\\out\\server\\src\\server.js:2398:4989)\n    at GF (c:\\Users\\Nicolee\\.vscode\\extensions\\uqbar.wollok-lsp-ide-0.5.4\\out\\server\\src\\server.js:2398:7383)\n    at V3.invoke (c:\\Users\\Nicolee\\.vscode\\extensions\\uqbar.wollok-lsp-ide-0.5.4\\out\\server\\src\\server.js:3:157328)\n    at o.fire (c:\\Users\\Nicolee\\.vscode\\extensions\\uqbar.wollok-lsp-ide-0.5.4\\out\\server\\src\\server.js:3:158098)\n    at c:\\Users\\Nicolee\\.vscode\\extensions\\uqbar.wollok-lsp-ide-0.5.4\\out\\server\\src\\server.js:37:57871\n    at nd (c:\\Users\\Nicolee\\.vscode\\extensions\\uqbar.wollok-lsp-ide-0.5.4\\out\\server\\src\\server.js:8:1561)","timestamp":"2026-06-01T18:44:25.620Z"}
{"level":"info","message":"⌛ Validating src/listaDeEspera.wlk","timeElapsed":103,"timestamp":"2026-06-01T18:44:35.263Z"}
{"level":"info","message":"⌛ Validating src/listaDeEspera.wlk","timeElapsed":102,"timestamp":"2026-06-01T18:44:35.520Z"}
{"level":"info","message":"⌛ Validating src/listaDeEspera.wlk","timeElapsed":128,"timestamp":"2026-06-01T18:44:39.218Z"}
{"level":"info","message":"⌛ Validating src/listaDeEspera.wlk","timeElapsed":124,"timestamp":"2026-06-01T18:44:39.923Z"}
{"level":"info","message":"⌛ Validating src/listaDeEspera.wlk","timeElapsed":122,"timestamp":"2026-06-01T18:44:40.196Z"}
{"level":"info","message":"⌛ Building environment","timeElapsed":105,"timestamp":"2026-06-01T18:44:40.302Z"}
{"level":"info","message":"⌛ Validating src/listaDeEspera.wlk","timeElapsed":133,"timestamp":"2026-06-01T18:44:40.537Z"}
{"level":"info","message":"⌛ Validating src/listaDeEspera.wlk","timeElapsed":102,"timestamp":"2026-06-01T18:44:40.727Z"}
{"level":"info","message":"⌛ Validating src/listaDeEspera.wlk","timeElapsed":102,"timestamp":"2026-06-01T18:44:41.162Z"}
{"level":"error","message":"✘ Completions for node Parameter ([18:34, 18:35] - src/listaDeEspera.wlk) failed: Error: [Parameter]{0c34c0} at src/listaDeEspera.wlk:18 exhausted all cases without a match [Parameter]{0c34c0} at src/listaDeEspera.wlk:18 exhausted all cases without a match","stack":"Error: [Parameter]{0c34c0} at src/listaDeEspera.wlk:18 exhausted all cases without a match\n    at c:\\Users\\Nicolee\\.vscode\\extensions\\uqbar.wollok-lsp-ide-0.5.4\\out\\server\\src\\server.js:38:6142\n    at L2 (c:\\Users\\Nicolee\\.vscode\\extensions\\uqbar.wollok-lsp-ide-0.5.4\\out\\server\\src\\server.js:2389:42)\n    at c:\\Users\\Nicolee\\.vscode\\extensions\\uqbar.wollok-lsp-ide-0.5.4\\out\\server\\src\\server.js:2389:2988\n    at c:\\Users\\Nicolee\\.vscode\\extensions\\uqbar.wollok-lsp-ide-0.5.4\\out\\server\\src\\server.js:2398:8440\n    at c:\\Users\\Nicolee\\.vscode\\extensions\\uqbar.wollok-lsp-ide-0.5.4\\out\\server\\src\\server.js:37:74872\n    at Ke (c:\\Users\\Nicolee\\.vscode\\extensions\\uqbar.wollok-lsp-ide-0.5.4\\out\\server\\src\\server.js:7:8527)\n    at Lt (c:\\Users\\Nicolee\\.vscode\\extensions\\uqbar.wollok-lsp-ide-0.5.4\\out\\server\\src\\server.js:7:6189)\n    at ct (c:\\Users\\Nicolee\\.vscode\\extensions\\uqbar.wollok-lsp-ide-0.5.4\\out\\server\\src\\server.js:7:6378)\n    at Immediate._onImmediate (c:\\Users\\Nicolee\\.vscode\\extensions\\uqbar.wollok-lsp-ide-0.5.4\\out\\server\\src\\server.js:7:6142)\n    at process.processImmediate (node:internal/timers:484:21)","timestamp":"2026-06-01T18:44:41.887Z"}
{"level":"info","message":"⌛ Validating src/listaDeEspera.wlk","timeElapsed":108,"timestamp":"2026-06-01T18:44:42.161Z"}
{"level":"error","message":"✘ Completions for node Parameter ([18:34, 18:37] - src/listaDeEspera.wlk) failed: Error: [Parameter]{53155e} at src/listaDeEspera.wlk:18 exhausted all cases without a match [Parameter]{53155e} at src/listaDeEspera.wlk:18 exhausted all cases without a match","stack":"Error: [Parameter]{53155e} at src/listaDeEspera.wlk:18 exhausted all cases without a match\n    at c:\\Users\\Nicolee\\.vscode\\extensions\\uqbar.wollok-lsp-ide-0.5.4\\out\\server\\src\\server.js:38:6142\n    at L2 (c:\\Users\\Nicolee\\.vscode\\extensions\\uqbar.wollok-lsp-ide-0.5.4\\out\\server\\src\\server.js:2389:42)\n    at c:\\Users\\Nicolee\\.vscode\\extensions\\uqbar.wollok-lsp-ide-0.5.4\\out\\server\\src\\server.js:2389:2988\n    at c:\\Users\\Nicolee\\.vscode\\extensions\\uqbar.wollok-lsp-ide-0.5.4\\out\\server\\src\\server.js:2398:8440\n    at c:\\Users\\Nicolee\\.vscode\\extensions\\uqbar.wollok-lsp-ide-0.5.4\\out\\server\\src\\server.js:37:74872\n    at Ke (c:\\Users\\Nicolee\\.vscode\\extensions\\uqbar.wollok-lsp-ide-0.5.4\\out\\server\\src\\server.js:7:8527)\n    at Lt (c:\\Users\\Nicolee\\.vscode\\extensions\\uqbar.wollok-lsp-ide-0.5.4\\out\\server\\src\\server.js:7:6189)\n    at ct (c:\\Users\\Nicolee\\.vscode\\extensions\\uqbar.wollok-lsp-ide-0.5.4\\out\\server\\src\\server.js:7:6378)\n    at Immediate._onImmediate (c:\\Users\\Nicolee\\.vscode\\extensions\\uqbar.wollok-lsp-ide-0.5.4\\out\\server\\src\\server.js:7:6142)\n    at process.processImmediate (node:internal/timers:484:21)","timestamp":"2026-06-01T18:44:42.250Z"}
{"level":"info","message":"⌛ Validating src/listaDeEspera.wlk","timeElapsed":111,"timestamp":"2026-06-01T18:44:42.525Z"}
{"level":"error","message":"✘ Completions for node Parameter ([18:34, 18:39] - src/listaDeEspera.wlk) failed: Error: [Parameter]{f68855} at src/listaDeEspera.wlk:18 exhausted all cases without a match [Parameter]{f68855} at src/listaDeEspera.wlk:18 exhausted all cases without a match","stack":"Error: [Parameter]{f68855} at src/listaDeEspera.wlk:18 exhausted all cases without a match\n    at c:\\Users\\Nicolee\\.vscode\\extensions\\uqbar.wollok-lsp-ide-0.5.4\\out\\server\\src\\server.js:38:6142\n    at L2 (c:\\Users\\Nicolee\\.vscode\\extensions\\uqbar.wollok-lsp-ide-0.5.4\\out\\server\\src\\server.js:2389:42)\n    at c:\\Users\\Nicolee\\.vscode\\extensions\\uqbar.wollok-lsp-ide-0.5.4\\out\\server\\src\\server.js:2389:2988\n    at c:\\Users\\Nicolee\\.vscode\\extensions\\uqbar.wollok-lsp-ide-0.5.4\\out\\server\\src\\server.js:2398:8440\n    at c:\\Users\\Nicolee\\.vscode\\extensions\\uqbar.wollok-lsp-ide-0.5.4\\out\\server\\src\\server.js:37:74872\n    at Ke (c:\\Users\\Nicolee\\.vscode\\extensions\\uqbar.wollok-lsp-ide-0.5.4\\out\\server\\src\\server.js:7:8527)\n    at Lt (c:\\Users\\Nicolee\\.vscode\\extensions\\uqbar.wollok-lsp-ide-0.5.4\\out\\server\\src\\server.js:7:6189)\n    at ct (c:\\Users\\Nicolee\\.vscode\\extensions\\uqbar.wollok-lsp-ide-0.5.4\\out\\server\\src\\server.js:7:6378)\n    at Immediate._onImmediate (c:\\Users\\Nicolee\\.vscode\\extensions\\uqbar.wollok-lsp-ide-0.5.4\\out\\server\\src\\server.js:7:6142)\n    at process.processImmediate (node:internal/timers:484:21)","timestamp":"2026-06-01T18:44:42.625Z"}
{"level":"info","message":"⌛ Validating src/listaDeEspera.wlk","timeElapsed":119,"timestamp":"2026-06-01T18:44:42.811Z"}
{"level":"info","message":"⌛ Validating src/listaDeEspera.wlk","timeElapsed":141,"timestamp":"2026-06-01T18:44:42.954Z"}
{"level":"info","message":"⌛ Validating src/listaDeEspera.wlk","timeElapsed":102,"timestamp":"2026-06-01T18:44:43.209Z"}
{"level":"info","message":"⌛ Validating src/listaDeEspera.wlk","timeElapsed":107,"timestamp":"2026-06-01T18:44:43.400Z"}
{"level":"info","message":"⌛ Validating src/listaDeEspera.wlk","timeElapsed":108,"timestamp":"2026-06-01T18:44:43.637Z"}
{"level":"info","message":"⌛ Validating src/listaDeEspera.wlk","timeElapsed":101,"timestamp":"2026-06-01T18:44:43.949Z"}
{"level":"info","message":"⌛ Validating src/listaDeEspera.wlk","timeElapsed":114,"timestamp":"2026-06-01T18:44:44.064Z"}
{"level":"error","message":"✘ Completions for node Parameter ([18:34, 18:35] - src/listaDeEspera.wlk) failed: Error: [Parameter]{a6b6c6} at src/listaDeEspera.wlk:18 exhausted all cases without a match [Parameter]{a6b6c6} at src/listaDeEspera.wlk:18 exhausted all cases without a match","stack":"Error: [Parameter]{a6b6c6} at src/listaDeEspera.wlk:18 exhausted all cases without a match\n    at c:\\Users\\Nicolee\\.vscode\\extensions\\uqbar.wollok-lsp-ide-0.5.4\\out\\server\\src\\server.js:38:6142\n    at L2 (c:\\Users\\Nicolee\\.vscode\\extensions\\uqbar.wollok-lsp-ide-0.5.4\\out\\server\\src\\server.js:2389:42)\n    at c:\\Users\\Nicolee\\.vscode\\extensions\\uqbar.wollok-lsp-ide-0.5.4\\out\\server\\src\\server.js:2389:2988\n    at c:\\Users\\Nicolee\\.vscode\\extensions\\uqbar.wollok-lsp-ide-0.5.4\\out\\server\\src\\server.js:2398:8440\n    at c:\\Users\\Nicolee\\.vscode\\extensions\\uqbar.wollok-lsp-ide-0.5.4\\out\\server\\src\\server.js:37:74872\n    at Ke (c:\\Users\\Nicolee\\.vscode\\extensions\\uqbar.wollok-lsp-ide-0.5.4\\out\\server\\src\\server.js:7:8527)\n    at Lt (c:\\Users\\Nicolee\\.vscode\\extensions\\uqbar.wollok-lsp-ide-0.5.4\\out\\server\\src\\server.js:7:6189)\n    at ct (c:\\Users\\Nicolee\\.vscode\\extensions\\uqbar.wollok-lsp-ide-0.5.4\\out\\server\\src\\server.js:7:6378)\n    at Immediate._onImmediate (c:\\Users\\Nicolee\\.vscode\\extensions\\uqbar.wollok-lsp-ide-0.5.4\\out\\server\\src\\server.js:7:6142)\n    at process.processImmediate (node:internal/timers:484:21)","timestamp":"2026-06-01T18:44:44.156Z"}
{"level":"info","message":"⌛ Validating src/listaDeEspera.wlk","timeElapsed":107,"timestamp":"2026-06-01T18:44:44.352Z"}
{"level":"info","message":"⌛ Validating src/listaDeEspera.wlk","timeElapsed":109,"timestamp":"2026-06-01T18:44:44.520Z"}
{"level":"info","message":"⌛ Validating src/listaDeEspera.wlk","timeElapsed":109,"timestamp":"2026-06-01T18:44:44.780Z"}
{"level":"info","message":"⌛ Validating src/listaDeEspera.wlk","timeElapsed":108,"timestamp":"2026-06-01T18:44:45.112Z"}
{"level":"error","message":"✘ Completions for node Parameter ([18:42, 18:43] - src/listaDeEspera.wlk) failed: Error: [Parameter]{b44836} at src/listaDeEspera.wlk:18 exhausted all cases without a match [Parameter]{b44836} at src/listaDeEspera.wlk:18 exhausted all cases without a match","stack":"Error: [Parameter]{b44836} at src/listaDeEspera.wlk:18 exhausted all cases without a match\n    at c:\\Users\\Nicolee\\.vscode\\extensions\\uqbar.wollok-lsp-ide-0.5.4\\out\\server\\src\\server.js:38:6142\n    at L2 (c:\\Users\\Nicolee\\.vscode\\extensions\\uqbar.wollok-lsp-ide-0.5.4\\out\\server\\src\\server.js:2389:42)\n    at c:\\Users\\Nicolee\\.vscode\\extensions\\uqbar.wollok-lsp-ide-0.5.4\\out\\server\\src\\server.js:2389:2988\n    at c:\\Users\\Nicolee\\.vscode\\extensions\\uqbar.wollok-lsp-ide-0.5.4\\out\\server\\src\\server.js:2398:8440\n    at c:\\Users\\Nicolee\\.vscode\\extensions\\uqbar.wollok-lsp-ide-0.5.4\\out\\server\\src\\server.js:37:74872\n    at Ke (c:\\Users\\Nicolee\\.vscode\\extensions\\uqbar.wollok-lsp-ide-0.5.4\\out\\server\\src\\server.js:7:8527)\n    at Lt (c:\\Users\\Nicolee\\.vscode\\extensions\\uqbar.wollok-lsp-ide-0.5.4\\out\\server\\src\\server.js:7:6189)\n    at ct (c:\\Users\\Nicolee\\.vscode\\extensions\\uqbar.wollok-lsp-ide-0.5.4\\out\\server\\src\\server.js:7:6378)\n    at Immediate._onImmediate (c:\\Users\\Nicolee\\.vscode\\extensions\\uqbar.wollok-lsp-ide-0.5.4\\out\\server\\src\\server.js:7:6142)\n    at process.processImmediate (node:internal/timers:484:21)","timestamp":"2026-06-01T18:44:45.581Z"}
{"level":"info","message":"⌛ Validating src/listaDeEspera.wlk","timeElapsed":136,"timestamp":"2026-06-01T18:44:45.720Z"}
{"level":"error","message":"✘ Completions for node Parameter ([18:42, 18:45] - src/listaDeEspera.wlk) failed: Error: [Parameter]{df51b7} at src/listaDeEspera.wlk:18 exhausted all cases without a match [Parameter]{df51b7} at src/listaDeEspera.wlk:18 exhausted all cases without a match","stack":"Error: [Parameter]{df51b7} at src/listaDeEspera.wlk:18 exhausted all cases without a match\n    at c:\\Users\\Nicolee\\.vscode\\extensions\\uqbar.wollok-lsp-ide-0.5.4\\out\\server\\src\\server.js:38:6142\n    at L2 (c:\\Users\\Nicolee\\.vscode\\extensions\\uqbar.wollok-lsp-ide-0.5.4\\out\\server\\src\\server.js:2389:42)\n    at c:\\Users\\Nicolee\\.vscode\\extensions\\uqbar.wollok-lsp-ide-0.5.4\\out\\server\\src\\server.js:2389:2988\n    at c:\\Users\\Nicolee\\.vscode\\extensions\\uqbar.wollok-lsp-ide-0.5.4\\out\\server\\src\\server.js:2398:8440\n    at c:\\Users\\Nicolee\\.vscode\\extensions\\uqbar.wollok-lsp-ide-0.5.4\\out\\server\\src\\server.js:37:74872\n    at Ke (c:\\Users\\Nicolee\\.vscode\\extensions\\uqbar.wollok-lsp-ide-0.5.4\\out\\server\\src\\server.js:7:8527)\n    at Lt (c:\\Users\\Nicolee\\.vscode\\extensions\\uqbar.wollok-lsp-ide-0.5.4\\out\\server\\src\\server.js:7:6189)\n    at ct (c:\\Users\\Nicolee\\.vscode\\extensions\\uqbar.wollok-lsp-ide-0.5.4\\out\\server\\src\\server.js:7:6378)\n    at Immediate._onImmediate (c:\\Users\\Nicolee\\.vscode\\extensions\\uqbar.wollok-lsp-ide-0.5.4\\out\\server\\src\\server.js:7:6142)\n    at process.processImmediate (node:internal/timers:484:21)","timestamp":"2026-06-01T18:44:45.896Z"}
{"level":"info","message":"⌛ Validating src/listaDeEspera.wlk","timeElapsed":111,"timestamp":"2026-06-01T18:44:46.009Z"}
{"level":"error","message":"✘ Completions for node Parameter ([18:42, 18:46] - src/listaDeEspera.wlk) failed: Error: [Parameter]{6b0722} at src/listaDeEspera.wlk:18 exhausted all cases without a match [Parameter]{6b0722} at src/listaDeEspera.wlk:18 exhausted all cases without a match","stack":"Error: [Parameter]{6b0722} at src/listaDeEspera.wlk:18 exhausted all cases without a match\n    at c:\\Users\\Nicolee\\.vscode\\extensions\\uqbar.wollok-lsp-ide-0.5.4\\out\\server\\src\\server.js:38:6142\n    at L2 (c:\\Users\\Nicolee\\.vscode\\extensions\\uqbar.wollok-lsp-ide-0.5.4\\out\\server\\src\\server.js:2389:42)\n    at c:\\Users\\Nicolee\\.vscode\\extensions\\uqbar.wollok-lsp-ide-0.5.4\\out\\server\\src\\server.js:2389:2988\n    at c:\\Users\\Nicolee\\.vscode\\extensions\\uqbar.wollok-lsp-ide-0.5.4\\out\\server\\src\\server.js:2398:8440\n    at c:\\Users\\Nicolee\\.vscode\\extensions\\uqbar.wollok-lsp-ide-0.5.4\\out\\server\\src\\server.js:37:74872\n    at Ke (c:\\Users\\Nicolee\\.vscode\\extensions\\uqbar.wollok-lsp-ide-0.5.4\\out\\server\\src\\server.js:7:8527)\n    at Lt (c:\\Users\\Nicolee\\.vscode\\extensions\\uqbar.wollok-lsp-ide-0.5.4\\out\\server\\src\\server.js:7:6189)\n    at ct (c:\\Users\\Nicolee\\.vscode\\extensions\\uqbar.wollok-lsp-ide-0.5.4\\out\\server\\src\\server.js:7:6378)\n    at Immediate._onImmediate (c:\\Users\\Nicolee\\.vscode\\extensions\\uqbar.wollok-lsp-ide-0.5.4\\out\\server\\src\\server.js:7:6142)\n    at process.processImmediate (node:internal/timers:484:21)","timestamp":"2026-06-01T18:44:46.181Z"}
{"level":"info","message":"⌛ Validating src/listaDeEspera.wlk","timeElapsed":121,"timestamp":"2026-06-01T18:44:46.441Z"}
{"level":"info","message":"⌛ Validating src/listaDeEspera.wlk","timeElapsed":145,"timestamp":"2026-06-01T18:44:48.278Z"}
{"level":"info","message":"⌛ Validating src/listaDeEspera.wlk","timeElapsed":168,"timestamp":"2026-06-01T18:44:48.446Z"}
{"level":"info","message":"⌛ Building environment","timeElapsed":114,"timestamp":"2026-06-01T18:44:48.561Z"}
{"level":"info","message":"⌛ Validating src/listaDeEspera.wlk","timeElapsed":132,"timestamp":"2026-06-01T18:44:48.929Z"}
{"level":"info","message":"⌛ Validating src/listaDeEspera.wlk","timeElapsed":126,"timestamp":"2026-06-01T18:44:49.153Z"}
{"level":"info","message":"⌛ Validating src/listaDeEspera.wlk","timeElapsed":117,"timestamp":"2026-06-01T18:44:49.271Z"}
{"level":"info","message":"⌛ Validating src/listaDeEspera.wlk","timeElapsed":117,"timestamp":"2026-06-01T18:44:49.389Z"}
{"level":"info","message":"⌛ Validating src/listaDeEspera.wlk","timeElapsed":112,"timestamp":"2026-06-01T18:44:49.505Z"}
{"level":"error","message":"✘ Completions for node Return ([19:7, 19:15] - src/listaDeEspera.wlk) failed: Error: [Return]{cbc1da} at src/listaDeEspera.wlk:19 exhausted all cases without a match [Return]{cbc1da} at src/listaDeEspera.wlk:19 exhausted all cases without a match","stack":"Error: [Return]{cbc1da} at src/listaDeEspera.wlk:19 exhausted all cases without a match\n    at c:\\Users\\Nicolee\\.vscode\\extensions\\uqbar.wollok-lsp-ide-0.5.4\\out\\server\\src\\server.js:38:6142\n    at L2 (c:\\Users\\Nicolee\\.vscode\\extensions\\uqbar.wollok-lsp-ide-0.5.4\\out\\server\\src\\server.js:2389:42)\n    at Jh (c:\\Users\\Nicolee\\.vscode\\extensions\\uqbar.wollok-lsp-ide-0.5.4\\out\\server\\src\\server.js:2389:1092)\n    at M5n (c:\\Users\\Nicolee\\.vscode\\extensions\\uqbar.wollok-lsp-ide-0.5.4\\out\\server\\src\\server.js:2389:1248)\n    at c:\\Users\\Nicolee\\.vscode\\extensions\\uqbar.wollok-lsp-ide-0.5.4\\out\\server\\src\\server.js:38:6131\n    at L2 (c:\\Users\\Nicolee\\.vscode\\extensions\\uqbar.wollok-lsp-ide-0.5.4\\out\\server\\src\\server.js:2389:42)\n    at c:\\Users\\Nicolee\\.vscode\\extensions\\uqbar.wollok-lsp-ide-0.5.4\\out\\server\\src\\server.js:2389:2988\n    at c:\\Users\\Nicolee\\.vscode\\extensions\\uqbar.wollok-lsp-ide-0.5.4\\out\\server\\src\\server.js:2398:8440\n    at c:\\Users\\Nicolee\\.vscode\\extensions\\uqbar.wollok-lsp-ide-0.5.4\\out\\server\\src\\server.js:37:74872\n    at Ke (c:\\Users\\Nicolee\\.vscode\\extensions\\uqbar.wollok-lsp-ide-0.5.4\\out\\server\\src\\server.js:7:8527)","timestamp":"2026-06-01T18:44:52.830Z"}
{"level":"info","message":"⌛ Validating src/listaDeEspera.wlk","timeElapsed":142,"timestamp":"2026-06-01T18:44:52.974Z"}
{"level":"info","message":"⌛ Validating src/listaDeEspera.wlk","timeElapsed":114,"timestamp":"2026-06-01T18:44:53.170Z"}
{"level":"info","message":"⌛ Validating src/listaDeEspera.wlk","timeElapsed":102,"timestamp":"2026-06-01T18:44:53.411Z"}
{"level":"info","message":"⌛ Validating src/listaDeEspera.wlk","timeElapsed":156,"timestamp":"2026-06-01T18:44:53.655Z"}
{"level":"info","message":"⌛ Validating src/listaDeEspera.wlk","timeElapsed":116,"timestamp":"2026-06-01T18:44:54.196Z"}
{"level":"info","message":"⌛ Validating src/listaDeEspera.wlk","timeElapsed":104,"timestamp":"2026-06-01T18:44:54.607Z"}
{"level":"info","message":"⌛ Validating src/listaDeEspera.wlk","timeElapsed":109,"timestamp":"2026-06-01T18:44:54.717Z"}
{"level":"info","message":"⌛ Validating src/listaDeEspera.wlk","timeElapsed":118,"timestamp":"2026-06-01T18:44:56.443Z"}
{"level":"info","message":"⌛ Validating src/listaDeEspera.wlk","timeElapsed":179,"timestamp":"2026-06-01T18:44:58.941Z"}
{"level":"info","message":"⌛ Validating src/listaDeEspera.wlk","timeElapsed":127,"timestamp":"2026-06-01T18:44:59.469Z"}
{"level":"info","message":"⌛ Validating src/listaDeEspera.wlk","timeElapsed":126,"timestamp":"2026-06-01T18:45:02.355Z"}
{"level":"info","message":"⌛ Validating src/listaDeEspera.wlk","timeElapsed":109,"timestamp":"2026-06-01T18:45:18.981Z"}
{"level":"error","message":"✘ Failed to rebuild document Failed to parse src/listaDeEspera.wlk: \n-- PARSING FAILED --------------------------------------------------\n\nGot the end of the input\n\nExpected one of the following: \n\n' ', '@', 'const', 'method', 'override', 'var', '{', '}', any character/byte, comment, whitespace\n","stack":"Error: Failed to parse src/listaDeEspera.wlk: \n-- PARSING FAILED --------------------------------------------------\n\nGot the end of the input\n\nExpected one of the following: \n\n' ', '@', 'const', 'method', 'override', 'var', '{', '}', any character/byte, comment, whitespace\n\n    at c:\\Users\\Nicolee\\.vscode\\extensions\\uqbar.wollok-lsp-ide-0.5.4\\out\\server\\src\\server.js:2353:13026\n    at Array.map (<anonymous>)\n    at U1n (c:\\Users\\Nicolee\\.vscode\\extensions\\uqbar.wollok-lsp-ide-0.5.4\\out\\server\\src\\server.js:2353:12950)\n    at H2.buildEnvironmentFrom (c:\\Users\\Nicolee\\.vscode\\extensions\\uqbar.wollok-lsp-ide-0.5.4\\out\\server\\src\\server.js:2398:5254)\n    at H2.updateEnvironmentWith (c:\\Users\\Nicolee\\.vscode\\extensions\\uqbar.wollok-lsp-ide-0.5.4\\out\\server\\src\\server.js:2398:4989)\n    at GF (c:\\Users\\Nicolee\\.vscode\\extensions\\uqbar.wollok-lsp-ide-0.5.4\\out\\server\\src\\server.js:2398:7383)\n    at V3.invoke (c:\\Users\\Nicolee\\.vscode\\extensions\\uqbar.wollok-lsp-ide-0.5.4\\out\\server\\src\\server.js:3:157328)\n    at o.fire (c:\\Users\\Nicolee\\.vscode\\extensions\\uqbar.wollok-lsp-ide-0.5.4\\out\\server\\src\\server.js:3:158098)\n    at c:\\Users\\Nicolee\\.vscode\\extensions\\uqbar.wollok-lsp-ide-0.5.4\\out\\server\\src\\server.js:37:57871\n    at nd (c:\\Users\\Nicolee\\.vscode\\extensions\\uqbar.wollok-lsp-ide-0.5.4\\out\\server\\src\\server.js:8:1561)","timestamp":"2026-06-01T18:45:31.762Z"}
{"level":"info","message":"⌛ Validating src/listaDeEspera.wlk","timeElapsed":127,"timestamp":"2026-06-01T18:45:33.449Z"}
{"level":"info","message":"⌛ Validating src/listaDeEspera.wlk","timeElapsed":115,"timestamp":"2026-06-01T18:45:36.947Z"}
{"level":"error","message":"✘ Completions for node Parameter ([19:48, 19:49] - src/listaDeEspera.wlk) failed: Error: [Parameter]{0aae8a} at src/listaDeEspera.wlk:19 exhausted all cases without a match [Parameter]{0aae8a} at src/listaDeEspera.wlk:19 exhausted all cases without a match","stack":"Error: [Parameter]{0aae8a} at src/listaDeEspera.wlk:19 exhausted all cases without a match\n    at c:\\Users\\Nicolee\\.vscode\\extensions\\uqbar.wollok-lsp-ide-0.5.4\\out\\server\\src\\server.js:38:6142\n    at L2 (c:\\Users\\Nicolee\\.vscode\\extensions\\uqbar.wollok-lsp-ide-0.5.4\\out\\server\\src\\server.js:2389:42)\n    at c:\\Users\\Nicolee\\.vscode\\extensions\\uqbar.wollok-lsp-ide-0.5.4\\out\\server\\src\\server.js:2389:2988\n    at c:\\Users\\Nicolee\\.vscode\\extensions\\uqbar.wollok-lsp-ide-0.5.4\\out\\server\\src\\server.js:2398:8440\n    at c:\\Users\\Nicolee\\.vscode\\extensions\\uqbar.wollok-lsp-ide-0.5.4\\out\\server\\src\\server.js:37:74872\n    at Ke (c:\\Users\\Nicolee\\.vscode\\extensions\\uqbar.wollok-lsp-ide-0.5.4\\out\\server\\src\\server.js:7:8527)\n    at Lt (c:\\Users\\Nicolee\\.vscode\\extensions\\uqbar.wollok-lsp-ide-0.5.4\\out\\server\\src\\server.js:7:6189)\n    at ct (c:\\Users\\Nicolee\\.vscode\\extensions\\uqbar.wollok-lsp-ide-0.5.4\\out\\server\\src\\server.js:7:6378)\n    at Immediate._onImmediate (c:\\Users\\Nicolee\\.vscode\\extensions\\uqbar.wollok-lsp-ide-0.5.4\\out\\server\\src\\server.js:7:6142)\n    at process.processImmediate (node:internal/timers:484:21)","timestamp":"2026-06-01T18:45:37.391Z"}
{"level":"info","message":"⌛ Validating src/listaDeEspera.wlk","timeElapsed":128,"timestamp":"2026-06-01T18:45:37.525Z"}
{"level":"error","message":"✘ Completions for node Parameter ([19:48, 19:51] - src/listaDeEspera.wlk) failed: Error: [Parameter]{fb2e95} at src/listaDeEspera.wlk:19 exhausted all cases without a match [Parameter]{fb2e95} at src/listaDeEspera.wlk:19 exhausted all cases without a match","stack":"Error: [Parameter]{fb2e95} at src/listaDeEspera.wlk:19 exhausted all cases without a match\n    at c:\\Users\\Nicolee\\.vscode\\extensions\\uqbar.wollok-lsp-ide-0.5.4\\out\\server\\src\\server.js:38:6142\n    at L2 (c:\\Users\\Nicolee\\.vscode\\extensions\\uqbar.wollok-lsp-ide-0.5.4\\out\\server\\src\\server.js:2389:42)\n    at c:\\Users\\Nicolee\\.vscode\\extensions\\uqbar.wollok-lsp-ide-0.5.4\\out\\server\\src\\server.js:2389:2988\n    at c:\\Users\\Nicolee\\.vscode\\extensions\\uqbar.wollok-lsp-ide-0.5.4\\out\\server\\src\\server.js:2398:8440\n    at c:\\Users\\Nicolee\\.vscode\\extensions\\uqbar.wollok-lsp-ide-0.5.4\\out\\server\\src\\server.js:37:74872\n    at Ke (c:\\Users\\Nicolee\\.vscode\\extensions\\uqbar.wollok-lsp-ide-0.5.4\\out\\server\\src\\server.js:7:8527)\n    at Lt (c:\\Users\\Nicolee\\.vscode\\extensions\\uqbar.wollok-lsp-ide-0.5.4\\out\\server\\src\\server.js:7:6189)\n    at ct (c:\\Users\\Nicolee\\.vscode\\extensions\\uqbar.wollok-lsp-ide-0.5.4\\out\\server\\src\\server.js:7:6378)\n    at Immediate._onImmediate (c:\\Users\\Nicolee\\.vscode\\extensions\\uqbar.wollok-lsp-ide-0.5.4\\out\\server\\src\\server.js:7:6142)\n    at process.processImmediate (node:internal/timers:484:21)","timestamp":"2026-06-01T18:45:37.708Z"}
{"level":"info","message":"⌛ Validating src/listaDeEspera.wlk","timeElapsed":101,"timestamp":"2026-06-01T18:45:37.821Z"}
{"level":"info","message":"⌛ Validating src/listaDeEspera.wlk","timeElapsed":122,"timestamp":"2026-06-01T18:45:37.947Z"}
{"level":"error","message":"✘ Completions for node Parameter ([19:48, 19:53] - src/listaDeEspera.wlk) failed: Error: [Parameter]{398efc} at src/listaDeEspera.wlk:19 exhausted all cases without a match [Parameter]{398efc} at src/listaDeEspera.wlk:19 exhausted all cases without a match","stack":"Error: [Parameter]{398efc} at src/listaDeEspera.wlk:19 exhausted all cases without a match\n    at c:\\Users\\Nicolee\\.vscode\\extensions\\uqbar.wollok-lsp-ide-0.5.4\\out\\server\\src\\server.js:38:6142\n    at L2 (c:\\Users\\Nicolee\\.vscode\\extensions\\uqbar.wollok-lsp-ide-0.5.4\\out\\server\\src\\server.js:2389:42)\n    at c:\\Users\\Nicolee\\.vscode\\extensions\\uqbar.wollok-lsp-ide-0.5.4\\out\\server\\src\\server.js:2389:2988\n    at c:\\Users\\Nicolee\\.vscode\\extensions\\uqbar.wollok-lsp-ide-0.5.4\\out\\server\\src\\server.js:2398:8440\n    at c:\\Users\\Nicolee\\.vscode\\extensions\\uqbar.wollok-lsp-ide-0.5.4\\out\\server\\src\\server.js:37:74872\n    at Ke (c:\\Users\\Nicolee\\.vscode\\extensions\\uqbar.wollok-lsp-ide-0.5.4\\out\\server\\src\\server.js:7:8527)\n    at Lt (c:\\Users\\Nicolee\\.vscode\\extensions\\uqbar.wollok-lsp-ide-0.5.4\\out\\server\\src\\server.js:7:6189)\n    at ct (c:\\Users\\Nicolee\\.vscode\\extensions\\uqbar.wollok-lsp-ide-0.5.4\\out\\server\\src\\server.js:7:6378)\n    at Immediate._onImmediate (c:\\Users\\Nicolee\\.vscode\\extensions\\uqbar.wollok-lsp-ide-0.5.4\\out\\server\\src\\server.js:7:6142)\n    at process.processImmediate (node:internal/timers:484:21)","timestamp":"2026-06-01T18:45:38.108Z"}
{"level":"info","message":"⌛ Validating src/listaDeEspera.wlk","timeElapsed":104,"timestamp":"2026-06-01T18:45:38.279Z"}
{"level":"info","message":"⌛ Validating src/listaDeEspera.wlk","timeElapsed":103,"timestamp":"2026-06-01T18:45:38.383Z"}
{"level":"info","message":"⌛ Validating src/listaDeEspera.wlk","timeElapsed":109,"timestamp":"2026-06-01T18:45:38.492Z"}
{"level":"error","message":"✘ Completions for node Parameter ([19:48, 19:55] - src/listaDeEspera.wlk) failed: Error: [Parameter]{fe5675} at src/listaDeEspera.wlk:19 exhausted all cases without a match [Parameter]{fe5675} at src/listaDeEspera.wlk:19 exhausted all cases without a match","stack":"Error: [Parameter]{fe5675} at src/listaDeEspera.wlk:19 exhausted all cases without a match\n    at c:\\Users\\Nicolee\\.vscode\\extensions\\uqbar.wollok-lsp-ide-0.5.4\\out\\server\\src\\server.js:38:6142\n    at L2 (c:\\Users\\Nicolee\\.vscode\\extensions\\uqbar.wollok-lsp-ide-0.5.4\\out\\server\\src\\server.js:2389:42)\n    at c:\\Users\\Nicolee\\.vscode\\extensions\\uqbar.wollok-lsp-ide-0.5.4\\out\\server\\src\\server.js:2389:2988\n    at c:\\Users\\Nicolee\\.vscode\\extensions\\uqbar.wollok-lsp-ide-0.5.4\\out\\server\\src\\server.js:2398:8440\n    at c:\\Users\\Nicolee\\.vscode\\extensions\\uqbar.wollok-lsp-ide-0.5.4\\out\\server\\src\\server.js:37:74872\n    at Ke (c:\\Users\\Nicolee\\.vscode\\extensions\\uqbar.wollok-lsp-ide-0.5.4\\out\\server\\src\\server.js:7:8527)\n    at Lt (c:\\Users\\Nicolee\\.vscode\\extensions\\uqbar.wollok-lsp-ide-0.5.4\\out\\server\\src\\server.js:7:6189)\n    at ct (c:\\Users\\Nicolee\\.vscode\\extensions\\uqbar.wollok-lsp-ide-0.5.4\\out\\server\\src\\server.js:7:6378)\n    at Immediate._onImmediate (c:\\Users\\Nicolee\\.vscode\\extensions\\uqbar.wollok-lsp-ide-0.5.4\\out\\server\\src\\server.js:7:6142)\n    at process.processImmediate (node:internal/timers:484:21)","timestamp":"2026-06-01T18:45:38.579Z"}
{"level":"info","message":"⌛ Validating src/listaDeEspera.wlk","timeElapsed":114,"timestamp":"2026-06-01T18:45:39.978Z"}
{"level":"info","message":"⌛ Building environment","timeElapsed":110,"timestamp":"2026-06-01T18:45:40.289Z"}
{"level":"error","message":"✘ Completions for node Parameter ([19:57, 19:58] - src/listaDeEspera.wlk) failed: Error: [Parameter]{c46d49} at src/listaDeEspera.wlk:19 exhausted all cases without a match [Parameter]{c46d49} at src/listaDeEspera.wlk:19 exhausted all cases without a match","stack":"Error: [Parameter]{c46d49} at src/listaDeEspera.wlk:19 exhausted all cases without a match\n    at c:\\Users\\Nicolee\\.vscode\\extensions\\uqbar.wollok-lsp-ide-0.5.4\\out\\server\\src\\server.js:38:6142\n    at L2 (c:\\Users\\Nicolee\\.vscode\\extensions\\uqbar.wollok-lsp-ide-0.5.4\\out\\server\\src\\server.js:2389:42)\n    at c:\\Users\\Nicolee\\.vscode\\extensions\\uqbar.wollok-lsp-ide-0.5.4\\out\\server\\src\\server.js:2389:2988\n    at c:\\Users\\Nicolee\\.vscode\\extensions\\uqbar.wollok-lsp-ide-0.5.4\\out\\server\\src\\server.js:2398:8440\n    at c:\\Users\\Nicolee\\.vscode\\extensions\\uqbar.wollok-lsp-ide-0.5.4\\out\\server\\src\\server.js:37:74872\n    at Ke (c:\\Users\\Nicolee\\.vscode\\extensions\\uqbar.wollok-lsp-ide-0.5.4\\out\\server\\src\\server.js:7:8527)\n    at Lt (c:\\Users\\Nicolee\\.vscode\\extensions\\uqbar.wollok-lsp-ide-0.5.4\\out\\server\\src\\server.js:7:6189)\n    at ct (c:\\Users\\Nicolee\\.vscode\\extensions\\uqbar.wollok-lsp-ide-0.5.4\\out\\server\\src\\server.js:7:6378)\n    at Immediate._onImmediate (c:\\Users\\Nicolee\\.vscode\\extensions\\uqbar.wollok-lsp-ide-0.5.4\\out\\server\\src\\server.js:7:6142)\n    at process.processImmediate (node:internal/timers:484:21)","timestamp":"2026-06-01T18:45:40.359Z"}
{"level":"info","message":"⌛ Validating src/listaDeEspera.wlk","timeElapsed":137,"timestamp":"2026-06-01T18:45:40.582Z"}
{"level":"info","message":"⌛ Validating src/listaDeEspera.wlk","timeElapsed":122,"timestamp":"2026-06-01T18:45:40.705Z"}
{"level":"info","message":"⌛ Validating src/listaDeEspera.wlk","timeElapsed":130,"timestamp":"2026-06-01T18:45:40.996Z"}
{"level":"info","message":"⌛ Validating src/listaDeEspera.wlk","timeElapsed":139,"timestamp":"2026-06-01T18:45:41.137Z"}
{"level":"error","message":"✘ Completions for node Parameter ([19:57, 19:64] - src/listaDeEspera.wlk) failed: Error: [Parameter]{a04190} at src/listaDeEspera.wlk:19 exhausted all cases without a match [Parameter]{a04190} at src/listaDeEspera.wlk:19 exhausted all cases without a match","stack":"Error: [Parameter]{a04190} at src/listaDeEspera.wlk:19 exhausted all cases without a match\n    at c:\\Users\\Nicolee\\.vscode\\extensions\\uqbar.wollok-lsp-ide-0.5.4\\out\\server\\src\\server.js:38:6142\n    at L2 (c:\\Users\\Nicolee\\.vscode\\extensions\\uqbar.wollok-lsp-ide-0.5.4\\out\\server\\src\\server.js:2389:42)\n    at c:\\Users\\Nicolee\\.vscode\\extensions\\uqbar.wollok-lsp-ide-0.5.4\\out\\server\\src\\server.js:2389:2988\n    at c:\\Users\\Nicolee\\.vscode\\extensions\\uqbar.wollok-lsp-ide-0.5.4\\out\\server\\src\\server.js:2398:8440\n    at c:\\Users\\Nicolee\\.vscode\\extensions\\uqbar.wollok-lsp-ide-0.5.4\\out\\server\\src\\server.js:37:74872\n    at Ke (c:\\Users\\Nicolee\\.vscode\\extensions\\uqbar.wollok-lsp-ide-0.5.4\\out\\server\\src\\server.js:7:8527)\n    at Lt (c:\\Users\\Nicolee\\.vscode\\extensions\\uqbar.wollok-lsp-ide-0.5.4\\out\\server\\src\\server.js:7:6189)\n    at ct (c:\\Users\\Nicolee\\.vscode\\extensions\\uqbar.wollok-lsp-ide-0.5.4\\out\\server\\src\\server.js:7:6378)\n    at Immediate._onImmediate (c:\\Users\\Nicolee\\.vscode\\extensions\\uqbar.wollok-lsp-ide-0.5.4\\out\\server\\src\\server.js:7:6142)\n    at process.processImmediate (node:internal/timers:484:21)","timestamp":"2026-06-01T18:45:41.501Z"}
{"level":"info","message":"⌛ Validating src/listaDeEspera.wlk","timeElapsed":105,"timestamp":"2026-06-01T18:45:41.610Z"}
{"level":"info","message":"⌛ Validating src/listaDeEspera.wlk","timeElapsed":121,"timestamp":"2026-06-01T18:45:42.820Z"}
{"level":"error","message":"✘ Completions for node Send ([19:68, 19:73] - src/listaDeEspera.wlk) failed: Error: [Send]{57c54a} at src/listaDeEspera.wlk:19 exhausted all cases without a match [Send]{57c54a} at src/listaDeEspera.wlk:19 exhausted all cases without a match","stack":"Error: [Send]{57c54a} at src/listaDeEspera.wlk:19 exhausted all cases without a match\n    at c:\\Users\\Nicolee\\.vscode\\extensions\\uqbar.wollok-lsp-ide-0.5.4\\out\\server\\src\\server.js:38:6142\n    at L2 (c:\\Users\\Nicolee\\.vscode\\extensions\\uqbar.wollok-lsp-ide-0.5.4\\out\\server\\src\\server.js:2389:42)\n    at Jh (c:\\Users\\Nicolee\\.vscode\\extensions\\uqbar.wollok-lsp-ide-0.5.4\\out\\server\\src\\server.js:2389:1092)\n    at M5n (c:\\Users\\Nicolee\\.vscode\\extensions\\uqbar.wollok-lsp-ide-0.5.4\\out\\server\\src\\server.js:2389:1248)\n    at c:\\Users\\Nicolee\\.vscode\\extensions\\uqbar.wollok-lsp-ide-0.5.4\\out\\server\\src\\server.js:38:6131\n    at L2 (c:\\Users\\Nicolee\\.vscode\\extensions\\uqbar.wollok-lsp-ide-0.5.4\\out\\server\\src\\server.js:2389:42)\n    at c:\\Users\\Nicolee\\.vscode\\extensions\\uqbar.wollok-lsp-ide-0.5.4\\out\\server\\src\\server.js:2389:2988\n    at c:\\Users\\Nicolee\\.vscode\\extensions\\uqbar.wollok-lsp-ide-0.5.4\\out\\server\\src\\server.js:2398:8440\n    at c:\\Users\\Nicolee\\.vscode\\extensions\\uqbar.wollok-lsp-ide-0.5.4\\out\\server\\src\\server.js:37:74872\n    at Ke (c:\\Users\\Nicolee\\.vscode\\extensions\\uqbar.wollok-lsp-ide-0.5.4\\out\\server\\src\\server.js:7:8527)","timestamp":"2026-06-01T18:45:43.077Z"}
{"level":"error","message":"✘ Completions for node Return (undefined - src/listaDeEspera.wlk) failed: Error: [Return]{3d6d95} at src/listaDeEspera.wlk:-- exhausted all cases without a match [Return]{3d6d95} at src/listaDeEspera.wlk:-- exhausted all cases without a match","stack":"Error: [Return]{3d6d95} at src/listaDeEspera.wlk:-- exhausted all cases without a match\n    at c:\\Users\\Nicolee\\.vscode\\extensions\\uqbar.wollok-lsp-ide-0.5.4\\out\\server\\src\\server.js:38:6142\n    at L2 (c:\\Users\\Nicolee\\.vscode\\extensions\\uqbar.wollok-lsp-ide-0.5.4\\out\\server\\src\\server.js:2389:42)\n    at Jh (c:\\Users\\Nicolee\\.vscode\\extensions\\uqbar.wollok-lsp-ide-0.5.4\\out\\server\\src\\server.js:2389:1092)\n    at L2 (c:\\Users\\Nicolee\\.vscode\\extensions\\uqbar.wollok-lsp-ide-0.5.4\\out\\server\\src\\server.js:2389:544)\n    at Jh (c:\\Users\\Nicolee\\.vscode\\extensions\\uqbar.wollok-lsp-ide-0.5.4\\out\\server\\src\\server.js:2389:1092)\n    at M5n (c:\\Users\\Nicolee\\.vscode\\extensions\\uqbar.wollok-lsp-ide-0.5.4\\out\\server\\src\\server.js:2389:1248)\n    at c:\\Users\\Nicolee\\.vscode\\extensions\\uqbar.wollok-lsp-ide-0.5.4\\out\\server\\src\\server.js:38:6131\n    at L2 (c:\\Users\\Nicolee\\.vscode\\extensions\\uqbar.wollok-lsp-ide-0.5.4\\out\\server\\src\\server.js:2389:42)\n    at c:\\Users\\Nicolee\\.vscode\\extensions\\uqbar.wollok-lsp-ide-0.5.4\\out\\server\\src\\server.js:2389:2988\n    at c:\\Users\\Nicolee\\.vscode\\extensions\\uqbar.wollok-lsp-ide-0.5.4\\out\\server\\src\\server.js:2398:8440","timestamp":"2026-06-01T18:45:43.077Z"}
{"level":"info","message":"⌛ Validating src/listaDeEspera.wlk","timeElapsed":123,"timestamp":"2026-06-01T18:45:43.204Z"}
{"level":"info","message":"⌛ Validating src/listaDeEspera.wlk","timeElapsed":112,"timestamp":"2026-06-01T18:45:43.501Z"}
{"level":"info","message":"⌛ Validating src/listaDeEspera.wlk","timeElapsed":110,"timestamp":"2026-06-01T18:45:43.768Z"}
{"level":"info","message":"⌛ Validating src/listaDeEspera.wlk","timeElapsed":161,"timestamp":"2026-06-01T18:45:44.074Z"}
{"level":"info","message":"⌛ Validating src/listaDeEspera.wlk","timeElapsed":130,"timestamp":"2026-06-01T18:45:44.390Z"}
{"level":"info","message":"⌛ Validating src/listaDeEspera.wlk","timeElapsed":104,"timestamp":"2026-06-01T18:45:45.137Z"}
{"level":"info","message":"⌛ Validating src/listaDeEspera.wlk","timeElapsed":135,"timestamp":"2026-06-01T18:45:55.074Z"}
{"level":"info","message":"⌛ Validating src/listaDeEspera.wlk","timeElapsed":122,"timestamp":"2026-06-01T18:45:57.693Z"}
{"level":"error","message":"✘ Completions for node Send ([19:68, 19:104] - src/listaDeEspera.wlk) failed: Error: [Send]{8729c1} at src/listaDeEspera.wlk:19 exhausted all cases without a match [Send]{8729c1} at src/listaDeEspera.wlk:19 exhausted all cases without a match","stack":"Error: [Send]{8729c1} at src/listaDeEspera.wlk:19 exhausted all cases without a match\n    at c:\\Users\\Nicolee\\.vscode\\extensions\\uqbar.wollok-lsp-ide-0.5.4\\out\\server\\src\\server.js:38:6142\n    at L2 (c:\\Users\\Nicolee\\.vscode\\extensions\\uqbar.wollok-lsp-ide-0.5.4\\out\\server\\src\\server.js:2389:42)\n    at Jh (c:\\Users\\Nicolee\\.vscode\\extensions\\uqbar.wollok-lsp-ide-0.5.4\\out\\server\\src\\server.js:2389:1092)\n    at M5n (c:\\Users\\Nicolee\\.vscode\\extensions\\uqbar.wollok-lsp-ide-0.5.4\\out\\server\\src\\server.js:2389:1248)\n    at c:\\Users\\Nicolee\\.vscode\\extensions\\uqbar.wollok-lsp-ide-0.5.4\\out\\server\\src\\server.js:38:6131\n    at L2 (c:\\Users\\Nicolee\\.vscode\\extensions\\uqbar.wollok-lsp-ide-0.5.4\\out\\server\\src\\server.js:2389:42)\n    at c:\\Users\\Nicolee\\.vscode\\extensions\\uqbar.wollok-lsp-ide-0.5.4\\out\\server\\src\\server.js:2389:2988\n    at c:\\Users\\Nicolee\\.vscode\\extensions\\uqbar.wollok-lsp-ide-0.5.4\\out\\server\\src\\server.js:2398:8440\n    at c:\\Users\\Nicolee\\.vscode\\extensions\\uqbar.wollok-lsp-ide-0.5.4\\out\\server\\src\\server.js:37:74872\n    at Ke (c:\\Users\\Nicolee\\.vscode\\extensions\\uqbar.wollok-lsp-ide-0.5.4\\out\\server\\src\\server.js:7:8527)","timestamp":"2026-06-01T18:45:58.065Z"}
{"level":"error","message":"✘ Completions for node Return (undefined - src/listaDeEspera.wlk) failed: Error: [Return]{c4143b} at src/listaDeEspera.wlk:-- exhausted all cases without a match [Return]{c4143b} at src/listaDeEspera.wlk:-- exhausted all cases without a match","stack":"Error: [Return]{c4143b} at src/listaDeEspera.wlk:-- exhausted all cases without a match\n    at c:\\Users\\Nicolee\\.vscode\\extensions\\uqbar.wollok-lsp-ide-0.5.4\\out\\server\\src\\server.js:38:6142\n    at L2 (c:\\Users\\Nicolee\\.vscode\\extensions\\uqbar.wollok-lsp-ide-0.5.4\\out\\server\\src\\server.js:2389:42)\n    at Jh (c:\\Users\\Nicolee\\.vscode\\extensions\\uqbar.wollok-lsp-ide-0.5.4\\out\\server\\src\\server.js:2389:1092)\n    at L2 (c:\\Users\\Nicolee\\.vscode\\extensions\\uqbar.wollok-lsp-ide-0.5.4\\out\\server\\src\\server.js:2389:544)\n    at Jh (c:\\Users\\Nicolee\\.vscode\\extensions\\uqbar.wollok-lsp-ide-0.5.4\\out\\server\\src\\server.js:2389:1092)\n    at M5n (c:\\Users\\Nicolee\\.vscode\\extensions\\uqbar.wollok-lsp-ide-0.5.4\\out\\server\\src\\server.js:2389:1248)\n    at c:\\Users\\Nicolee\\.vscode\\extensions\\uqbar.wollok-lsp-ide-0.5.4\\out\\server\\src\\server.js:38:6131\n    at L2 (c:\\Users\\Nicolee\\.vscode\\extensions\\uqbar.wollok-lsp-ide-0.5.4\\out\\server\\src\\server.js:2389:42)\n    at c:\\Users\\Nicolee\\.vscode\\extensions\\uqbar.wollok-lsp-ide-0.5.4\\out\\server\\src\\server.js:2389:2988\n    at c:\\Users\\Nicolee\\.vscode\\extensions\\uqbar.wollok-lsp-ide-0.5.4\\out\\server\\src\\server.js:2398:8440","timestamp":"2026-06-01T18:45:58.065Z"}
{"level":"info","message":"⌛ Validating src/listaDeEspera.wlk","timeElapsed":101,"timestamp":"2026-06-01T18:45:58.345Z"}
{"level":"info","message":"⌛ Validating src/listaDeEspera.wlk","timeElapsed":111,"timestamp":"2026-06-01T18:45:58.703Z"}
{"level":"info","message":"⌛ Validating src/listaDeEspera.wlk","timeElapsed":107,"timestamp":"2026-06-01T18:45:58.936Z"}
{"level":"error","message":"✘ Completions for node Send ([19:68, 19:110] - src/listaDeEspera.wlk) failed: Error: [Send]{a09ae6} at src/listaDeEspera.wlk:19 exhausted all cases without a match [Send]{a09ae6} at src/listaDeEspera.wlk:19 exhausted all cases without a match","stack":"Error: [Send]{a09ae6} at src/listaDeEspera.wlk:19 exhausted all cases without a match\n    at c:\\Users\\Nicolee\\.vscode\\extensions\\uqbar.wollok-lsp-ide-0.5.4\\out\\server\\src\\server.js:38:6142\n    at L2 (c:\\Users\\Nicolee\\.vscode\\extensions\\uqbar.wollok-lsp-ide-0.5.4\\out\\server\\src\\server.js:2389:42)\n    at Jh (c:\\Users\\Nicolee\\.vscode\\extensions\\uqbar.wollok-lsp-ide-0.5.4\\out\\server\\src\\server.js:2389:1092)\n    at M5n (c:\\Users\\Nicolee\\.vscode\\extensions\\uqbar.wollok-lsp-ide-0.5.4\\out\\server\\src\\server.js:2389:1248)\n    at c:\\Users\\Nicolee\\.vscode\\extensions\\uqbar.wollok-lsp-ide-0.5.4\\out\\server\\src\\server.js:38:6131\n    at L2 (c:\\Users\\Nicolee\\.vscode\\extensions\\uqbar.wollok-lsp-ide-0.5.4\\out\\server\\src\\server.js:2389:42)\n    at c:\\Users\\Nicolee\\.vscode\\extensions\\uqbar.wollok-lsp-ide-0.5.4\\out\\server\\src\\server.js:2389:2988\n    at c:\\Users\\Nicolee\\.vscode\\extensions\\uqbar.wollok-lsp-ide-0.5.4\\out\\server\\src\\server.js:2398:8440\n    at c:\\Users\\Nicolee\\.vscode\\extensions\\uqbar.wollok-lsp-ide-0.5.4\\out\\server\\src\\server.js:37:74872\n    at Ke (c:\\Users\\Nicolee\\.vscode\\extensions\\uqbar.wollok-lsp-ide-0.5.4\\out\\server\\src\\server.js:7:8527)","timestamp":"2026-06-01T18:46:01.436Z"}
{"level":"error","message":"✘ Completions for node Return (undefined - src/listaDeEspera.wlk) failed: Error: [Return]{dfad85} at src/listaDeEspera.wlk:-- exhausted all cases without a match [Return]{dfad85} at src/listaDeEspera.wlk:-- exhausted all cases without a match","stack":"Error: [Return]{dfad85} at src/listaDeEspera.wlk:-- exhausted all cases without a match\n    at c:\\Users\\Nicolee\\.vscode\\extensions\\uqbar.wollok-lsp-ide-0.5.4\\out\\server\\src\\server.js:38:6142\n    at L2 (c:\\Users\\Nicolee\\.vscode\\extensions\\uqbar.wollok-lsp-ide-0.5.4\\out\\server\\src\\server.js:2389:42)\n    at Jh (c:\\Users\\Nicolee\\.vscode\\extensions\\uqbar.wollok-lsp-ide-0.5.4\\out\\server\\src\\server.js:2389:1092)\n    at L2 (c:\\Users\\Nicolee\\.vscode\\extensions\\uqbar.wollok-lsp-ide-0.5.4\\out\\server\\src\\server.js:2389:544)\n    at Jh (c:\\Users\\Nicolee\\.vscode\\extensions\\uqbar.wollok-lsp-ide-0.5.4\\out\\server\\src\\server.js:2389:1092)\n    at M5n (c:\\Users\\Nicolee\\.vscode\\extensions\\uqbar.wollok-lsp-ide-0.5.4\\out\\server\\src\\server.js:2389:1248)\n    at c:\\Users\\Nicolee\\.vscode\\extensions\\uqbar.wollok-lsp-ide-0.5.4\\out\\server\\src\\server.js:38:6131\n    at L2 (c:\\Users\\Nicolee\\.vscode\\extensions\\uqbar.wollok-lsp-ide-0.5.4\\out\\server\\src\\server.js:2389:42)\n    at c:\\Users\\Nicolee\\.vscode\\extensions\\uqbar.wollok-lsp-ide-0.5.4\\out\\server\\src\\server.js:2389:2988\n    at c:\\Users\\Nicolee\\.vscode\\extensions\\uqbar.wollok-lsp-ide-0.5.4\\out\\server\\src\\server.js:2398:8440","timestamp":"2026-06-01T18:46:01.436Z"}
{"level":"info","message":"⌛ Validating src/listaDeEspera.wlk","timeElapsed":106,"timestamp":"2026-06-01T18:46:01.546Z"}
{"level":"info","message":"⌛ Validating src/listaDeEspera.wlk","timeElapsed":152,"timestamp":"2026-06-01T18:46:02.992Z"}
{"level":"info","message":"⌛ Validating src/listaDeEspera.wlk","timeElapsed":119,"timestamp":"2026-06-01T18:46:04.175Z"}
{"level":"info","message":"⌛ Building environment","timeElapsed":117,"timestamp":"2026-06-01T18:46:08.513Z"}
{"level":"info","message":"⌛ Validating src/listaDeEspera.wlk","timeElapsed":123,"timestamp":"2026-06-01T18:46:08.637Z"}
{"level":"info","message":"⌛ Validating src/listaDeEspera.wlk","timeElapsed":128,"timestamp":"2026-06-01T18:46:08.895Z"}
{"level":"info","message":"⌛ Validating src/listaDeEspera.wlk","timeElapsed":117,"timestamp":"2026-06-01T18:46:09.148Z"}
{"level":"info","message":"⌛ Validating src/listaDeEspera.wlk","timeElapsed":125,"timestamp":"2026-06-01T18:46:10.876Z"}
{"level":"info","message":"⌛ Validating src/listaDeEspera.wlk","timeElapsed":126,"timestamp":"2026-06-01T18:46:11.004Z"}
{"level":"info","message":"⌛ Validating src/listaDeEspera.wlk","timeElapsed":115,"timestamp":"2026-06-01T18:46:11.724Z"}
{"level":"info","message":"⌛ Validating src/listaDeEspera.wlk","timeElapsed":106,"timestamp":"2026-06-01T18:46:11.915Z"}
{"level":"info","message":"⌛ Validating src/listaDeEspera.wlk","timeElapsed":109,"timestamp":"2026-06-01T18:46:12.178Z"}
{"level":"info","message":"⌛ Validating src/listaDeEspera.wlk","timeElapsed":105,"timestamp":"2026-06-01T18:46:12.284Z"}
{"level":"info","message":"⌛ Validating src/listaDeEspera.wlk","timeElapsed":108,"timestamp":"2026-06-01T18:46:18.901Z"}
{"level":"info","message":"⌛ Building environment","timeElapsed":132,"timestamp":"2026-06-01T18:47:02.868Z"}
{"level":"error","message":"✘ Completions for node Send ([18:14, 18:130] - src/listaDeEspera.wlk) failed: Error: [Send]{2029bc} at src/listaDeEspera.wlk:18 exhausted all cases without a match [Send]{2029bc} at src/listaDeEspera.wlk:18 exhausted all cases without a match","stack":"Error: [Send]{2029bc} at src/listaDeEspera.wlk:18 exhausted all cases without a match\n    at c:\\Users\\Nicolee\\.vscode\\extensions\\uqbar.wollok-lsp-ide-0.5.4\\out\\server\\src\\server.js:38:6142\n    at L2 (c:\\Users\\Nicolee\\.vscode\\extensions\\uqbar.wollok-lsp-ide-0.5.4\\out\\server\\src\\server.js:2389:42)\n    at c:\\Users\\Nicolee\\.vscode\\extensions\\uqbar.wollok-lsp-ide-0.5.4\\out\\server\\src\\server.js:2389:2988\n    at c:\\Users\\Nicolee\\.vscode\\extensions\\uqbar.wollok-lsp-ide-0.5.4\\out\\server\\src\\server.js:2398:8440\n    at c:\\Users\\Nicolee\\.vscode\\extensions\\uqbar.wollok-lsp-ide-0.5.4\\out\\server\\src\\server.js:37:74872\n    at Ke (c:\\Users\\Nicolee\\.vscode\\extensions\\uqbar.wollok-lsp-ide-0.5.4\\out\\server\\src\\server.js:7:8527)\n    at Lt (c:\\Users\\Nicolee\\.vscode\\extensions\\uqbar.wollok-lsp-ide-0.5.4\\out\\server\\src\\server.js:7:6189)\n    at ct (c:\\Users\\Nicolee\\.vscode\\extensions\\uqbar.wollok-lsp-ide-0.5.4\\out\\server\\src\\server.js:7:6378)\n    at Immediate._onImmediate (c:\\Users\\Nicolee\\.vscode\\extensions\\uqbar.wollok-lsp-ide-0.5.4\\out\\server\\src\\server.js:7:6142)\n    at process.processImmediate (node:internal/timers:484:21)","timestamp":"2026-06-01T18:47:02.923Z"}
{"level":"error","message":"✘ Completions for node Return ([18:7, 18:130] - src/listaDeEspera.wlk) failed: Error: [Return]{558432} at src/listaDeEspera.wlk:18 exhausted all cases without a match [Return]{558432} at src/listaDeEspera.wlk:18 exhausted all cases without a match","stack":"Error: [Return]{558432} at src/listaDeEspera.wlk:18 exhausted all cases without a match\n    at c:\\Users\\Nicolee\\.vscode\\extensions\\uqbar.wollok-lsp-ide-0.5.4\\out\\server\\src\\server.js:38:6142\n    at L2 (c:\\Users\\Nicolee\\.vscode\\extensions\\uqbar.wollok-lsp-ide-0.5.4\\out\\server\\src\\server.js:2389:42)\n    at Jh (c:\\Users\\Nicolee\\.vscode\\extensions\\uqbar.wollok-lsp-ide-0.5.4\\out\\server\\src\\server.js:2389:1092)\n    at L2 (c:\\Users\\Nicolee\\.vscode\\extensions\\uqbar.wollok-lsp-ide-0.5.4\\out\\server\\src\\server.js:2389:544)\n    at c:\\Users\\Nicolee\\.vscode\\extensions\\uqbar.wollok-lsp-ide-0.5.4\\out\\server\\src\\server.js:2389:2988\n    at c:\\Users\\Nicolee\\.vscode\\extensions\\uqbar.wollok-lsp-ide-0.5.4\\out\\server\\src\\server.js:2398:8440\n    at c:\\Users\\Nicolee\\.vscode\\extensions\\uqbar.wollok-lsp-ide-0.5.4\\out\\server\\src\\server.js:37:74872\n    at Ke (c:\\Users\\Nicolee\\.vscode\\extensions\\uqbar.wollok-lsp-ide-0.5.4\\out\\server\\src\\server.js:7:8527)\n    at Lt (c:\\Users\\Nicolee\\.vscode\\extensions\\uqbar.wollok-lsp-ide-0.5.4\\out\\server\\src\\server.js:7:6189)\n    at ct (c:\\Users\\Nicolee\\.vscode\\extensions\\uqbar.wollok-lsp-ide-0.5.4\\out\\server\\src\\server.js:7:6378)","timestamp":"2026-06-01T18:47:02.924Z"}
{"level":"info","message":"⌛ Validating src/listaDeEspera.wlk","timeElapsed":124,"timestamp":"2026-06-01T18:47:03.155Z"}
{"level":"error","message":"✘ Completions for node Send ([18:14, 18:132] - src/listaDeEspera.wlk) failed: Error: [Send]{14515c} at src/listaDeEspera.wlk:18 exhausted all cases without a match [Send]{14515c} at src/listaDeEspera.wlk:18 exhausted all cases without a match","stack":"Error: [Send]{14515c} at src/listaDeEspera.wlk:18 exhausted all cases without a match\n    at c:\\Users\\Nicolee\\.vscode\\extensions\\uqbar.wollok-lsp-ide-0.5.4\\out\\server\\src\\server.js:38:6142\n    at L2 (c:\\Users\\Nicolee\\.vscode\\extensions\\uqbar.wollok-lsp-ide-0.5.4\\out\\server\\src\\server.js:2389:42)\n    at c:\\Users\\Nicolee\\.vscode\\extensions\\uqbar.wollok-lsp-ide-0.5.4\\out\\server\\src\\server.js:2389:2988\n    at c:\\Users\\Nicolee\\.vscode\\extensions\\uqbar.wollok-lsp-ide-0.5.4\\out\\server\\src\\server.js:2398:8440\n    at c:\\Users\\Nicolee\\.vscode\\extensions\\uqbar.wollok-lsp-ide-0.5.4\\out\\server\\src\\server.js:37:74872\n    at Ke (c:\\Users\\Nicolee\\.vscode\\extensions\\uqbar.wollok-lsp-ide-0.5.4\\out\\server\\src\\server.js:7:8527)\n    at Lt (c:\\Users\\Nicolee\\.vscode\\extensions\\uqbar.wollok-lsp-ide-0.5.4\\out\\server\\src\\server.js:7:6189)\n    at ct (c:\\Users\\Nicolee\\.vscode\\extensions\\uqbar.wollok-lsp-ide-0.5.4\\out\\server\\src\\server.js:7:6378)\n    at Immediate._onImmediate (c:\\Users\\Nicolee\\.vscode\\extensions\\uqbar.wollok-lsp-ide-0.5.4\\out\\server\\src\\server.js:7:6142)\n    at process.processImmediate (node:internal/timers:484:21)","timestamp":"2026-06-01T18:47:03.283Z"}
{"level":"error","message":"✘ Completions for node Return ([18:7, 18:132] - src/listaDeEspera.wlk) failed: Error: [Return]{5758bc} at src/listaDeEspera.wlk:18 exhausted all cases without a match [Return]{5758bc} at src/listaDeEspera.wlk:18 exhausted all cases without a match","stack":"Error: [Return]{5758bc} at src/listaDeEspera.wlk:18 exhausted all cases without a match\n    at c:\\Users\\Nicolee\\.vscode\\extensions\\uqbar.wollok-lsp-ide-0.5.4\\out\\server\\src\\server.js:38:6142\n    at L2 (c:\\Users\\Nicolee\\.vscode\\extensions\\uqbar.wollok-lsp-ide-0.5.4\\out\\server\\src\\server.js:2389:42)\n    at Jh (c:\\Users\\Nicolee\\.vscode\\extensions\\uqbar.wollok-lsp-ide-0.5.4\\out\\server\\src\\server.js:2389:1092)\n    at L2 (c:\\Users\\Nicolee\\.vscode\\extensions\\uqbar.wollok-lsp-ide-0.5.4\\out\\server\\src\\server.js:2389:544)\n    at c:\\Users\\Nicolee\\.vscode\\extensions\\uqbar.wollok-lsp-ide-0.5.4\\out\\server\\src\\server.js:2389:2988\n    at c:\\Users\\Nicolee\\.vscode\\extensions\\uqbar.wollok-lsp-ide-0.5.4\\out\\server\\src\\server.js:2398:8440\n    at c:\\Users\\Nicolee\\.vscode\\extensions\\uqbar.wollok-lsp-ide-0.5.4\\out\\server\\src\\server.js:37:74872\n    at Ke (c:\\Users\\Nicolee\\.vscode\\extensions\\uqbar.wollok-lsp-ide-0.5.4\\out\\server\\src\\server.js:7:8527)\n    at Lt (c:\\Users\\Nicolee\\.vscode\\extensions\\uqbar.wollok-lsp-ide-0.5.4\\out\\server\\src\\server.js:7:6189)\n    at ct (c:\\Users\\Nicolee\\.vscode\\extensions\\uqbar.wollok-lsp-ide-0.5.4\\out\\server\\src\\server.js:7:6378)","timestamp":"2026-06-01T18:47:03.283Z"}
{"level":"info","message":"⌛ Validating src/listaDeEspera.wlk","timeElapsed":132,"timestamp":"2026-06-01T18:47:03.496Z"}
{"level":"info","message":"⌛ Validating src/listaDeEspera.wlk","timeElapsed":137,"timestamp":"2026-06-01T18:47:03.712Z"}
{"level":"info","message":"⌛ Validating src/listaDeEspera.wlk","timeElapsed":114,"timestamp":"2026-06-01T18:47:03.826Z"}
{"level":"error","message":"✘ Completions for node Send ([18:14, 18:135] - src/listaDeEspera.wlk) failed: Error: [Send]{05b7f8} at src/listaDeEspera.wlk:18 exhausted all cases without a match [Send]{05b7f8} at src/listaDeEspera.wlk:18 exhausted all cases without a match","stack":"Error: [Send]{05b7f8} at src/listaDeEspera.wlk:18 exhausted all cases without a match\n    at c:\\Users\\Nicolee\\.vscode\\extensions\\uqbar.wollok-lsp-ide-0.5.4\\out\\server\\src\\server.js:38:6142\n    at L2 (c:\\Users\\Nicolee\\.vscode\\extensions\\uqbar.wollok-lsp-ide-0.5.4\\out\\server\\src\\server.js:2389:42)\n    at c:\\Users\\Nicolee\\.vscode\\extensions\\uqbar.wollok-lsp-ide-0.5.4\\out\\server\\src\\server.js:2389:2988\n    at c:\\Users\\Nicolee\\.vscode\\extensions\\uqbar.wollok-lsp-ide-0.5.4\\out\\server\\src\\server.js:2398:8440\n    at c:\\Users\\Nicolee\\.vscode\\extensions\\uqbar.wollok-lsp-ide-0.5.4\\out\\server\\src\\server.js:37:74872\n    at Ke (c:\\Users\\Nicolee\\.vscode\\extensions\\uqbar.wollok-lsp-ide-0.5.4\\out\\server\\src\\server.js:7:8527)\n    at Lt (c:\\Users\\Nicolee\\.vscode\\extensions\\uqbar.wollok-lsp-ide-0.5.4\\out\\server\\src\\server.js:7:6189)\n    at ct (c:\\Users\\Nicolee\\.vscode\\extensions\\uqbar.wollok-lsp-ide-0.5.4\\out\\server\\src\\server.js:7:6378)\n    at Immediate._onImmediate (c:\\Users\\Nicolee\\.vscode\\extensions\\uqbar.wollok-lsp-ide-0.5.4\\out\\server\\src\\server.js:7:6142)\n    at process.processImmediate (node:internal/timers:484:21)","timestamp":"2026-06-01T18:47:03.933Z"}
{"level":"error","message":"✘ Completions for node Return ([18:7, 18:135] - src/listaDeEspera.wlk) failed: Error: [Return]{cf2a1c} at src/listaDeEspera.wlk:18 exhausted all cases without a match [Return]{cf2a1c} at src/listaDeEspera.wlk:18 exhausted all cases without a match","stack":"Error: [Return]{cf2a1c} at src/listaDeEspera.wlk:18 exhausted all cases without a match\n    at c:\\Users\\Nicolee\\.vscode\\extensions\\uqbar.wollok-lsp-ide-0.5.4\\out\\server\\src\\server.js:38:6142\n    at L2 (c:\\Users\\Nicolee\\.vscode\\extensions\\uqbar.wollok-lsp-ide-0.5.4\\out\\server\\src\\server.js:2389:42)\n    at Jh (c:\\Users\\Nicolee\\.vscode\\extensions\\uqbar.wollok-lsp-ide-0.5.4\\out\\server\\src\\server.js:2389:1092)\n    at L2 (c:\\Users\\Nicolee\\.vscode\\extensions\\uqbar.wollok-lsp-ide-0.5.4\\out\\server\\src\\server.js:2389:544)\n    at c:\\Users\\Nicolee\\.vscode\\extensions\\uqbar.wollok-lsp-ide-0.5.4\\out\\server\\src\\server.js:2389:2988\n    at c:\\Users\\Nicolee\\.vscode\\extensions\\uqbar.wollok-lsp-ide-0.5.4\\out\\server\\src\\server.js:2398:8440\n    at c:\\Users\\Nicolee\\.vscode\\extensions\\uqbar.wollok-lsp-ide-0.5.4\\out\\server\\src\\server.js:37:74872\n    at Ke (c:\\Users\\Nicolee\\.vscode\\extensions\\uqbar.wollok-lsp-ide-0.5.4\\out\\server\\src\\server.js:7:8527)\n    at Lt (c:\\Users\\Nicolee\\.vscode\\extensions\\uqbar.wollok-lsp-ide-0.5.4\\out\\server\\src\\server.js:7:6189)\n    at ct (c:\\Users\\Nicolee\\.vscode\\extensions\\uqbar.wollok-lsp-ide-0.5.4\\out\\server\\src\\server.js:7:6378)","timestamp":"2026-06-01T18:47:03.933Z"}
{"level":"info","message":"⌛ Validating src/listaDeEspera.wlk","timeElapsed":104,"timestamp":"2026-06-01T18:47:27.799Z"}
{"level":"info","message":"⌛ Validating src/listaDeEspera.wlk","timeElapsed":112,"timestamp":"2026-06-01T18:47:35.278Z"}
{"level":"error","message":"✘ Failed to get type description: Error: Failed to print, found malformed node Failed to print, found malformed node","node":{"id":"1d31f47e-a841-4fc4-9d94-1d96b671df68","metadata":[],"problems":[{"code":"malformedSentence","sourceMap":{"end":{"column":35,"line":10,"offset":304},"start":{"column":13,"line":10,"offset":282}}}],"scope":{"containerScope":{"containerScope":{"containerScope":{"containerScope":{"containerScope":{"contributions":{},"includedScopes":[]},"contributions":{},"includedScopes":[]},"contributions":{},"includedScopes":[]},"contributions":{},"includedScopes":[{"containerScope":{"containerScope":{"containerScope":{"contributions":{},"includedScopes":[]},"contributions":{},"includedScopes":[]},"contributions":{},"includedScopes":[]},"contributions":{},"includedScopes":[]}]},"contributions":{},"includedScopes":[]},"contributions":{},"includedScopes":[]},"sentences":[{"args":[{"id":"e0a19447-16f3-42d1-b213-fbde6a50f07e","metadata":[],"name":"materia","scope":{"containerScope":{"containerScope":{"containerScope":{"containerScope":{"containerScope":{"containerScope":{"containerScope":{"contributions":{},"includedScopes":[]},"contributions":{},"includedScopes":[]},"contributions":{},"includedScopes":[]},"contributions":{},"includedScopes":[{"containerScope":{"containerScope":{"containerScope":{"contributions":{},"includedScopes":[]},"contributions":{},"includedScopes":[]},"contributions":{},"includedScopes":[]},"contributions":{},"includedScopes":[]}]},"contributions":{},"includedScopes":[]},"contributions":{},"includedScopes":[]},"contributions":{},"includedScopes":[]},"contributions":{},"includedScopes":[]},"sourceMap":{"end":{"column":43,"line":9,"offset":259},"start":{"column":36,"line":9,"offset":252}}},{"id":"c10ddaaf-351e-4b1c-99bf-3baa3a2213f7","metadata":[],"name":"alumno","scope":{"containerScope":{"containerScope":{"containerScope":{"containerScope":{"containerScope":{"containerScope":{"containerScope":{"contributions":{},"includedScopes":[]},"contributions":{},"includedScopes":[]},"contributions":{},"includedScopes":[]},"contributions":{},"includedScopes":[{"containerScope":{"containerScope":{"containerScope":{"contributions":{},"includedScopes":[]},"contributions":{},"includedScopes":[]},"contributions":{},"includedScopes":[]},"contributions":{},"includedScopes":[]}]},"contributions":{},"includedScopes":[]},"contributions":{},"includedScopes":[]},"contributions":{},"includedScopes":[]},"contributions":{},"includedScopes":[]},"sourceMap":{"end":{"column":51,"line":9,"offset":267},"start":{"column":45,"line":9,"offset":261}}}],"id":"4c977e2e-f82e-43e7-9841-221d89030ef8","message":"agregaAListaDeEsperaA","metadata":[],"receiver":{"id":"ab20972d-d53f-4da9-a988-3f43165db385","metadata":[],"scope":{"containerScope":{"containerScope":{"containerScope":{"containerScope":{"containerScope":{"containerScope":{"containerScope":{"contributions":{},"includedScopes":[]},"contributions":{},"includedScopes":[]},"contributions":{},"includedScopes":[]},"contributions":{},"includedScopes":[{"containerScope":{"containerScope":{"containerScope":{"contributions":{},"includedScopes":[]},"contributions":{},"includedScopes":[]},"contributions":{},"includedScopes":[]},"contributions":{},"includedScopes":[]}]},"contributions":{},"includedScopes":[]},"contributions":{},"includedScopes":[]},"contributions":{},"includedScopes":[]},"contributions":{},"includedScopes":[]},"sourceMap":{"end":{"column":13,"line":9,"offset":229},"start":{"column":9,"line":9,"offset":225}}},"scope":{"containerScope":{"containerScope":{"containerScope":{"containerScope":{"containerScope":{"containerScope":{"contributions":{},"includedScopes":[]},"contributions":{},"includedScopes":[]},"contributions":{},"includedScopes":[]},"contributions":{},"includedScopes":[{"containerScope":{"containerScope":{"containerScope":{"contributions":{},"includedScopes":[]},"contributions":{},"includedScopes":[]},"contributions":{},"includedScopes":[]},"contributions":{},"includedScopes":[]}]},"contributions":{},"includedScopes":[]},"contributions":{},"includedScopes":[]},"contributions":{},"includedScopes":[]},"sourceMap":{"end":{"column":52,"line":9,"offset":268},"start":{"column":9,"line":9,"offset":225}}},{"id":"e6f2bb54-61a7-492f-bf73-663bb991aa96","metadata":[],"scope":{"containerScope":{"containerScope":{"containerScope":{"containerScope":{"containerScope":{"containerScope":{"contributions":{},"includedScopes":[]},"contributions":{},"includedScopes":[]},"contributions":{},"includedScopes":[]},"contributions":{},"includedScopes":[{"containerScope":{"containerScope":{"containerScope":{"contributions":{},"includedScopes":[]},"contributions":{},"includedScopes":[]},"contributions":{},"includedScopes":[]},"contributions":{},"includedScopes":[]}]},"contributions":{},"includedScopes":[]},"contributions":{},"includedScopes":[]},"contributions":{},"includedScopes":[]},"sourceMap":{"end":{"column":13,"line":10,"offset":282},"start":{"column":9,"line":10,"offset":278}}}],"sourceMap":{"end":{"column":4,"line":11,"offset":309},"start":{"column":54,"line":8,"offset":214}}},"stack":"Error: Failed to print, found malformed node\n    at c:\\Users\\Nicolee\\.vscode\\extensions\\uqbar.wollok-lsp-ide-0.5.4\\out\\server\\src\\server.js:68:3585\n    at c:\\Users\\Nicolee\\.vscode\\extensions\\uqbar.wollok-lsp-ide-0.5.4\\out\\server\\src\\server.js:68:5370\n    at c:\\Users\\Nicolee\\.vscode\\extensions\\uqbar.wollok-lsp-ide-0.5.4\\out\\server\\src\\server.js:38:6131\n    at c:\\Users\\Nicolee\\.vscode\\extensions\\uqbar.wollok-lsp-ide-0.5.4\\out\\server\\src\\server.js:68:3664\n    at Kbn (c:\\Users\\Nicolee\\.vscode\\extensions\\uqbar.wollok-lsp-ide-0.5.4\\out\\server\\src\\server.js:68:3396)\n    at c:\\Users\\Nicolee\\.vscode\\extensions\\uqbar.wollok-lsp-ide-0.5.4\\out\\server\\src\\server.js:2398:847\n    at c:\\Users\\Nicolee\\.vscode\\extensions\\uqbar.wollok-lsp-ide-0.5.4\\out\\server\\src\\server.js:2398:8440\n    at c:\\Users\\Nicolee\\.vscode\\extensions\\uqbar.wollok-lsp-ide-0.5.4\\out\\server\\src\\server.js:37:74770\n    at Ke (c:\\Users\\Nicolee\\.vscode\\extensions\\uqbar.wollok-lsp-ide-0.5.4\\out\\server\\src\\server.js:7:8527)\n    at Lt (c:\\Users\\Nicolee\\.vscode\\extensions\\uqbar.wollok-lsp-ide-0.5.4\\out\\server\\src\\server.js:7:6189)","timestamp":"2026-06-01T18:47:37.559Z"}
{"level":"info","message":"⌛ Validating src/listaDeEspera.wlk","timeElapsed":121,"timestamp":"2026-06-01T18:47:38.847Z"}
{"level":"info","message":"⌛ Validating src/listaDeEspera.wlk","timeElapsed":138,"timestamp":"2026-06-01T18:47:38.986Z"}
{"level":"error","message":"✘ Completions for node Send ([10:8, 10:38] - src/listaDeEspera.wlk) failed: Error: [Send]{cab7ce} at src/listaDeEspera.wlk:10 exhausted all cases without a match [Send]{cab7ce} at src/listaDeEspera.wlk:10 exhausted all cases without a match","stack":"Error: [Send]{cab7ce} at src/listaDeEspera.wlk:10 exhausted all cases without a match\n    at c:\\Users\\Nicolee\\.vscode\\extensions\\uqbar.wollok-lsp-ide-0.5.4\\out\\server\\src\\server.js:38:6142\n    at L2 (c:\\Users\\Nicolee\\.vscode\\extensions\\uqbar.wollok-lsp-ide-0.5.4\\out\\server\\src\\server.js:2389:42)\n    at Jh (c:\\Users\\Nicolee\\.vscode\\extensions\\uqbar.wollok-lsp-ide-0.5.4\\out\\server\\src\\server.js:2389:1092)\n    at M5n (c:\\Users\\Nicolee\\.vscode\\extensions\\uqbar.wollok-lsp-ide-0.5.4\\out\\server\\src\\server.js:2389:1248)\n    at c:\\Users\\Nicolee\\.vscode\\extensions\\uqbar.wollok-lsp-ide-0.5.4\\out\\server\\src\\server.js:38:6131\n    at L2 (c:\\Users\\Nicolee\\.vscode\\extensions\\uqbar.wollok-lsp-ide-0.5.4\\out\\server\\src\\server.js:2389:42)\n    at c:\\Users\\Nicolee\\.vscode\\extensions\\uqbar.wollok-lsp-ide-0.5.4\\out\\server\\src\\server.js:2389:2988\n    at c:\\Users\\Nicolee\\.vscode\\extensions\\uqbar.wollok-lsp-ide-0.5.4\\out\\server\\src\\server.js:2398:8440\n    at c:\\Users\\Nicolee\\.vscode\\extensions\\uqbar.wollok-lsp-ide-0.5.4\\out\\server\\src\\server.js:37:74872\n    at Ke (c:\\Users\\Nicolee\\.vscode\\extensions\\uqbar.wollok-lsp-ide-0.5.4\\out\\server\\src\\server.js:7:8527)","timestamp":"2026-06-01T18:47:39.756Z"}
{"level":"info","message":"⌛ Validating src/listaDeEspera.wlk","timeElapsed":126,"timestamp":"2026-06-01T18:47:39.895Z"}
{"level":"info","message":"⌛ Validating src/listaDeEspera.wlk","timeElapsed":120,"timestamp":"2026-06-01T18:47:40.179Z"}
{"level":"info","message":"⌛ Validating src/listaDeEspera.wlk","timeElapsed":122,"timestamp":"2026-06-01T18:47:40.391Z"}
{"level":"info","message":"⌛ Validating src/listaDeEspera.wlk","timeElapsed":103,"timestamp":"2026-06-01T18:47:40.499Z"}
{"level":"info","message":"⌛ Building environment","timeElapsed":128,"timestamp":"2026-06-01T18:47:40.627Z"}
{"level":"info","message":"⌛ Validating src/listaDeEspera.wlk","timeElapsed":106,"timestamp":"2026-06-01T18:47:40.814Z"}
{"level":"info","message":"⌛ Validating src/listaDeEspera.wlk","timeElapsed":119,"timestamp":"2026-06-01T18:47:40.933Z"}
{"level":"info","message":"⌛ Validating src/listaDeEspera.wlk","timeElapsed":103,"timestamp":"2026-06-01T18:47:41.173Z"}
{"level":"error","message":"✘ Completions for node Send ([10:8, 10:46] - src/listaDeEspera.wlk) failed: Error: [Send]{272376} at src/listaDeEspera.wlk:10 exhausted all cases without a match [Send]{272376} at src/listaDeEspera.wlk:10 exhausted all cases without a match","stack":"Error: [Send]{272376} at src/listaDeEspera.wlk:10 exhausted all cases without a match\n    at c:\\Users\\Nicolee\\.vscode\\extensions\\uqbar.wollok-lsp-ide-0.5.4\\out\\server\\src\\server.js:38:6142\n    at L2 (c:\\Users\\Nicolee\\.vscode\\extensions\\uqbar.wollok-lsp-ide-0.5.4\\out\\server\\src\\server.js:2389:42)\n    at Jh (c:\\Users\\Nicolee\\.vscode\\extensions\\uqbar.wollok-lsp-ide-0.5.4\\out\\server\\src\\server.js:2389:1092)\n    at M5n (c:\\Users\\Nicolee\\.vscode\\extensions\\uqbar.wollok-lsp-ide-0.5.4\\out\\server\\src\\server.js:2389:1248)\n    at c:\\Users\\Nicolee\\.vscode\\extensions\\uqbar.wollok-lsp-ide-0.5.4\\out\\server\\src\\server.js:38:6131\n    at L2 (c:\\Users\\Nicolee\\.vscode\\extensions\\uqbar.wollok-lsp-ide-0.5.4\\out\\server\\src\\server.js:2389:42)\n    at c:\\Users\\Nicolee\\.vscode\\extensions\\uqbar.wollok-lsp-ide-0.5.4\\out\\server\\src\\server.js:2389:2988\n    at c:\\Users\\Nicolee\\.vscode\\extensions\\uqbar.wollok-lsp-ide-0.5.4\\out\\server\\src\\server.js:2398:8440\n    at c:\\Users\\Nicolee\\.vscode\\extensions\\uqbar.wollok-lsp-ide-0.5.4\\out\\server\\src\\server.js:37:74872\n    at Ke (c:\\Users\\Nicolee\\.vscode\\extensions\\uqbar.wollok-lsp-ide-0.5.4\\out\\server\\src\\server.js:7:8527)","timestamp":"2026-06-01T18:47:41.395Z"}
{"level":"info","message":"⌛ Validating src/listaDeEspera.wlk","timeElapsed":114,"timestamp":"2026-06-01T18:47:41.580Z"}
{"level":"info","message":"⌛ Validating src/listaDeEspera.wlk","timeElapsed":110,"timestamp":"2026-06-01T18:47:42.030Z"}
{"level":"info","message":"⌛ Validating src/listaDeEspera.wlk","timeElapsed":120,"timestamp":"2026-06-01T18:47:42.334Z"}
{"level":"info","message":"⌛ Validating src/listaDeEspera.wlk","timeElapsed":156,"timestamp":"2026-06-01T18:47:42.568Z"}
{"level":"error","message":"✘ Completions for node Send ([10:8, 10:47] - src/listaDeEspera.wlk) failed: Error: [Send]{ede642} at src/listaDeEspera.wlk:10 exhausted all cases without a match [Send]{ede642} at src/listaDeEspera.wlk:10 exhausted all cases without a match","stack":"Error: [Send]{ede642} at src/listaDeEspera.wlk:10 exhausted all cases without a match\n    at c:\\Users\\Nicolee\\.vscode\\extensions\\uqbar.wollok-lsp-ide-0.5.4\\out\\server\\src\\server.js:38:6142\n    at L2 (c:\\Users\\Nicolee\\.vscode\\extensions\\uqbar.wollok-lsp-ide-0.5.4\\out\\server\\src\\server.js:2389:42)\n    at Jh (c:\\Users\\Nicolee\\.vscode\\extensions\\uqbar.wollok-lsp-ide-0.5.4\\out\\server\\src\\server.js:2389:1092)\n    at M5n (c:\\Users\\Nicolee\\.vscode\\extensions\\uqbar.wollok-lsp-ide-0.5.4\\out\\server\\src\\server.js:2389:1248)\n    at c:\\Users\\Nicolee\\.vscode\\extensions\\uqbar.wollok-lsp-ide-0.5.4\\out\\server\\src\\server.js:38:6131\n    at L2 (c:\\Users\\Nicolee\\.vscode\\extensions\\uqbar.wollok-lsp-ide-0.5.4\\out\\server\\src\\server.js:2389:42)\n    at c:\\Users\\Nicolee\\.vscode\\extensions\\uqbar.wollok-lsp-ide-0.5.4\\out\\server\\src\\server.js:2389:2988\n    at c:\\Users\\Nicolee\\.vscode\\extensions\\uqbar.wollok-lsp-ide-0.5.4\\out\\server\\src\\server.js:2398:8440\n    at c:\\Users\\Nicolee\\.vscode\\extensions\\uqbar.wollok-lsp-ide-0.5.4\\out\\server\\src\\server.js:37:74872\n    at Ke (c:\\Users\\Nicolee\\.vscode\\extensions\\uqbar.wollok-lsp-ide-0.5.4\\out\\server\\src\\server.js:7:8527)","timestamp":"2026-06-01T18:47:42.610Z"}
{"level":"info","message":"⌛ Validating src/listaDeEspera.wlk","timeElapsed":120,"timestamp":"2026-06-01T18:47:42.876Z"}
{"level":"info","message":"⌛ Validating src/listaDeEspera.wlk","timeElapsed":107,"timestamp":"2026-06-01T18:47:43.040Z"}
{"level":"info","message":"⌛ Validating src/listaDeEspera.wlk","timeElapsed":105,"timestamp":"2026-06-01T18:47:43.146Z"}
{"level":"info","message":"⌛ Validating src/listaDeEspera.wlk","timeElapsed":103,"timestamp":"2026-06-01T18:47:43.328Z"}
{"level":"info","message":"⌛ Validating src/listaDeEspera.wlk","timeElapsed":106,"timestamp":"2026-06-01T18:47:43.558Z"}
{"level":"info","message":"⌛ Validating src/listaDeEspera.wlk","timeElapsed":103,"timestamp":"2026-06-01T18:47:43.689Z"}
{"level":"info","message":"⌛ Validating src/listaDeEspera.wlk","timeElapsed":106,"timestamp":"2026-06-01T18:47:44.097Z"}
{"level":"info","message":"⌛ Validating src/listaDeEspera.wlk","timeElapsed":114,"timestamp":"2026-06-01T18:47:44.211Z"}
{"level":"info","message":"⌛ Validating src/listaDeEspera.wlk","timeElapsed":117,"timestamp":"2026-06-01T18:47:46.177Z"}
{"level":"info","message":"⌛ Validating src/listaDeEspera.wlk","timeElapsed":121,"timestamp":"2026-06-01T18:47:46.369Z"}
{"level":"info","message":"⌛ Validating src/listaDeEspera.wlk","timeElapsed":112,"timestamp":"2026-06-01T18:47:46.570Z"}
{"level":"info","message":"⌛ Validating src/listaDeEspera.wlk","timeElapsed":128,"timestamp":"2026-06-01T18:47:46.788Z"}
{"level":"info","message":"⌛ Validating src/listaDeEspera.wlk","timeElapsed":110,"timestamp":"2026-06-01T18:47:46.957Z"}
{"level":"info","message":"⌛ Validating src/listaDeEspera.wlk","timeElapsed":126,"timestamp":"2026-06-01T18:47:48.291Z"}
{"level":"info","message":"⌛ Validating src/listaDeEspera.wlk","timeElapsed":106,"timestamp":"2026-06-01T18:47:48.540Z"}
{"level":"info","message":"⌛ Validating src/listaDeEspera.wlk","timeElapsed":111,"timestamp":"2026-06-01T18:48:26.383Z"}
{"level":"info","message":"⌛ Validating src/listaDeEspera.wlk","timeElapsed":127,"timestamp":"2026-06-01T18:48:30.171Z"}
{"level":"info","message":"⌛ Validating src/listaDeEspera.wlk","timeElapsed":123,"timestamp":"2026-06-01T18:48:30.425Z"}
{"level":"info","message":"⌛ Validating src/listaDeEspera.wlk","timeElapsed":113,"timestamp":"2026-06-01T18:48:30.675Z"}
{"level":"info","message":"⌛ Validating src/listaDeEspera.wlk","timeElapsed":118,"timestamp":"2026-06-01T18:48:32.551Z"}
{"level":"info","message":"⌛ Validating src/listaDeEspera.wlk","timeElapsed":128,"timestamp":"2026-06-01T18:49:51.318Z"}
{"level":"info","message":"⌛ Building environment","timeElapsed":102,"timestamp":"2026-06-01T18:49:51.420Z"}
{"level":"info","message":"⌛ Validating src/listaDeEspera.wlk","timeElapsed":122,"timestamp":"2026-06-01T18:49:51.544Z"}
{"level":"info","message":"⌛ Building environment","timeElapsed":155,"timestamp":"2026-06-01T18:50:44.308Z"}
{"level":"info","message":"⌛ Validating src/listaDeEspera.wlk","timeElapsed":136,"timestamp":"2026-06-01T18:50:44.446Z"}
{"level":"info","message":"⌛ Building environment","timeElapsed":118,"timestamp":"2026-06-01T18:50:44.565Z"}
{"level":"info","message":"⌛ Validating src/listaDeEspera.wlk","timeElapsed":116,"timestamp":"2026-06-01T18:50:44.767Z"}
{"level":"info","message":"⌛ Validating src/listaDeEspera.wlk","timeElapsed":120,"timestamp":"2026-06-01T18:50:44.983Z"}
{"level":"info","message":"⌛ Validating src/listaDeEspera.wlk","timeElapsed":115,"timestamp":"2026-06-01T18:50:45.171Z"}
{"level":"info","message":"⌛ Validating src/listaDeEspera.wlk","timeElapsed":115,"timestamp":"2026-06-01T18:50:45.457Z"}
{"level":"info","message":"⌛ Validating src/listaDeEspera.wlk","timeElapsed":128,"timestamp":"2026-06-01T18:51:30.310Z"}
{"level":"info","message":"⌛ Validating src/listaDeEspera.wlk","timeElapsed":102,"timestamp":"2026-06-01T18:52:20.164Z"}
{"level":"info","message":"⌛ Validating src/listaDeEspera.wlk","timeElapsed":159,"timestamp":"2026-06-01T18:57:40.134Z"}
{"level":"info","message":"⌛ Validating src/listaDeEspera.wlk","timeElapsed":123,"timestamp":"2026-06-01T18:57:40.419Z"}
{"level":"info","message":"⌛ Validating src/listaDeEspera.wlk","timeElapsed":131,"timestamp":"2026-06-01T18:57:41.004Z"}
{"level":"info","message":"⌛ Validating src/listaDeEspera.wlk","timeElapsed":112,"timestamp":"2026-06-01T18:57:41.296Z"}
{"level":"info","message":"⌛ Building environment","timeElapsed":113,"timestamp":"2026-06-01T18:57:41.409Z"}
{"level":"info","message":"⌛ Validating src/listaDeEspera.wlk","timeElapsed":125,"timestamp":"2026-06-01T18:57:41.536Z"}
{"level":"info","message":"⌛ Validating src/listaDeEspera.wlk","timeElapsed":113,"timestamp":"2026-06-01T18:57:41.650Z"}
{"level":"info","message":"⌛ Validating src/listaDeEspera.wlk","timeElapsed":104,"timestamp":"2026-06-01T18:57:41.815Z"}
{"level":"info","message":"⌛ Validating src/listaDeEspera.wlk","timeElapsed":123,"timestamp":"2026-06-01T18:57:43.212Z"}
{"level":"info","message":"⌛ Building environment","timeElapsed":116,"timestamp":"2026-06-01T18:57:43.331Z"}
{"level":"info","message":"⌛ Validating src/listaDeEspera.wlk","timeElapsed":113,"timestamp":"2026-06-01T18:57:43.555Z"}
{"level":"info","message":"⌛ Validating src/listaDeEspera.wlk","timeElapsed":145,"timestamp":"2026-06-01T18:57:43.976Z"}
{"level":"info","message":"⌛ Validating src/listaDeEspera.wlk","timeElapsed":174,"timestamp":"2026-06-01T18:57:44.156Z"}
{"level":"info","message":"⌛ Validating src/listaDeEspera.wlk","timeElapsed":107,"timestamp":"2026-06-01T18:57:44.505Z"}
{"level":"info","message":"⌛ Validating src/listaDeEspera.wlk","timeElapsed":105,"timestamp":"2026-06-01T18:57:44.610Z"}
{"level":"info","message":"⌛ Validating src/listaDeEspera.wlk","timeElapsed":103,"timestamp":"2026-06-01T18:57:45.311Z"}
{"level":"info","message":"⌛ Validating src/listaDeEspera.wlk","timeElapsed":104,"timestamp":"2026-06-01T18:57:45.844Z"}
{"level":"info","message":"⌛ Validating src/listaDeEspera.wlk","timeElapsed":110,"timestamp":"2026-06-01T18:57:46.061Z"}
{"level":"info","message":"⌛ Validating src/listaDeEspera.wlk","timeElapsed":122,"timestamp":"2026-06-01T18:57:46.413Z"}
{"level":"info","message":"⌛ Validating src/listaDeEspera.wlk","timeElapsed":118,"timestamp":"2026-06-01T18:57:46.660Z"}
{"level":"info","message":"⌛ Validating src/listaDeEspera.wlk","timeElapsed":149,"timestamp":"2026-06-01T18:57:47.020Z"}
{"level":"info","message":"⌛ Validating src/listaDeEspera.wlk","timeElapsed":107,"timestamp":"2026-06-01T18:57:47.381Z"}
{"level":"info","message":"⌛ Validating src/listaDeEspera.wlk","timeElapsed":120,"timestamp":"2026-06-01T18:57:47.756Z"}
{"level":"info","message":"⌛ Validating src/listaDeEspera.wlk","timeElapsed":122,"timestamp":"2026-06-01T18:57:47.954Z"}
{"level":"info","message":"⌛ Validating src/listaDeEspera.wlk","timeElapsed":123,"timestamp":"2026-06-01T18:57:48.177Z"}
{"level":"info","message":"⌛ Validating src/listaDeEspera.wlk","timeElapsed":127,"timestamp":"2026-06-01T18:57:48.432Z"}
{"level":"info","message":"⌛ Validating src/listaDeEspera.wlk","timeElapsed":105,"timestamp":"2026-06-01T18:57:48.694Z"}
{"level":"info","message":"⌛ Validating src/listaDeEspera.wlk","timeElapsed":104,"timestamp":"2026-06-01T18:57:48.819Z"}
{"level":"info","message":"⌛ Validating src/listaDeEspera.wlk","timeElapsed":104,"timestamp":"2026-06-01T18:57:51.056Z"}
{"level":"info","message":"⌛ Validating src/listaDeEspera.wlk","timeElapsed":124,"timestamp":"2026-06-01T18:57:51.670Z"}
{"level":"info","message":"⌛ Validating src/listaDeEspera.wlk","timeElapsed":145,"timestamp":"2026-06-01T18:57:51.882Z"}
{"level":"info","message":"⌛ Validating src/listaDeEspera.wlk","timeElapsed":128,"timestamp":"2026-06-01T18:58:21.264Z"}
{"level":"error","message":"✘ Failed to get type description: Error: Failed to print, found malformed node Failed to print, found malformed node","node":{"id":"bb439a0a-a85a-4a24-aad3-28fefa3971f7","members":[],"metadata":[],"name":"listaPorGradoDeAvance","problems":[{"code":"malformedMember","sourceMap":{"end":{"column":40,"line":19,"offset":571},"start":{"column":5,"line":19,"offset":536}}}],"scope":{"containerScope":{"containerScope":{"containerScope":{"contributions":{},"includedScopes":[]},"contributions":{},"includedScopes":[]},"contributions":{},"includedScopes":[]},"contributions":{},"includedScopes":[{"containerScope":{"containerScope":{"containerScope":{"contributions":{},"includedScopes":[]},"contributions":{},"includedScopes":[]},"contributions":{},"includedScopes":[]},"contributions":{},"includedScopes":[]}]},"sourceMap":{"end":{"column":2,"line":20,"offset":574},"start":{"column":1,"line":18,"offset":500}},"supertypes":[]},"stack":"Error: Failed to print, found malformed node\n    at c:\\Users\\Nicolee\\.vscode\\extensions\\uqbar.wollok-lsp-ide-0.5.4\\out\\server\\src\\server.js:68:3585\n    at Kbn (c:\\Users\\Nicolee\\.vscode\\extensions\\uqbar.wollok-lsp-ide-0.5.4\\out\\server\\src\\server.js:68:3396)\n    at c:\\Users\\Nicolee\\.vscode\\extensions\\uqbar.wollok-lsp-ide-0.5.4\\out\\server\\src\\server.js:2398:847\n    at c:\\Users\\Nicolee\\.vscode\\extensions\\uqbar.wollok-lsp-ide-0.5.4\\out\\server\\src\\server.js:2398:8440\n    at c:\\Users\\Nicolee\\.vscode\\extensions\\uqbar.wollok-lsp-ide-0.5.4\\out\\server\\src\\server.js:37:74770\n    at Ke (c:\\Users\\Nicolee\\.vscode\\extensions\\uqbar.wollok-lsp-ide-0.5.4\\out\\server\\src\\server.js:7:8527)\n    at Lt (c:\\Users\\Nicolee\\.vscode\\extensions\\uqbar.wollok-lsp-ide-0.5.4\\out\\server\\src\\server.js:7:6189)\n    at ct (c:\\Users\\Nicolee\\.vscode\\extensions\\uqbar.wollok-lsp-ide-0.5.4\\out\\server\\src\\server.js:7:6378)\n    at Immediate._onImmediate (c:\\Users\\Nicolee\\.vscode\\extensions\\uqbar.wollok-lsp-ide-0.5.4\\out\\server\\src\\server.js:7:6142)\n    at process.processImmediate (node:internal/timers:484:21)","timestamp":"2026-06-01T18:58:22.587Z"}
{"level":"error","message":"✘ Failed to get type description: Error: Failed to print, found malformed node Failed to print, found malformed node","node":{"id":"bb439a0a-a85a-4a24-aad3-28fefa3971f7","members":[],"metadata":[],"name":"listaPorGradoDeAvance","problems":[{"code":"malformedMember","sourceMap":{"end":{"column":40,"line":19,"offset":571},"start":{"column":5,"line":19,"offset":536}}}],"scope":{"containerScope":{"containerScope":{"containerScope":{"contributions":{},"includedScopes":[]},"contributions":{},"includedScopes":[]},"contributions":{},"includedScopes":[]},"contributions":{},"includedScopes":[{"containerScope":{"containerScope":{"containerScope":{"contributions":{},"includedScopes":[]},"contributions":{},"includedScopes":[]},"contributions":{},"includedScopes":[]},"contributions":{},"includedScopes":[]}]},"sourceMap":{"end":{"column":2,"line":20,"offset":574},"start":{"column":1,"line":18,"offset":500}},"supertypes":[]},"stack":"Error: Failed to print, found malformed node\n    at c:\\Users\\Nicolee\\.vscode\\extensions\\uqbar.wollok-lsp-ide-0.5.4\\out\\server\\src\\server.js:68:3585\n    at Kbn (c:\\Users\\Nicolee\\.vscode\\extensions\\uqbar.wollok-lsp-ide-0.5.4\\out\\server\\src\\server.js:68:3396)\n    at c:\\Users\\Nicolee\\.vscode\\extensions\\uqbar.wollok-lsp-ide-0.5.4\\out\\server\\src\\server.js:2398:847\n    at c:\\Users\\Nicolee\\.vscode\\extensions\\uqbar.wollok-lsp-ide-0.5.4\\out\\server\\src\\server.js:2398:8440\n    at c:\\Users\\Nicolee\\.vscode\\extensions\\uqbar.wollok-lsp-ide-0.5.4\\out\\server\\src\\server.js:37:74770\n    at Ke (c:\\Users\\Nicolee\\.vscode\\extensions\\uqbar.wollok-lsp-ide-0.5.4\\out\\server\\src\\server.js:7:8527)\n    at Lt (c:\\Users\\Nicolee\\.vscode\\extensions\\uqbar.wollok-lsp-ide-0.5.4\\out\\server\\src\\server.js:7:6189)\n    at ct (c:\\Users\\Nicolee\\.vscode\\extensions\\uqbar.wollok-lsp-ide-0.5.4\\out\\server\\src\\server.js:7:6378)\n    at Immediate._onImmediate (c:\\Users\\Nicolee\\.vscode\\extensions\\uqbar.wollok-lsp-ide-0.5.4\\out\\server\\src\\server.js:7:6142)\n    at process.processImmediate (node:internal/timers:484:21)","timestamp":"2026-06-01T18:58:23.760Z"}
{"level":"info","message":"⌛ Validating src/listaDeEspera.wlk","timeElapsed":127,"timestamp":"2026-06-01T18:58:24.421Z"}
{"level":"info","message":"⌛ Building environment","timeElapsed":105,"timestamp":"2026-06-01T18:58:25.513Z"}
{"level":"info","message":"⌛ Validating src/listaDeEspera.wlk","timeElapsed":105,"timestamp":"2026-06-01T18:58:25.618Z"}
{"level":"info","message":"⌛ Validating src/listaDeEspera.wlk","timeElapsed":111,"timestamp":"2026-06-01T18:58:25.789Z"}
{"level":"info","message":"⌛ Validating src/listaDeEspera.wlk","timeElapsed":142,"timestamp":"2026-06-01T18:58:27.038Z"}
{"level":"info","message":"⌛ Validating src/listaDeEspera.wlk","timeElapsed":130,"timestamp":"2026-06-01T18:58:27.321Z"}
{"level":"info","message":"⌛ Validating src/listaDeEspera.wlk","timeElapsed":107,"timestamp":"2026-06-01T18:58:27.520Z"}
{"level":"info","message":"⌛ Validating src/listaDeEspera.wlk","timeElapsed":107,"timestamp":"2026-06-01T18:58:27.751Z"}
{"level":"info","message":"⌛ Building environment","timeElapsed":130,"timestamp":"2026-06-01T18:58:28.066Z"}
{"level":"info","message":"⌛ Validating src/listaDeEspera.wlk","timeElapsed":114,"timestamp":"2026-06-01T18:58:28.180Z"}
{"level":"info","message":"⌛ Validating src/listaDeEspera.wlk","timeElapsed":109,"timestamp":"2026-06-01T18:58:28.351Z"}
{"level":"info","message":"⌛ Validating src/listaDeEspera.wlk","timeElapsed":132,"timestamp":"2026-06-01T18:58:28.488Z"}
{"level":"info","message":"⌛ Validating src/listaDeEspera.wlk","timeElapsed":109,"timestamp":"2026-06-01T18:58:28.690Z"}
{"level":"info","message":"⌛ Validating src/listaDeEspera.wlk","timeElapsed":106,"timestamp":"2026-06-01T18:58:28.854Z"}
{"level":"info","message":"⌛ Validating src/listaDeEspera.wlk","timeElapsed":101,"timestamp":"2026-06-01T18:58:29.035Z"}
{"level":"info","message":"⌛ Validating src/listaDeEspera.wlk","timeElapsed":106,"timestamp":"2026-06-01T18:58:29.264Z"}
{"level":"info","message":"⌛ Validating src/listaDeEspera.wlk","timeElapsed":105,"timestamp":"2026-06-01T18:58:31.149Z"}
{"level":"info","message":"⌛ Building environment","timeElapsed":161,"timestamp":"2026-06-01T18:58:31.570Z"}
{"level":"info","message":"⌛ Validating src/listaDeEspera.wlk","timeElapsed":103,"timestamp":"2026-06-01T18:58:31.673Z"}
{"level":"info","message":"⌛ Validating src/listaDeEspera.wlk","timeElapsed":101,"timestamp":"2026-06-01T18:58:32.313Z"}
{"level":"error","message":"✘ Completions for node Parameter ([19:37, 19:38] - src/listaDeEspera.wlk) failed: Error: [Parameter]{96e59c} at src/listaDeEspera.wlk:19 exhausted all cases without a match [Parameter]{96e59c} at src/listaDeEspera.wlk:19 exhausted all cases without a match","stack":"Error: [Parameter]{96e59c} at src/listaDeEspera.wlk:19 exhausted all cases without a match\n    at c:\\Users\\Nicolee\\.vscode\\extensions\\uqbar.wollok-lsp-ide-0.5.4\\out\\server\\src\\server.js:38:6142\n    at L2 (c:\\Users\\Nicolee\\.vscode\\extensions\\uqbar.wollok-lsp-ide-0.5.4\\out\\server\\src\\server.js:2389:42)\n    at c:\\Users\\Nicolee\\.vscode\\extensions\\uqbar.wollok-lsp-ide-0.5.4\\out\\server\\src\\server.js:2389:2988\n    at c:\\Users\\Nicolee\\.vscode\\extensions\\uqbar.wollok-lsp-ide-0.5.4\\out\\server\\src\\server.js:2398:8440\n    at c:\\Users\\Nicolee\\.vscode\\extensions\\uqbar.wollok-lsp-ide-0.5.4\\out\\server\\src\\server.js:37:74872\n    at Ke (c:\\Users\\Nicolee\\.vscode\\extensions\\uqbar.wollok-lsp-ide-0.5.4\\out\\server\\src\\server.js:7:8527)\n    at Lt (c:\\Users\\Nicolee\\.vscode\\extensions\\uqbar.wollok-lsp-ide-0.5.4\\out\\server\\src\\server.js:7:6189)\n    at ct (c:\\Users\\Nicolee\\.vscode\\extensions\\uqbar.wollok-lsp-ide-0.5.4\\out\\server\\src\\server.js:7:6378)\n    at Immediate._onImmediate (c:\\Users\\Nicolee\\.vscode\\extensions\\uqbar.wollok-lsp-ide-0.5.4\\out\\server\\src\\server.js:7:6142)\n    at process.processImmediate (node:internal/timers:484:21)","timestamp":"2026-06-01T18:58:34.220Z"}
{"level":"info","message":"⌛ Validating src/listaDeEspera.wlk","timeElapsed":113,"timestamp":"2026-06-01T18:58:34.336Z"}
{"level":"info","message":"⌛ Validating src/listaDeEspera.wlk","timeElapsed":116,"timestamp":"2026-06-01T18:58:34.519Z"}
{"level":"info","message":"⌛ Validating src/listaDeEspera.wlk","timeElapsed":123,"timestamp":"2026-06-01T18:58:34.795Z"}
{"level":"info","message":"⌛ Building environment","timeElapsed":125,"timestamp":"2026-06-01T18:58:34.949Z"}
{"level":"info","message":"⌛ Validating src/listaDeEspera.wlk","timeElapsed":162,"timestamp":"2026-06-01T18:58:35.111Z"}
{"level":"info","message":"⌛ Validating src/listaDeEspera.wlk","timeElapsed":117,"timestamp":"2026-06-01T18:58:35.475Z"}
{"level":"info","message":"⌛ Building environment","timeElapsed":133,"timestamp":"2026-06-01T18:58:35.956Z"}
{"level":"error","message":"✘ Completions for node Parameter ([19:46, 19:47] - src/listaDeEspera.wlk) failed: Error: [Parameter]{ac5346} at src/listaDeEspera.wlk:19 exhausted all cases without a match [Parameter]{ac5346} at src/listaDeEspera.wlk:19 exhausted all cases without a match","stack":"Error: [Parameter]{ac5346} at src/listaDeEspera.wlk:19 exhausted all cases without a match\n    at c:\\Users\\Nicolee\\.vscode\\extensions\\uqbar.wollok-lsp-ide-0.5.4\\out\\server\\src\\server.js:38:6142\n    at L2 (c:\\Users\\Nicolee\\.vscode\\extensions\\uqbar.wollok-lsp-ide-0.5.4\\out\\server\\src\\server.js:2389:42)\n    at c:\\Users\\Nicolee\\.vscode\\extensions\\uqbar.wollok-lsp-ide-0.5.4\\out\\server\\src\\server.js:2389:2988\n    at c:\\Users\\Nicolee\\.vscode\\extensions\\uqbar.wollok-lsp-ide-0.5.4\\out\\server\\src\\server.js:2398:8440\n    at c:\\Users\\Nicolee\\.vscode\\extensions\\uqbar.wollok-lsp-ide-0.5.4\\out\\server\\src\\server.js:37:74872\n    at Ke (c:\\Users\\Nicolee\\.vscode\\extensions\\uqbar.wollok-lsp-ide-0.5.4\\out\\server\\src\\server.js:7:8527)\n    at Lt (c:\\Users\\Nicolee\\.vscode\\extensions\\uqbar.wollok-lsp-ide-0.5.4\\out\\server\\src\\server.js:7:6189)\n    at ct (c:\\Users\\Nicolee\\.vscode\\extensions\\uqbar.wollok-lsp-ide-0.5.4\\out\\server\\src\\server.js:7:6378)\n    at Immediate._onImmediate (c:\\Users\\Nicolee\\.vscode\\extensions\\uqbar.wollok-lsp-ide-0.5.4\\out\\server\\src\\server.js:7:6142)\n    at process.processImmediate (node:internal/timers:484:21)","timestamp":"2026-06-01T18:58:35.977Z"}
{"level":"info","message":"⌛ Validating src/listaDeEspera.wlk","timeElapsed":101,"timestamp":"2026-06-01T18:58:36.144Z"}
{"level":"error","message":"✘ Completions for node Parameter ([19:46, 19:51] - src/listaDeEspera.wlk) failed: Error: [Parameter]{808782} at src/listaDeEspera.wlk:19 exhausted all cases without a match [Parameter]{808782} at src/listaDeEspera.wlk:19 exhausted all cases without a match","stack":"Error: [Parameter]{808782} at src/listaDeEspera.wlk:19 exhausted all cases without a match\n    at c:\\Users\\Nicolee\\.vscode\\extensions\\uqbar.wollok-lsp-ide-0.5.4\\out\\server\\src\\server.js:38:6142\n    at L2 (c:\\Users\\Nicolee\\.vscode\\extensions\\uqbar.wollok-lsp-ide-0.5.4\\out\\server\\src\\server.js:2389:42)\n    at c:\\Users\\Nicolee\\.vscode\\extensions\\uqbar.wollok-lsp-ide-0.5.4\\out\\server\\src\\server.js:2389:2988\n    at c:\\Users\\Nicolee\\.vscode\\extensions\\uqbar.wollok-lsp-ide-0.5.4\\out\\server\\src\\server.js:2398:8440\n    at c:\\Users\\Nicolee\\.vscode\\extensions\\uqbar.wollok-lsp-ide-0.5.4\\out\\server\\src\\server.js:37:74872\n    at Ke (c:\\Users\\Nicolee\\.vscode\\extensions\\uqbar.wollok-lsp-ide-0.5.4\\out\\server\\src\\server.js:7:8527)\n    at Lt (c:\\Users\\Nicolee\\.vscode\\extensions\\uqbar.wollok-lsp-ide-0.5.4\\out\\server\\src\\server.js:7:6189)\n    at ct (c:\\Users\\Nicolee\\.vscode\\extensions\\uqbar.wollok-lsp-ide-0.5.4\\out\\server\\src\\server.js:7:6378)\n    at Immediate._onImmediate (c:\\Users\\Nicolee\\.vscode\\extensions\\uqbar.wollok-lsp-ide-0.5.4\\out\\server\\src\\server.js:7:6142)\n    at process.processImmediate (node:internal/timers:484:21)","timestamp":"2026-06-01T18:58:36.561Z"}
{"level":"error","message":"✘ Completions for node Parameter ([19:46, 19:50] - src/listaDeEspera.wlk) failed: Error: [Parameter]{a85fa4} at src/listaDeEspera.wlk:19 exhausted all cases without a match [Parameter]{a85fa4} at src/listaDeEspera.wlk:19 exhausted all cases without a match","stack":"Error: [Parameter]{a85fa4} at src/listaDeEspera.wlk:19 exhausted all cases without a match\n    at c:\\Users\\Nicolee\\.vscode\\extensions\\uqbar.wollok-lsp-ide-0.5.4\\out\\server\\src\\server.js:38:6142\n    at L2 (c:\\Users\\Nicolee\\.vscode\\extensions\\uqbar.wollok-lsp-ide-0.5.4\\out\\server\\src\\server.js:2389:42)\n    at c:\\Users\\Nicolee\\.vscode\\extensions\\uqbar.wollok-lsp-ide-0.5.4\\out\\server\\src\\server.js:2389:2988\n    at c:\\Users\\Nicolee\\.vscode\\extensions\\uqbar.wollok-lsp-ide-0.5.4\\out\\server\\src\\server.js:2398:8440\n    at c:\\Users\\Nicolee\\.vscode\\extensions\\uqbar.wollok-lsp-ide-0.5.4\\out\\server\\src\\server.js:37:74872\n    at Ke (c:\\Users\\Nicolee\\.vscode\\extensions\\uqbar.wollok-lsp-ide-0.5.4\\out\\server\\src\\server.js:7:8527)\n    at Lt (c:\\Users\\Nicolee\\.vscode\\extensions\\uqbar.wollok-lsp-ide-0.5.4\\out\\server\\src\\server.js:7:6189)\n    at ct (c:\\Users\\Nicolee\\.vscode\\extensions\\uqbar.wollok-lsp-ide-0.5.4\\out\\server\\src\\server.js:7:6378)\n    at Immediate._onImmediate (c:\\Users\\Nicolee\\.vscode\\extensions\\uqbar.wollok-lsp-ide-0.5.4\\out\\server\\src\\server.js:7:6142)\n    at process.processImmediate (node:internal/timers:484:21)","timestamp":"2026-06-01T18:58:36.815Z"}
{"level":"error","message":"✘ Completions for node Parameter ([19:46, 19:49] - src/listaDeEspera.wlk) failed: Error: [Parameter]{7ed671} at src/listaDeEspera.wlk:19 exhausted all cases without a match [Parameter]{7ed671} at src/listaDeEspera.wlk:19 exhausted all cases without a match","stack":"Error: [Parameter]{7ed671} at src/listaDeEspera.wlk:19 exhausted all cases without a match\n    at c:\\Users\\Nicolee\\.vscode\\extensions\\uqbar.wollok-lsp-ide-0.5.4\\out\\server\\src\\server.js:38:6142\n    at L2 (c:\\Users\\Nicolee\\.vscode\\extensions\\uqbar.wollok-lsp-ide-0.5.4\\out\\server\\src\\server.js:2389:42)\n    at c:\\Users\\Nicolee\\.vscode\\extensions\\uqbar.wollok-lsp-ide-0.5.4\\out\\server\\src\\server.js:2389:2988\n    at c:\\Users\\Nicolee\\.vscode\\extensions\\uqbar.wollok-lsp-ide-0.5.4\\out\\server\\src\\server.js:2398:8440\n    at c:\\Users\\Nicolee\\.vscode\\extensions\\uqbar.wollok-lsp-ide-0.5.4\\out\\server\\src\\server.js:37:74872\n    at Ke (c:\\Users\\Nicolee\\.vscode\\extensions\\uqbar.wollok-lsp-ide-0.5.4\\out\\server\\src\\server.js:7:8527)\n    at Lt (c:\\Users\\Nicolee\\.vscode\\extensions\\uqbar.wollok-lsp-ide-0.5.4\\out\\server\\src\\server.js:7:6189)\n    at ct (c:\\Users\\Nicolee\\.vscode\\extensions\\uqbar.wollok-lsp-ide-0.5.4\\out\\server\\src\\server.js:7:6378)\n    at Immediate._onImmediate (c:\\Users\\Nicolee\\.vscode\\extensions\\uqbar.wollok-lsp-ide-0.5.4\\out\\server\\src\\server.js:7:6142)\n    at process.processImmediate (node:internal/timers:484:21)","timestamp":"2026-06-01T18:58:36.896Z"}
{"level":"error","message":"✘ Completions for node Parameter ([19:46, 19:48] - src/listaDeEspera.wlk) failed: Error: [Parameter]{cba24b} at src/listaDeEspera.wlk:19 exhausted all cases without a match [Parameter]{cba24b} at src/listaDeEspera.wlk:19 exhausted all cases without a match","stack":"Error: [Parameter]{cba24b} at src/listaDeEspera.wlk:19 exhausted all cases without a match\n    at c:\\Users\\Nicolee\\.vscode\\extensions\\uqbar.wollok-lsp-ide-0.5.4\\out\\server\\src\\server.js:38:6142\n    at L2 (c:\\Users\\Nicolee\\.vscode\\extensions\\uqbar.wollok-lsp-ide-0.5.4\\out\\server\\src\\server.js:2389:42)\n    at c:\\Users\\Nicolee\\.vscode\\extensions\\uqbar.wollok-lsp-ide-0.5.4\\out\\server\\src\\server.js:2389:2988\n    at c:\\Users\\Nicolee\\.vscode\\extensions\\uqbar.wollok-lsp-ide-0.5.4\\out\\server\\src\\server.js:2398:8440\n    at c:\\Users\\Nicolee\\.vscode\\extensions\\uqbar.wollok-lsp-ide-0.5.4\\out\\server\\src\\server.js:37:74872\n    at Ke (c:\\Users\\Nicolee\\.vscode\\extensions\\uqbar.wollok-lsp-ide-0.5.4\\out\\server\\src\\server.js:7:8527)\n    at Lt (c:\\Users\\Nicolee\\.vscode\\extensions\\uqbar.wollok-lsp-ide-0.5.4\\out\\server\\src\\server.js:7:6189)\n    at ct (c:\\Users\\Nicolee\\.vscode\\extensions\\uqbar.wollok-lsp-ide-0.5.4\\out\\server\\src\\server.js:7:6378)\n    at Immediate._onImmediate (c:\\Users\\Nicolee\\.vscode\\extensions\\uqbar.wollok-lsp-ide-0.5.4\\out\\server\\src\\server.js:7:6142)\n    at process.processImmediate (node:internal/timers:484:21)","timestamp":"2026-06-01T18:58:37.065Z"}
{"level":"error","message":"✘ Completions for node Parameter ([19:46, 19:50] - src/listaDeEspera.wlk) failed: Error: [Parameter]{a14d58} at src/listaDeEspera.wlk:19 exhausted all cases without a match [Parameter]{a14d58} at src/listaDeEspera.wlk:19 exhausted all cases without a match","stack":"Error: [Parameter]{a14d58} at src/listaDeEspera.wlk:19 exhausted all cases without a match\n    at c:\\Users\\Nicolee\\.vscode\\extensions\\uqbar.wollok-lsp-ide-0.5.4\\out\\server\\src\\server.js:38:6142\n    at L2 (c:\\Users\\Nicolee\\.vscode\\extensions\\uqbar.wollok-lsp-ide-0.5.4\\out\\server\\src\\server.js:2389:42)\n    at c:\\Users\\Nicolee\\.vscode\\extensions\\uqbar.wollok-lsp-ide-0.5.4\\out\\server\\src\\server.js:2389:2988\n    at c:\\Users\\Nicolee\\.vscode\\extensions\\uqbar.wollok-lsp-ide-0.5.4\\out\\server\\src\\server.js:2398:8440\n    at c:\\Users\\Nicolee\\.vscode\\extensions\\uqbar.wollok-lsp-ide-0.5.4\\out\\server\\src\\server.js:37:74872\n    at Ke (c:\\Users\\Nicolee\\.vscode\\extensions\\uqbar.wollok-lsp-ide-0.5.4\\out\\server\\src\\server.js:7:8527)\n    at Lt (c:\\Users\\Nicolee\\.vscode\\extensions\\uqbar.wollok-lsp-ide-0.5.4\\out\\server\\src\\server.js:7:6189)\n    at ct (c:\\Users\\Nicolee\\.vscode\\extensions\\uqbar.wollok-lsp-ide-0.5.4\\out\\server\\src\\server.js:7:6378)\n    at Immediate._onImmediate (c:\\Users\\Nicolee\\.vscode\\extensions\\uqbar.wollok-lsp-ide-0.5.4\\out\\server\\src\\server.js:7:6142)\n    at process.processImmediate (node:internal/timers:484:21)","timestamp":"2026-06-01T18:58:37.491Z"}
{"level":"info","message":"⌛ Validating src/listaDeEspera.wlk","timeElapsed":121,"timestamp":"2026-06-01T18:58:40.630Z"}
{"level":"info","message":"⌛ Validating src/listaDeEspera.wlk","timeElapsed":118,"timestamp":"2026-06-01T18:58:43.319Z"}
{"level":"info","message":"⌛ Validating src/listaDeEspera.wlk","timeElapsed":118,"timestamp":"2026-06-01T18:59:03.305Z"}
{"level":"info","message":"⌛ Validating src/listaDeEspera.wlk","timeElapsed":120,"timestamp":"2026-06-01T18:59:05.785Z"}
{"level":"info","message":"⌛ Validating src/listaDeEspera.wlk","timeElapsed":122,"timestamp":"2026-06-01T18:59:06.942Z"}
{"level":"info","message":"⌛ Validating src/listaDeEspera.wlk","timeElapsed":111,"timestamp":"2026-06-01T18:59:07.138Z"}
{"level":"info","message":"⌛ Validating src/listaDeEspera.wlk","timeElapsed":101,"timestamp":"2026-06-01T18:59:07.301Z"}
{"level":"info","message":"⌛ Validating src/listaDeEspera.wlk","timeElapsed":102,"timestamp":"2026-06-01T18:59:08.279Z"}
{"level":"info","message":"⌛ Validating src/listaDeEspera.wlk","timeElapsed":124,"timestamp":"2026-06-01T18:59:09.798Z"}
{"level":"info","message":"⌛ Validating src/listaDeEspera.wlk","timeElapsed":105,"timestamp":"2026-06-01T18:59:10.017Z"}
{"level":"info","message":"⌛ Validating src/listaDeEspera.wlk","timeElapsed":101,"timestamp":"2026-06-01T18:59:10.175Z"}
{"level":"info","message":"⌛ Validating src/listaDeEspera.wlk","timeElapsed":103,"timestamp":"2026-06-01T18:59:10.333Z"}
{"level":"info","message":"⌛ Validating src/listaDeEspera.wlk","timeElapsed":164,"timestamp":"2026-06-01T18:59:10.573Z"}
{"level":"info","message":"⌛ Validating src/listaDeEspera.wlk","timeElapsed":199,"timestamp":"2026-06-01T18:59:11.393Z"}
{"level":"info","message":"⌛ Validating src/listaDeEspera.wlk","timeElapsed":119,"timestamp":"2026-06-01T18:59:12.568Z"}
{"level":"info","message":"⌛ Validating src/listaDeEspera.wlk","timeElapsed":106,"timestamp":"2026-06-01T18:59:12.749Z"}
{"level":"info","message":"⌛ Validating src/listaDeEspera.wlk","timeElapsed":110,"timestamp":"2026-06-01T18:59:13.302Z"}
{"level":"info","message":"⌛ Validating src/listaDeEspera.wlk","timeElapsed":104,"timestamp":"2026-06-01T18:59:13.665Z"}
{"level":"info","message":"⌛ Validating src/listaDeEspera.wlk","timeElapsed":105,"timestamp":"2026-06-01T18:59:13.887Z"}
{"level":"info","message":"⌛ Validating src/listaDeEspera.wlk","timeElapsed":143,"timestamp":"2026-06-01T19:00:40.085Z"}
{"level":"info","message":"⌛ Validating src/listaDeEspera.wlk","timeElapsed":116,"timestamp":"2026-06-01T19:00:40.861Z"}
{"level":"info","message":"⌛ Validating src/listaDeEspera.wlk","timeElapsed":115,"timestamp":"2026-06-01T19:00:41.645Z"}
{"level":"info","message":"⌛ Validating src/listaDeEspera.wlk","timeElapsed":121,"timestamp":"2026-06-01T19:00:44.037Z"}
{"level":"info","message":"⌛ Validating src/listaDeEspera.wlk","timeElapsed":117,"timestamp":"2026-06-01T19:00:44.229Z"}
{"level":"info","message":"⌛ Building environment","timeElapsed":111,"timestamp":"2026-06-01T19:00:46.395Z"}
{"level":"info","message":"⌛ Validating src/listaDeEspera.wlk","timeElapsed":109,"timestamp":"2026-06-01T19:00:46.504Z"}
{"level":"info","message":"⌛ Validating src/listaDeEspera.wlk","timeElapsed":109,"timestamp":"2026-06-01T19:00:49.258Z"}
{"level":"info","message":"⌛ Validating src/listaDeEspera.wlk","timeElapsed":112,"timestamp":"2026-06-01T19:00:49.541Z"}
{"level":"info","message":"⌛ Validating src/listaDeEspera.wlk","timeElapsed":126,"timestamp":"2026-06-01T19:00:49.822Z"}
{"level":"info","message":"⌛ Building environment","timeElapsed":133,"timestamp":"2026-06-01T19:00:50.023Z"}
{"level":"info","message":"⌛ Validating src/listaDeEspera.wlk","timeElapsed":123,"timestamp":"2026-06-01T19:00:50.147Z"}
{"level":"info","message":"⌛ Validating src/listaDeEspera.wlk","timeElapsed":107,"timestamp":"2026-06-01T19:00:50.259Z"}
{"level":"info","message":"⌛ Validating src/listaDeEspera.wlk","timeElapsed":127,"timestamp":"2026-06-01T19:00:53.977Z"}
{"level":"info","message":"⌛ Validating src/listaDeEspera.wlk","timeElapsed":141,"timestamp":"2026-06-01T19:00:54.118Z"}
{"level":"info","message":"⌛ Validating src/listaDeEspera.wlk","timeElapsed":126,"timestamp":"2026-06-01T19:00:54.797Z"}
{"level":"info","message":"⌛ Validating src/listaDeEspera.wlk","timeElapsed":101,"timestamp":"2026-06-01T19:00:54.978Z"}
{"level":"info","message":"⌛ Validating src/listaDeEspera.wlk","timeElapsed":112,"timestamp":"2026-06-01T19:00:56.141Z"}
{"level":"info","message":"⌛ Validating src/listaDeEspera.wlk","timeElapsed":119,"timestamp":"2026-06-01T19:00:58.810Z"}
{"level":"info","message":"⌛ Validating src/listaDeEspera.wlk","timeElapsed":106,"timestamp":"2026-06-01T19:00:59.005Z"}
{"level":"info","message":"⌛ Validating src/listaDeEspera.wlk","timeElapsed":111,"timestamp":"2026-06-01T19:00:59.638Z"}
{"level":"info","message":"⌛ Validating src/listaDeEspera.wlk","timeElapsed":116,"timestamp":"2026-06-01T19:01:00.108Z"}
{"level":"info","message":"⌛ Validating src/listaDeEspera.wlk","timeElapsed":101,"timestamp":"2026-06-01T19:01:02.164Z"}
{"level":"info","message":"⌛ Validating src/listaDeEspera.wlk","timeElapsed":107,"timestamp":"2026-06-01T19:01:02.972Z"}
{"level":"info","message":"⌛ Validating src/listaDeEspera.wlk","timeElapsed":114,"timestamp":"2026-06-01T19:01:03.658Z"}
{"level":"info","message":"⌛ Validating src/listaDeEspera.wlk","timeElapsed":113,"timestamp":"2026-06-01T19:01:09.128Z"}
{"level":"info","message":"⌛ Building environment","timeElapsed":118,"timestamp":"2026-06-01T19:01:14.866Z"}
{"level":"info","message":"⌛ Validating src/listaDeEspera.wlk","timeElapsed":135,"timestamp":"2026-06-01T19:01:15.016Z"}
{"level":"info","message":"⌛ Validating src/listaDeEspera.wlk","timeElapsed":202,"timestamp":"2026-06-01T19:01:16.052Z"}
{"level":"info","message":"⌛ Validating src/listaDeEspera.wlk","timeElapsed":120,"timestamp":"2026-06-01T19:01:24.355Z"}
{"level":"info","message":"⌛ Validating src/listaDeEspera.wlk","timeElapsed":111,"timestamp":"2026-06-01T19:01:24.633Z"}
{"level":"info","message":"⌛ Validating src/listaDeEspera.wlk","timeElapsed":200,"timestamp":"2026-06-01T19:01:26.794Z"}
{"level":"info","message":"⌛ Validating src/listaDeEspera.wlk","timeElapsed":118,"timestamp":"2026-06-01T19:01:27.993Z"}
{"level":"info","message":"⌛ Validating src/listaDeEspera.wlk","timeElapsed":115,"timestamp":"2026-06-01T19:01:28.573Z"}
{"level":"info","message":"⌛ Validating src/listaDeEspera.wlk","timeElapsed":110,"timestamp":"2026-06-01T19:01:28.827Z"}
{"level":"info","message":"⌛ Building environment","timeElapsed":112,"timestamp":"2026-06-01T19:01:29.866Z"}
{"level":"info","message":"⌛ Validating src/listaDeEspera.wlk","timeElapsed":115,"timestamp":"2026-06-01T19:01:30.061Z"}
{"level":"info","message":"⌛ Validating src/listaDeEspera.wlk","timeElapsed":107,"timestamp":"2026-06-01T19:01:30.168Z"}
{"level":"info","message":"⌛ Validating src/listaDeEspera.wlk","timeElapsed":101,"timestamp":"2026-06-01T19:01:30.459Z"}
{"level":"info","message":"⌛ Building environment","timeElapsed":110,"timestamp":"2026-06-01T19:01:30.660Z"}
{"level":"info","message":"⌛ Validating src/listaDeEspera.wlk","timeElapsed":148,"timestamp":"2026-06-01T19:01:30.908Z"}
{"level":"error","message":"✘ Failed to get type description: Error: Failed to print, found malformed node Failed to print, found malformed node","node":{"id":"f689cfb8-9a99-48f3-88af-c568e2b92179","metadata":[],"problems":[{"code":"malformedSentence","sourceMap":{"end":{"column":20,"line":21,"offset":636},"start":{"column":13,"line":21,"offset":629}}}],"scope":{"containerScope":{"containerScope":{"containerScope":{"containerScope":{"containerScope":{"contributions":{},"includedScopes":[]},"contributions":{},"includedScopes":[]},"contributions":{},"includedScopes":[]},"contributions":{},"includedScopes":[{"containerScope":{"containerScope":{"containerScope":{"contributions":{},"includedScopes":[]},"contributions":{},"includedScopes":[]},"contributions":{},"includedScopes":[]},"contributions":{},"includedScopes":[]}]},"contributions":{},"includedScopes":[]},"contributions":{},"includedScopes":[]},"sentences":[{"args":[{"id":"f3db47d8-6e56-4727-8903-a8dc7128c905","metadata":[],"name":"alumno","scope":{"containerScope":{"containerScope":{"containerScope":{"containerScope":{"containerScope":{"containerScope":{"containerScope":{"contributions":{},"includedScopes":[]},"contributions":{},"includedScopes":[]},"contributions":{},"includedScopes":[]},"contributions":{},"includedScopes":[{"containerScope":{"containerScope":{"containerScope":{"contributions":{},"includedScopes":[]},"contributions":{},"includedScopes":[]},"contributions":{},"includedScopes":[]},"contributions":{},"includedScopes":[]}]},"contributions":{},"includedScopes":[]},"contributions":{},"includedScopes":[]},"contributions":{},"includedScopes":[]},"contributions":{},"includedScopes":[]},"sourceMap":{"end":{"column":43,"line":20,"offset":614},"start":{"column":37,"line":20,"offset":608}}}],"id":"7dd48706-5ae6-4d67-88ed-87242030b848","message":"add","metadata":[],"receiver":{"args":[],"id":"92e504fd-b152-4db1-88ee-505c4982e466","message":"listaDeEspera","metadata":[],"receiver":{"id":"e545fdbb-5de0-4969-af5b-65b97eb0f0ac","metadata":[],"name":"materia","scope":{"containerScope":{"containerScope":{"containerScope":{"containerScope":{"containerScope":{"containerScope":{"containerScope":{"containerScope":{"contributions":{},"includedScopes":[]},"contributions":{},"includedScopes":[]},"contributions":{},"includedScopes":[]},"contributions":{},"includedScopes":[{"containerScope":{"containerScope":{"containerScope":{"contributions":{},"includedScopes":[]},"contributions":{},"includedScopes":[]},"contributions":{},"includedScopes":[]},"contributions":{},"includedScopes":[]}]},"contributions":{},"includedScopes":[]},"contributions":{},"includedScopes":[]},"contributions":{},"includedScopes":[]},"contributions":{},"includedScopes":[]},"contributions":{},"includedScopes":[]},"sourceMap":{"end":{"column":16,"line":20,"offset":587},"start":{"column":9,"line":20,"offset":580}}},"scope":{"containerScope":{"containerScope":{"containerScope":{"containerScope":{"containerScope":{"containerScope":{"containerScope":{"contributions":{},"includedScopes":[]},"contributions":{},"includedScopes":[]},"contributions":{},"includedScopes":[]},"contributions":{},"includedScopes":[{"containerScope":{"containerScope":{"containerScope":{"contributions":{},"includedScopes":[]},"contributions":{},"includedScopes":[]},"contributions":{},"includedScopes":[]},"contributions":{},"includedScopes":[]}]},"contributions":{},"includedScopes":[]},"contributions":{},"includedScopes":[]},"contributions":{},"includedScopes":[]},"contributions":{},"includedScopes":[]},"sourceMap":{"end":{"column":32,"line":20,"offset":603},"start":{"column":9,"line":20,"offset":580}}},"scope":{"containerScope":{"containerScope":{"containerScope":{"containerScope":{"containerScope":{"containerScope":{"contributions":{},"includedScopes":[]},"contributions":{},"includedScopes":[]},"contributions":{},"includedScopes":[]},"contributions":{},"includedScopes":[{"containerScope":{"containerScope":{"containerScope":{"contributions":{},"includedScopes":[]},"contributions":{},"includedScopes":[]},"contributions":{},"includedScopes":[]},"contributions":{},"includedScopes":[]}]},"contributions":{},"includedScopes":[]},"contributions":{},"includedScopes":[]},"contributions":{},"includedScopes":[]},"sourceMap":{"end":{"column":44,"line":20,"offset":615},"start":{"column":9,"line":20,"offset":580}}},{"id":"fb0f646c-7383-4a5d-9ae6-76c52b1972ab","metadata":[],"scope":{"containerScope":{"containerScope":{"containerScope":{"containerScope":{"containerScope":{"containerScope":{"contributions":{},"includedScopes":[]},"contributions":{},"includedScopes":[]},"contributions":{},"includedScopes":[]},"contributions":{},"includedScopes":[{"containerScope":{"containerScope":{"containerScope":{"contributions":{},"includedScopes":[]},"contributions":{},"includedScopes":[]},"contributions":{},"includedScopes":[]},"contributions":{},"includedScopes":[]}]},"contributions":{},"includedScopes":[]},"contributions":{},"includedScopes":[]},"contributions":{},"includedScopes":[]},"sourceMap":{"end":{"column":13,"line":21,"offset":629},"start":{"column":9,"line":21,"offset":625}}}],"sourceMap":{"end":{"column":6,"line":22,"offset":643},"start":{"column":54,"line":19,"offset":569}}},"stack":"Error: Failed to print, found malformed node\n    at c:\\Users\\Nicolee\\.vscode\\extensions\\uqbar.wollok-lsp-ide-0.5.4\\out\\server\\src\\server.js:68:3585\n    at c:\\Users\\Nicolee\\.vscode\\extensions\\uqbar.wollok-lsp-ide-0.5.4\\out\\server\\src\\server.js:68:5370\n    at c:\\Users\\Nicolee\\.vscode\\extensions\\uqbar.wollok-lsp-ide-0.5.4\\out\\server\\src\\server.js:38:6131\n    at c:\\Users\\Nicolee\\.vscode\\extensions\\uqbar.wollok-lsp-ide-0.5.4\\out\\server\\src\\server.js:68:3664\n    at Kbn (c:\\Users\\Nicolee\\.vscode\\extensions\\uqbar.wollok-lsp-ide-0.5.4\\out\\server\\src\\server.js:68:3396)\n    at c:\\Users\\Nicolee\\.vscode\\extensions\\uqbar.wollok-lsp-ide-0.5.4\\out\\server\\src\\server.js:2398:847\n    at c:\\Users\\Nicolee\\.vscode\\extensions\\uqbar.wollok-lsp-ide-0.5.4\\out\\server\\src\\server.js:2398:8440\n    at c:\\Users\\Nicolee\\.vscode\\extensions\\uqbar.wollok-lsp-ide-0.5.4\\out\\server\\src\\server.js:37:74770\n    at Ke (c:\\Users\\Nicolee\\.vscode\\extensions\\uqbar.wollok-lsp-ide-0.5.4\\out\\server\\src\\server.js:7:8527)\n    at Lt (c:\\Users\\Nicolee\\.vscode\\extensions\\uqbar.wollok-lsp-ide-0.5.4\\out\\server\\src\\server.js:7:6189)","timestamp":"2026-06-01T19:01:37.452Z"}
{"level":"info","message":"⌛ Validating src/listaDeEspera.wlk","timeElapsed":108,"timestamp":"2026-06-01T19:01:37.944Z"}
{"level":"info","message":"⌛ Building environment","timeElapsed":102,"timestamp":"2026-06-01T19:03:29.585Z"}
{"level":"info","message":"⌛ Validating src/listaDeEspera.wlk","timeElapsed":152,"timestamp":"2026-06-01T19:03:29.737Z"}
{"level":"info","message":"⌛ Validating src/listaDeEspera.wlk","timeElapsed":121,"timestamp":"2026-06-01T19:03:29.949Z"}
{"level":"info","message":"⌛ Validating src/listaDeEspera.wlk","timeElapsed":124,"timestamp":"2026-06-01T19:03:31.077Z"}
{"level":"info","message":"⌛ Validating src/listaDeEspera.wlk","timeElapsed":132,"timestamp":"2026-06-01T19:03:31.372Z"}
{"level":"info","message":"⌛ Validating src/listaDeEspera.wlk","timeElapsed":125,"timestamp":"2026-06-01T19:03:31.567Z"}
{"level":"info","message":"⌛ Validating src/listaDeEspera.wlk","timeElapsed":121,"timestamp":"2026-06-01T19:03:31.769Z"}
{"level":"info","message":"⌛ Validating src/listaDeEspera.wlk","timeElapsed":136,"timestamp":"2026-06-01T19:03:31.993Z"}
{"level":"info","message":"⌛ Validating src/listaDeEspera.wlk","timeElapsed":114,"timestamp":"2026-06-01T19:03:33.735Z"}
{"level":"info","message":"⌛ Validating src/listaDeEspera.wlk","timeElapsed":117,"timestamp":"2026-06-01T19:03:34.006Z"}
{"level":"info","message":"⌛ Building environment","timeElapsed":116,"timestamp":"2026-06-01T19:03:34.123Z"}
{"level":"info","message":"⌛ Validating src/listaDeEspera.wlk","timeElapsed":117,"timestamp":"2026-06-01T19:03:34.319Z"}
{"level":"info","message":"⌛ Validating src/listaDeEspera.wlk","timeElapsed":121,"timestamp":"2026-06-01T19:03:34.441Z"}
{"level":"info","message":"⌛ Validating src/listaDeEspera.wlk","timeElapsed":114,"timestamp":"2026-06-01T19:03:34.724Z"}
{"level":"info","message":"⌛ Validating src/listaDeEspera.wlk","timeElapsed":116,"timestamp":"2026-06-01T19:03:34.845Z"}
{"level":"info","message":"⌛ Validating src/listaDeEspera.wlk","timeElapsed":111,"timestamp":"2026-06-01T19:03:35.238Z"}
{"level":"info","message":"⌛ Validating src/listaDeEspera.wlk","timeElapsed":117,"timestamp":"2026-06-01T19:03:35.426Z"}
{"level":"info","message":"⌛ Validating src/listaDeEspera.wlk","timeElapsed":102,"timestamp":"2026-06-01T19:03:36.397Z"}
{"level":"info","message":"⌛ Validating src/listaDeEspera.wlk","timeElapsed":126,"timestamp":"2026-06-01T19:03:37.050Z"}
{"level":"info","message":"⌛ Building environment","timeElapsed":114,"timestamp":"2026-06-01T19:03:37.285Z"}
{"level":"info","message":"⌛ Validating src/listaDeEspera.wlk","timeElapsed":111,"timestamp":"2026-06-01T19:03:41.917Z"}
{"level":"info","message":"⌛ Building environment","timeElapsed":103,"timestamp":"2026-06-01T19:03:43.088Z"}
{"level":"info","message":"⌛ Validating src/estudiante.wlk","timeElapsed":128,"timestamp":"2026-06-01T19:05:01.676Z"}
{"level":"info","message":"⌛ Validating src/estudiante.wlk","timeElapsed":123,"timestamp":"2026-06-01T19:05:02.273Z"}
{"level":"info","message":"⌛ Building environment","timeElapsed":111,"timestamp":"2026-06-01T19:05:02.736Z"}
{"level":"info","message":"⌛ Validating src/estudiante.wlk","timeElapsed":103,"timestamp":"2026-06-01T19:05:02.945Z"}
{"level":"info","message":"⌛ Validating src/estudiante.wlk","timeElapsed":105,"timestamp":"2026-06-01T19:05:03.132Z"}
{"level":"info","message":"⌛ Validating src/estudiante.wlk","timeElapsed":121,"timestamp":"2026-06-01T19:05:03.329Z"}
{"level":"info","message":"⌛ Validating src/estudiante.wlk","timeElapsed":106,"timestamp":"2026-06-01T19:05:03.609Z"}
{"level":"error","message":"✘ Failed to rebuild document Failed to parse src/estudiante.wlk: \n-- PARSING FAILED --------------------------------------------------\n\n  91 | \t}\n  92 | \n> 93 | \tmethod () {\n     |         ^\n  94 | \t  \n  95 | \t}\n\nExpected one of the following: \n\n'!=', '!==', '%', '&&', '*', '**', '+', '-', '->', '..', '..<', '/', '<', '<<', '<<<', '<=', '<=>', '<>', '==', '===', '>', '>..', '>=', '>>', '>>>', '?:', 'and', 'invert', 'negate', 'or', 'plus', '||', identifier, whitespace\n","stack":"Error: Failed to parse src/estudiante.wlk: \n-- PARSING FAILED --------------------------------------------------\n\n  91 | \t}\n  92 | \n> 93 | \tmethod () {\n     |         ^\n  94 | \t  \n  95 | \t}\n\nExpected one of the following: \n\n'!=', '!==', '%', '&&', '*', '**', '+', '-', '->', '..', '..<', '/', '<', '<<', '<<<', '<=', '<=>', '<>', '==', '===', '>', '>..', '>=', '>>', '>>>', '?:', 'and', 'invert', 'negate', 'or', 'plus', '||', identifier, whitespace\n\n    at c:\\Users\\Nicolee\\.vscode\\extensions\\uqbar.wollok-lsp-ide-0.5.4\\out\\server\\src\\server.js:2353:13026\n    at Array.map (<anonymous>)\n    at U1n (c:\\Users\\Nicolee\\.vscode\\extensions\\uqbar.wollok-lsp-ide-0.5.4\\out\\server\\src\\server.js:2353:12950)\n    at H2.buildEnvironmentFrom (c:\\Users\\Nicolee\\.vscode\\extensions\\uqbar.wollok-lsp-ide-0.5.4\\out\\server\\src\\server.js:2398:5254)\n    at H2.updateEnvironmentWith (c:\\Users\\Nicolee\\.vscode\\extensions\\uqbar.wollok-lsp-ide-0.5.4\\out\\server\\src\\server.js:2398:4989)\n    at GF (c:\\Users\\Nicolee\\.vscode\\extensions\\uqbar.wollok-lsp-ide-0.5.4\\out\\server\\src\\server.js:2398:7383)\n    at V3.invoke (c:\\Users\\Nicolee\\.vscode\\extensions\\uqbar.wollok-lsp-ide-0.5.4\\out\\server\\src\\server.js:3:157328)\n    at o.fire (c:\\Users\\Nicolee\\.vscode\\extensions\\uqbar.wollok-lsp-ide-0.5.4\\out\\server\\src\\server.js:3:158098)\n    at c:\\Users\\Nicolee\\.vscode\\extensions\\uqbar.wollok-lsp-ide-0.5.4\\out\\server\\src\\server.js:37:57871\n    at nd (c:\\Users\\Nicolee\\.vscode\\extensions\\uqbar.wollok-lsp-ide-0.5.4\\out\\server\\src\\server.js:8:1561)","timestamp":"2026-06-01T19:05:04.008Z"}
{"level":"info","message":"⌛ Building environment","timeElapsed":119,"timestamp":"2026-06-01T19:05:04.437Z"}
{"level":"info","message":"⌛ Validating src/estudiante.wlk","timeElapsed":117,"timestamp":"2026-06-01T19:05:04.824Z"}
{"level":"info","message":"⌛ Validating src/estudiante.wlk","timeElapsed":106,"timestamp":"2026-06-01T19:05:05.106Z"}
{"level":"info","message":"⌛ Validating src/estudiante.wlk","timeElapsed":121,"timestamp":"2026-06-01T19:05:05.812Z"}
{"level":"info","message":"⌛ Building environment","timeElapsed":123,"timestamp":"2026-06-01T19:05:06.516Z"}
{"level":"info","message":"⌛ Validating src/estudiante.wlk","timeElapsed":135,"timestamp":"2026-06-01T19:05:06.676Z"}
{"level":"info","message":"⌛ Building environment","timeElapsed":101,"timestamp":"2026-06-01T19:05:06.778Z"}
{"level":"info","message":"⌛ Validating src/estudiante.wlk","timeElapsed":126,"timestamp":"2026-06-01T19:05:07.105Z"}
{"level":"info","message":"⌛ Validating src/estudiante.wlk","timeElapsed":110,"timestamp":"2026-06-01T19:05:07.215Z"}
{"level":"info","message":"⌛ Validating src/estudiante.wlk","timeElapsed":115,"timestamp":"2026-06-01T19:05:07.339Z"}
{"level":"info","message":"⌛ Validating src/estudiante.wlk","timeElapsed":118,"timestamp":"2026-06-01T19:05:07.834Z"}
{"level":"info","message":"⌛ Validating src/estudiante.wlk","timeElapsed":115,"timestamp":"2026-06-01T19:05:07.950Z"}
{"level":"info","message":"⌛ Building environment","timeElapsed":133,"timestamp":"2026-06-01T19:05:08.084Z"}
{"level":"info","message":"⌛ Validating src/estudiante.wlk","timeElapsed":116,"timestamp":"2026-06-01T19:05:08.200Z"}
{"level":"info","message":"⌛ Building environment","timeElapsed":128,"timestamp":"2026-06-01T19:05:08.850Z"}
{"level":"info","message":"⌛ Building environment","timeElapsed":114,"timestamp":"2026-06-01T19:05:09.080Z"}
{"level":"info","message":"⌛ Validating src/estudiante.wlk","timeElapsed":117,"timestamp":"2026-06-01T19:05:09.650Z"}
{"level":"info","message":"⌛ Building environment","timeElapsed":104,"timestamp":"2026-06-01T19:05:09.760Z"}
{"level":"info","message":"⌛ Validating src/estudiante.wlk","timeElapsed":112,"timestamp":"2026-06-01T19:05:09.873Z"}
{"level":"info","message":"⌛ Validating src/estudiante.wlk","timeElapsed":104,"timestamp":"2026-06-01T19:05:10.124Z"}
{"level":"info","message":"⌛ Validating src/estudiante.wlk","timeElapsed":104,"timestamp":"2026-06-01T19:05:10.228Z"}
{"level":"info","message":"⌛ Validating src/estudiante.wlk","timeElapsed":107,"timestamp":"2026-06-01T19:05:10.821Z"}
{"level":"info","message":"⌛ Validating src/estudiante.wlk","timeElapsed":106,"timestamp":"2026-06-01T19:05:11.175Z"}
{"level":"info","message":"⌛ Building environment","timeElapsed":121,"timestamp":"2026-06-01T19:05:11.994Z"}
{"level":"info","message":"⌛ Building environment","timeElapsed":125,"timestamp":"2026-06-01T19:05:12.486Z"}
{"level":"info","message":"⌛ Validating src/estudiante.wlk","timeElapsed":116,"timestamp":"2026-06-01T19:05:13.953Z"}
{"level":"info","message":"⌛ Validating src/estudiante.wlk","timeElapsed":124,"timestamp":"2026-06-01T19:05:14.182Z"}
{"level":"info","message":"⌛ Building environment","timeElapsed":127,"timestamp":"2026-06-01T19:05:14.321Z"}
{"level":"info","message":"⌛ Validating src/estudiante.wlk","timeElapsed":141,"timestamp":"2026-06-01T19:05:14.504Z"}
{"level":"info","message":"⌛ Validating src/estudiante.wlk","timeElapsed":107,"timestamp":"2026-06-01T19:05:14.956Z"}
{"level":"error","message":"✘ Completions for node Parameter ([93:40, 93:41] - src/estudiante.wlk) failed: Error: [Parameter]{ea0138} at src/estudiante.wlk:93 exhausted all cases without a match [Parameter]{ea0138} at src/estudiante.wlk:93 exhausted all cases without a match","stack":"Error: [Parameter]{ea0138} at src/estudiante.wlk:93 exhausted all cases without a match\n    at c:\\Users\\Nicolee\\.vscode\\extensions\\uqbar.wollok-lsp-ide-0.5.4\\out\\server\\src\\server.js:38:6142\n    at L2 (c:\\Users\\Nicolee\\.vscode\\extensions\\uqbar.wollok-lsp-ide-0.5.4\\out\\server\\src\\server.js:2389:42)\n    at c:\\Users\\Nicolee\\.vscode\\extensions\\uqbar.wollok-lsp-ide-0.5.4\\out\\server\\src\\server.js:2389:2988\n    at c:\\Users\\Nicolee\\.vscode\\extensions\\uqbar.wollok-lsp-ide-0.5.4\\out\\server\\src\\server.js:2398:8440\n    at c:\\Users\\Nicolee\\.vscode\\extensions\\uqbar.wollok-lsp-ide-0.5.4\\out\\server\\src\\server.js:37:74872\n    at Ke (c:\\Users\\Nicolee\\.vscode\\extensions\\uqbar.wollok-lsp-ide-0.5.4\\out\\server\\src\\server.js:7:8527)\n    at Lt (c:\\Users\\Nicolee\\.vscode\\extensions\\uqbar.wollok-lsp-ide-0.5.4\\out\\server\\src\\server.js:7:6189)\n    at ct (c:\\Users\\Nicolee\\.vscode\\extensions\\uqbar.wollok-lsp-ide-0.5.4\\out\\server\\src\\server.js:7:6378)\n    at Immediate._onImmediate (c:\\Users\\Nicolee\\.vscode\\extensions\\uqbar.wollok-lsp-ide-0.5.4\\out\\server\\src\\server.js:7:6142)\n    at process.processImmediate (node:internal/timers:484:21)","timestamp":"2026-06-01T19:05:15.301Z"}
{"level":"info","message":"⌛ Validating src/estudiante.wlk","timeElapsed":102,"timestamp":"2026-06-01T19:05:15.472Z"}
{"level":"info","message":"⌛ Validating src/estudiante.wlk","timeElapsed":113,"timestamp":"2026-06-01T19:05:15.652Z"}
{"level":"info","message":"⌛ Building environment","timeElapsed":160,"timestamp":"2026-06-01T19:05:15.908Z"}
{"level":"info","message":"⌛ Building environment","timeElapsed":143,"timestamp":"2026-06-01T19:05:16.143Z"}
{"level":"info","message":"⌛ Validating src/estudiante.wlk","timeElapsed":154,"timestamp":"2026-06-01T19:05:16.298Z"}
{"level":"info","message":"⌛ Building environment","timeElapsed":128,"timestamp":"2026-06-01T19:06:22.657Z"}
{"level":"info","message":"⌛ Validating src/estudiante.wlk","timeElapsed":126,"timestamp":"2026-06-01T19:06:22.921Z"}
{"level":"info","message":"⌛ Validating src/estudiante.wlk","timeElapsed":103,"timestamp":"2026-06-01T19:06:23.119Z"}
{"level":"info","message":"⌛ Building environment","timeElapsed":101,"timestamp":"2026-06-01T19:07:16.885Z"}
{"level":"info","message":"⌛ Validating src/estudiante.wlk","timeElapsed":156,"timestamp":"2026-06-01T19:07:17.043Z"}
{"level":"info","message":"⌛ Building environment","timeElapsed":108,"timestamp":"2026-06-01T19:07:20.814Z"}
{"level":"info","message":"⌛ Validating src/estudiante.wlk","timeElapsed":133,"timestamp":"2026-06-01T19:07:20.974Z"}
{"level":"info","message":"⌛ Building environment","timeElapsed":105,"timestamp":"2026-06-01T19:07:22.661Z"}
{"level":"info","message":"⌛ Validating src/estudiante.wlk","timeElapsed":154,"timestamp":"2026-06-01T19:07:22.911Z"}
{"level":"info","message":"⌛ Validating src/estudiante.wlk","timeElapsed":138,"timestamp":"2026-06-01T19:07:23.049Z"}
{"level":"info","message":"⌛ Building environment","timeElapsed":132,"timestamp":"2026-06-01T19:07:23.278Z"}
{"level":"info","message":"⌛ Validating src/estudiante.wlk","timeElapsed":137,"timestamp":"2026-06-01T19:07:23.514Z"}
{"level":"info","message":"⌛ Validating src/estudiante.wlk","timeElapsed":114,"timestamp":"2026-06-01T19:07:23.633Z"}
{"level":"info","message":"⌛ Validating src/estudiante.wlk","timeElapsed":117,"timestamp":"2026-06-01T19:07:23.754Z"}
{"level":"info","message":"⌛ Validating src/estudiante.wlk","timeElapsed":128,"timestamp":"2026-06-01T19:07:26.002Z"}
{"level":"info","message":"⌛ Validating src/estudiante.wlk","timeElapsed":152,"timestamp":"2026-06-01T19:07:26.156Z"}
{"level":"error","message":"✘ Completions for node Send ([94:11, 94:37] - src/estudiante.wlk) failed: Error: [Send]{b3a3ff} at src/estudiante.wlk:94 exhausted all cases without a match [Send]{b3a3ff} at src/estudiante.wlk:94 exhausted all cases without a match","stack":"Error: [Send]{b3a3ff} at src/estudiante.wlk:94 exhausted all cases without a match\n    at c:\\Users\\Nicolee\\.vscode\\extensions\\uqbar.wollok-lsp-ide-0.5.4\\out\\server\\src\\server.js:38:6142\n    at L2 (c:\\Users\\Nicolee\\.vscode\\extensions\\uqbar.wollok-lsp-ide-0.5.4\\out\\server\\src\\server.js:2389:42)\n    at Jh (c:\\Users\\Nicolee\\.vscode\\extensions\\uqbar.wollok-lsp-ide-0.5.4\\out\\server\\src\\server.js:2389:1092)\n    at M5n (c:\\Users\\Nicolee\\.vscode\\extensions\\uqbar.wollok-lsp-ide-0.5.4\\out\\server\\src\\server.js:2389:1248)\n    at c:\\Users\\Nicolee\\.vscode\\extensions\\uqbar.wollok-lsp-ide-0.5.4\\out\\server\\src\\server.js:38:6131\n    at L2 (c:\\Users\\Nicolee\\.vscode\\extensions\\uqbar.wollok-lsp-ide-0.5.4\\out\\server\\src\\server.js:2389:42)\n    at c:\\Users\\Nicolee\\.vscode\\extensions\\uqbar.wollok-lsp-ide-0.5.4\\out\\server\\src\\server.js:2389:2988\n    at c:\\Users\\Nicolee\\.vscode\\extensions\\uqbar.wollok-lsp-ide-0.5.4\\out\\server\\src\\server.js:2398:8440\n    at c:\\Users\\Nicolee\\.vscode\\extensions\\uqbar.wollok-lsp-ide-0.5.4\\out\\server\\src\\server.js:37:74872\n    at Ke (c:\\Users\\Nicolee\\.vscode\\extensions\\uqbar.wollok-lsp-ide-0.5.4\\out\\server\\src\\server.js:7:8527)","timestamp":"2026-06-01T19:07:28.753Z"}
{"level":"error","message":"✘ Completions for node Return ([94:4, 94:37] - src/estudiante.wlk) failed: Error: [Return]{3d227e} at src/estudiante.wlk:94 exhausted all cases without a match [Return]{3d227e} at src/estudiante.wlk:94 exhausted all cases without a match","stack":"Error: [Return]{3d227e} at src/estudiante.wlk:94 exhausted all cases without a match\n    at c:\\Users\\Nicolee\\.vscode\\extensions\\uqbar.wollok-lsp-ide-0.5.4\\out\\server\\src\\server.js:38:6142\n    at L2 (c:\\Users\\Nicolee\\.vscode\\extensions\\uqbar.wollok-lsp-ide-0.5.4\\out\\server\\src\\server.js:2389:42)\n    at Jh (c:\\Users\\Nicolee\\.vscode\\extensions\\uqbar.wollok-lsp-ide-0.5.4\\out\\server\\src\\server.js:2389:1092)\n    at L2 (c:\\Users\\Nicolee\\.vscode\\extensions\\uqbar.wollok-lsp-ide-0.5.4\\out\\server\\src\\server.js:2389:544)\n    at Jh (c:\\Users\\Nicolee\\.vscode\\extensions\\uqbar.wollok-lsp-ide-0.5.4\\out\\server\\src\\server.js:2389:1092)\n    at M5n (c:\\Users\\Nicolee\\.vscode\\extensions\\uqbar.wollok-lsp-ide-0.5.4\\out\\server\\src\\server.js:2389:1248)\n    at c:\\Users\\Nicolee\\.vscode\\extensions\\uqbar.wollok-lsp-ide-0.5.4\\out\\server\\src\\server.js:38:6131\n    at L2 (c:\\Users\\Nicolee\\.vscode\\extensions\\uqbar.wollok-lsp-ide-0.5.4\\out\\server\\src\\server.js:2389:42)\n    at c:\\Users\\Nicolee\\.vscode\\extensions\\uqbar.wollok-lsp-ide-0.5.4\\out\\server\\src\\server.js:2389:2988\n    at c:\\Users\\Nicolee\\.vscode\\extensions\\uqbar.wollok-lsp-ide-0.5.4\\out\\server\\src\\server.js:2398:8440","timestamp":"2026-06-01T19:07:28.755Z"}
{"level":"info","message":"⌛ Building environment","timeElapsed":101,"timestamp":"2026-06-01T19:07:28.861Z"}
{"level":"info","message":"⌛ Validating src/estudiante.wlk","timeElapsed":137,"timestamp":"2026-06-01T19:07:28.998Z"}
{"level":"info","message":"⌛ Validating src/estudiante.wlk","timeElapsed":126,"timestamp":"2026-06-01T19:07:29.221Z"}
{"level":"info","message":"⌛ Building environment","timeElapsed":157,"timestamp":"2026-06-01T19:07:29.379Z"}
{"level":"info","message":"⌛ Building environment","timeElapsed":134,"timestamp":"2026-06-01T19:07:29.514Z"}
{"level":"info","message":"⌛ Validating src/estudiante.wlk","timeElapsed":148,"timestamp":"2026-06-01T19:07:29.677Z"}
{"level":"info","message":"⌛ Building environment","timeElapsed":101,"timestamp":"2026-06-01T19:07:29.778Z"}
{"level":"info","message":"⌛ Validating src/estudiante.wlk","timeElapsed":140,"timestamp":"2026-06-01T19:07:30.007Z"}
{"level":"info","message":"⌛ Validating src/estudiante.wlk","timeElapsed":124,"timestamp":"2026-06-01T19:07:30.166Z"}
{"level":"info","message":"⌛ Validating src/estudiante.wlk","timeElapsed":103,"timestamp":"2026-06-01T19:07:30.447Z"}
{"level":"info","message":"⌛ Validating src/estudiante.wlk","timeElapsed":101,"timestamp":"2026-06-01T19:07:30.547Z"}
{"level":"info","message":"⌛ Building environment","timeElapsed":113,"timestamp":"2026-06-01T19:07:30.661Z"}
{"level":"info","message":"⌛ Building environment","timeElapsed":118,"timestamp":"2026-06-01T19:07:30.873Z"}
{"level":"info","message":"⌛ Validating src/estudiante.wlk","timeElapsed":101,"timestamp":"2026-06-01T19:07:30.975Z"}
{"level":"info","message":"⌛ Validating src/estudiante.wlk","timeElapsed":110,"timestamp":"2026-06-01T19:07:31.502Z"}
{"level":"info","message":"⌛ Building environment","timeElapsed":111,"timestamp":"2026-06-01T19:07:37.283Z"}
{"level":"info","message":"⌛ Validating src/materiasAprobadas.wlk","timeElapsed":134,"timestamp":"2026-06-01T19:07:37.427Z"}
{"level":"info","message":"⌛ Validating src/estudiante.wlk","timeElapsed":118,"timestamp":"2026-06-01T19:07:41.622Z"}
{"level":"info","message":"⌛ Validating src/estudiante.wlk","timeElapsed":101,"timestamp":"2026-06-01T19:07:42.005Z"}
{"level":"info","message":"⌛ Validating src/estudiante.wlk","timeElapsed":135,"timestamp":"2026-06-01T19:07:42.514Z"}
{"level":"info","message":"⌛ Validating src/estudiante.wlk","timeElapsed":131,"timestamp":"2026-06-01T19:07:42.773Z"}
{"level":"info","message":"⌛ Building environment","timeElapsed":134,"timestamp":"2026-06-01T19:07:42.909Z"}
{"level":"info","message":"⌛ Validating src/estudiante.wlk","timeElapsed":121,"timestamp":"2026-06-01T19:07:43.059Z"}
{"level":"info","message":"⌛ Validating src/estudiante.wlk","timeElapsed":112,"timestamp":"2026-06-01T19:07:43.253Z"}
{"level":"info","message":"⌛ Building environment","timeElapsed":124,"timestamp":"2026-06-01T19:07:43.459Z"}
{"level":"info","message":"⌛ Validating src/estudiante.wlk","timeElapsed":107,"timestamp":"2026-06-01T19:07:43.567Z"}
{"level":"info","message":"⌛ Building environment","timeElapsed":101,"timestamp":"2026-06-01T19:07:43.669Z"}
{"level":"info","message":"⌛ Validating src/estudiante.wlk","timeElapsed":110,"timestamp":"2026-06-01T19:07:43.780Z"}
{"level":"info","message":"⌛ Validating src/estudiante.wlk","timeElapsed":102,"timestamp":"2026-06-01T19:07:44.055Z"}
{"level":"info","message":"⌛ Validating src/estudiante.wlk","timeElapsed":108,"timestamp":"2026-06-01T19:07:44.163Z"}
{"level":"info","message":"⌛ Validating src/estudiante.wlk","timeElapsed":101,"timestamp":"2026-06-01T19:07:44.268Z"}
{"level":"info","message":"⌛ Validating src/estudiante.wlk","timeElapsed":113,"timestamp":"2026-06-01T19:07:45.136Z"}
{"level":"info","message":"⌛ Validating src/estudiante.wlk","timeElapsed":156,"timestamp":"2026-06-01T19:07:45.949Z"}
{"level":"info","message":"⌛ Validating src/estudiante.wlk","timeElapsed":194,"timestamp":"2026-06-01T19:07:46.343Z"}
{"level":"info","message":"⌛ Validating src/estudiante.wlk","timeElapsed":160,"timestamp":"2026-06-01T19:07:46.504Z"}
{"level":"info","message":"⌛ Building environment","timeElapsed":104,"timestamp":"2026-06-01T19:07:46.609Z"}
{"level":"info","message":"⌛ Validating src/estudiante.wlk","timeElapsed":109,"timestamp":"2026-06-01T19:07:46.902Z"}
{"level":"info","message":"⌛ Validating src/estudiante.wlk","timeElapsed":114,"timestamp":"2026-06-01T19:07:47.113Z"}
{"level":"info","message":"⌛ Validating src/estudiante.wlk","timeElapsed":102,"timestamp":"2026-06-01T19:07:47.386Z"}
{"level":"info","message":"⌛ Validating src/estudiante.wlk","timeElapsed":101,"timestamp":"2026-06-01T19:07:47.492Z"}
{"level":"info","message":"⌛ Building environment","timeElapsed":107,"timestamp":"2026-06-01T19:07:48.538Z"}
{"level":"info","message":"⌛ Validating src/estudiante.wlk","timeElapsed":134,"timestamp":"2026-06-01T19:07:48.758Z"}
{"level":"info","message":"⌛ Validating src/estudiante.wlk","timeElapsed":123,"timestamp":"2026-06-01T19:07:48.892Z"}
{"level":"error","message":"✘ Failed to rebuild document Failed to parse src/estudiante.wlk: \n-- PARSING FAILED --------------------------------------------------\n\nGot the end of the input\n\nExpected one of the following: \n\n'@', 'const', 'method', 'override', 'var', '{', '}', any character/byte, comment, whitespace\n","stack":"Error: Failed to parse src/estudiante.wlk: \n-- PARSING FAILED --------------------------------------------------\n\nGot the end of the input\n\nExpected one of the following: \n\n'@', 'const', 'method', 'override', 'var', '{', '}', any character/byte, comment, whitespace\n\n    at c:\\Users\\Nicolee\\.vscode\\extensions\\uqbar.wollok-lsp-ide-0.5.4\\out\\server\\src\\server.js:2353:13026\n    at Array.map (<anonymous>)\n    at U1n (c:\\Users\\Nicolee\\.vscode\\extensions\\uqbar.wollok-lsp-ide-0.5.4\\out\\server\\src\\server.js:2353:12950)\n    at H2.buildEnvironmentFrom (c:\\Users\\Nicolee\\.vscode\\extensions\\uqbar.wollok-lsp-ide-0.5.4\\out\\server\\src\\server.js:2398:5254)\n    at H2.updateEnvironmentWith (c:\\Users\\Nicolee\\.vscode\\extensions\\uqbar.wollok-lsp-ide-0.5.4\\out\\server\\src\\server.js:2398:4989)\n    at GF (c:\\Users\\Nicolee\\.vscode\\extensions\\uqbar.wollok-lsp-ide-0.5.4\\out\\server\\src\\server.js:2398:7383)\n    at V3.invoke (c:\\Users\\Nicolee\\.vscode\\extensions\\uqbar.wollok-lsp-ide-0.5.4\\out\\server\\src\\server.js:3:157328)\n    at o.fire (c:\\Users\\Nicolee\\.vscode\\extensions\\uqbar.wollok-lsp-ide-0.5.4\\out\\server\\src\\server.js:3:158098)\n    at c:\\Users\\Nicolee\\.vscode\\extensions\\uqbar.wollok-lsp-ide-0.5.4\\out\\server\\src\\server.js:37:57871\n    at nd (c:\\Users\\Nicolee\\.vscode\\extensions\\uqbar.wollok-lsp-ide-0.5.4\\out\\server\\src\\server.js:8:1561)","timestamp":"2026-06-01T19:07:52.707Z"}
{"level":"info","message":"⌛ Validating src/estudiante.wlk","timeElapsed":134,"timestamp":"2026-06-01T19:07:55.213Z"}
{"level":"info","message":"⌛ Validating src/estudiante.wlk","timeElapsed":135,"timestamp":"2026-06-01T19:07:59.175Z"}
{"level":"info","message":"⌛ Validating src/estudiante.wlk","timeElapsed":132,"timestamp":"2026-06-01T19:08:20.129Z"}
{"level":"info","message":"⌛ Building environment","timeElapsed":111,"timestamp":"2026-06-01T19:08:20.278Z"}
{"level":"info","message":"⌛ Validating src/estudiante.wlk","timeElapsed":128,"timestamp":"2026-06-01T19:08:20.415Z"}
{"level":"info","message":"⌛ Validating src/estudiante.wlk","timeElapsed":129,"timestamp":"2026-06-01T19:08:20.725Z"}
{"level":"info","message":"⌛ Validating src/estudiante.wlk","timeElapsed":168,"timestamp":"2026-06-01T19:08:21.109Z"}
{"level":"info","message":"⌛ Validating src/estudiante.wlk","timeElapsed":174,"timestamp":"2026-06-01T19:08:21.293Z"}
{"level":"info","message":"⌛ Validating src/estudiante.wlk","timeElapsed":102,"timestamp":"2026-06-01T19:08:21.712Z"}
{"level":"info","message":"⌛ Validating src/estudiante.wlk","timeElapsed":108,"timestamp":"2026-06-01T19:08:21.843Z"}
{"level":"info","message":"⌛ Validating src/estudiante.wlk","timeElapsed":102,"timestamp":"2026-06-01T19:08:22.031Z"}
{"level":"info","message":"⌛ Validating src/estudiante.wlk","timeElapsed":102,"timestamp":"2026-06-01T19:08:24.016Z"}
{"level":"info","message":"⌛ Validating src/estudiante.wlk","timeElapsed":103,"timestamp":"2026-06-01T19:08:24.429Z"}
{"level":"info","message":"⌛ Validating src/estudiante.wlk","timeElapsed":135,"timestamp":"2026-06-01T19:08:24.565Z"}
{"level":"info","message":"⌛ Validating src/estudiante.wlk","timeElapsed":107,"timestamp":"2026-06-01T19:08:25.224Z"}
{"level":"info","message":"⌛ Validating src/estudiante.wlk","timeElapsed":116,"timestamp":"2026-06-01T19:08:25.674Z"}
{"level":"info","message":"⌛ Validating src/estudiante.wlk","timeElapsed":115,"timestamp":"2026-06-01T19:08:25.868Z"}
{"level":"info","message":"⌛ Building environment","timeElapsed":133,"timestamp":"2026-06-01T19:08:26.038Z"}
{"level":"info","message":"⌛ Validating src/estudiante.wlk","timeElapsed":113,"timestamp":"2026-06-01T19:08:26.160Z"}
{"level":"error","message":"✘ Completions for node Send ([94:55, 94:95] - src/estudiante.wlk) failed: Error: [Send]{055712} at src/estudiante.wlk:94 exhausted all cases without a match [Send]{055712} at src/estudiante.wlk:94 exhausted all cases without a match","stack":"Error: [Send]{055712} at src/estudiante.wlk:94 exhausted all cases without a match\n    at c:\\Users\\Nicolee\\.vscode\\extensions\\uqbar.wollok-lsp-ide-0.5.4\\out\\server\\src\\server.js:38:6142\n    at L2 (c:\\Users\\Nicolee\\.vscode\\extensions\\uqbar.wollok-lsp-ide-0.5.4\\out\\server\\src\\server.js:2389:42)\n    at Jh (c:\\Users\\Nicolee\\.vscode\\extensions\\uqbar.wollok-lsp-ide-0.5.4\\out\\server\\src\\server.js:2389:1092)\n    at M5n (c:\\Users\\Nicolee\\.vscode\\extensions\\uqbar.wollok-lsp-ide-0.5.4\\out\\server\\src\\server.js:2389:1248)\n    at c:\\Users\\Nicolee\\.vscode\\extensions\\uqbar.wollok-lsp-ide-0.5.4\\out\\server\\src\\server.js:38:6131\n    at L2 (c:\\Users\\Nicolee\\.vscode\\extensions\\uqbar.wollok-lsp-ide-0.5.4\\out\\server\\src\\server.js:2389:42)\n    at c:\\Users\\Nicolee\\.vscode\\extensions\\uqbar.wollok-lsp-ide-0.5.4\\out\\server\\src\\server.js:2389:2988\n    at c:\\Users\\Nicolee\\.vscode\\extensions\\uqbar.wollok-lsp-ide-0.5.4\\out\\server\\src\\server.js:2398:8440\n    at c:\\Users\\Nicolee\\.vscode\\extensions\\uqbar.wollok-lsp-ide-0.5.4\\out\\server\\src\\server.js:37:74872\n    at Ke (c:\\Users\\Nicolee\\.vscode\\extensions\\uqbar.wollok-lsp-ide-0.5.4\\out\\server\\src\\server.js:7:8527)","timestamp":"2026-06-01T19:08:26.629Z"}
{"level":"error","message":"✘ Completions for node Return (undefined - src/estudiante.wlk) failed: Error: [Return]{9a5ea4} at src/estudiante.wlk:-- exhausted all cases without a match [Return]{9a5ea4} at src/estudiante.wlk:-- exhausted all cases without a match","stack":"Error: [Return]{9a5ea4} at src/estudiante.wlk:-- exhausted all cases without a match\n    at c:\\Users\\Nicolee\\.vscode\\extensions\\uqbar.wollok-lsp-ide-0.5.4\\out\\server\\src\\server.js:38:6142\n    at L2 (c:\\Users\\Nicolee\\.vscode\\extensions\\uqbar.wollok-lsp-ide-0.5.4\\out\\server\\src\\server.js:2389:42)\n    at Jh (c:\\Users\\Nicolee\\.vscode\\extensions\\uqbar.wollok-lsp-ide-0.5.4\\out\\server\\src\\server.js:2389:1092)\n    at L2 (c:\\Users\\Nicolee\\.vscode\\extensions\\uqbar.wollok-lsp-ide-0.5.4\\out\\server\\src\\server.js:2389:544)\n    at Jh (c:\\Users\\Nicolee\\.vscode\\extensions\\uqbar.wollok-lsp-ide-0.5.4\\out\\server\\src\\server.js:2389:1092)\n    at M5n (c:\\Users\\Nicolee\\.vscode\\extensions\\uqbar.wollok-lsp-ide-0.5.4\\out\\server\\src\\server.js:2389:1248)\n    at c:\\Users\\Nicolee\\.vscode\\extensions\\uqbar.wollok-lsp-ide-0.5.4\\out\\server\\src\\server.js:38:6131\n    at L2 (c:\\Users\\Nicolee\\.vscode\\extensions\\uqbar.wollok-lsp-ide-0.5.4\\out\\server\\src\\server.js:2389:42)\n    at c:\\Users\\Nicolee\\.vscode\\extensions\\uqbar.wollok-lsp-ide-0.5.4\\out\\server\\src\\server.js:2389:2988\n    at c:\\Users\\Nicolee\\.vscode\\extensions\\uqbar.wollok-lsp-ide-0.5.4\\out\\server\\src\\server.js:2398:8440","timestamp":"2026-06-01T19:08:26.630Z"}
{"level":"info","message":"⌛ Validating src/estudiante.wlk","timeElapsed":125,"timestamp":"2026-06-01T19:08:26.857Z"}
{"level":"info","message":"⌛ Validating src/estudiante.wlk","timeElapsed":130,"timestamp":"2026-06-01T19:08:27.034Z"}
{"level":"info","message":"⌛ Building environment","timeElapsed":105,"timestamp":"2026-06-01T19:08:27.138Z"}
{"level":"info","message":"⌛ Building environment","timeElapsed":109,"timestamp":"2026-06-01T19:08:27.248Z"}
{"level":"info","message":"⌛ Validating src/estudiante.wlk","timeElapsed":120,"timestamp":"2026-06-01T19:08:27.460Z"}
{"level":"info","message":"⌛ Building environment","timeElapsed":119,"timestamp":"2026-06-01T19:08:27.581Z"}
{"level":"info","message":"⌛ Validating src/estudiante.wlk","timeElapsed":108,"timestamp":"2026-06-01T19:08:27.690Z"}
{"level":"info","message":"⌛ Validating src/estudiante.wlk","timeElapsed":106,"timestamp":"2026-06-01T19:08:27.872Z"}
{"level":"info","message":"⌛ Validating src/estudiante.wlk","timeElapsed":102,"timestamp":"2026-06-01T19:08:27.979Z"}
{"level":"info","message":"⌛ Validating src/estudiante.wlk","timeElapsed":147,"timestamp":"2026-06-01T19:08:46.712Z"}
{"level":"info","message":"⌛ Building environment","timeElapsed":105,"timestamp":"2026-06-01T19:08:46.817Z"}
{"level":"info","message":"⌛ Validating src/estudiante.wlk","timeElapsed":120,"timestamp":"2026-06-01T19:08:47.034Z"}
{"level":"info","message":"⌛ Validating src/estudiante.wlk","timeElapsed":137,"timestamp":"2026-06-01T19:08:47.264Z"}
{"level":"info","message":"⌛ Validating src/estudiante.wlk","timeElapsed":174,"timestamp":"2026-06-01T19:08:47.443Z"}
{"level":"info","message":"⌛ Building environment","timeElapsed":103,"timestamp":"2026-06-01T19:08:47.546Z"}
{"level":"info","message":"⌛ Validating src/estudiante.wlk","timeElapsed":141,"timestamp":"2026-06-01T19:08:47.782Z"}
{"level":"info","message":"⌛ Validating src/estudiante.wlk","timeElapsed":111,"timestamp":"2026-06-01T19:08:47.892Z"}
{"level":"info","message":"⌛ Validating src/estudiante.wlk","timeElapsed":114,"timestamp":"2026-06-01T19:08:50.063Z"}
{"level":"info","message":"⌛ Validating src/estudiante.wlk","timeElapsed":102,"timestamp":"2026-06-01T19:08:50.327Z"}
{"level":"info","message":"⌛ Validating src/estudiante.wlk","timeElapsed":126,"timestamp":"2026-06-01T19:08:50.454Z"}
{"level":"info","message":"⌛ Validating src/estudiante.wlk","timeElapsed":101,"timestamp":"2026-06-01T19:08:50.720Z"}
{"level":"info","message":"⌛ Validating src/estudiante.wlk","timeElapsed":105,"timestamp":"2026-06-01T19:08:50.903Z"}
{"level":"info","message":"⌛ Validating src/estudiante.wlk","timeElapsed":108,"timestamp":"2026-06-01T19:08:51.011Z"}
{"level":"info","message":"⌛ Building environment","timeElapsed":107,"timestamp":"2026-06-01T19:09:29.210Z"}
{"level":"error","message":"✘ Completions for node Parameter ([93:40, 93:48] - src/estudiante.wlk) failed: Error: [Parameter]{69daa8} at src/estudiante.wlk:93 exhausted all cases without a match [Parameter]{69daa8} at src/estudiante.wlk:93 exhausted all cases without a match","stack":"Error: [Parameter]{69daa8} at src/estudiante.wlk:93 exhausted all cases without a match\n    at c:\\Users\\Nicolee\\.vscode\\extensions\\uqbar.wollok-lsp-ide-0.5.4\\out\\server\\src\\server.js:38:6142\n    at L2 (c:\\Users\\Nicolee\\.vscode\\extensions\\uqbar.wollok-lsp-ide-0.5.4\\out\\server\\src\\server.js:2389:42)\n    at c:\\Users\\Nicolee\\.vscode\\extensions\\uqbar.wollok-lsp-ide-0.5.4\\out\\server\\src\\server.js:2389:2988\n    at c:\\Users\\Nicolee\\.vscode\\extensions\\uqbar.wollok-lsp-ide-0.5.4\\out\\server\\src\\server.js:2398:8440\n    at c:\\Users\\Nicolee\\.vscode\\extensions\\uqbar.wollok-lsp-ide-0.5.4\\out\\server\\src\\server.js:37:74872\n    at Ke (c:\\Users\\Nicolee\\.vscode\\extensions\\uqbar.wollok-lsp-ide-0.5.4\\out\\server\\src\\server.js:7:8527)\n    at Lt (c:\\Users\\Nicolee\\.vscode\\extensions\\uqbar.wollok-lsp-ide-0.5.4\\out\\server\\src\\server.js:7:6189)\n    at ct (c:\\Users\\Nicolee\\.vscode\\extensions\\uqbar.wollok-lsp-ide-0.5.4\\out\\server\\src\\server.js:7:6378)\n    at Immediate._onImmediate (c:\\Users\\Nicolee\\.vscode\\extensions\\uqbar.wollok-lsp-ide-0.5.4\\out\\server\\src\\server.js:7:6142)\n    at process.processImmediate (node:internal/timers:484:21)","timestamp":"2026-06-01T19:09:29.232Z"}
{"level":"info","message":"⌛ Validating src/estudiante.wlk","timeElapsed":117,"timestamp":"2026-06-01T19:09:29.352Z"}
{"level":"error","message":"✘ Completions for node Parameter ([93:40, 93:49] - src/estudiante.wlk) failed: Error: [Parameter]{74c1c2} at src/estudiante.wlk:93 exhausted all cases without a match [Parameter]{74c1c2} at src/estudiante.wlk:93 exhausted all cases without a match","stack":"Error: [Parameter]{74c1c2} at src/estudiante.wlk:93 exhausted all cases without a match\n    at c:\\Users\\Nicolee\\.vscode\\extensions\\uqbar.wollok-lsp-ide-0.5.4\\out\\server\\src\\server.js:38:6142\n    at L2 (c:\\Users\\Nicolee\\.vscode\\extensions\\uqbar.wollok-lsp-ide-0.5.4\\out\\server\\src\\server.js:2389:42)\n    at c:\\Users\\Nicolee\\.vscode\\extensions\\uqbar.wollok-lsp-ide-0.5.4\\out\\server\\src\\server.js:2389:2988\n    at c:\\Users\\Nicolee\\.vscode\\extensions\\uqbar.wollok-lsp-ide-0.5.4\\out\\server\\src\\server.js:2398:8440\n    at c:\\Users\\Nicolee\\.vscode\\extensions\\uqbar.wollok-lsp-ide-0.5.4\\out\\server\\src\\server.js:37:74872\n    at Ke (c:\\Users\\Nicolee\\.vscode\\extensions\\uqbar.wollok-lsp-ide-0.5.4\\out\\server\\src\\server.js:7:8527)\n    at Lt (c:\\Users\\Nicolee\\.vscode\\extensions\\uqbar.wollok-lsp-ide-0.5.4\\out\\server\\src\\server.js:7:6189)\n    at ct (c:\\Users\\Nicolee\\.vscode\\extensions\\uqbar.wollok-lsp-ide-0.5.4\\out\\server\\src\\server.js:7:6378)\n    at Immediate._onImmediate (c:\\Users\\Nicolee\\.vscode\\extensions\\uqbar.wollok-lsp-ide-0.5.4\\out\\server\\src\\server.js:7:6142)\n    at process.processImmediate (node:internal/timers:484:21)","timestamp":"2026-06-01T19:09:29.560Z"}
{"level":"info","message":"⌛ Validating src/estudiante.wlk","timeElapsed":140,"timestamp":"2026-06-01T19:09:29.703Z"}
{"level":"info","message":"⌛ Building environment","timeElapsed":104,"timestamp":"2026-06-01T19:09:31.094Z"}
{"level":"error","message":"✘ Completions for node Parameter ([93:40, 93:48] - src/estudiante.wlk) failed: Error: [Parameter]{d52745} at src/estudiante.wlk:93 exhausted all cases without a match [Parameter]{d52745} at src/estudiante.wlk:93 exhausted all cases without a match","stack":"Error: [Parameter]{d52745} at src/estudiante.wlk:93 exhausted all cases without a match\n    at c:\\Users\\Nicolee\\.vscode\\extensions\\uqbar.wollok-lsp-ide-0.5.4\\out\\server\\src\\server.js:38:6142\n    at L2 (c:\\Users\\Nicolee\\.vscode\\extensions\\uqbar.wollok-lsp-ide-0.5.4\\out\\server\\src\\server.js:2389:42)\n    at c:\\Users\\Nicolee\\.vscode\\extensions\\uqbar.wollok-lsp-ide-0.5.4\\out\\server\\src\\server.js:2389:2988\n    at c:\\Users\\Nicolee\\.vscode\\extensions\\uqbar.wollok-lsp-ide-0.5.4\\out\\server\\src\\server.js:2398:8440\n    at c:\\Users\\Nicolee\\.vscode\\extensions\\uqbar.wollok-lsp-ide-0.5.4\\out\\server\\src\\server.js:37:74872\n    at Ke (c:\\Users\\Nicolee\\.vscode\\extensions\\uqbar.wollok-lsp-ide-0.5.4\\out\\server\\src\\server.js:7:8527)\n    at Lt (c:\\Users\\Nicolee\\.vscode\\extensions\\uqbar.wollok-lsp-ide-0.5.4\\out\\server\\src\\server.js:7:6189)\n    at ct (c:\\Users\\Nicolee\\.vscode\\extensions\\uqbar.wollok-lsp-ide-0.5.4\\out\\server\\src\\server.js:7:6378)\n    at Immediate._onImmediate (c:\\Users\\Nicolee\\.vscode\\extensions\\uqbar.wollok-lsp-ide-0.5.4\\out\\server\\src\\server.js:7:6142)\n    at process.processImmediate (node:internal/timers:484:21)","timestamp":"2026-06-01T19:09:31.117Z"}
{"level":"info","message":"⌛ Validating src/estudiante.wlk","timeElapsed":125,"timestamp":"2026-06-01T19:09:31.335Z"}
{"level":"info","message":"⌛ Validating src/estudiante.wlk","timeElapsed":128,"timestamp":"2026-06-01T19:09:31.464Z"}
{"level":"error","message":"✘ Completions for node Send ([94:49, 94:90] - src/estudiante.wlk) failed: Error: [Send]{d6b6ea} at src/estudiante.wlk:94 exhausted all cases without a match [Send]{d6b6ea} at src/estudiante.wlk:94 exhausted all cases without a match","stack":"Error: [Send]{d6b6ea} at src/estudiante.wlk:94 exhausted all cases without a match\n    at c:\\Users\\Nicolee\\.vscode\\extensions\\uqbar.wollok-lsp-ide-0.5.4\\out\\server\\src\\server.js:38:6142\n    at L2 (c:\\Users\\Nicolee\\.vscode\\extensions\\uqbar.wollok-lsp-ide-0.5.4\\out\\server\\src\\server.js:2389:42)\n    at Jh (c:\\Users\\Nicolee\\.vscode\\extensions\\uqbar.wollok-lsp-ide-0.5.4\\out\\server\\src\\server.js:2389:1092)\n    at M5n (c:\\Users\\Nicolee\\.vscode\\extensions\\uqbar.wollok-lsp-ide-0.5.4\\out\\server\\src\\server.js:2389:1248)\n    at c:\\Users\\Nicolee\\.vscode\\extensions\\uqbar.wollok-lsp-ide-0.5.4\\out\\server\\src\\server.js:38:6131\n    at L2 (c:\\Users\\Nicolee\\.vscode\\extensions\\uqbar.wollok-lsp-ide-0.5.4\\out\\server\\src\\server.js:2389:42)\n    at c:\\Users\\Nicolee\\.vscode\\extensions\\uqbar.wollok-lsp-ide-0.5.4\\out\\server\\src\\server.js:2389:2988\n    at c:\\Users\\Nicolee\\.vscode\\extensions\\uqbar.wollok-lsp-ide-0.5.4\\out\\server\\src\\server.js:2398:8440\n    at c:\\Users\\Nicolee\\.vscode\\extensions\\uqbar.wollok-lsp-ide-0.5.4\\out\\server\\src\\server.js:37:74872\n    at Ke (c:\\Users\\Nicolee\\.vscode\\extensions\\uqbar.wollok-lsp-ide-0.5.4\\out\\server\\src\\server.js:7:8527)","timestamp":"2026-06-01T19:09:33.284Z"}
{"level":"error","message":"✘ Completions for node Return (undefined - src/estudiante.wlk) failed: Error: [Return]{8fb181} at src/estudiante.wlk:-- exhausted all cases without a match [Return]{8fb181} at src/estudiante.wlk:-- exhausted all cases without a match","stack":"Error: [Return]{8fb181} at src/estudiante.wlk:-- exhausted all cases without a match\n    at c:\\Users\\Nicolee\\.vscode\\extensions\\uqbar.wollok-lsp-ide-0.5.4\\out\\server\\src\\server.js:38:6142\n    at L2 (c:\\Users\\Nicolee\\.vscode\\extensions\\uqbar.wollok-lsp-ide-0.5.4\\out\\server\\src\\server.js:2389:42)\n    at Jh (c:\\Users\\Nicolee\\.vscode\\extensions\\uqbar.wollok-lsp-ide-0.5.4\\out\\server\\src\\server.js:2389:1092)\n    at L2 (c:\\Users\\Nicolee\\.vscode\\extensions\\uqbar.wollok-lsp-ide-0.5.4\\out\\server\\src\\server.js:2389:544)\n    at Jh (c:\\Users\\Nicolee\\.vscode\\extensions\\uqbar.wollok-lsp-ide-0.5.4\\out\\server\\src\\server.js:2389:1092)\n    at M5n (c:\\Users\\Nicolee\\.vscode\\extensions\\uqbar.wollok-lsp-ide-0.5.4\\out\\server\\src\\server.js:2389:1248)\n    at c:\\Users\\Nicolee\\.vscode\\extensions\\uqbar.wollok-lsp-ide-0.5.4\\out\\server\\src\\server.js:38:6131\n    at L2 (c:\\Users\\Nicolee\\.vscode\\extensions\\uqbar.wollok-lsp-ide-0.5.4\\out\\server\\src\\server.js:2389:42)\n    at c:\\Users\\Nicolee\\.vscode\\extensions\\uqbar.wollok-lsp-ide-0.5.4\\out\\server\\src\\server.js:2389:2988\n    at c:\\Users\\Nicolee\\.vscode\\extensions\\uqbar.wollok-lsp-ide-0.5.4\\out\\server\\src\\server.js:2398:8440","timestamp":"2026-06-01T19:09:33.284Z"}
{"level":"error","message":"✘ Completions for node Send ([94:49, 94:91] - src/estudiante.wlk) failed: Error: [Send]{7a9a56} at src/estudiante.wlk:94 exhausted all cases without a match [Send]{7a9a56} at src/estudiante.wlk:94 exhausted all cases without a match","stack":"Error: [Send]{7a9a56} at src/estudiante.wlk:94 exhausted all cases without a match\n    at c:\\Users\\Nicolee\\.vscode\\extensions\\uqbar.wollok-lsp-ide-0.5.4\\out\\server\\src\\server.js:38:6142\n    at L2 (c:\\Users\\Nicolee\\.vscode\\extensions\\uqbar.wollok-lsp-ide-0.5.4\\out\\server\\src\\server.js:2389:42)\n    at Jh (c:\\Users\\Nicolee\\.vscode\\extensions\\uqbar.wollok-lsp-ide-0.5.4\\out\\server\\src\\server.js:2389:1092)\n    at M5n (c:\\Users\\Nicolee\\.vscode\\extensions\\uqbar.wollok-lsp-ide-0.5.4\\out\\server\\src\\server.js:2389:1248)\n    at c:\\Users\\Nicolee\\.vscode\\extensions\\uqbar.wollok-lsp-ide-0.5.4\\out\\server\\src\\server.js:38:6131\n    at L2 (c:\\Users\\Nicolee\\.vscode\\extensions\\uqbar.wollok-lsp-ide-0.5.4\\out\\server\\src\\server.js:2389:42)\n    at c:\\Users\\Nicolee\\.vscode\\extensions\\uqbar.wollok-lsp-ide-0.5.4\\out\\server\\src\\server.js:2389:2988\n    at c:\\Users\\Nicolee\\.vscode\\extensions\\uqbar.wollok-lsp-ide-0.5.4\\out\\server\\src\\server.js:2398:8440\n    at c:\\Users\\Nicolee\\.vscode\\extensions\\uqbar.wollok-lsp-ide-0.5.4\\out\\server\\src\\server.js:37:74872\n    at Ke (c:\\Users\\Nicolee\\.vscode\\extensions\\uqbar.wollok-lsp-ide-0.5.4\\out\\server\\src\\server.js:7:8527)","timestamp":"2026-06-01T19:09:33.906Z"}
{"level":"error","message":"✘ Completions for node Return (undefined - src/estudiante.wlk) failed: Error: [Return]{ce9194} at src/estudiante.wlk:-- exhausted all cases without a match [Return]{ce9194} at src/estudiante.wlk:-- exhausted all cases without a match","stack":"Error: [Return]{ce9194} at src/estudiante.wlk:-- exhausted all cases without a match\n    at c:\\Users\\Nicolee\\.vscode\\extensions\\uqbar.wollok-lsp-ide-0.5.4\\out\\server\\src\\server.js:38:6142\n    at L2 (c:\\Users\\Nicolee\\.vscode\\extensions\\uqbar.wollok-lsp-ide-0.5.4\\out\\server\\src\\server.js:2389:42)\n    at Jh (c:\\Users\\Nicolee\\.vscode\\extensions\\uqbar.wollok-lsp-ide-0.5.4\\out\\server\\src\\server.js:2389:1092)\n    at L2 (c:\\Users\\Nicolee\\.vscode\\extensions\\uqbar.wollok-lsp-ide-0.5.4\\out\\server\\src\\server.js:2389:544)\n    at Jh (c:\\Users\\Nicolee\\.vscode\\extensions\\uqbar.wollok-lsp-ide-0.5.4\\out\\server\\src\\server.js:2389:1092)\n    at M5n (c:\\Users\\Nicolee\\.vscode\\extensions\\uqbar.wollok-lsp-ide-0.5.4\\out\\server\\src\\server.js:2389:1248)\n    at c:\\Users\\Nicolee\\.vscode\\extensions\\uqbar.wollok-lsp-ide-0.5.4\\out\\server\\src\\server.js:38:6131\n    at L2 (c:\\Users\\Nicolee\\.vscode\\extensions\\uqbar.wollok-lsp-ide-0.5.4\\out\\server\\src\\server.js:2389:42)\n    at c:\\Users\\Nicolee\\.vscode\\extensions\\uqbar.wollok-lsp-ide-0.5.4\\out\\server\\src\\server.js:2389:2988\n    at c:\\Users\\Nicolee\\.vscode\\extensions\\uqbar.wollok-lsp-ide-0.5.4\\out\\server\\src\\server.js:2398:8440","timestamp":"2026-06-01T19:09:33.907Z"}
{"level":"info","message":"⌛ Validating src/estudiante.wlk","timeElapsed":104,"timestamp":"2026-06-01T19:09:34.013Z"}
{"level":"info","message":"⌛ Building environment","timeElapsed":107,"timestamp":"2026-06-01T19:10:35.467Z"}
{"level":"info","message":"⌛ Validating src/estudiante.wlk","timeElapsed":148,"timestamp":"2026-06-01T19:10:35.616Z"}
{"level":"info","message":"⌛ Validating src/estudiante.wlk","timeElapsed":118,"timestamp":"2026-06-01T19:10:42.353Z"}
{"level":"info","message":"⌛ Building environment","timeElapsed":124,"timestamp":"2026-06-01T19:10:42.506Z"}
{"level":"info","message":"⌛ Validating src/estudiante.wlk","timeElapsed":126,"timestamp":"2026-06-01T19:10:42.758Z"}
{"level":"info","message":"⌛ Validating src/estudiante.wlk","timeElapsed":125,"timestamp":"2026-06-01T19:10:43.011Z"}
{"level":"info","message":"⌛ Validating src/estudiante.wlk","timeElapsed":120,"timestamp":"2026-06-01T19:10:43.135Z"}
{"level":"info","message":"⌛ Building environment","timeElapsed":101,"timestamp":"2026-06-01T19:10:43.238Z"}
{"level":"info","message":"⌛ Validating src/estudiante.wlk","timeElapsed":132,"timestamp":"2026-06-01T19:10:43.463Z"}
{"level":"info","message":"⌛ Validating src/estudiante.wlk","timeElapsed":152,"timestamp":"2026-06-01T19:10:43.717Z"}
{"level":"info","message":"⌛ Validating src/estudiante.wlk","timeElapsed":124,"timestamp":"2026-06-01T19:10:43.941Z"}
{"level":"info","message":"⌛ Validating src/estudiante.wlk","timeElapsed":154,"timestamp":"2026-06-01T19:10:44.378Z"}
{"level":"info","message":"⌛ Building environment","timeElapsed":103,"timestamp":"2026-06-01T19:10:44.482Z"}
{"level":"info","message":"⌛ Validating src/estudiante.wlk","timeElapsed":111,"timestamp":"2026-06-01T19:10:44.677Z"}
{"level":"info","message":"⌛ Validating src/estudiante.wlk","timeElapsed":106,"timestamp":"2026-06-01T19:10:44.946Z"}
{"level":"info","message":"⌛ Validating src/estudiante.wlk","timeElapsed":112,"timestamp":"2026-06-01T19:10:45.058Z"}
{"level":"error","message":"✘ Completions for node Return ([95:3, 95:11] - src/estudiante.wlk) failed: Error: [Return]{5e6b3e} at src/estudiante.wlk:95 exhausted all cases without a match [Return]{5e6b3e} at src/estudiante.wlk:95 exhausted all cases without a match","stack":"Error: [Return]{5e6b3e} at src/estudiante.wlk:95 exhausted all cases without a match\n    at c:\\Users\\Nicolee\\.vscode\\extensions\\uqbar.wollok-lsp-ide-0.5.4\\out\\server\\src\\server.js:38:6142\n    at L2 (c:\\Users\\Nicolee\\.vscode\\extensions\\uqbar.wollok-lsp-ide-0.5.4\\out\\server\\src\\server.js:2389:42)\n    at Jh (c:\\Users\\Nicolee\\.vscode\\extensions\\uqbar.wollok-lsp-ide-0.5.4\\out\\server\\src\\server.js:2389:1092)\n    at M5n (c:\\Users\\Nicolee\\.vscode\\extensions\\uqbar.wollok-lsp-ide-0.5.4\\out\\server\\src\\server.js:2389:1248)\n    at c:\\Users\\Nicolee\\.vscode\\extensions\\uqbar.wollok-lsp-ide-0.5.4\\out\\server\\src\\server.js:38:6131\n    at L2 (c:\\Users\\Nicolee\\.vscode\\extensions\\uqbar.wollok-lsp-ide-0.5.4\\out\\server\\src\\server.js:2389:42)\n    at c:\\Users\\Nicolee\\.vscode\\extensions\\uqbar.wollok-lsp-ide-0.5.4\\out\\server\\src\\server.js:2389:2988\n    at c:\\Users\\Nicolee\\.vscode\\extensions\\uqbar.wollok-lsp-ide-0.5.4\\out\\server\\src\\server.js:2398:8440\n    at c:\\Users\\Nicolee\\.vscode\\extensions\\uqbar.wollok-lsp-ide-0.5.4\\out\\server\\src\\server.js:37:74872\n    at Ke (c:\\Users\\Nicolee\\.vscode\\extensions\\uqbar.wollok-lsp-ide-0.5.4\\out\\server\\src\\server.js:7:8527)","timestamp":"2026-06-01T19:10:46.237Z"}
{"level":"info","message":"⌛ Validating src/estudiante.wlk","timeElapsed":115,"timestamp":"2026-06-01T19:10:46.434Z"}
{"level":"info","message":"⌛ Building environment","timeElapsed":144,"timestamp":"2026-06-01T19:10:46.856Z"}
{"level":"info","message":"⌛ Validating src/estudiante.wlk","timeElapsed":111,"timestamp":"2026-06-01T19:10:47.055Z"}
{"level":"info","message":"⌛ Validating src/estudiante.wlk","timeElapsed":111,"timestamp":"2026-06-01T19:10:47.167Z"}
{"level":"info","message":"⌛ Validating src/estudiante.wlk","timeElapsed":115,"timestamp":"2026-06-01T19:10:47.735Z"}
{"level":"info","message":"⌛ Validating src/estudiante.wlk","timeElapsed":193,"timestamp":"2026-06-01T19:10:49.570Z"}
{"level":"info","message":"⌛ Building environment","timeElapsed":102,"timestamp":"2026-06-01T19:10:49.676Z"}
{"level":"info","message":"⌛ Building environment","timeElapsed":136,"timestamp":"2026-06-01T19:10:49.815Z"}
{"level":"info","message":"⌛ Validating src/estudiante.wlk","timeElapsed":163,"timestamp":"2026-06-01T19:10:49.983Z"}
{"level":"info","message":"⌛ Validating src/estudiante.wlk","timeElapsed":122,"timestamp":"2026-06-01T19:10:50.107Z"}
{"level":"info","message":"⌛ Building environment","timeElapsed":112,"timestamp":"2026-06-01T19:10:50.222Z"}
{"level":"info","message":"⌛ Validating src/estudiante.wlk","timeElapsed":126,"timestamp":"2026-06-01T19:10:50.528Z"}
{"level":"info","message":"⌛ Validating src/estudiante.wlk","timeElapsed":130,"timestamp":"2026-06-01T19:10:50.658Z"}
{"level":"info","message":"⌛ Validating src/estudiante.wlk","timeElapsed":115,"timestamp":"2026-06-01T19:10:50.782Z"}
{"level":"info","message":"⌛ Validating src/estudiante.wlk","timeElapsed":128,"timestamp":"2026-06-01T19:10:51.311Z"}
{"level":"info","message":"⌛ Validating src/estudiante.wlk","timeElapsed":109,"timestamp":"2026-06-01T19:10:52.164Z"}
{"level":"info","message":"⌛ Building environment","timeElapsed":106,"timestamp":"2026-06-01T19:10:53.500Z"}
{"level":"info","message":"⌛ Validating src/estudiante.wlk","timeElapsed":130,"timestamp":"2026-06-01T19:10:53.717Z"}
{"level":"info","message":"⌛ Validating src/estudiante.wlk","timeElapsed":131,"timestamp":"2026-06-01T19:10:53.848Z"}
{"level":"error","message":"✘ Completions for node Return (undefined - src/estudiante.wlk) failed: Error: [Return]{9ea7fb} at src/estudiante.wlk:-- exhausted all cases without a match [Return]{9ea7fb} at src/estudiante.wlk:-- exhausted all cases without a match","stack":"Error: [Return]{9ea7fb} at src/estudiante.wlk:-- exhausted all cases without a match\n    at c:\\Users\\Nicolee\\.vscode\\extensions\\uqbar.wollok-lsp-ide-0.5.4\\out\\server\\src\\server.js:38:6142\n    at L2 (c:\\Users\\Nicolee\\.vscode\\extensions\\uqbar.wollok-lsp-ide-0.5.4\\out\\server\\src\\server.js:2389:42)\n    at Jh (c:\\Users\\Nicolee\\.vscode\\extensions\\uqbar.wollok-lsp-ide-0.5.4\\out\\server\\src\\server.js:2389:1092)\n    at M5n (c:\\Users\\Nicolee\\.vscode\\extensions\\uqbar.wollok-lsp-ide-0.5.4\\out\\server\\src\\server.js:2389:1248)\n    at c:\\Users\\Nicolee\\.vscode\\extensions\\uqbar.wollok-lsp-ide-0.5.4\\out\\server\\src\\server.js:38:6131\n    at L2 (c:\\Users\\Nicolee\\.vscode\\extensions\\uqbar.wollok-lsp-ide-0.5.4\\out\\server\\src\\server.js:2389:42)\n    at c:\\Users\\Nicolee\\.vscode\\extensions\\uqbar.wollok-lsp-ide-0.5.4\\out\\server\\src\\server.js:2389:2988\n    at c:\\Users\\Nicolee\\.vscode\\extensions\\uqbar.wollok-lsp-ide-0.5.4\\out\\server\\src\\server.js:2398:8440\n    at c:\\Users\\Nicolee\\.vscode\\extensions\\uqbar.wollok-lsp-ide-0.5.4\\out\\server\\src\\server.js:37:74872\n    at Ke (c:\\Users\\Nicolee\\.vscode\\extensions\\uqbar.wollok-lsp-ide-0.5.4\\out\\server\\src\\server.js:7:8527)","timestamp":"2026-06-01T19:10:55.340Z"}
{"level":"info","message":"⌛ Validating src/estudiante.wlk","timeElapsed":139,"timestamp":"2026-06-01T19:10:55.577Z"}
{"level":"info","message":"⌛ Building environment","timeElapsed":115,"timestamp":"2026-06-01T19:10:55.693Z"}
{"level":"info","message":"⌛ Validating src/estudiante.wlk","timeElapsed":122,"timestamp":"2026-06-01T19:10:55.816Z"}
{"level":"info","message":"⌛ Validating src/estudiante.wlk","timeElapsed":120,"timestamp":"2026-06-01T19:10:56.217Z"}
{"level":"info","message":"⌛ Building environment","timeElapsed":119,"timestamp":"2026-06-01T19:10:56.336Z"}
{"level":"info","message":"⌛ Validating src/estudiante.wlk","timeElapsed":127,"timestamp":"2026-06-01T19:10:56.464Z"}
{"level":"info","message":"⌛ Validating src/estudiante.wlk","timeElapsed":120,"timestamp":"2026-06-01T19:10:58.004Z"}
{"level":"info","message":"⌛ Building environment","timeElapsed":129,"timestamp":"2026-06-01T19:10:59.295Z"}
{"level":"info","message":"⌛ Validating src/estudiante.wlk","timeElapsed":128,"timestamp":"2026-06-01T19:10:59.423Z"}
{"level":"info","message":"⌛ Validating src/estudiante.wlk","timeElapsed":126,"timestamp":"2026-06-01T19:10:59.858Z"}
{"level":"info","message":"⌛ Building environment","timeElapsed":125,"timestamp":"2026-06-01T19:11:00.638Z"}
{"level":"info","message":"⌛ Validating src/estudiante.wlk","timeElapsed":119,"timestamp":"2026-06-01T19:11:00.758Z"}
{"level":"info","message":"⌛ Building environment","timeElapsed":104,"timestamp":"2026-06-01T19:11:01.366Z"}
{"level":"error","message":"✘ Completions for node Return (undefined - src/estudiante.wlk) failed: Error: [Return]{349d8d} at src/estudiante.wlk:-- exhausted all cases without a match [Return]{349d8d} at src/estudiante.wlk:-- exhausted all cases without a match","stack":"Error: [Return]{349d8d} at src/estudiante.wlk:-- exhausted all cases without a match\n    at c:\\Users\\Nicolee\\.vscode\\extensions\\uqbar.wollok-lsp-ide-0.5.4\\out\\server\\src\\server.js:38:6142\n    at L2 (c:\\Users\\Nicolee\\.vscode\\extensions\\uqbar.wollok-lsp-ide-0.5.4\\out\\server\\src\\server.js:2389:42)\n    at Jh (c:\\Users\\Nicolee\\.vscode\\extensions\\uqbar.wollok-lsp-ide-0.5.4\\out\\server\\src\\server.js:2389:1092)\n    at M5n (c:\\Users\\Nicolee\\.vscode\\extensions\\uqbar.wollok-lsp-ide-0.5.4\\out\\server\\src\\server.js:2389:1248)\n    at c:\\Users\\Nicolee\\.vscode\\extensions\\uqbar.wollok-lsp-ide-0.5.4\\out\\server\\src\\server.js:38:6131\n    at L2 (c:\\Users\\Nicolee\\.vscode\\extensions\\uqbar.wollok-lsp-ide-0.5.4\\out\\server\\src\\server.js:2389:42)\n    at c:\\Users\\Nicolee\\.vscode\\extensions\\uqbar.wollok-lsp-ide-0.5.4\\out\\server\\src\\server.js:2389:2988\n    at c:\\Users\\Nicolee\\.vscode\\extensions\\uqbar.wollok-lsp-ide-0.5.4\\out\\server\\src\\server.js:2398:8440\n    at c:\\Users\\Nicolee\\.vscode\\extensions\\uqbar.wollok-lsp-ide-0.5.4\\out\\server\\src\\server.js:37:74872\n    at Ke (c:\\Users\\Nicolee\\.vscode\\extensions\\uqbar.wollok-lsp-ide-0.5.4\\out\\server\\src\\server.js:7:8527)","timestamp":"2026-06-01T19:11:01.398Z"}
{"level":"info","message":"⌛ Validating src/estudiante.wlk","timeElapsed":130,"timestamp":"2026-06-01T19:11:01.626Z"}
{"level":"info","message":"⌛ Validating src/estudiante.wlk","timeElapsed":129,"timestamp":"2026-06-01T19:11:01.849Z"}
{"level":"info","message":"⌛ Building environment","timeElapsed":115,"timestamp":"2026-06-01T19:11:01.965Z"}
{"level":"info","message":"⌛ Validating src/estudiante.wlk","timeElapsed":111,"timestamp":"2026-06-01T19:11:02.156Z"}
{"level":"info","message":"⌛ Building environment","timeElapsed":108,"timestamp":"2026-06-01T19:11:02.345Z"}
{"level":"info","message":"⌛ Validating src/estudiante.wlk","timeElapsed":132,"timestamp":"2026-06-01T19:11:02.479Z"}
{"level":"info","message":"⌛ Building environment","timeElapsed":106,"timestamp":"2026-06-01T19:11:02.585Z"}
{"level":"info","message":"⌛ Validating src/estudiante.wlk","timeElapsed":105,"timestamp":"2026-06-01T19:11:02.720Z"}
{"level":"info","message":"⌛ Validating src/estudiante.wlk","timeElapsed":112,"timestamp":"2026-06-01T19:11:02.832Z"}
{"level":"info","message":"⌛ Validating src/estudiante.wlk","timeElapsed":101,"timestamp":"2026-06-01T19:11:02.934Z"}
{"level":"info","message":"⌛ Validating src/estudiante.wlk","timeElapsed":121,"timestamp":"2026-06-01T19:11:03.061Z"}
{"level":"error","message":"✘ Completions for node Return (undefined - src/estudiante.wlk) failed: Error: [Return]{ed7ebf} at src/estudiante.wlk:-- exhausted all cases without a match [Return]{ed7ebf} at src/estudiante.wlk:-- exhausted all cases without a match","stack":"Error: [Return]{ed7ebf} at src/estudiante.wlk:-- exhausted all cases without a match\n    at c:\\Users\\Nicolee\\.vscode\\extensions\\uqbar.wollok-lsp-ide-0.5.4\\out\\server\\src\\server.js:38:6142\n    at L2 (c:\\Users\\Nicolee\\.vscode\\extensions\\uqbar.wollok-lsp-ide-0.5.4\\out\\server\\src\\server.js:2389:42)\n    at Jh (c:\\Users\\Nicolee\\.vscode\\extensions\\uqbar.wollok-lsp-ide-0.5.4\\out\\server\\src\\server.js:2389:1092)\n    at M5n (c:\\Users\\Nicolee\\.vscode\\extensions\\uqbar.wollok-lsp-ide-0.5.4\\out\\server\\src\\server.js:2389:1248)\n    at c:\\Users\\Nicolee\\.vscode\\extensions\\uqbar.wollok-lsp-ide-0.5.4\\out\\server\\src\\server.js:38:6131\n    at L2 (c:\\Users\\Nicolee\\.vscode\\extensions\\uqbar.wollok-lsp-ide-0.5.4\\out\\server\\src\\server.js:2389:42)\n    at c:\\Users\\Nicolee\\.vscode\\extensions\\uqbar.wollok-lsp-ide-0.5.4\\out\\server\\src\\server.js:2389:2988\n    at c:\\Users\\Nicolee\\.vscode\\extensions\\uqbar.wollok-lsp-ide-0.5.4\\out\\server\\src\\server.js:2398:8440\n    at c:\\Users\\Nicolee\\.vscode\\extensions\\uqbar.wollok-lsp-ide-0.5.4\\out\\server\\src\\server.js:37:74872\n    at Ke (c:\\Users\\Nicolee\\.vscode\\extensions\\uqbar.wollok-lsp-ide-0.5.4\\out\\server\\src\\server.js:7:8527)","timestamp":"2026-06-01T19:11:07.877Z"}
{"level":"info","message":"⌛ Validating src/estudiante.wlk","timeElapsed":133,"timestamp":"2026-06-01T19:11:08.130Z"}
{"level":"info","message":"⌛ Building environment","timeElapsed":144,"timestamp":"2026-06-01T19:11:08.282Z"}
{"level":"info","message":"⌛ Validating src/estudiante.wlk","timeElapsed":148,"timestamp":"2026-06-01T19:11:08.431Z"}
{"level":"info","message":"⌛ Validating src/estudiante.wlk","timeElapsed":110,"timestamp":"2026-06-01T19:11:08.707Z"}
{"level":"info","message":"⌛ Building environment","timeElapsed":108,"timestamp":"2026-06-01T19:11:08.816Z"}
{"level":"info","message":"⌛ Validating src/estudiante.wlk","timeElapsed":111,"timestamp":"2026-06-01T19:11:08.927Z"}
{"level":"info","message":"⌛ Validating src/estudiante.wlk","timeElapsed":101,"timestamp":"2026-06-01T19:11:09.029Z"}
{"level":"info","message":"⌛ Building environment","timeElapsed":119,"timestamp":"2026-06-01T19:11:09.636Z"}
{"level":"info","message":"⌛ Validating src/estudiante.wlk","timeElapsed":140,"timestamp":"2026-06-01T19:11:09.872Z"}
{"level":"info","message":"⌛ Validating src/estudiante.wlk","timeElapsed":116,"timestamp":"2026-06-01T19:11:09.989Z"}
{"level":"info","message":"⌛ Building environment","timeElapsed":102,"timestamp":"2026-06-01T19:11:11.980Z"}
{"level":"info","message":"⌛ Validating src/estudiante.wlk","timeElapsed":119,"timestamp":"2026-06-01T19:11:12.128Z"}
{"level":"info","message":"⌛ Building environment","timeElapsed":126,"timestamp":"2026-06-01T19:11:12.255Z"}
{"level":"info","message":"⌛ Validating src/estudiante.wlk","timeElapsed":117,"timestamp":"2026-06-01T19:11:12.529Z"}
{"level":"info","message":"⌛ Validating src/estudiante.wlk","timeElapsed":112,"timestamp":"2026-06-01T19:11:12.641Z"}
{"level":"info","message":"⌛ Validating src/estudiante.wlk","timeElapsed":155,"timestamp":"2026-06-01T19:11:12.797Z"}
{"level":"info","message":"⌛ Building environment","timeElapsed":118,"timestamp":"2026-06-01T19:11:12.917Z"}
{"level":"info","message":"⌛ Validating src/estudiante.wlk","timeElapsed":110,"timestamp":"2026-06-01T19:11:13.267Z"}
{"level":"info","message":"⌛ Validating src/estudiante.wlk","timeElapsed":113,"timestamp":"2026-06-01T19:11:13.381Z"}
{"level":"info","message":"⌛ Validating src/estudiante.wlk","timeElapsed":136,"timestamp":"2026-06-01T19:11:13.619Z"}
{"level":"info","message":"⌛ Building environment","timeElapsed":106,"timestamp":"2026-06-01T19:11:13.930Z"}
{"level":"info","message":"⌛ Validating src/estudiante.wlk","timeElapsed":131,"timestamp":"2026-06-01T19:11:14.145Z"}
{"level":"info","message":"⌛ Validating src/estudiante.wlk","timeElapsed":146,"timestamp":"2026-06-01T19:11:14.292Z"}
{"level":"info","message":"⌛ Building environment","timeElapsed":109,"timestamp":"2026-06-01T19:11:16.417Z"}
{"level":"info","message":"⌛ Validating src/estudiante.wlk","timeElapsed":112,"timestamp":"2026-06-01T19:11:16.530Z"}
{"level":"info","message":"⌛ Validating src/estudiante.wlk","timeElapsed":103,"timestamp":"2026-06-01T19:11:16.736Z"}
{"level":"info","message":"⌛ Validating src/estudiante.wlk","timeElapsed":103,"timestamp":"2026-06-01T19:11:16.934Z"}
{"level":"info","message":"⌛ Validating src/estudiante.wlk","timeElapsed":106,"timestamp":"2026-06-01T19:11:17.137Z"}
{"level":"info","message":"⌛ Validating src/estudiante.wlk","timeElapsed":111,"timestamp":"2026-06-01T19:11:17.338Z"}
{"level":"info","message":"⌛ Validating src/estudiante.wlk","timeElapsed":135,"timestamp":"2026-06-01T19:11:17.679Z"}
{"level":"info","message":"⌛ Building environment","timeElapsed":110,"timestamp":"2026-06-01T19:11:17.789Z"}
{"level":"info","message":"⌛ Building environment","timeElapsed":117,"timestamp":"2026-06-01T19:11:17.985Z"}
{"level":"info","message":"⌛ Validating src/estudiante.wlk","timeElapsed":123,"timestamp":"2026-06-01T19:11:18.108Z"}
{"level":"info","message":"⌛ Validating src/estudiante.wlk","timeElapsed":110,"timestamp":"2026-06-01T19:11:18.296Z"}
{"level":"info","message":"⌛ Building environment","timeElapsed":105,"timestamp":"2026-06-01T19:11:18.432Z"}
{"level":"info","message":"⌛ Validating src/estudiante.wlk","timeElapsed":115,"timestamp":"2026-06-01T19:11:18.547Z"}
{"level":"info","message":"⌛ Building environment","timeElapsed":148,"timestamp":"2026-06-01T19:11:18.702Z"}
{"level":"info","message":"⌛ Validating src/estudiante.wlk","timeElapsed":118,"timestamp":"2026-06-01T19:11:18.828Z"}
{"level":"info","message":"⌛ Building environment","timeElapsed":101,"timestamp":"2026-06-01T19:11:19.147Z"}
{"level":"info","message":"⌛ Validating src/estudiante.wlk","timeElapsed":104,"timestamp":"2026-06-01T19:11:19.251Z"}
{"level":"info","message":"⌛ Validating src/estudiante.wlk","timeElapsed":126,"timestamp":"2026-06-01T19:11:19.471Z"}
{"level":"info","message":"⌛ Validating src/estudiante.wlk","timeElapsed":132,"timestamp":"2026-06-01T19:11:19.670Z"}
{"level":"info","message":"⌛ Validating src/estudiante.wlk","timeElapsed":127,"timestamp":"2026-06-01T19:11:19.819Z"}
{"level":"info","message":"⌛ Validating src/estudiante.wlk","timeElapsed":149,"timestamp":"2026-06-01T19:11:20.063Z"}
{"level":"info","message":"⌛ Validating src/estudiante.wlk","timeElapsed":120,"timestamp":"2026-06-01T19:11:21.138Z"}
{"level":"info","message":"⌛ Validating src/estudiante.wlk","timeElapsed":118,"timestamp":"2026-06-01T19:11:21.375Z"}
{"level":"info","message":"⌛ Building environment","timeElapsed":118,"timestamp":"2026-06-01T19:11:22.703Z"}
{"level":"info","message":"⌛ Validating src/estudiante.wlk","timeElapsed":133,"timestamp":"2026-06-01T19:11:22.836Z"}
{"level":"info","message":"⌛ Validating src/estudiante.wlk","timeElapsed":190,"timestamp":"2026-06-01T19:11:23.220Z"}
{"level":"info","message":"⌛ Building environment","timeElapsed":107,"timestamp":"2026-06-01T19:13:04.243Z"}
{"level":"info","message":"⌛ Validating src/listaDeEspera.wlk","timeElapsed":132,"timestamp":"2026-06-01T19:13:04.404Z"}
{"level":"info","message":"⌛ Building environment","timeElapsed":101,"timestamp":"2026-06-01T19:13:16.584Z"}
{"level":"error","message":"✘ Completions for node Send ([25:59, 25:109] - src/listaDeEspera.wlk) failed: Error: [Send]{de4c10} at src/listaDeEspera.wlk:25 exhausted all cases without a match [Send]{de4c10} at src/listaDeEspera.wlk:25 exhausted all cases without a match","stack":"Error: [Send]{de4c10} at src/listaDeEspera.wlk:25 exhausted all cases without a match\n    at c:\\Users\\Nicolee\\.vscode\\extensions\\uqbar.wollok-lsp-ide-0.5.4\\out\\server\\src\\server.js:38:6142\n    at L2 (c:\\Users\\Nicolee\\.vscode\\extensions\\uqbar.wollok-lsp-ide-0.5.4\\out\\server\\src\\server.js:2389:42)\n    at Jh (c:\\Users\\Nicolee\\.vscode\\extensions\\uqbar.wollok-lsp-ide-0.5.4\\out\\server\\src\\server.js:2389:1092)\n    at M5n (c:\\Users\\Nicolee\\.vscode\\extensions\\uqbar.wollok-lsp-ide-0.5.4\\out\\server\\src\\server.js:2389:1248)\n    at c:\\Users\\Nicolee\\.vscode\\extensions\\uqbar.wollok-lsp-ide-0.5.4\\out\\server\\src\\server.js:38:6131\n    at L2 (c:\\Users\\Nicolee\\.vscode\\extensions\\uqbar.wollok-lsp-ide-0.5.4\\out\\server\\src\\server.js:2389:42)\n    at c:\\Users\\Nicolee\\.vscode\\extensions\\uqbar.wollok-lsp-ide-0.5.4\\out\\server\\src\\server.js:2389:2988\n    at c:\\Users\\Nicolee\\.vscode\\extensions\\uqbar.wollok-lsp-ide-0.5.4\\out\\server\\src\\server.js:2398:8440\n    at c:\\Users\\Nicolee\\.vscode\\extensions\\uqbar.wollok-lsp-ide-0.5.4\\out\\server\\src\\server.js:37:74872\n    at Ke (c:\\Users\\Nicolee\\.vscode\\extensions\\uqbar.wollok-lsp-ide-0.5.4\\out\\server\\src\\server.js:7:8527)","timestamp":"2026-06-01T19:13:16.651Z"}
{"level":"error","message":"✘ Completions for node Send ([25:59, 25:148] - src/listaDeEspera.wlk) failed: Error: [Send]{86a8f9} at src/listaDeEspera.wlk:25 exhausted all cases without a match [Send]{86a8f9} at src/listaDeEspera.wlk:25 exhausted all cases without a match","stack":"Error: [Send]{86a8f9} at src/listaDeEspera.wlk:25 exhausted all cases without a match\n    at c:\\Users\\Nicolee\\.vscode\\extensions\\uqbar.wollok-lsp-ide-0.5.4\\out\\server\\src\\server.js:38:6142\n    at L2 (c:\\Users\\Nicolee\\.vscode\\extensions\\uqbar.wollok-lsp-ide-0.5.4\\out\\server\\src\\server.js:2389:42)\n    at Jh (c:\\Users\\Nicolee\\.vscode\\extensions\\uqbar.wollok-lsp-ide-0.5.4\\out\\server\\src\\server.js:2389:1092)\n    at L2 (c:\\Users\\Nicolee\\.vscode\\extensions\\uqbar.wollok-lsp-ide-0.5.4\\out\\server\\src\\server.js:2389:544)\n    at Jh (c:\\Users\\Nicolee\\.vscode\\extensions\\uqbar.wollok-lsp-ide-0.5.4\\out\\server\\src\\server.js:2389:1092)\n    at M5n (c:\\Users\\Nicolee\\.vscode\\extensions\\uqbar.wollok-lsp-ide-0.5.4\\out\\server\\src\\server.js:2389:1248)\n    at c:\\Users\\Nicolee\\.vscode\\extensions\\uqbar.wollok-lsp-ide-0.5.4\\out\\server\\src\\server.js:38:6131\n    at L2 (c:\\Users\\Nicolee\\.vscode\\extensions\\uqbar.wollok-lsp-ide-0.5.4\\out\\server\\src\\server.js:2389:42)\n    at c:\\Users\\Nicolee\\.vscode\\extensions\\uqbar.wollok-lsp-ide-0.5.4\\out\\server\\src\\server.js:2389:2988\n    at c:\\Users\\Nicolee\\.vscode\\extensions\\uqbar.wollok-lsp-ide-0.5.4\\out\\server\\src\\server.js:2398:8440","timestamp":"2026-06-01T19:13:16.651Z"}
{"level":"error","message":"✘ Completions for node Return (undefined - src/listaDeEspera.wlk) failed: Error: [Return]{9d4491} at src/listaDeEspera.wlk:-- exhausted all cases without a match [Return]{9d4491} at src/listaDeEspera.wlk:-- exhausted all cases without a match","stack":"Error: [Return]{9d4491} at src/listaDeEspera.wlk:-- exhausted all cases without a match\n    at c:\\Users\\Nicolee\\.vscode\\extensions\\uqbar.wollok-lsp-ide-0.5.4\\out\\server\\src\\server.js:38:6142\n    at L2 (c:\\Users\\Nicolee\\.vscode\\extensions\\uqbar.wollok-lsp-ide-0.5.4\\out\\server\\src\\server.js:2389:42)\n    at Jh (c:\\Users\\Nicolee\\.vscode\\extensions\\uqbar.wollok-lsp-ide-0.5.4\\out\\server\\src\\server.js:2389:1092)\n    at L2 (c:\\Users\\Nicolee\\.vscode\\extensions\\uqbar.wollok-lsp-ide-0.5.4\\out\\server\\src\\server.js:2389:544)\n    at Jh (c:\\Users\\Nicolee\\.vscode\\extensions\\uqbar.wollok-lsp-ide-0.5.4\\out\\server\\src\\server.js:2389:1092)\n    at L2 (c:\\Users\\Nicolee\\.vscode\\extensions\\uqbar.wollok-lsp-ide-0.5.4\\out\\server\\src\\server.js:2389:544)\n    at Jh (c:\\Users\\Nicolee\\.vscode\\extensions\\uqbar.wollok-lsp-ide-0.5.4\\out\\server\\src\\server.js:2389:1092)\n    at M5n (c:\\Users\\Nicolee\\.vscode\\extensions\\uqbar.wollok-lsp-ide-0.5.4\\out\\server\\src\\server.js:2389:1248)\n    at c:\\Users\\Nicolee\\.vscode\\extensions\\uqbar.wollok-lsp-ide-0.5.4\\out\\server\\src\\server.js:38:6131\n    at L2 (c:\\Users\\Nicolee\\.vscode\\extensions\\uqbar.wollok-lsp-ide-0.5.4\\out\\server\\src\\server.js:2389:42)","timestamp":"2026-06-01T19:13:16.651Z"}
{"level":"info","message":"⌛ Building environment","timeElapsed":101,"timestamp":"2026-06-01T19:13:16.756Z"}
{"level":"info","message":"⌛ Validating src/listaDeEspera.wlk","timeElapsed":140,"timestamp":"2026-06-01T19:13:16.896Z"}
{"level":"info","message":"⌛ Validating src/listaDeEspera.wlk","timeElapsed":134,"timestamp":"2026-06-01T19:13:17.123Z"}
{"level":"info","message":"⌛ Validating src/listaDeEspera.wlk","timeElapsed":125,"timestamp":"2026-06-01T19:13:17.462Z"}
{"level":"info","message":"⌛ Validating src/listaDeEspera.wlk","timeElapsed":101,"timestamp":"2026-06-01T19:13:17.643Z"}
{"level":"info","message":"⌛ Validating src/listaDeEspera.wlk","timeElapsed":101,"timestamp":"2026-06-01T19:13:17.830Z"}
{"level":"info","message":"⌛ Validating src/listaDeEspera.wlk","timeElapsed":106,"timestamp":"2026-06-01T19:13:17.937Z"}
{"level":"info","message":"⌛ Validating src/listaDeEspera.wlk","timeElapsed":133,"timestamp":"2026-06-01T19:13:19.844Z"}
{"level":"info","message":"⌛ Validating src/listaDeEspera.wlk","timeElapsed":122,"timestamp":"2026-06-01T19:13:20.058Z"}
{"level":"info","message":"⌛ Validating src/listaDeEspera.wlk","timeElapsed":124,"timestamp":"2026-06-01T19:13:27.060Z"}
{"level":"info","message":"⌛ Building environment","timeElapsed":107,"timestamp":"2026-06-01T19:13:27.168Z"}
{"level":"info","message":"⌛ Validating src/listaDeEspera.wlk","timeElapsed":125,"timestamp":"2026-06-01T19:13:27.301Z"}
{"level":"info","message":"⌛ Validating src/listaDeEspera.wlk","timeElapsed":103,"timestamp":"2026-06-01T19:13:30.466Z"}
{"level":"info","message":"⌛ Validating src/listaDeEspera.wlk","timeElapsed":130,"timestamp":"2026-06-01T19:13:31.145Z"}
{"level":"info","message":"⌛ Validating src/listaDeEspera.wlk","timeElapsed":114,"timestamp":"2026-06-01T19:13:31.414Z"}
{"level":"info","message":"⌛ Validating src/listaDeEspera.wlk","timeElapsed":101,"timestamp":"2026-06-01T19:13:31.650Z"}
{"level":"info","message":"⌛ Validating src/listaDeEspera.wlk","timeElapsed":133,"timestamp":"2026-06-01T19:13:32.298Z"}
{"level":"info","message":"⌛ Validating src/listaDeEspera.wlk","timeElapsed":104,"timestamp":"2026-06-01T19:13:32.531Z"}
{"level":"info","message":"⌛ Validating src/listaDeEspera.wlk","timeElapsed":111,"timestamp":"2026-06-01T19:13:32.821Z"}
{"level":"info","message":"⌛ Validating src/listaDeEspera.wlk","timeElapsed":125,"timestamp":"2026-06-01T19:13:33.071Z"}
{"level":"info","message":"⌛ Validating src/listaDeEspera.wlk","timeElapsed":145,"timestamp":"2026-06-01T19:13:35.300Z"}
{"level":"info","message":"⌛ Validating src/listaDeEspera.wlk","timeElapsed":113,"timestamp":"2026-06-01T19:13:57.887Z"}
{"level":"info","message":"⌛ Validating src/listaDeEspera.wlk","timeElapsed":116,"timestamp":"2026-06-01T19:13:58.097Z"}
{"level":"info","message":"⌛ Building environment","timeElapsed":109,"timestamp":"2026-06-01T19:15:34.801Z"}
{"level":"info","message":"⌛ Validating src/listaDeEspera.wlk","timeElapsed":153,"timestamp":"2026-06-01T19:15:34.955Z"}
{"level":"info","message":"⌛ Validating src/listaDeEspera.wlk","timeElapsed":119,"timestamp":"2026-06-01T19:15:35.869Z"}
{"level":"info","message":"⌛ Validating src/listaDeEspera.wlk","timeElapsed":123,"timestamp":"2026-06-01T19:15:36.076Z"}
{"level":"info","message":"⌛ Validating src/listaDeEspera.wlk","timeElapsed":133,"timestamp":"2026-06-01T19:15:36.365Z"}
{"level":"info","message":"⌛ Validating src/listaDeEspera.wlk","timeElapsed":111,"timestamp":"2026-06-01T19:15:36.476Z"}
{"level":"info","message":"⌛ Validating src/listaDeEspera.wlk","timeElapsed":115,"timestamp":"2026-06-01T19:15:36.749Z"}
{"level":"info","message":"⌛ Validating src/listaDeEspera.wlk","timeElapsed":113,"timestamp":"2026-06-01T19:15:36.862Z"}
{"level":"info","message":"⌛ Building environment","timeElapsed":142,"timestamp":"2026-06-01T19:16:11.225Z"}
{"level":"info","message":"⌛ Validating src/estudianteTest.wtest","timeElapsed":246,"timestamp":"2026-06-01T19:16:11.561Z"}
{"level":"info","message":"⌛ Building environment","timeElapsed":117,"timestamp":"2026-06-01T19:17:12.179Z"}
{"level":"info","message":"⌛ Validating src/estudianteTest.wtest","timeElapsed":154,"timestamp":"2026-06-01T19:17:12.397Z"}
{"level":"error","message":"✘ Failed to get type description: Error: Failed to print, found malformed node Failed to print, found malformed node","node":{"id":"8e5f63e4-e5dc-4201-bf9d-e6e9b779e823","members":[{"id":"fe7788fb-cf10-471b-9c7c-4988fe9bbb01","isConstant":true,"isProperty":false,"metadata":[{"args":{"position":"start","text":"//Materias con requisitos"},"name":"comment"}],"name":"objetos2","scope":{"containerScope":{"containerScope":{"containerScope":{"containerScope":{"contributions":{},"includedScopes":[]},"contributions":{},"includedScopes":[]},"contributions":{},"includedScopes":[{"contributions":{},"includedScopes":[]},{"contributions":{},"includedScopes":[]},{"contributions":{},"includedScopes":[]}]},"contributions":{},"includedScopes":[{"containerScope":{"containerScope":{"containerScope":{"contributions":{},"includedScopes":[]},"contributions":{},"includedScopes":[]},"contributions":{},"includedScopes":[]},"contributions":{},"includedScopes":[]}]},"contributions":{},"includedScopes":[]},"sourceMap":{"end":{"column":25,"line":8,"offset":154},"start":{"column":5,"line":8,"offset":134}},"value":{"id":"cdcb92b1-54eb-4b54-b8e9-bee03a8a66a9","metadata":[],"name":"new","scope":{"containerScope":{"containerScope":{"containerScope":{"containerScope":{"containerScope":{"contributions":{},"includedScopes":[]},"contributions":{},"includedScopes":[]},"contributions":{},"includedScopes":[{"contributions":{},"includedScopes":[]},{"contributions":{},"includedScopes":[]},{"contributions":{},"includedScopes":[]}]},"contributions":{},"includedScopes":[{"containerScope":{"containerScope":{"containerScope":{"contributions":{},"includedScopes":[]},"contributions":{},"includedScopes":[]},"contributions":{},"includedScopes":[]},"contributions":{},"includedScopes":[]}]},"contributions":{},"includedScopes":[]},"contributions":{},"includedScopes":[]},"sourceMap":{"end":{"column":25,"line":8,"offset":154},"start":{"column":22,"line":8,"offset":151}}}},{"id":"49279dee-432d-4c02-9d1d-84fd6895ab47","isConstant":true,"isProperty":false,"metadata":[],"name":"objetos3","scope":{"containerScope":{"containerScope":{"containerScope":{"containerScope":{"contributions":{},"includedScopes":[]},"contributions":{},"includedScopes":[]},"contributions":{},"includedScopes":[{"contributions":{},"includedScopes":[]},{"contributions":{},"includedScopes":[]},{"contributions":{},"includedScopes":[]}]},"contributions":{},"includedScopes":[{"containerScope":{"containerScope":{"containerScope":{"contributions":{},"includedScopes":[]},"contributions":{},"includedScopes":[]},"contributions":{},"includedScopes":[]},"contributions":{},"includedScopes":[]}]},"contributions":{},"includedScopes":[]},"sourceMap":{"end":{"column":47,"line":17,"offset":748},"start":{"column":5,"line":15,"offset":545}},"value":{"args":[{"id":"7d70d756-362b-4871-b983-0cf53e0e6e0e","metadata":[],"name":"nombreMateria","scope":{"containerScope":{"containerScope":{"containerScope":{"containerScope":{"containerScope":{"containerScope":{"contributions":{},"includedScopes":[]},"contributions":{},"includedScopes":[]},"contributions":{},"includedScopes":[{"contributions":{},"includedScopes":[]},{"contributions":{},"includedScopes":[]},{"contributions":{},"includedScopes":[]}]},"contributions":{},"includedScopes":[{"containerScope":{"containerScope":{"containerScope":{"contributions":{},"includedScopes":[]},"contributions":{},"includedScopes":[]},"contributions":{},"includedScopes":[]},"contributions":{},"includedScopes":[]}]},"contributions":{},"includedScopes":[]},"contributions":{},"includedScopes":[]},"contributions":{},"includedScopes":[]},"sourceMap":{"end":{"column":78,"line":15,"offset":618},"start":{"column":34,"line":15,"offset":574}},"value":{"id":"e81115da-f9d5-4a17-800c-9b18bb0c46db","metadata":[],"scope":{"containerScope":{"containerScope":{"containerScope":{"containerScope":{"containerScope":{"containerScope":{"containerScope":{"contributions":{},"includedScopes":[]},"contributions":{},"includedScopes":[]},"contributions":{},"includedScopes":[{"contributions":{},"includedScopes":[]},{"contributions":{},"includedScopes":[]},{"contributions":{},"includedScopes":[]}]},"contributions":{},"includedScopes":[{"containerScope":{"containerScope":{"containerScope":{"contributions":{},"includedScopes":[]},"contributions":{},"includedScopes":[]},"contributions":{},"includedScopes":[]},"contributions":{},"includedScopes":[]}]},"contributions":{},"includedScopes":[]},"contributions":{},"includedScopes":[]},"contributions":{},"includedScopes":[]},"contributions":{},"includedScopes":[]},"sourceMap":{"end":{"column":78,"line":15,"offset":618},"start":{"column":50,"line":15,"offset":590}},"value":"Programacion con Objetos 3"}},{"id":"5e107f3d-ade9-43fa-9758-995d7c9d4c1c","metadata":[],"name":"materiasRequeridas","scope":{"containerScope":{"containerScope":{"containerScope":{"containerScope":{"containerScope":{"containerScope":{"contributions":{},"includedScopes":[]},"contributions":{},"includedScopes":[]},"contributions":{},"includedScopes":[{"contributions":{},"includedScopes":[]},{"contributions":{},"includedScopes":[]},{"contributions":{},"includedScopes":[]}]},"contributions":{},"includedScopes":[{"containerScope":{"containerScope":{"containerScope":{"contributions":{},"includedScopes":[]},"contributions":{},"includedScopes":[]},"contributions":{},"includedScopes":[]},"contributions":{},"includedScopes":[]}]},"contributions":{},"includedScopes":[]},"contributions":{},"includedScopes":[]},"contributions":{},"includedScopes":[]},"sourceMap":{"end":{"column":78,"line":16,"offset":699},"start":{"column":33,"line":16,"offset":654}},"value":{"id":"d0b5ae21-1bf5-438e-8bbd-fc023e082075","metadata":[],"scope":{"containerScope":{"containerScope":{"containerScope":{"containerScope":{"containerScope":{"containerScope":{"containerScope":{"contributions":{},"includedScopes":[]},"contributions":{},"includedScopes":[]},"contributions":{},"includedScopes":[{"contributions":{},"includedScopes":[]},{"contributions":{},"includedScopes":[]},{"contributions":{},"includedScopes":[]}]},"contributions":{},"includedScopes":[{"containerScope":{"containerScope":{"containerScope":{"contributions":{},"includedScopes":[]},"contributions":{},"includedScopes":[]},"contributions":{},"includedScopes":[]},"contributions":{},"includedScopes":[]}]},"contributions":{},"includedScopes":[]},"contributions":{},"includedScopes":[]},"contributions":{},"includedScopes":[]},"contributions":{},"includedScopes":[]},"sourceMap":{"end":{"column":78,"line":16,"offset":699},"start":{"column":54,"line":16,"offset":675}},"value":[{"id":"7c24e486-2dc3-48fb-9296-495d304c5f1c","metadata":[],"name":"wollok.lang.Set","scope":{"containerScope":{"containerScope":{"containerScope":{"containerScope":{"containerScope":{"containerScope":{"containerScope":{"containerScope":{"contributions":{},"includedScopes":[]},"contributions":{},"includedScopes":[]},"contributions":{},"includedScopes":[{"contributions":{},"includedScopes":[]},{"contributions":{},"includedScopes":[]},{"contributions":{},"includedScopes":[]}]},"contributions":{},"includedScopes":[{"containerScope":{"containerScope":{"containerScope":{"contributions":{},"includedScopes":[]},"contributions":{},"includedScopes":[]},"contributions":{},"includedScopes":[]},"contributions":{},"includedScopes":[]}]},"contributions":{},"includedScopes":[]},"contributions":{},"includedScopes":[]},"contributions":{},"includedScopes":[]},"contributions":{},"includedScopes":[]},"contributions":{},"includedScopes":[]}},[{"id":"1f6a5ee6-268c-497c-8104-5030b27b4795","metadata":[],"name":"objetos2","scope":{"containerScope":{"containerScope":{"containerScope":{"containerScope":{"containerScope":{"containerScope":{"containerScope":{"containerScope":{"contributions":{},"includedScopes":[]},"contributions":{},"includedScopes":[]},"contributions":{},"includedScopes":[{"contributions":{},"includedScopes":[]},{"contributions":{},"includedScopes":[]},{"contributions":{},"includedScopes":[]}]},"contributions":{},"includedScopes":[{"containerScope":{"containerScope":{"containerScope":{"contributions":{},"includedScopes":[]},"contributions":{},"includedScopes":[]},"contributions":{},"includedScopes":[]},"contributions":{},"includedScopes":[]}]},"contributions":{},"includedScopes":[]},"contributions":{},"includedScopes":[]},"contributions":{},"includedScopes":[]},"contributions":{},"includedScopes":[]},"contributions":{},"includedScopes":[]},"sourceMap":{"end":{"column":64,"line":16,"offset":685},"start":{"column":56,"line":16,"offset":677}}},{"id":"f2e5a413-6d3f-4480-86b4-c4a2de2ff02b","metadata":[],"name":"baseDeDatos","scope":{"containerScope":{"containerScope":{"containerScope":{"containerScope":{"containerScope":{"containerScope":{"containerScope":{"containerScope":{"contributions":{},"includedScopes":[]},"contributions":{},"includedScopes":[]},"contributions":{},"includedScopes":[{"contributions":{},"includedScopes":[]},{"contributions":{},"includedScopes":[]},{"contributions":{},"includedScopes":[]}]},"contributions":{},"includedScopes":[{"containerScope":{"containerScope":{"containerScope":{"contributions":{},"includedScopes":[]},"contributions":{},"includedScopes":[]},"contributions":{},"includedScopes":[]},"contributions":{},"includedScopes":[]}]},"contributions":{},"includedScopes":[]},"contributions":{},"includedScopes":[]},"contributions":{},"includedScopes":[]},"contributions":{},"includedScopes":[]},"contributions":{},"includedScopes":[]},"sourceMap":{"end":{"column":77,"line":16,"offset":698},"start":{"column":66,"line":16,"offset":687}}}]]}},{"id":"475ec7d2-5eaf-4ec6-8d15-e46de2e5f321","metadata":[],"name":"cantCupo","scope":{"containerScope":{"containerScope":{"containerScope":{"containerScope":{"containerScope":{"containerScope":{"contributions":{},"includedScopes":[]},"contributions":{},"includedScopes":[]},"contributions":{},"includedScopes":[{"contributions":{},"includedScopes":[]},{"contributions":{},"includedScopes":[]},{"contributions":{},"includedScopes":[]}]},"contributions":{},"includedScopes":[{"containerScope":{"containerScope":{"containerScope":{"contributions":{},"includedScopes":[]},"contributions":{},"includedScopes":[]},"contributions":{},"includedScopes":[]},"contributions":{},"includedScopes":[]}]},"contributions":{},"includedScopes":[]},"contributions":{},"includedScopes":[]},"contributions":{},"includedScopes":[]},"sourceMap":{"end":{"column":46,"line":17,"offset":747},"start":{"column":33,"line":17,"offset":734}},"value":{"id":"7643a7f0-d089-42ab-a8b4-0eb3a9350042","metadata":[],"scope":{"containerScope":{"containerScope":{"containerScope":{"containerScope":{"containerScope":{"containerScope":{"containerScope":{"contributions":{},"includedScopes":[]},"contributions":{},"includedScopes":[]},"contributions":{},"includedScopes":[{"contributions":{},"includedScopes":[]},{"contributions":{},"includedScopes":[]},{"contributions":{},"includedScopes":[]}]},"contributions":{},"includedScopes":[{"containerScope":{"containerScope":{"containerScope":{"contributions":{},"includedScopes":[]},"contributions":{},"includedScopes":[]},"contributions":{},"includedScopes":[]},"contributions":{},"includedScopes":[]}]},"contributions":{},"includedScopes":[]},"contributions":{},"includedScopes":[]},"contributions":{},"includedScopes":[]},"contributions":{},"includedScopes":[]},"sourceMap":{"end":{"column":46,"line":17,"offset":747},"start":{"column":44,"line":17,"offset":745}},"value":40}}],"id":"6f85ccb3-4a22-4907-b2ed-cfc5caf68c94","instantiated":{"id":"0d41848b-10da-490d-b36a-f000df84a597","metadata":[],"name":"Materia","scope":{"containerScope":{"containerScope":{"containerScope":{"containerScope":{"containerScope":{"containerScope":{"contributions":{},"includedScopes":[]},"contributions":{},"includedScopes":[]},"contributions":{},"includedScopes":[{"contributions":{},"includedScopes":[]},{"contributions":{},"includedScopes":[]},{"contributions":{},"includedScopes":[]}]},"contributions":{},"includedScopes":[{"containerScope":{"containerScope":{"containerScope":{"contributions":{},"includedScopes":[]},"contributions":{},"includedScopes":[]},"contributions":{},"includedScopes":[]},"contributions":{},"includedScopes":[]}]},"contributions":{},"includedScopes":[]},"contributions":{},"includedScopes":[]},"contributions":{},"includedScopes":[]},"sourceMap":{"end":{"column":33,"line":15,"offset":573},"start":{"column":26,"line":15,"offset":566}}},"metadata":[],"scope":{"containerScope":{"containerScope":{"containerScope":{"containerScope":{"containerScope":{"contributions":{},"includedScopes":[]},"contributions":{},"includedScopes":[]},"contributions":{},"includedScopes":[{"contributions":{},"includedScopes":[]},{"contributions":{},"includedScopes":[]},{"contributions":{},"includedScopes":[]}]},"contributions":{},"includedScopes":[{"containerScope":{"containerScope":{"containerScope":{"contributions":{},"includedScopes":[]},"contributions":{},"includedScopes":[]},"contributions":{},"includedScopes":[]},"contributions":{},"includedScopes":[]}]},"contributions":{},"includedScopes":[]},"contributions":{},"includedScopes":[]},"sourceMap":{"end":{"column":47,"line":17,"offset":748},"start":{"column":22,"line":15,"offset":562}}}},{"id":"c51d9a0e-4e26-4678-888e-c43bb06438d0","isConstant":true,"isProperty":false,"metadata":[],"name":"programacionConcurrente","scope":{"containerScope":{"containerScope":{"containerScope":{"containerScope":{"contributions":{},"includedScopes":[]},"contributions":{},"includedScopes":[]},"contributions":{},"includedScopes":[{"contributions":{},"includedScopes":[]},{"contributions":{},"includedScopes":[]},{"contributions":{},"includedScopes":[]}]},"contributions":{},"includedScopes":[{"containerScope":{"containerScope":{"containerScope":{"contributions":{},"includedScopes":[]},"contributions":{},"includedScopes":[]},"contributions":{},"includedScopes":[]},"contributions":{},"includedScopes":[]}]},"contributions":{},"includedScopes":[]},"sourceMap":{"end":{"column":47,"line":21,"offset":972},"start":{"column":5,"line":19,"offset":756}},"value":{"args":[{"id":"3e822e62-c8cc-4604-afdb-ad182ddcd51a","metadata":[],"name":"nombreMateria","scope":{"containerScope":{"containerScope":{"containerScope":{"containerScope":{"containerScope":{"containerScope":{"contributions":{},"includedScopes":[]},"contributions":{},"includedScopes":[]},"contributions":{},"includedScopes":[{"contributions":{},"includedScopes":[]},{"contributions":{},"includedScopes":[]},{"contributions":{},"includedScopes":[]}]},"contributions":{},"includedScopes":[{"containerScope":{"containerScope":{"containerScope":{"contributions":{},"includedScopes":[]},"contributions":{},"includedScopes":[]},"contributions":{},"includedScopes":[]},"contributions":{},"includedScopes":[]}]},"contributions":{},"includedScopes":[]},"contributions":{},"includedScopes":[]},"contributions":{},"includedScopes":[]},"sourceMap":{"end":{"column":91,"line":19,"offset":842},"start":{"column":49,"line":19,"offset":800}},"value":{"id":"1789e052-b99d-49d3-926c-fb0e0583464b","metadata":[],"scope":{"containerScope":{"containerScope":{"containerScope":{"containerScope":{"containerScope":{"containerScope":{"containerScope":{"contributions":{},"includedScopes":[]},"contributions":{},"includedScopes":[]},"contributions":{},"includedScopes":[{"contributions":{},"includedScopes":[]},{"contributions":{},"includedScopes":[]},{"contributions":{},"includedScopes":[]}]},"contributions":{},"includedScopes":[{"containerScope":{"containerScope":{"containerScope":{"contributions":{},"includedScopes":[]},"contributions":{},"includedScopes":[]},"contributions":{},"includedScopes":[]},"contributions":{},"includedScopes":[]}]},"contributions":{},"includedScopes":[]},"contributions":{},"includedScopes":[]},"contributions":{},"includedScopes":[]},"contributions":{},"includedScopes":[]},"sourceMap":{"end":{"column":91,"line":19,"offset":842},"start":{"column":65,"line":19,"offset":816}},"value":"Programacion Concurrente"}},{"id":"e18587a0-9f04-4932-89a3-ef821efbe4ab","metadata":[],"name":"materiasRequeridas","scope":{"containerScope":{"containerScope":{"containerScope":{"containerScope":{"containerScope":{"containerScope":{"contributions":{},"includedScopes":[]},"contributions":{},"includedScopes":[]},"contributions":{},"includedScopes":[{"contributions":{},"includedScopes":[]},{"contributions":{},"includedScopes":[]},{"contributions":{},"includedScopes":[]}]},"contributions":{},"includedScopes":[{"containerScope":{"containerScope":{"containerScope":{"contributions":{},"includedScopes":[]},"contributions":{},"includedScopes":[]},"contributions":{},"includedScopes":[]},"contributions":{},"includedScopes":[]}]},"contributions":{},"includedScopes":[]},"contributions":{},"includedScopes":[]},"contributions":{},"includedScopes":[]},"sourceMap":{"end":{"column":78,"line":20,"offset":923},"start":{"column":33,"line":20,"offset":878}},"value":{"id":"4b03ce7c-005a-483f-9389-6cc566b617d9","metadata":[],"scope":{"containerScope":{"containerScope":{"containerScope":{"containerScope":{"containerScope":{"containerScope":{"containerScope":{"contributions":{},"includedScopes":[]},"contributions":{},"includedScopes":[]},"contributions":{},"includedScopes":[{"contributions":{},"includedScopes":[]},{"contributions":{},"includedScopes":[]},{"contributions":{},"includedScopes":[]}]},"contributions":{},"includedScopes":[{"containerScope":{"containerScope":{"containerScope":{"contributions":{},"includedScopes":[]},"contributions":{},"includedScopes":[]},"contributions":{},"includedScopes":[]},"contributions":{},"includedScopes":[]}]},"contributions":{},"includedScopes":[]},"contributions":{},"includedScopes":[]},"contributions":{},"includedScopes":[]},"contributions":{},"includedScopes":[]},"sourceMap":{"end":{"column":78,"line":20,"offset":923},"start":{"column":54,"line":20,"offset":899}},"value":[{"id":"6139fa02-ac56-4a8c-b18b-beff2c2bd136","metadata":[],"name":"wollok.lang.Set","scope":{"containerScope":{"containerScope":{"containerScope":{"containerScope":{"containerScope":{"containerScope":{"containerScope":{"containerScope":{"contributions":{},"includedScopes":[]},"contributions":{},"includedScopes":[]},"contributions":{},"includedScopes":[{"contributions":{},"includedScopes":[]},{"contributions":{},"includedScopes":[]},{"contributions":{},"includedScopes":[]}]},"contributions":{},"includedScopes":[{"containerScope":{"containerScope":{"containerScope":{"contributions":{},"includedScopes":[]},"contributions":{},"includedScopes":[]},"contributions":{},"includedScopes":[]},"contributions":{},"includedScopes":[]}]},"contributions":{},"includedScopes":[]},"contributions":{},"includedScopes":[]},"contributions":{},"includedScopes":[]},"contributions":{},"includedScopes":[]},"contributions":{},"includedScopes":[]}},[{"id":"5d2620af-288a-4d3f-979a-175d6bf19142","metadata":[],"name":"objetos1","scope":{"containerScope":{"containerScope":{"containerScope":{"containerScope":{"containerScope":{"containerScope":{"containerScope":{"containerScope":{"contributions":{},"includedScopes":[]},"contributions":{},"includedScopes":[]},"contributions":{},"includedScopes":[{"contributions":{},"includedScopes":[]},{"contributions":{},"includedScopes":[]},{"contributions":{},"includedScopes":[]}]},"contributions":{},"includedScopes":[{"containerScope":{"containerScope":{"containerScope":{"contributions":{},"includedScopes":[]},"contributions":{},"includedScopes":[]},"contributions":{},"includedScopes":[]},"contributions":{},"includedScopes":[]}]},"contributions":{},"includedScopes":[]},"contributions":{},"includedScopes":[]},"contributions":{},"includedScopes":[]},"contributions":{},"includedScopes":[]},"contributions":{},"includedScopes":[]},"sourceMap":{"end":{"column":64,"line":20,"offset":909},"start":{"column":56,"line":20,"offset":901}}},{"id":"e8d7c4dc-e3de-4d14-a833-3b818ae7867d","metadata":[],"name":"baseDeDatos","scope":{"containerScope":{"containerScope":{"containerScope":{"containerScope":{"containerScope":{"containerScope":{"containerScope":{"containerScope":{"contributions":{},"includedScopes":[]},"contributions":{},"includedScopes":[]},"contributions":{},"includedScopes":[{"contributions":{},"includedScopes":[]},{"contributions":{},"includedScopes":[]},{"contributions":{},"includedScopes":[]}]},"contributions":{},"includedScopes":[{"containerScope":{"containerScope":{"containerScope":{"contributions":{},"includedScopes":[]},"contributions":{},"includedScopes":[]},"contributions":{},"includedScopes":[]},"contributions":{},"includedScopes":[]}]},"contributions":{},"includedScopes":[]},"contributions":{},"includedScopes":[]},"contributions":{},"includedScopes":[]},"contributions":{},"includedScopes":[]},"contributions":{},"includedScopes":[]},"sourceMap":{"end":{"column":77,"line":20,"offset":922},"start":{"column":66,"line":20,"offset":911}}}]]}},{"id":"2c09c07d-2dd4-4e5c-a0e0-dac0947226d0","metadata":[],"name":"cantCupo","scope":{"containerScope":{"containerScope":{"containerScope":{"containerScope":{"containerScope":{"containerScope":{"contributions":{},"includedScopes":[]},"contributions":{},"includedScopes":[]},"contributions":{},"includedScopes":[{"contributions":{},"includedScopes":[]},{"contributions":{},"includedScopes":[]},{"contributions":{},"includedScopes":[]}]},"contributions":{},"includedScopes":[{"containerScope":{"containerScope":{"containerScope":{"contributions":{},"includedScopes":[]},"contributions":{},"includedScopes":[]},"contributions":{},"includedScopes":[]},"contributions":{},"includedScopes":[]}]},"contributions":{},"includedScopes":[]},"contributions":{},"includedScopes":[]},"contributions":{},"includedScopes":[]},"sourceMap":{"end":{"column":46,"line":21,"offset":971},"start":{"column":33,"line":21,"offset":958}},"value":{"id":"e98522ce-2a04-4b4d-83b9-764e201e543d","metadata":[],"scope":{"containerScope":{"containerScope":{"containerScope":{"containerScope":{"containerScope":{"containerScope":{"containerScope":{"contributions":{},"includedScopes":[]},"contributions":{},"includedScopes":[]},"contributions":{},"includedScopes":[{"contributions":{},"includedScopes":[]},{"contributions":{},"includedScopes":[]},{"contributions":{},"includedScopes":[]}]},"contributions":{},"includedScopes":[{"containerScope":{"containerScope":{"containerScope":{"contributions":{},"includedScopes":[]},"contributions":{},"includedScopes":[]},"contributions":{},"includedScopes":[]},"contributions":{},"includedScopes":[]}]},"contributions":{},"includedScopes":[]},"contributions":{},"includedScopes":[]},"contributions":{},"includedScopes":[]},"contributions":{},"includedScopes":[]},"sourceMap":{"end":{"column":46,"line":21,"offset":971},"start":{"column":44,"line":21,"offset":969}},"value":40}}],"id":"8b336b1d-3631-483d-88c9-ec14d6a3f083","instantiated":{"id":"ed2ddd45-f0dc-4d47-97dd-59bb1a628867","metadata":[],"name":"Materia","scope":{"containerScope":{"containerScope":{"containerScope":{"containerScope":{"containerScope":{"containerScope":{"contributions":{},"includedScopes":[]},"contributions":{},"includedScopes":[]},"contributions":{},"includedScopes":[{"contributions":{},"includedScopes":[]},{"contributions":{},"includedScopes":[]},{"contributions":{},"includedScopes":[]}]},"contributions":{},"includedScopes":[{"containerScope":{"containerScope":{"containerScope":{"contributions":{},"includedScopes":[]},"contributions":{},"includedScopes":[]},"contributions":{},"includedScopes":[]},"contributions":{},"includedScopes":[]}]},"contributions":{},"includedScopes":[]},"contributions":{},"includedScopes":[]},"contributions":{},"includedScopes":[]},"sourceMap":{"end":{"column":48,"line":19,"offset":799},"start":{"column":41,"line":19,"offset":792}}},"metadata":[],"scope":{"containerScope":{"containerScope":{"containerScope":{"containerScope":{"containerScope":{"contributions":{},"includedScopes":[]},"contributions":{},"includedScopes":[]},"contributions":{},"includedScopes":[{"contributions":{},"includedScopes":[]},{"contributions":{},"includedScopes":[]},{"contributions":{},"includedScopes":[]}]},"contributions":{},"includedScopes":[{"containerScope":{"containerScope":{"containerScope":{"contributions":{},"includedScopes":[]},"contributions":{},"includedScopes":[]},"contributions":{},"includedScopes":[]},"contributions":{},"includedScopes":[]}]},"contributions":{},"includedScopes":[]},"contributions":{},"includedScopes":[]},"sourceMap":{"end":{"column":47,"line":21,"offset":972},"start":{"column":37,"line":19,"offset":788}}}},{"id":"d851e84c-a83e-4d15-b0ca-2ba4d0705436","isConstant":true,"isProperty":false,"metadata":[],"name":"biologia2","scope":{"containerScope":{"containerScope":{"containerScope":{"containerScope":{"contributions":{},"includedScopes":[]},"contributions":{},"includedScopes":[]},"contributions":{},"includedScopes":[{"contributions":{},"includedScopes":[]},{"contributions":{},"includedScopes":[]},{"contributions":{},"includedScopes":[]}]},"contributions":{},"includedScopes":[{"containerScope":{"containerScope":{"containerScope":{"contributions":{},"includedScopes":[]},"contributions":{},"includedScopes":[]},"contributions":{},"includedScopes":[]},"contributions":{},"includedScopes":[]}]},"contributions":{},"includedScopes":[]},"sourceMap":{"end":{"column":47,"line":25,"offset":1156},"start":{"column":5,"line":23,"offset":980}},"value":{"args":[{"id":"83bd8b3f-1ab3-4c94-82b1-ccd0f02906cc","metadata":[],"name":"nombreMateria","scope":{"containerScope":{"containerScope":{"containerScope":{"containerScope":{"containerScope":{"containerScope":{"contributions":{},"includedScopes":[]},"contributions":{},"includedScopes":[]},"contributions":{},"includedScopes":[{"contributions":{},"includedScopes":[]},{"contributions":{},"includedScopes":[]},{"contributions":{},"includedScopes":[]}]},"contributions":{},"includedScopes":[{"containerScope":{"containerScope":{"containerScope":{"contributions":{},"includedScopes":[]},"contributions":{},"includedScopes":[]},"contributions":{},"includedScopes":[]},"contributions":{},"includedScopes":[]}]},"contributions":{},"includedScopes":[]},"contributions":{},"includedScopes":[]},"contributions":{},"includedScopes":[]},"sourceMap":{"end":{"column":63,"line":23,"offset":1038},"start":{"column":35,"line":23,"offset":1010}},"value":{"id":"6bb75283-e9cb-4ff2-a5c2-ff2981a6616f","metadata":[],"scope":{"containerScope":{"containerScope":{"containerScope":{"containerScope":{"containerScope":{"containerScope":{"containerScope":{"contributions":{},"includedScopes":[]},"contributions":{},"includedScopes":[]},"contributions":{},"includedScopes":[{"contributions":{},"includedScopes":[]},{"contributions":{},"includedScopes":[]},{"contributions":{},"includedScopes":[]}]},"contributions":{},"includedScopes":[{"containerScope":{"containerScope":{"containerScope":{"contributions":{},"includedScopes":[]},"contributions":{},"includedScopes":[]},"contributions":{},"includedScopes":[]},"contributions":{},"includedScopes":[]}]},"contributions":{},"includedScopes":[]},"contributions":{},"includedScopes":[]},"contributions":{},"includedScopes":[]},"contributions":{},"includedScopes":[]},"sourceMap":{"end":{"column":63,"line":23,"offset":1038},"start":{"column":51,"line":23,"offset":1026}},"value":"Biologia 2"}},{"id":"7f2f8a7a-53da-4796-8665-df1e12427118","metadata":[],"name":"materiasRequeridas","scope":{"containerScope":{"containerScope":{"containerScope":{"containerScope":{"containerScope":{"containerScope":{"contributions":{},"includedScopes":[]},"contributions":{},"includedScopes":[]},"contributions":{},"includedScopes":[{"contributions":{},"includedScopes":[]},{"contributions":{},"includedScopes":[]},{"contributions":{},"includedScopes":[]}]},"contributions":{},"includedScopes":[{"containerScope":{"containerScope":{"containerScope":{"contributions":{},"includedScopes":[]},"contributions":{},"includedScopes":[]},"contributions":{},"includedScopes":[]},"contributions":{},"includedScopes":[]}]},"contributions":{},"includedScopes":[]},"contributions":{},"includedScopes":[]},"contributions":{},"includedScopes":[]},"sourceMap":{"end":{"column":66,"line":24,"offset":1107},"start":{"column":33,"line":24,"offset":1074}},"value":{"id":"f2929b16-27f4-4236-8c35-b52c378dca18","metadata":[],"scope":{"containerScope":{"containerScope":{"containerScope":{"containerScope":{"containerScope":{"containerScope":{"containerScope":{"contributions":{},"includedScopes":[]},"contributions":{},"includedScopes":[]},"contributions":{},"includedScopes":[{"contributions":{},"includedScopes":[]},{"contributions":{},"includedScopes":[]},{"contributions":{},"includedScopes":[]}]},"contributions":{},"includedScopes":[{"containerScope":{"containerScope":{"containerScope":{"contributions":{},"includedScopes":[]},"contributions":{},"includedScopes":[]},"contributions":{},"includedScopes":[]},"contributions":{},"includedScopes":[]}]},"contributions":{},"includedScopes":[]},"contributions":{},"includedScopes":[]},"contributions":{},"includedScopes":[]},"contributions":{},"includedScopes":[]},"sourceMap":{"end":{"column":66,"line":24,"offset":1107},"start":{"column":54,"line":24,"offset":1095}},"value":[{"id":"c078c3a7-2ecd-497b-87e5-8ff614655f81","metadata":[],"name":"wollok.lang.Set","scope":{"containerScope":{"containerScope":{"containerScope":{"containerScope":{"containerScope":{"containerScope":{"containerScope":{"containerScope":{"contributions":{},"includedScopes":[]},"contributions":{},"includedScopes":[]},"contributions":{},"includedScopes":[{"contributions":{},"includedScopes":[]},{"contributions":{},"includedScopes":[]},{"contributions":{},"includedScopes":[]}]},"contributions":{},"includedScopes":[{"containerScope":{"containerScope":{"containerScope":{"contributions":{},"includedScopes":[]},"contributions":{},"includedScopes":[]},"contributions":{},"includedScopes":[]},"contributions":{},"includedScopes":[]}]},"contributions":{},"includedScopes":[]},"contributions":{},"includedScopes":[]},"contributions":{},"includedScopes":[]},"contributions":{},"includedScopes":[]},"contributions":{},"includedScopes":[]}},[{"id":"8624787a-eb07-4ec0-86ad-112d7aecbe28","metadata":[],"name":"biologia1","scope":{"containerScope":{"containerScope":{"containerScope":{"containerScope":{"containerScope":{"containerScope":{"containerScope":{"containerScope":{"contributions":{},"includedScopes":[]},"contributions":{},"includedScopes":[]},"contributions":{},"includedScopes":[{"contributions":{},"includedScopes":[]},{"contributions":{},"includedScopes":[]},{"contributions":{},"includedScopes":[]}]},"contributions":{},"includedScopes":[{"containerScope":{"containerScope":{"containerScope":{"contributions":{},"includedScopes":[]},"contributions":{},"includedScopes":[]},"contributions":{},"includedScopes":[]},"contributions":{},"includedScopes":[]}]},"contributions":{},"includedScopes":[]},"contributions":{},"includedScopes":[]},"contributions":{},"includedScopes":[]},"contributions":{},"includedScopes":[]},"contributions":{},"includedScopes":[]},"sourceMap":{"end":{"column":65,"line":24,"offset":1106},"start":{"column":56,"line":24,"offset":1097}}}]]}},{"id":"c08f88ed-2b45-47ed-9f18-4b177f0a43ba","metadata":[],"name":"cantCupo","scope":{"containerScope":{"containerScope":{"containerScope":{"containerScope":{"containerScope":{"containerScope":{"contributions":{},"includedScopes":[]},"contributions":{},"includedScopes":[]},"contributions":{},"includedScopes":[{"contributions":{},"includedScopes":[]},{"contributions":{},"includedScopes":[]},{"contributions":{},"includedScopes":[]}]},"contributions":{},"includedScopes":[{"containerScope":{"containerScope":{"containerScope":{"contributions":{},"includedScopes":[]},"contributions":{},"includedScopes":[]},"contributions":{},"includedScopes":[]},"contributions":{},"includedScopes":[]}]},"contributions":{},"includedScopes":[]},"contributions":{},"includedScopes":[]},"contributions":{},"includedScopes":[]},"sourceMap":{"end":{"column":46,"line":25,"offset":1155},"start":{"column":33,"line":25,"offset":1142}},"value":{"id":"5ed5de19-1e55-4ab8-a84e-361ec783f6b5","metadata":[],"scope":{"containerScope":{"containerScope":{"containerScope":{"containerScope":{"containerScope":{"containerScope":{"containerScope":{"contributions":{},"includedScopes":[]},"contributions":{},"includedScopes":[]},"contributions":{},"includedScopes":[{"contributions":{},"includedScopes":[]},{"contributions":{},"includedScopes":[]},{"contributions":{},"includedScopes":[]}]},"contributions":{},"includedScopes":[{"containerScope":{"containerScope":{"containerScope":{"contributions":{},"includedScopes":[]},"contributions":{},"includedScopes":[]},"contributions":{},"includedScopes":[]},"contributions":{},"includedScopes":[]}]},"contributions":{},"includedScopes":[]},"contributions":{},"includedScopes":[]},"contributions":{},"includedScopes":[]},"contributions":{},"includedScopes":[]},"sourceMap":{"end":{"column":46,"line":25,"offset":1155},"start":{"column":44,"line":25,"offset":1153}},"value":40}}],"id":"919ada7a-475e-4f48-bc58-016ce1322c91","instantiated":{"id":"1d0b041e-a1e6-4110-88c4-9d8d25d15a24","metadata":[],"name":"Materia","scope":{"containerScope":{"containerScope":{"containerScope":{"containerScope":{"containerScope":{"containerScope":{"contributions":{},"includedScopes":[]},"contributions":{},"includedScopes":[]},"contributions":{},"includedScopes":[{"contributions":{},"includedScopes":[]},{"contributions":{},"includedScopes":[]},{"contributions":{},"includedScopes":[]}]},"contributions":{},"includedScopes":[{"containerScope":{"containerScope":{"containerScope":{"contributions":{},"includedScopes":[]},"contributions":{},"includedScopes":[]},"contributions":{},"includedScopes":[]},"contributions":{},"includedScopes":[]}]},"contributions":{},"includedScopes":[]},"contributions":{},"includedScopes":[]},"contributions":{},"includedScopes":[]},"sourceMap":{"end":{"column":34,"line":23,"offset":1009},"start":{"column":27,"line":23,"offset":1002}}},"metadata":[],"scope":{"containerScope":{"containerScope":{"containerScope":{"containerScope":{"containerScope":{"contributions":{},"includedScopes":[]},"contributions":{},"includedScopes":[]},"contributions":{},"includedScopes":[{"contributions":{},"includedScopes":[]},{"contributions":{},"includedScopes":[]},{"contributions":{},"includedScopes":[]}]},"contributions":{},"includedScopes":[{"containerScope":{"containerScope":{"containerScope":{"contributions":{},"includedScopes":[]},"contributions":{},"includedScopes":[]},"contributions":{},"includedScopes":[]},"contributions":{},"includedScopes":[]}]},"contributions":{},"includedScopes":[]},"contributions":{},"includedScopes":[]},"sourceMap":{"end":{"column":47,"line":25,"offset":1156},"start":{"column":23,"line":23,"offset":998}}}},{"id":"7eef7d66-c3a9-4e66-a929-0d3aa0109cd1","isConstant":true,"isProperty":false,"metadata":[],"name":"objetos1","scope":{"containerScope":{"containerScope":{"containerScope":{"containerScope":{"contributions":{},"includedScopes":[]},"contributions":{},"includedScopes":[]},"contributions":{},"includedScopes":[{"contributions":{},"includedScopes":[]},{"contributions":{},"includedScopes":[]},{"contributions":{},"includedScopes":[]}]},"contributions":{},"includedScopes":[{"containerScope":{"containerScope":{"containerScope":{"contributions":{},"includedScopes":[]},"contributions":{},"includedScopes":[]},"contributions":{},"includedScopes":[]},"contributions":{},"includedScopes":[]}]},"contributions":{},"includedScopes":[]},"sourceMap":{"end":{"column":47,"line":29,"offset":1373},"start":{"column":5,"line":27,"offset":1182}},"value":{"args":[{"id":"429145ca-cbe0-41ad-ae72-384ee5550325","metadata":[],"name":"nombreMateria","scope":{"containerScope":{"containerScope":{"containerScope":{"containerScope":{"containerScope":{"containerScope":{"contributions":{},"includedScopes":[]},"contributions":{},"includedScopes":[]},"contributions":{},"includedScopes":[{"contributions":{},"includedScopes":[]},{"contributions":{},"includedScopes":[]},{"contributions":{},"includedScopes":[]}]},"contributions":{},"includedScopes":[{"containerScope":{"containerScope":{"containerScope":{"contributions":{},"includedScopes":[]},"contributions":{},"includedScopes":[]},"contributions":{},"includedScopes":[]},"contributions":{},"includedScopes":[]}]},"contributions":{},"includedScopes":[]},"contributions":{},"includedScopes":[]},"contributions":{},"includedScopes":[]},"sourceMap":{"end":{"column":78,"line":27,"offset":1255},"start":{"column":34,"line":27,"offset":1211}},"value":{"id":"256c2604-72a4-44e0-ae9b-6045e4d65e36","metadata":[],"scope":{"containerScope":{"containerScope":{"containerScope":{"containerScope":{"containerScope":{"containerScope":{"containerScope":{"contributions":{},"includedScopes":[]},"contributions":{},"includedScopes":[]},"contributions":{},"includedScopes":[{"contributions":{},"includedScopes":[]},{"contributions":{},"includedScopes":[]},{"contributions":{},"includedScopes":[]}]},"contributions":{},"includedScopes":[{"containerScope":{"containerScope":{"containerScope":{"contributions":{},"includedScopes":[]},"contributions":{},"includedScopes":[]},"contributions":{},"includedScopes":[]},"contributions":{},"includedScopes":[]}]},"contributions":{},"includedScopes":[]},"contributions":{},"includedScopes":[]},"contributions":{},"includedScopes":[]},"contributions":{},"includedScopes":[]},"sourceMap":{"end":{"column":78,"line":27,"offset":1255},"start":{"column":50,"line":27,"offset":1227}},"value":"Programacion con Objetos 1"}},{"id":"61475d13-d472-4f94-aa32-5ee57f3f113a","metadata":[],"name":"materiasRequeridas","scope":{"containerScope":{"containerScope":{"containerScope":{"containerScope":{"containerScope":{"containerScope":{"contributions":{},"includedScopes":[]},"contributions":{},"includedScopes":[]},"contributions":{},"includedScopes":[{"contributions":{},"includedScopes":[]},{"contributions":{},"includedScopes":[]},{"contributions":{},"includedScopes":[]}]},"contributions":{},"includedScopes":[{"containerScope":{"containerScope":{"containerScope":{"contributions":{},"includedScopes":[]},"contributions":{},"includedScopes":[]},"contributions":{},"includedScopes":[]},"contributions":{},"includedScopes":[]}]},"contributions":{},"includedScopes":[]},"contributions":{},"includedScopes":[]},"contributions":{},"includedScopes":[]},"sourceMap":{"end":{"column":66,"line":28,"offset":1324},"start":{"column":33,"line":28,"offset":1291}},"value":{"id":"ab24df0a-9991-4148-9232-21bd11c98849","metadata":[],"scope":{"containerScope":{"containerScope":{"containerScope":{"containerScope":{"containerScope":{"containerScope":{"containerScope":{"contributions":{},"includedScopes":[]},"contributions":{},"includedScopes":[]},"contributions":{},"includedScopes":[{"contributions":{},"includedScopes":[]},{"contributions":{},"includedScopes":[]},{"contributions":{},"includedScopes":[]}]},"contributions":{},"includedScopes":[{"containerScope":{"containerScope":{"containerScope":{"contributions":{},"includedScopes":[]},"contributions":{},"includedScopes":[]},"contributions":{},"includedScopes":[]},"contributions":{},"includedScopes":[]}]},"contributions":{},"includedScopes":[]},"contributions":{},"includedScopes":[]},"contributions":{},"includedScopes":[]},"contributions":{},"includedScopes":[]},"sourceMap":{"end":{"column":66,"line":28,"offset":1324},"start":{"column":54,"line":28,"offset":1312}},"value":[{"id":"c9e0a88f-ecf6-452e-902d-72a4cdf95249","metadata":[],"name":"wollok.lang.Set","scope":{"containerScope":{"containerScope":{"containerScope":{"containerScope":{"containerScope":{"containerScope":{"containerScope":{"containerScope":{"contributions":{},"includedScopes":[]},"contributions":{},"includedScopes":[]},"contributions":{},"includedScopes":[{"contributions":{},"includedScopes":[]},{"contributions":{},"includedScopes":[]},{"contributions":{},"includedScopes":[]}]},"contributions":{},"includedScopes":[{"containerScope":{"containerScope":{"containerScope":{"contributions":{},"includedScopes":[]},"contributions":{},"includedScopes":[]},"contributions":{},"includedScopes":[]},"contributions":{},"includedScopes":[]}]},"contributions":{},"includedScopes":[]},"contributions":{},"includedScopes":[]},"contributions":{},"includedScopes":[]},"contributions":{},"includedScopes":[]},"contributions":{},"includedScopes":[]}},[{"id":"da54150c-61cf-4676-8913-ecceaf5a0281","metadata":[],"name":"elementos","scope":{"containerScope":{"containerScope":{"containerScope":{"containerScope":{"containerScope":{"containerScope":{"containerScope":{"containerScope":{"contributions":{},"includedScopes":[]},"contributions":{},"includedScopes":[]},"contributions":{},"includedScopes":[{"contributions":{},"includedScopes":[]},{"contributions":{},"includedScopes":[]},{"contributions":{},"includedScopes":[]}]},"contributions":{},"includedScopes":[{"containerScope":{"containerScope":{"containerScope":{"contributions":{},"includedScopes":[]},"contributions":{},"includedScopes":[]},"contributions":{},"includedScopes":[]},"contributions":{},"includedScopes":[]}]},"contributions":{},"includedScopes":[]},"contributions":{},"includedScopes":[]},"contributions":{},"includedScopes":[]},"contributions":{},"includedScopes":[]},"contributions":{},"includedScopes":[]},"sourceMap":{"end":{"column":65,"line":28,"offset":1323},"start":{"column":56,"line":28,"offset":1314}}}]]}},{"id":"f1869b16-ff37-49cd-b3ab-2f409601df69","metadata":[],"name":"cantCupo","scope":{"containerScope":{"containerScope":{"containerScope":{"containerScope":{"containerScope":{"containerScope":{"contributions":{},"includedScopes":[]},"contributions":{},"includedScopes":[]},"contributions":{},"includedScopes":[{"contributions":{},"includedScopes":[]},{"contributions":{},"includedScopes":[]},{"contributions":{},"includedScopes":[]}]},"contributions":{},"includedScopes":[{"containerScope":{"containerScope":{"containerScope":{"contributions":{},"includedScopes":[]},"contributions":{},"includedScopes":[]},"contributions":{},"includedScopes":[]},"contributions":{},"includedScopes":[]}]},"contributions":{},"includedScopes":[]},"contributions":{},"includedScopes":[]},"contributions":{},"includedScopes":[]},"sourceMap":{"end":{"column":46,"line":29,"offset":1372},"start":{"column":33,"line":29,"offset":1359}},"value":{"id":"a2ca9caf-1560-41a1-a35d-1471f8f368d3","metadata":[],"scope":{"containerScope":{"containerScope":{"containerScope":{"containerScope":{"containerScope":{"containerScope":{"containerScope":{"contributions":{},"includedScopes":[]},"contributions":{},"includedScopes":[]},"contributions":{},"includedScopes":[{"contributions":{},"includedScopes":[]},{"contributions":{},"includedScopes":[]},{"contributions":{},"includedScopes":[]}]},"contributions":{},"includedScopes":[{"containerScope":{"containerScope":{"containerScope":{"contributions":{},"includedScopes":[]},"contributions":{},"includedScopes":[]},"contributions":{},"includedScopes":[]},"contributions":{},"includedScopes":[]}]},"contributions":{},"includedScopes":[]},"contributions":{},"includedScopes":[]},"contributions":{},"includedScopes":[]},"contributions":{},"includedScopes":[]},"sourceMap":{"end":{"column":46,"line":29,"offset":1372},"start":{"column":44,"line":29,"offset":1370}},"value":35}}],"id":"07ccd7ff-8189-47c0-8372-e1405b288567","instantiated":{"id":"6d11fc6f-38b7-4c25-bf28-a59757a306b6","metadata":[],"name":"Materia","scope":{"containerScope":{"containerScope":{"containerScope":{"containerScope":{"containerScope":{"containerScope":{"contributions":{},"includedScopes":[]},"contributions":{},"includedScopes":[]},"contributions":{},"includedScopes":[{"contributions":{},"includedScopes":[]},{"contributions":{},"includedScopes":[]},{"contributions":{},"includedScopes":[]}]},"contributions":{},"includedScopes":[{"containerScope":{"containerScope":{"containerScope":{"contributions":{},"includedScopes":[]},"contributions":{},"includedScopes":[]},"contributions":{},"includedScopes":[]},"contributions":{},"includedScopes":[]}]},"contributions":{},"includedScopes":[]},"contributions":{},"includedScopes":[]},"contributions":{},"includedScopes":[]},"sourceMap":{"end":{"column":33,"line":27,"offset":1210},"start":{"column":26,"line":27,"offset":1203}}},"metadata":[],"scope":{"containerScope":{"containerScope":{"containerScope":{"containerScope":{"containerScope":{"contributions":{},"includedScopes":[]},"contributions":{},"includedScopes":[]},"contributions":{},"includedScopes":[{"contributions":{},"includedScopes":[]},{"contributions":{},"includedScopes":[]},{"contributions":{},"includedScopes":[]}]},"contributions":{},"includedScopes":[{"containerScope":{"containerScope":{"containerScope":{"contributions":{},"includedScopes":[]},"contributions":{},"includedScopes":[]},"contributions":{},"includedScopes":[]},"contributions":{},"includedScopes":[]}]},"contributions":{},"includedScopes":[]},"contributions":{},"includedScopes":[]},"sourceMap":{"end":{"column":47,"line":29,"offset":1373},"start":{"column":22,"line":27,"offset":1199}}}},{"id":"1165c6dc-0b72-464c-a290-56905c546e8b","isConstant":true,"isProperty":false,"metadata":[{"args":{"position":"start","text":"//Materias Sin requisitos"},"name":"comment"}],"name":"matematica1","scope":{"containerScope":{"containerScope":{"containerScope":{"containerScope":{"contributions":{},"includedScopes":[]},"contributions":{},"includedScopes":[]},"contributions":{},"includedScopes":[{"contributions":{},"includedScopes":[]},{"contributions":{},"includedScopes":[]},{"contributions":{},"includedScopes":[]}]},"contributions":{},"includedScopes":[{"containerScope":{"containerScope":{"containerScope":{"contributions":{},"includedScopes":[]},"contributions":{},"includedScopes":[]},"contributions":{},"includedScopes":[]},"contributions":{},"includedScopes":[]}]},"contributions":{},"includedScopes":[]},"sourceMap":{"end":{"column":51,"line":33,"offset":1525},"start":{"column":5,"line":32,"offset":1410}},"value":{"args":[{"id":"9f6ddf2f-53ec-4561-8af1-c2730150a92e","metadata":[],"name":"nombreMateria","scope":{"containerScope":{"containerScope":{"containerScope":{"containerScope":{"containerScope":{"containerScope":{"contributions":{},"includedScopes":[]},"contributions":{},"includedScopes":[]},"contributions":{},"includedScopes":[{"contributions":{},"includedScopes":[]},{"contributions":{},"includedScopes":[]},{"contributions":{},"includedScopes":[]}]},"contributions":{},"includedScopes":[{"containerScope":{"containerScope":{"containerScope":{"contributions":{},"includedScopes":[]},"contributions":{},"includedScopes":[]},"contributions":{},"includedScopes":[]},"contributions":{},"includedScopes":[]}]},"contributions":{},"includedScopes":[]},"contributions":{},"includedScopes":[]},"contributions":{},"includedScopes":[]},"sourceMap":{"end":{"column":66,"line":32,"offset":1471},"start":{"column":37,"line":32,"offset":1442}},"value":{"id":"bf99c1fb-02b6-4f46-834b-3f72fc691df3","metadata":[],"scope":{"containerScope":{"containerScope":{"containerScope":{"containerScope":{"containerScope":{"containerScope":{"containerScope":{"contributions":{},"includedScopes":[]},"contributions":{},"includedScopes":[]},"contributions":{},"includedScopes":[{"contributions":{},"includedScopes":[]},{"contributions":{},"includedScopes":[]},{"contributions":{},"includedScopes":[]}]},"contributions":{},"includedScopes":[{"containerScope":{"containerScope":{"containerScope":{"contributions":{},"includedScopes":[]},"contributions":{},"includedScopes":[]},"contributions":{},"includedScopes":[]},"contributions":{},"includedScopes":[]}]},"contributions":{},"includedScopes":[]},"contributions":{},"includedScopes":[]},"contributions":{},"includedScopes":[]},"contributions":{},"includedScopes":[]},"sourceMap":{"end":{"column":66,"line":32,"offset":1471},"start":{"column":53,"line":32,"offset":1458}},"value":"Matematica1"}},{"id":"edf8e608-86a4-4239-8809-a3e5e19f92a8","metadata":[],"name":"cantCupo","scope":{"containerScope":{"containerScope":{"containerScope":{"containerScope":{"containerScope":{"containerScope":{"contributions":{},"includedScopes":[]},"contributions":{},"includedScopes":[]},"contributions":{},"includedScopes":[{"contributions":{},"includedScopes":[]},{"contributions":{},"includedScopes":[]},{"contributions":{},"includedScopes":[]}]},"contributions":{},"includedScopes":[{"containerScope":{"containerScope":{"containerScope":{"contributions":{},"includedScopes":[]},"contributions":{},"includedScopes":[]},"contributions":{},"includedScopes":[]},"contributions":{},"includedScopes":[]}]},"contributions":{},"includedScopes":[]},"contributions":{},"includedScopes":[]},"contributions":{},"includedScopes":[]},"sourceMap":{"end":{"column":50,"line":33,"offset":1524},"start":{"column":37,"line":33,"offset":1511}},"value":{"id":"a84e8de4-8465-4a7e-9921-fcc7ba11ade1","metadata":[],"scope":{"containerScope":{"containerScope":{"containerScope":{"containerScope":{"containerScope":{"containerScope":{"containerScope":{"contributions":{},"includedScopes":[]},"contributions":{},"includedScopes":[]},"contributions":{},"includedScopes":[{"contributions":{},"includedScopes":[]},{"contributions":{},"includedScopes":[]},{"contributions":{},"includedScopes":[]}]},"contributions":{},"includedScopes":[{"containerScope":{"containerScope":{"containerScope":{"contributions":{},"includedScopes":[]},"contributions":{},"includedScopes":[]},"contributions":{},"includedScopes":[]},"contributions":{},"includedScopes":[]}]},"contributions":{},"includedScopes":[]},"contributions":{},"includedScopes":[]},"contributions":{},"includedScopes":[]},"contributions":{},"includedScopes":[]},"sourceMap":{"end":{"column":50,"line":33,"offset":1524},"start":{"column":48,"line":33,"offset":1522}},"value":35}}],"id":"34ee0dc5-515c-4a4d-8f9b-e0bfe6e356f4","instantiated":{"id":"127cca2f-c372-498f-99e2-ee18f4a0328b","metadata":[],"name":"Materia","scope":{"containerScope":{"containerScope":{"containerScope":{"containerScope":{"containerScope":{"containerScope":{"contributions":{},"includedScopes":[]},"contributions":{},"includedScopes":[]},"contributions":{},"includedScopes":[{"contributions":{},"includedScopes":[]},{"contributions":{},"includedScopes":[]},{"contributions":{},"includedScopes":[]}]},"contributions":{},"includedScopes":[{"containerScope":{"containerScope":{"containerScope":{"contributions":{},"includedScopes":[]},"contributions":{},"includedScopes":[]},"contributions":{},"includedScopes":[]},"contributions":{},"includedScopes":[]}]},"contributions":{},"includedScopes":[]},"contributions":{},"includedScopes":[]},"contributions":{},"includedScopes":[]},"sourceMap":{"end":{"column":36,"line":32,"offset":1441},"start":{"column":29,"line":32,"offset":1434}}},"metadata":[],"scope":{"containerScope":{"containerScope":{"containerScope":{"containerScope":{"containerScope":{"contributions":{},"includedScopes":[]},"contributions":{},"includedScopes":[]},"contributions":{},"includedScopes":[{"contributions":{},"includedScopes":[]},{"contributions":{},"includedScopes":[]},{"contributions":{},"includedScopes":[]}]},"contributions":{},"includedScopes":[{"containerScope":{"containerScope":{"containerScope":{"contributions":{},"includedScopes":[]},"contributions":{},"includedScopes":[]},"contributions":{},"includedScopes":[]},"contributions":{},"includedScopes":[]}]},"contributions":{},"includedScopes":[]},"contributions":{},"includedScopes":[]},"sourceMap":{"end":{"column":51,"line":33,"offset":1525},"start":{"column":25,"line":32,"offset":1430}}}},{"id":"e9c786cb-67ae-45a9-848b-92faf80908ce","isConstant":true,"isProperty":false,"metadata":[],"name":"baseDeDatos","scope":{"containerScope":{"containerScope":{"containerScope":{"containerScope":{"contributions":{},"includedScopes":[]},"contributions":{},"includedScopes":[]},"contributions":{},"includedScopes":[{"contributions":{},"includedScopes":[]},{"contributions":{},"includedScopes":[]},{"contributions":{},"includedScopes":[]}]},"contributions":{},"includedScopes":[{"containerScope":{"containerScope":{"containerScope":{"contributions":{},"includedScopes":[]},"contributions":{},"includedScopes":[]},"contributions":{},"includedScopes":[]},"contributions":{},"includedScopes":[]}]},"contributions":{},"includedScopes":[]},"sourceMap":{"end":{"column":51,"line":36,"offset":1650},"start":{"column":5,"line":35,"offset":1533}},"value":{"args":[{"id":"e11162f2-1bd0-439a-a3e9-d4f8fcea734b","metadata":[],"name":"nombreMateria","scope":{"containerScope":{"containerScope":{"containerScope":{"containerScope":{"containerScope":{"containerScope":{"contributions":{},"includedScopes":[]},"contributions":{},"includedScopes":[]},"contributions":{},"includedScopes":[{"contributions":{},"includedScopes":[]},{"contributions":{},"includedScopes":[]},{"contributions":{},"includedScopes":[]}]},"contributions":{},"includedScopes":[{"containerScope":{"containerScope":{"containerScope":{"contributions":{},"includedScopes":[]},"contributions":{},"includedScopes":[]},"contributions":{},"includedScopes":[]},"contributions":{},"includedScopes":[]}]},"contributions":{},"includedScopes":[]},"contributions":{},"includedScopes":[]},"contributions":{},"includedScopes":[]},"sourceMap":{"end":{"column":68,"line":35,"offset":1596},"start":{"column":37,"line":35,"offset":1565}},"value":{"id":"625d769f-d2bc-4184-8aeb-6d469e029815","metadata":[],"scope":{"containerScope":{"containerScope":{"containerScope":{"containerScope":{"containerScope":{"containerScope":{"containerScope":{"contributions":{},"includedScopes":[]},"contributions":{},"includedScopes":[]},"contributions":{},"includedScopes":[{"contributions":{},"includedScopes":[]},{"contributions":{},"includedScopes":[]},{"contributions":{},"includedScopes":[]}]},"contributions":{},"includedScopes":[{"containerScope":{"containerScope":{"containerScope":{"contributions":{},"includedScopes":[]},"contributions":{},"includedScopes":[]},"contributions":{},"includedScopes":[]},"contributions":{},"includedScopes":[]}]},"contributions":{},"includedScopes":[]},"contributions":{},"includedScopes":[]},"contributions":{},"includedScopes":[]},"contributions":{},"includedScopes":[]},"sourceMap":{"end":{"column":68,"line":35,"offset":1596},"start":{"column":53,"line":35,"offset":1581}},"value":"Base de Datos"}},{"id":"b57b7d80-2911-489d-9c65-03de27191ea8","metadata":[],"name":"cantCupo","scope":{"containerScope":{"containerScope":{"containerScope":{"containerScope":{"containerScope":{"containerScope":{"contributions":{},"includedScopes":[]},"contributions":{},"includedScopes":[]},"contributions":{},"includedScopes":[{"contributions":{},"includedScopes":[]},{"contributions":{},"includedScopes":[]},{"contributions":{},"includedScopes":[]}]},"contributions":{},"includedScopes":[{"containerScope":{"containerScope":{"containerScope":{"contributions":{},"includedScopes":[]},"contributions":{},"includedScopes":[]},"contributions":{},"includedScopes":[]},"contributions":{},"includedScopes":[]}]},"contributions":{},"includedScopes":[]},"contributions":{},"includedScopes":[]},"contributions":{},"includedScopes":[]},"sourceMap":{"end":{"column":50,"line":36,"offset":1649},"start":{"column":37,"line":36,"offset":1636}},"value":{"id":"b4b45afc-0557-424f-8d2a-6c3ea95b9c6c","metadata":[],"scope":{"containerScope":{"containerScope":{"containerScope":{"containerScope":{"containerScope":{"containerScope":{"containerScope":{"contributions":{},"includedScopes":[]},"contributions":{},"includedScopes":[]},"contributions":{},"includedScopes":[{"contributions":{},"includedScopes":[]},{"contributions":{},"includedScopes":[]},{"contributions":{},"includedScopes":[]}]},"contributions":{},"includedScopes":[{"containerScope":{"containerScope":{"containerScope":{"contributions":{},"includedScopes":[]},"contributions":{},"includedScopes":[]},"contributions":{},"includedScopes":[]},"contributions":{},"includedScopes":[]}]},"contributions":{},"includedScopes":[]},"contributions":{},"includedScopes":[]},"contributions":{},"includedScopes":[]},"contributions":{},"includedScopes":[]},"sourceMap":{"end":{"column":50,"line":36,"offset":1649},"start":{"column":48,"line":36,"offset":1647}},"value":45}}],"id":"6221c829-3bde-4b0f-966d-c2fa11a88deb","instantiated":{"id":"8bb5e824-a116-484b-b445-03d5e21cfd32","metadata":[],"name":"Materia","scope":{"containerScope":{"containerScope":{"containerScope":{"containerScope":{"containerScope":{"containerScope":{"contributions":{},"includedScopes":[]},"contributions":{},"includedScopes":[]},"contributions":{},"includedScopes":[{"contributions":{},"includedScopes":[]},{"contributions":{},"includedScopes":[]},{"contributions":{},"includedScopes":[]}]},"contributions":{},"includedScopes":[{"containerScope":{"containerScope":{"containerScope":{"contributions":{},"includedScopes":[]},"contributions":{},"includedScopes":[]},"contributions":{},"includedScopes":[]},"contributions":{},"includedScopes":[]}]},"contributions":{},"includedScopes":[]},"contributions":{},"includedScopes":[]},"contributions":{},"includedScopes":[]},"sourceMap":{"end":{"column":36,"line":35,"offset":1564},"start":{"column":29,"line":35,"offset":1557}}},"metadata":[],"scope":{"containerScope":{"containerScope":{"containerScope":{"containerScope":{"containerScope":{"contributions":{},"includedScopes":[]},"contributions":{},"includedScopes":[]},"contributions":{},"includedScopes":[{"contributions":{},"includedScopes":[]},{"contributions":{},"includedScopes":[]},{"contributions":{},"includedScopes":[]}]},"contributions":{},"includedScopes":[{"containerScope":{"containerScope":{"containerScope":{"contributions":{},"includedScopes":[]},"contributions":{},"includedScopes":[]},"contributions":{},"includedScopes":[]},"contributions":{},"includedScopes":[]}]},"contributions":{},"includedScopes":[]},"contributions":{},"includedScopes":[]},"sourceMap":{"end":{"column":51,"line":36,"offset":1650},"start":{"column":25,"line":35,"offset":1553}}}},{"id":"8ae39332-8a30-472e-9897-eb89142ccd57","isConstant":true,"isProperty":false,"metadata":[],"name":"biologia1","scope":{"containerScope":{"containerScope":{"containerScope":{"containerScope":{"contributions":{},"includedScopes":[]},"contributions":{},"includedScopes":[]},"contributions":{},"includedScopes":[{"contributions":{},"includedScopes":[]},{"contributions":{},"includedScopes":[]},{"contributions":{},"includedScopes":[]}]},"contributions":{},"includedScopes":[{"containerScope":{"containerScope":{"containerScope":{"contributions":{},"includedScopes":[]},"contributions":{},"includedScopes":[]},"contributions":{},"includedScopes":[]},"contributions":{},"includedScopes":[]}]},"contributions":{},"includedScopes":[]},"sourceMap":{"end":{"column":51,"line":39,"offset":1774},"start":{"column":5,"line":38,"offset":1662}},"value":{"args":[{"id":"e0c89a0d-f3d1-4284-86a4-e00f6152bd4f","metadata":[],"name":"nombreMateria","scope":{"containerScope":{"containerScope":{"containerScope":{"containerScope":{"containerScope":{"containerScope":{"contributions":{},"includedScopes":[]},"contributions":{},"includedScopes":[]},"contributions":{},"includedScopes":[{"contributions":{},"includedScopes":[]},{"contributions":{},"includedScopes":[]},{"contributions":{},"includedScopes":[]}]},"contributions":{},"includedScopes":[{"containerScope":{"containerScope":{"containerScope":{"contributions":{},"includedScopes":[]},"contributions":{},"includedScopes":[]},"contributions":{},"includedScopes":[]},"contributions":{},"includedScopes":[]}]},"contributions":{},"includedScopes":[]},"contributions":{},"includedScopes":[]},"contributions":{},"includedScopes":[]},"sourceMap":{"end":{"column":63,"line":38,"offset":1720},"start":{"column":35,"line":38,"offset":1692}},"value":{"id":"a42f7c73-b9ec-40ca-9a5b-4c53b3da79f8","metadata":[],"scope":{"containerScope":{"containerScope":{"containerScope":{"containerScope":{"containerScope":{"containerScope":{"containerScope":{"contributions":{},"includedScopes":[]},"contributions":{},"includedScopes":[]},"contributions":{},"includedScopes":[{"contributions":{},"includedScopes":[]},{"contributions":{},"includedScopes":[]},{"contributions":{},"includedScopes":[]}]},"contributions":{},"includedScopes":[{"containerScope":{"containerScope":{"containerScope":{"contributions":{},"includedScopes":[]},"contributions":{},"includedScopes":[]},"contributions":{},"includedScopes":[]},"contributions":{},"includedScopes":[]}]},"contributions":{},"includedScopes":[]},"contributions":{},"includedScopes":[]},"contributions":{},"includedScopes":[]},"contributions":{},"includedScopes":[]},"sourceMap":{"end":{"column":63,"line":38,"offset":1720},"start":{"column":51,"line":38,"offset":1708}},"value":"Biologia 1"}},{"id":"e40806e3-8a5a-4513-ad70-f3b0948327f1","metadata":[],"name":"cantCupo","scope":{"containerScope":{"containerScope":{"containerScope":{"containerScope":{"containerScope":{"containerScope":{"contributions":{},"includedScopes":[]},"contributions":{},"includedScopes":[]},"contributions":{},"includedScopes":[{"contributions":{},"includedScopes":[]},{"contributions":{},"includedScopes":[]},{"contributions":{},"includedScopes":[]}]},"contributions":{},"includedScopes":[{"containerScope":{"containerScope":{"containerScope":{"contributions":{},"includedScopes":[]},"contributions":{},"includedScopes":[]},"contributions":{},"includedScopes":[]},"contributions":{},"includedScopes":[]}]},"contributions":{},"includedScopes":[]},"contributions":{},"includedScopes":[]},"contributions":{},"includedScopes":[]},"sourceMap":{"end":{"column":50,"line":39,"offset":1773},"start":{"column":37,"line":39,"offset":1760}},"value":{"id":"6e5cbec6-bb29-48f9-884b-c3e57c980d66","metadata":[],"scope":{"containerScope":{"containerScope":{"containerScope":{"containerScope":{"containerScope":{"containerScope":{"containerScope":{"contributions":{},"includedScopes":[]},"contributions":{},"includedScopes":[]},"contributions":{},"includedScopes":[{"contributions":{},"includedScopes":[]},{"contributions":{},"includedScopes":[]},{"contributions":{},"includedScopes":[]}]},"contributions":{},"includedScopes":[{"containerScope":{"containerScope":{"containerScope":{"contributions":{},"includedScopes":[]},"contributions":{},"includedScopes":[]},"contributions":{},"includedScopes":[]},"contributions":{},"includedScopes":[]}]},"contributions":{},"includedScopes":[]},"contributions":{},"includedScopes":[]},"contributions":{},"includedScopes":[]},"contributions":{},"includedScopes":[]},"sourceMap":{"end":{"column":50,"line":39,"offset":1773},"start":{"column":48,"line":39,"offset":1771}},"value":20}}],"id":"8770c927-3a4b-4cdb-accb-93aea653d437","instantiated":{"id":"2ecf25a3-cae9-4e3d-a665-5644633977dd","metadata":[],"name":"Materia","scope":{"containerScope":{"containerScope":{"containerScope":{"containerScope":{"containerScope":{"containerScope":{"contributions":{},"includedScopes":[]},"contributions":{},"includedScopes":[]},"contributions":{},"includedScopes":[{"contributions":{},"includedScopes":[]},{"contributions":{},"includedScopes":[]},{"contributions":{},"includedScopes":[]}]},"contributions":{},"includedScopes":[{"containerScope":{"containerScope":{"containerScope":{"contributions":{},"includedScopes":[]},"contributions":{},"includedScopes":[]},"contributions":{},"includedScopes":[]},"contributions":{},"includedScopes":[]}]},"contributions":{},"includedScopes":[]},"contributions":{},"includedScopes":[]},"contributions":{},"includedScopes":[]},"sourceMap":{"end":{"column":34,"line":38,"offset":1691},"start":{"column":27,"line":38,"offset":1684}}},"metadata":[],"scope":{"containerScope":{"containerScope":{"containerScope":{"containerScope":{"containerScope":{"contributions":{},"includedScopes":[]},"contributions":{},"includedScopes":[]},"contributions":{},"includedScopes":[{"contributions":{},"includedScopes":[]},{"contributions":{},"includedScopes":[]},{"contributions":{},"includedScopes":[]}]},"contributions":{},"includedScopes":[{"containerScope":{"containerScope":{"containerScope":{"contributions":{},"includedScopes":[]},"contributions":{},"includedScopes":[]},"contributions":{},"includedScopes":[]},"contributions":{},"includedScopes":[]}]},"contributions":{},"includedScopes":[]},"contributions":{},"includedScopes":[]},"sourceMap":{"end":{"column":51,"line":39,"offset":1774},"start":{"column":23,"line":38,"offset":1680}}}},{"id":"21a5b8c0-3cfe-4ed7-ad3d-8a3c0a4f3a24","isConstant":true,"isProperty":false,"metadata":[],"name":"elementos","scope":{"containerScope":{"containerScope":{"containerScope":{"containerScope":{"contributions":{},"includedScopes":[]},"contributions":{},"includedScopes":[]},"contributions":{},"includedScopes":[{"contributions":{},"includedScopes":[]},{"contributions":{},"includedScopes":[]},{"contributions":{},"includedScopes":[]}]},"contributions":{},"includedScopes":[{"containerScope":{"containerScope":{"containerScope":{"contributions":{},"includedScopes":[]},"contributions":{},"includedScopes":[]},"contributions":{},"includedScopes":[]},"contributions":{},"includedScopes":[]}]},"contributions":{},"includedScopes":[]},"sourceMap":{"end":{"column":51,"line":42,"offset":1909},"start":{"column":5,"line":41,"offset":1782}},"value":{"args":[{"id":"06560d39-3c8d-435d-ab36-895d1919d956","metadata":[],"name":"nombreMateria","scope":{"containerScope":{"containerScope":{"containerScope":{"containerScope":{"containerScope":{"containerScope":{"contributions":{},"includedScopes":[]},"contributions":{},"includedScopes":[]},"contributions":{},"includedScopes":[{"contributions":{},"includedScopes":[]},{"contributions":{},"includedScopes":[]},{"contributions":{},"includedScopes":[]}]},"contributions":{},"includedScopes":[{"containerScope":{"containerScope":{"containerScope":{"contributions":{},"includedScopes":[]},"contributions":{},"includedScopes":[]},"contributions":{},"includedScopes":[]},"contributions":{},"includedScopes":[]}]},"contributions":{},"includedScopes":[]},"contributions":{},"includedScopes":[]},"contributions":{},"includedScopes":[]},"sourceMap":{"end":{"column":78,"line":41,"offset":1855},"start":{"column":35,"line":41,"offset":1812}},"value":{"id":"320f3e3f-fdd7-441e-a27f-43624732282f","metadata":[],"scope":{"containerScope":{"containerScope":{"containerScope":{"containerScope":{"containerScope":{"containerScope":{"containerScope":{"contributions":{},"includedScopes":[]},"contributions":{},"includedScopes":[]},"contributions":{},"includedScopes":[{"contributions":{},"includedScopes":[]},{"contributions":{},"includedScopes":[]},{"contributions":{},"includedScopes":[]}]},"contributions":{},"includedScopes":[{"containerScope":{"containerScope":{"containerScope":{"contributions":{},"includedScopes":[]},"contributions":{},"includedScopes":[]},"contributions":{},"includedScopes":[]},"contributions":{},"includedScopes":[]}]},"contributions":{},"includedScopes":[]},"contributions":{},"includedScopes":[]},"contributions":{},"includedScopes":[]},"contributions":{},"includedScopes":[]},"sourceMap":{"end":{"column":78,"line":41,"offset":1855},"start":{"column":51,"line":41,"offset":1828}},"value":"Elementos de Programacion"}},{"id":"a9007c3b-1e64-43bc-91c4-585fe2108011","metadata":[],"name":"cantCupo","scope":{"containerScope":{"containerScope":{"containerScope":{"containerScope":{"containerScope":{"containerScope":{"contributions":{},"includedScopes":[]},"contributions":{},"includedScopes":[]},"contributions":{},"includedScopes":[{"contributions":{},"includedScopes":[]},{"contributions":{},"includedScopes":[]},{"contributions":{},"includedScopes":[]}]},"contributions":{},"includedScopes":[{"containerScope":{"containerScope":{"containerScope":{"contributions":{},"includedScopes":[]},"contributions":{},"includedScopes":[]},"contributions":{},"includedScopes":[]},"contributions":{},"includedScopes":[]}]},"contributions":{},"includedScopes":[]},"contributions":{},"includedScopes":[]},"contributions":{},"includedScopes":[]},"sourceMap":{"end":{"column":50,"line":42,"offset":1908},"start":{"column":37,"line":42,"offset":1895}},"value":{"id":"8730987d-3861-4a2c-8dca-2bca2fcbe6c2","metadata":[],"scope":{"containerScope":{"containerScope":{"containerScope":{"containerScope":{"containerScope":{"containerScope":{"containerScope":{"contributions":{},"includedScopes":[]},"contributions":{},"includedScopes":[]},"contributions":{},"includedScopes":[{"contributions":{},"includedScopes":[]},{"contributions":{},"includedScopes":[]},{"contributions":{},"includedScopes":[]}]},"contributions":{},"includedScopes":[{"containerScope":{"containerScope":{"containerScope":{"contributions":{},"includedScopes":[]},"contributions":{},"includedScopes":[]},"contributions":{},"includedScopes":[]},"contributions":{},"includedScopes":[]}]},"contributions":{},"includedScopes":[]},"contributions":{},"includedScopes":[]},"contributions":{},"includedScopes":[]},"contributions":{},"includedScopes":[]},"sourceMap":{"end":{"column":50,"line":42,"offset":1908},"start":{"column":48,"line":42,"offset":1906}},"value":50}}],"id":"f0f5fa00-a143-4269-9544-dfeea868268a","instantiated":{"id":"8d4573bd-8682-4272-adba-12d82ea5b072","metadata":[],"name":"Materia","scope":{"containerScope":{"containerScope":{"containerScope":{"containerScope":{"containerScope":{"containerScope":{"contributions":{},"includedScopes":[]},"contributions":{},"includedScopes":[]},"contributions":{},"includedScopes":[{"contributions":{},"includedScopes":[]},{"contributions":{},"includedScopes":[]},{"contributions":{},"includedScopes":[]}]},"contributions":{},"includedScopes":[{"containerScope":{"containerScope":{"containerScope":{"contributions":{},"includedScopes":[]},"contributions":{},"includedScopes":[]},"contributions":{},"includedScopes":[]},"contributions":{},"includedScopes":[]}]},"contributions":{},"includedScopes":[]},"contributions":{},"includedScopes":[]},"contributions":{},"includedScopes":[]},"sourceMap":{"end":{"column":34,"line":41,"offset":1811},"start":{"column":27,"line":41,"offset":1804}}},"metadata":[],"scope":{"containerScope":{"containerScope":{"containerScope":{"containerScope":{"containerScope":{"contributions":{},"includedScopes":[]},"contributions":{},"includedScopes":[]},"contributions":{},"includedScopes":[{"contributions":{},"includedScopes":[]},{"contributions":{},"includedScopes":[]},{"contributions":{},"includedScopes":[]}]},"contributions":{},"includedScopes":[{"containerScope":{"containerScope":{"containerScope":{"contributions":{},"includedScopes":[]},"contributions":{},"includedScopes":[]},"contributions":{},"includedScopes":[]},"contributions":{},"includedScopes":[]}]},"contributions":{},"includedScopes":[]},"contributions":{},"includedScopes":[]},"sourceMap":{"end":{"column":51,"line":42,"offset":1909},"start":{"column":23,"line":41,"offset":1800}}}},{"id":"098e5175-f84e-456e-b253-7c25950dfc61","isConstant":true,"isProperty":false,"metadata":[],"name":"quimica","scope":{"containerScope":{"containerScope":{"containerScope":{"containerScope":{"contributions":{},"includedScopes":[]},"contributions":{},"includedScopes":[]},"contributions":{},"includedScopes":[{"contributions":{},"includedScopes":[]},{"contributions":{},"includedScopes":[]},{"contributions":{},"includedScopes":[]}]},"contributions":{},"includedScopes":[{"containerScope":{"containerScope":{"containerScope":{"contributions":{},"includedScopes":[]},"contributions":{},"includedScopes":[]},"contributions":{},"includedScopes":[]},"contributions":{},"includedScopes":[]}]},"contributions":{},"includedScopes":[]},"sourceMap":{"end":{"column":51,"line":45,"offset":2027},"start":{"column":5,"line":44,"offset":1920}},"value":{"args":[{"id":"bbf41f34-e517-48fc-b38f-be5c419ab77c","metadata":[],"name":"nombreMateria","scope":{"containerScope":{"containerScope":{"containerScope":{"containerScope":{"containerScope":{"containerScope":{"contributions":{},"includedScopes":[]},"contributions":{},"includedScopes":[]},"contributions":{},"includedScopes":[{"contributions":{},"includedScopes":[]},{"contributions":{},"includedScopes":[]},{"contributions":{},"includedScopes":[]}]},"contributions":{},"includedScopes":[{"containerScope":{"containerScope":{"containerScope":{"contributions":{},"includedScopes":[]},"contributions":{},"includedScopes":[]},"contributions":{},"includedScopes":[]},"contributions":{},"includedScopes":[]}]},"contributions":{},"includedScopes":[]},"contributions":{},"includedScopes":[]},"contributions":{},"includedScopes":[]},"sourceMap":{"end":{"column":58,"line":44,"offset":1973},"start":{"column":33,"line":44,"offset":1948}},"value":{"id":"280f37c0-c903-4899-979a-d1885a62bfa1","metadata":[],"scope":{"containerScope":{"containerScope":{"containerScope":{"containerScope":{"containerScope":{"containerScope":{"containerScope":{"contributions":{},"includedScopes":[]},"contributions":{},"includedScopes":[]},"contributions":{},"includedScopes":[{"contributions":{},"includedScopes":[]},{"contributions":{},"includedScopes":[]},{"contributions":{},"includedScopes":[]}]},"contributions":{},"includedScopes":[{"containerScope":{"containerScope":{"containerScope":{"contributions":{},"includedScopes":[]},"contributions":{},"includedScopes":[]},"contributions":{},"includedScopes":[]},"contributions":{},"includedScopes":[]}]},"contributions":{},"includedScopes":[]},"contributions":{},"includedScopes":[]},"contributions":{},"includedScopes":[]},"contributions":{},"includedScopes":[]},"sourceMap":{"end":{"column":58,"line":44,"offset":1973},"start":{"column":49,"line":44,"offset":1964}},"value":"Quimica"}},{"id":"f0a97e7c-48ec-4b50-a645-230eec2f27c2","metadata":[],"name":"cantCupo","scope":{"containerScope":{"containerScope":{"containerScope":{"containerScope":{"containerScope":{"containerScope":{"contributions":{},"includedScopes":[]},"contributions":{},"includedScopes":[]},"contributions":{},"includedScopes":[{"contributions":{},"includedScopes":[]},{"contributions":{},"includedScopes":[]},{"contributions":{},"includedScopes":[]}]},"contributions":{},"includedScopes":[{"containerScope":{"containerScope":{"containerScope":{"contributions":{},"includedScopes":[]},"contributions":{},"includedScopes":[]},"contributions":{},"includedScopes":[]},"contributions":{},"includedScopes":[]}]},"contributions":{},"includedScopes":[]},"contributions":{},"includedScopes":[]},"contributions":{},"includedScopes":[]},"sourceMap":{"end":{"column":50,"line":45,"offset":2026},"start":{"column":37,"line":45,"offset":2013}},"value":{"id":"0ecec9a4-04cf-41e2-83dd-4c869c5f4ac0","metadata":[],"scope":{"containerScope":{"containerScope":{"containerScope":{"containerScope":{"containerScope":{"containerScope":{"containerScope":{"contributions":{},"includedScopes":[]},"contributions":{},"includedScopes":[]},"contributions":{},"includedScopes":[{"contributions":{},"includedScopes":[]},{"contributions":{},"includedScopes":[]},{"contributions":{},"includedScopes":[]}]},"contributions":{},"includedScopes":[{"containerScope":{"containerScope":{"containerScope":{"contributions":{},"includedScopes":[]},"contributions":{},"includedScopes":[]},"contributions":{},"includedScopes":[]},"contributions":{},"includedScopes":[]}]},"contributions":{},"includedScopes":[]},"contributions":{},"includedScopes":[]},"contributions":{},"includedScopes":[]},"contributions":{},"includedScopes":[]},"sourceMap":{"end":{"column":50,"line":45,"offset":2026},"start":{"column":48,"line":45,"offset":2024}},"value":32}}],"id":"5b1470b0-9b03-4062-ae19-3e2197eb6648","instantiated":{"id":"fa02b81b-6ea1-41ed-add5-d83ebeb4bf2a","metadata":[],"name":"Materia","scope":{"containerScope":{"containerScope":{"containerScope":{"containerScope":{"containerScope":{"containerScope":{"contributions":{},"includedScopes":[]},"contributions":{},"includedScopes":[]},"contributions":{},"includedScopes":[{"contributions":{},"includedScopes":[]},{"contributions":{},"includedScopes":[]},{"contributions":{},"includedScopes":[]}]},"contributions":{},"includedScopes":[{"containerScope":{"containerScope":{"containerScope":{"contributions":{},"includedScopes":[]},"contributions":{},"includedScopes":[]},"contributions":{},"includedScopes":[]},"contributions":{},"includedScopes":[]}]},"contributions":{},"includedScopes":[]},"contributions":{},"includedScopes":[]},"contributions":{},"includedScopes":[]},"sourceMap":{"end":{"column":32,"line":44,"offset":1947},"start":{"column":25,"line":44,"offset":1940}}},"metadata":[],"scope":{"containerScope":{"containerScope":{"containerScope":{"containerScope":{"containerScope":{"contributions":{},"includedScopes":[]},"contributions":{},"includedScopes":[]},"contributions":{},"includedScopes":[{"contributions":{},"includedScopes":[]},{"contributions":{},"includedScopes":[]},{"contributions":{},"includedScopes":[]}]},"contributions":{},"includedScopes":[{"containerScope":{"containerScope":{"containerScope":{"contributions":{},"includedScopes":[]},"contributions":{},"includedScopes":[]},"contributions":{},"includedScopes":[]},"contributions":{},"includedScopes":[]}]},"contributions":{},"includedScopes":[]},"contributions":{},"includedScopes":[]},"sourceMap":{"end":{"column":51,"line":45,"offset":2027},"start":{"column":21,"line":44,"offset":1936}}}},{"id":"95fb14e5-0733-46bd-be35-c92921f894ea","isConstant":true,"isProperty":false,"metadata":[{"args":{"position":"start","text":"//Estudiantes"},"name":"comment"}],"name":"roque","scope":{"containerScope":{"containerScope":{"containerScope":{"containerScope":{"contributions":{},"includedScopes":[]},"contributions":{},"includedScopes":[]},"contributions":{},"includedScopes":[{"contributions":{},"includedScopes":[]},{"contributions":{},"includedScopes":[]},{"contributions":{},"includedScopes":[]}]},"contributions":{},"includedScopes":[{"containerScope":{"containerScope":{"containerScope":{"contributions":{},"includedScopes":[]},"contributions":{},"includedScopes":[]},"contributions":{},"includedScopes":[]},"contributions":{},"includedScopes":[]}]},"contributions":{},"includedScopes":[]},"sourceMap":{"end":{"column":37,"line":58,"offset":2811},"start":{"column":5,"line":50,"offset":2059}},"value":{"args":[{"id":"be833edf-ba2a-4fdd-a45a-650f0d7706c5","metadata":[],"name":"carrerasInscriptas","scope":{"containerScope":{"containerScope":{"containerScope":{"containerScope":{"containerScope":{"containerScope":{"contributions":{},"includedScopes":[]},"contributions":{},"includedScopes":[]},"contributions":{},"includedScopes":[{"contributions":{},"includedScopes":[]},{"contributions":{},"includedScopes":[]},{"contributions":{},"includedScopes":[]}]},"contributions":{},"includedScopes":[{"containerScope":{"containerScope":{"containerScope":{"contributions":{},"includedScopes":[]},"contributions":{},"includedScopes":[]},"contributions":{},"includedScopes":[]},"contributions":{},"includedScopes":[]}]},"contributions":{},"includedScopes":[]},"contributions":{},"includedScopes":[]},"contributions":{},"includedScopes":[]},"sourceMap":{"end":{"column":80,"line":50,"offset":2134},"start":{"column":34,"line":50,"offset":2088}},"value":{"id":"8a16429d-3ab9-45fc-9764-0640e2dbbc73","metadata":[],"scope":{"containerScope":{"containerScope":{"containerScope":{"containerScope":{"containerScope":{"containerScope":{"containerScope":{"contributions":{},"includedScopes":[]},"contributions":{},"includedScopes":[]},"contributions":{},"includedScopes":[{"contributions":{},"includedScopes":[]},{"contributions":{},"includedScopes":[]},{"contributions":{},"includedScopes":[]}]},"contributions":{},"includedScopes":[{"containerScope":{"containerScope":{"containerScope":{"contributions":{},"includedScopes":[]},"contributions":{},"includedScopes":[]},"contributions":{},"includedScopes":[]},"contributions":{},"includedScopes":[]}]},"contributions":{},"includedScopes":[]},"contributions":{},"includedScopes":[]},"contributions":{},"includedScopes":[]},"contributions":{},"includedScopes":[]},"sourceMap":{"end":{"column":80,"line":50,"offset":2134},"start":{"column":55,"line":50,"offset":2109}},"value":[{"id":"bfaa69c1-a9a1-4367-9873-009c4e598279","metadata":[],"name":"wollok.lang.Set","scope":{"containerScope":{"containerScope":{"containerScope":{"containerScope":{"containerScope":{"containerScope":{"containerScope":{"containerScope":{"contributions":{},"includedScopes":[]},"contributions":{},"includedScopes":[]},"contributions":{},"includedScopes":[{"contributions":{},"includedScopes":[]},{"contributions":{},"includedScopes":[]},{"contributions":{},"includedScopes":[]}]},"contributions":{},"includedScopes":[{"containerScope":{"containerScope":{"containerScope":{"contributions":{},"includedScopes":[]},"contributions":{},"includedScopes":[]},"contributions":{},"includedScopes":[]},"contributions":{},"includedScopes":[]}]},"contributions":{},"includedScopes":[]},"contributions":{},"includedScopes":[]},"contributions":{},"includedScopes":[]},"contributions":{},"includedScopes":[]},"contributions":{},"includedScopes":[]}},[{"id":"a288e53f-962e-4a9b-8f5c-f8c8fd364c7e","metadata":[],"name":"programacion","scope":{"containerScope":{"containerScope":{"containerScope":{"containerScope":{"containerScope":{"containerScope":{"containerScope":{"containerScope":{"contributions":{},"includedScopes":[]},"contributions":{},"includedScopes":[]},"contributions":{},"includedScopes":[{"contributions":{},"includedScopes":[]},{"contributions":{},"includedScopes":[]},{"contributions":{},"includedScopes":[]}]},"contributions":{},"includedScopes":[{"containerScope":{"containerScope":{"containerScope":{"contributions":{},"includedScopes":[]},"contributions":{},"includedScopes":[]},"contributions":{},"includedScopes":[]},"contributions":{},"includedScopes":[]}]},"contributions":{},"includedScopes":[]},"contributions":{},"includedScopes":[]},"contributions":{},"includedScopes":[]},"contributions":{},"includedScopes":[]},"contributions":{},"includedScopes":[]},"sourceMap":{"end":{"column":69,"line":50,"offset":2123},"start":{"column":57,"line":50,"offset":2111}}},{"id":"c4435b69-d64b-43ef-88df-bdeeaeda6e92","metadata":[],"name":"medicina","scope":{"containerScope":{"containerScope":{"containerScope":{"containerScope":{"containerScope":{"containerScope":{"containerScope":{"containerScope":{"contributions":{},"includedScopes":[]},"contributions":{},"includedScopes":[]},"contributions":{},"includedScopes":[{"contributions":{},"includedScopes":[]},{"contributions":{},"includedScopes":[]},{"contributions":{},"includedScopes":[]}]},"contributions":{},"includedScopes":[{"containerScope":{"containerScope":{"containerScope":{"contributions":{},"includedScopes":[]},"contributions":{},"includedScopes":[]},"contributions":{},"includedScopes":[]},"contributions":{},"includedScopes":[]}]},"contributions":{},"includedScopes":[]},"contributions":{},"includedScopes":[]},"contributions":{},"includedScopes":[]},"contributions":{},"includedScopes":[]},"contributions":{},"includedScopes":[]},"sourceMap":{"end":{"column":79,"line":50,"offset":2133},"start":{"column":71,"line":50,"offset":2125}}}]]}},{"id":"9ae6c393-32c0-4c8f-a8e0-403574a7295d","metadata":[],"name":"materiasAprobadas","scope":{"containerScope":{"containerScope":{"containerScope":{"containerScope":{"containerScope":{"containerScope":{"contributions":{},"includedScopes":[]},"contributions":{},"includedScopes":[]},"contributions":{},"includedScopes":[{"contributions":{},"includedScopes":[]},{"contributions":{},"includedScopes":[]},{"contributions":{},"includedScopes":[]}]},"contributions":{},"includedScopes":[{"containerScope":{"containerScope":{"containerScope":{"contributions":{},"includedScopes":[]},"contributions":{},"includedScopes":[]},"contributions":{},"includedScopes":[]},"contributions":{},"includedScopes":[]}]},"contributions":{},"includedScopes":[]},"contributions":{},"includedScopes":[]},"contributions":{},"includedScopes":[]},"sourceMap":{"end":{"column":36,"line":58,"offset":2810},"start":{"column":33,"line":51,"offset":2169}},"value":{"id":"5e566f31-3184-4a82-8cee-6966af00360b","metadata":[],"scope":{"containerScope":{"containerScope":{"containerScope":{"containerScope":{"containerScope":{"containerScope":{"containerScope":{"contributions":{},"includedScopes":[]},"contributions":{},"includedScopes":[]},"contributions":{},"includedScopes":[{"contributions":{},"includedScopes":[]},{"contributions":{},"includedScopes":[]},{"contributions":{},"includedScopes":[]}]},"contributions":{},"includedScopes":[{"containerScope":{"containerScope":{"containerScope":{"contributions":{},"includedScopes":[]},"contributions":{},"includedScopes":[]},"contributions":{},"includedScopes":[]},"contributions":{},"includedScopes":[]}]},"contributions":{},"includedScopes":[]},"contributions":{},"includedScopes":[]},"contributions":{},"includedScopes":[]},"contributions":{},"includedScopes":[]},"sourceMap":{"end":{"column":36,"line":58,"offset":2810},"start":{"column":53,"line":51,"offset":2189}},"value":[{"id":"ea90ce99-e4f4-4ee8-85af-7806e1b57bce","metadata":[],"name":"wollok.lang.List","scope":{"containerScope":{"containerScope":{"containerScope":{"containerScope":{"containerScope":{"containerScope":{"containerScope":{"containerScope":{"contributions":{},"includedScopes":[]},"contributions":{},"includedScopes":[]},"contributions":{},"includedScopes":[{"contributions":{},"includedScopes":[]},{"contributions":{},"includedScopes":[]},{"contributions":{},"includedScopes":[]}]},"contributions":{},"includedScopes":[{"containerScope":{"containerScope":{"containerScope":{"contributions":{},"includedScopes":[]},"contributions":{},"includedScopes":[]},"contributions":{},"includedScopes":[]},"contributions":{},"includedScopes":[]}]},"contributions":{},"includedScopes":[]},"contributions":{},"includedScopes":[]},"contributions":{},"includedScopes":[]},"contributions":{},"includedScopes":[]},"contributions":{},"includedScopes":[]}},[{"args":[{"id":"a7d7f5ac-371d-40fc-bf77-b7e2aa5e364f","metadata":[],"name":"materia","scope":{"containerScope":{"containerScope":{"containerScope":{"containerScope":{"containerScope":{"containerScope":{"containerScope":{"containerScope":{"containerScope":{"contributions":{},"includedScopes":[]},"contributions":{},"includedScopes":[]},"contributions":{},"includedScopes":[{"contributions":{},"includedScopes":[]},{"contributions":{},"includedScopes":[]},{"contributions":{},"includedScopes":[]}]},"contributions":{},"includedScopes":[{"containerScope":{"containerScope":{"containerScope":{"contributions":{},"includedScopes":[]},"contributions":{},"includedScopes":[]},"contributions":{},"includedScopes":[]},"contributions":{},"includedScopes":[]}]},"contributions":{},"includedScopes":[]},"contributions":{},"includedScopes":[]},"contributions":{},"includedScopes":[]},"contributions":{},"includedScopes":[]},"contributions":{},"includedScopes":[]},"contributions":{},"includedScopes":[]},"sourceMap":{"end":{"column":84,"line":52,"offset":2275},"start":{"column":65,"line":52,"offset":2256}},"value":{"id":"f844f79d-b573-442f-9efb-dc78f199e0b2","metadata":[],"name":"elementos","scope":{"containerScope":{"containerScope":{"containerScope":{"containerScope":{"containerScope":{"containerScope":{"containerScope":{"containerScope":{"containerScope":{"containerScope":{"contributions":{},"includedScopes":[]},"contributions":{},"includedScopes":[]},"contributions":{},"includedScopes":[{"contributions":{},"includedScopes":[]},{"contributions":{},"includedScopes":[]},{"contributions":{},"includedScopes":[]}]},"contributions":{},"includedScopes":[{"containerScope":{"containerScope":{"containerScope":{"contributions":{},"includedScopes":[]},"contributions":{},"includedScopes":[]},"contributions":{},"includedScopes":[]},"contributions":{},"includedScopes":[]}]},"contributions":{},"includedScopes":[]},"contributions":{},"includedScopes":[]},"contributions":{},"includedScopes":[]},"contributions":{},"includedScopes":[]},"contributions":{},"includedScopes":[]},"contributions":{},"includedScopes":[]},"contributions":{},"includedScopes":[]},"sourceMap":{"end":{"column":84,"line":52,"offset":2275},"start":{"column":75,"line":52,"offset":2266}}}},{"id":"a6ee04cc-7723-471f-95c5-281a86d02a79","metadata":[],"name":"nota","scope":{"containerScope":{"containerScope":{"containerScope":{"containerScope":{"containerScope":{"containerScope":{"containerScope":{"containerScope":{"containerScope":{"contributions":{},"includedScopes":[]},"contributions":{},"includedScopes":[]},"contributions":{},"includedScopes":[{"contributions":{},"includedScopes":[]},{"contributions":{},"includedScopes":[]},{"contributions":{},"includedScopes":[]}]},"contributions":{},"includedScopes":[{"containerScope":{"containerScope":{"containerScope":{"contributions":{},"includedScopes":[]},"contributions":{},"includedScopes":[]},"contributions":{},"includedScopes":[]},"contributions":{},"includedScopes":[]}]},"contributions":{},"includedScopes":[]},"contributions":{},"includedScopes":[]},"contributions":{},"includedScopes":[]},"contributions":{},"includedScopes":[]},"contributions":{},"includedScopes":[]},"contributions":{},"includedScopes":[]},"sourceMap":{"end":{"column":94,"line":52,"offset":2285},"start":{"column":86,"line":52,"offset":2277}},"value":{"id":"0b24281a-54c7-4933-8bcf-bc6acb1bcea5","metadata":[],"scope":{"containerScope":{"containerScope":{"containerScope":{"containerScope":{"containerScope":{"containerScope":{"containerScope":{"containerScope":{"containerScope":{"containerScope":{"contributions":{},"includedScopes":[]},"contributions":{},"includedScopes":[]},"contributions":{},"includedScopes":[{"contributions":{},"includedScopes":[]},{"contributions":{},"includedScopes":[]},{"contributions":{},"includedScopes":[]}]},"contributions":{},"includedScopes":[{"containerScope":{"containerScope":{"containerScope":{"contributions":{},"includedScopes":[]},"contributions":{},"includedScopes":[]},"contributions":{},"includedScopes":[]},"contributions":{},"includedScopes":[]}]},"contributions":{},"includedScopes":[]},"contributions":{},"includedScopes":[]},"contributions":{},"includedScopes":[]},"contributions":{},"includedScopes":[]},"contributions":{},"includedScopes":[]},"contributions":{},"includedScopes":[]},"contributions":{},"includedScopes":[]},"sourceMap":{"end":{"column":94,"line":52,"offset":2285},"start":{"column":93,"line":52,"offset":2284}},"value":8}}],"id":"00ba4264-948f-400e-9e33-39f5a428ab98","instantiated":{"id":"8382c330-9dfd-4733-abd9-7c887e2dfeb8","metadata":[],"name":"MateriaAprobada","scope":{"containerScope":{"containerScope":{"containerScope":{"containerScope":{"containerScope":{"containerScope":{"containerScope":{"containerScope":{"containerScope":{"contributions":{},"includedScopes":[]},"contributions":{},"includedScopes":[]},"contributions":{},"includedScopes":[{"contributions":{},"includedScopes":[]},{"contributions":{},"includedScopes":[]},{"contributions":{},"includedScopes":[]}]},"contributions":{},"includedScopes":[{"containerScope":{"containerScope":{"containerScope":{"contributions":{},"includedScopes":[]},"contributions":{},"includedScopes":[]},"contributions":{},"includedScopes":[]},"contributions":{},"includedScopes":[]}]},"contributions":{},"includedScopes":[]},"contributions":{},"includedScopes":[]},"contributions":{},"includedScopes":[]},"contributions":{},"includedScopes":[]},"contributions":{},"includedScopes":[]},"contributions":{},"includedScopes":[]},"sourceMap":{"end":{"column":64,"line":52,"offset":2255},"start":{"column":49,"line":52,"offset":2240}}},"metadata":[],"scope":{"containerScope":{"containerScope":{"containerScope":{"containerScope":{"containerScope":{"containerScope":{"containerScope":{"containerScope":{"contributions":{},"includedScopes":[]},"contributions":{},"includedScopes":[]},"contributions":{},"includedScopes":[{"contributions":{},"includedScopes":[]},{"contributions":{},"includedScopes":[]},{"contributions":{},"includedScopes":[]}]},"contributions":{},"includedScopes":[{"containerScope":{"containerScope":{"containerScope":{"contributions":{},"includedScopes":[]},"contributions":{},"includedScopes":[]},"contributions":{},"includedScopes":[]},"contributions":{},"includedScopes":[]}]},"contributions":{},"includedScopes":[]},"contributions":{},"includedScopes":[]},"contributions":{},"includedScopes":[]},"contributions":{},"includedScopes":[]},"contributions":{},"includedScopes":[]},"sourceMap":{"end":{"column":95,"line":52,"offset":2286},"start":{"column":45,"line":52,"offset":2236}}},{"args":[{"id":"fd71445d-b945-401e-8999-5948d3cdce54","metadata":[],"name":"materia","scope":{"containerScope":{"containerScope":{"containerScope":{"containerScope":{"containerScope":{"containerScope":{"containerScope":{"containerScope":{"containerScope":{"contributions":{},"includedScopes":[]},"contributions":{},"includedScopes":[]},"contributions":{},"includedScopes":[{"contributions":{},"includedScopes":[]},{"contributions":{},"includedScopes":[]},{"contributions":{},"includedScopes":[]}]},"contributions":{},"includedScopes":[{"containerScope":{"containerScope":{"containerScope":{"contributions":{},"includedScopes":[]},"contributions":{},"includedScopes":[]},"contributions":{},"includedScopes":[]},"contributions":{},"includedScopes":[]}]},"contributions":{},"includedScopes":[]},"contributions":{},"includedScopes":[]},"contributions":{},"includedScopes":[]},"contributions":{},"includedScopes":[]},"contributions":{},"includedScopes":[]},"contributions":{},"includedScopes":[]},"sourceMap":{"end":{"column":86,"line":53,"offset":2374},"start":{"column":65,"line":53,"offset":2353}},"value":{"id":"0dda6173-e506-4fcb-85cf-c488e8d12b0f","metadata":[],"name":"matematica1","scope":{"containerScope":{"containerScope":{"containerScope":{"containerScope":{"containerScope":{"containerScope":{"containerScope":{"containerScope":{"containerScope":{"containerScope":{"contributions":{},"includedScopes":[]},"contributions":{},"includedScopes":[]},"contributions":{},"includedScopes":[{"contributions":{},"includedScopes":[]},{"contributions":{},"includedScopes":[]},{"contributions":{},"includedScopes":[]}]},"contributions":{},"includedScopes":[{"containerScope":{"containerScope":{"containerScope":{"contributions":{},"includedScopes":[]},"contributions":{},"includedScopes":[]},"contributions":{},"includedScopes":[]},"contributions":{},"includedScopes":[]}]},"contributions":{},"includedScopes":[]},"contributions":{},"includedScopes":[]},"contributions":{},"includedScopes":[]},"contributions":{},"includedScopes":[]},"contributions":{},"includedScopes":[]},"contributions":{},"includedScopes":[]},"contributions":{},"includedScopes":[]},"sourceMap":{"end":{"column":86,"line":53,"offset":2374},"start":{"column":75,"line":53,"offset":2363}}}},{"id":"3bc53533-08da-4cde-9803-12d7cae3dc07","metadata":[],"name":"nota","scope":{"containerScope":{"containerScope":{"containerScope":{"containerScope":{"containerScope":{"containerScope":{"containerScope":{"containerScope":{"containerScope":{"contributions":{},"includedScopes":[]},"contributions":{},"includedScopes":[]},"contributions":{},"includedScopes":[{"contributions":{},"includedScopes":[]},{"contributions":{},"includedScopes":[]},{"contributions":{},"includedScopes":[]}]},"contributions":{},"includedScopes":[{"containerScope":{"containerScope":{"containerScope":{"contributions":{},"includedScopes":[]},"contributions":{},"includedScopes":[]},"contributions":{},"includedScopes":[]},"contributions":{},"includedScopes":[]}]},"contributions":{},"includedScopes":[]},"contributions":{},"includedScopes":[]},"contributions":{},"includedScopes":[]},"contributions":{},"includedScopes":[]},"contributions":{},"includedScopes":[]},"contributions":{},"includedScopes":[]},"sourceMap":{"end":{"column":96,"line":53,"offset":2384},"start":{"column":88,"line":53,"offset":2376}},"value":{"id":"8b7f8c39-fe76-4ddf-a23d-1e235f528c1d","metadata":[],"scope":{"containerScope":{"containerScope":{"containerScope":{"containerScope":{"containerScope":{"containerScope":{"containerScope":{"containerScope":{"containerScope":{"containerScope":{"contributions":{},"includedScopes":[]},"contributions":{},"includedScopes":[]},"contributions":{},"includedScopes":[{"contributions":{},"includedScopes":[]},{"contributions":{},"includedScopes":[]},{"contributions":{},"includedScopes":[]}]},"contributions":{},"includedScopes":[{"containerScope":{"containerScope":{"containerScope":{"contributions":{},"includedScopes":[]},"contributions":{},"includedScopes":[]},"contributions":{},"includedScopes":[]},"contributions":{},"includedScopes":[]}]},"contributions":{},"includedScopes":[]},"contributions":{},"includedScopes":[]},"contributions":{},"includedScopes":[]},"contributions":{},"includedScopes":[]},"contributions":{},"includedScopes":[]},"contributions":{},"includedScopes":[]},"contributions":{},"includedScopes":[]},"sourceMap":{"end":{"column":96,"line":53,"offset":2384},"start":{"column":95,"line":53,"offset":2383}},"value":7}}],"id":"f5d120fa-528a-4255-a90c-9534d67c8c45","instantiated":{"id":"fd4ccc65-633b-4294-8ac3-c9137093ec3c","metadata":[],"name":"MateriaAprobada","scope":{"containerScope":{"containerScope":{"containerScope":{"containerScope":{"containerScope":{"containerScope":{"containerScope":{"containerScope":{"containerScope":{"contributions":{},"includedScopes":[]},"contributions":{},"includedScopes":[]},"contributions":{},"includedScopes":[{"contributions":{},"includedScopes":[]},{"contributions":{},"includedScopes":[]},{"contributions":{},"includedScopes":[]}]},"contributions":{},"includedScopes":[{"containerScope":{"containerScope":{"containerScope":{"contributions":{},"includedScopes":[]},"contributions":{},"includedScopes":[]},"contributions":{},"includedScopes":[]},"contributions":{},"includedScopes":[]}]},"contributions":{},"includedScopes":[]},"contributions":{},"includedScopes":[]},"contributions":{},"includedScopes":[]},"contributions":{},"includedScopes":[]},"contributions":{},"includedScopes":[]},"contributions":{},"includedScopes":[]},"sourceMap":{"end":{"column":64,"line":53,"offset":2352},"start":{"column":49,"line":53,"offset":2337}}},"metadata":[],"scope":{"containerScope":{"containerScope":{"containerScope":{"containerScope":{"containerScope":{"containerScope":{"containerScope":{"containerScope":{"contributions":{},"includedScopes":[]},"contributions":{},"includedScopes":[]},"contributions":{},"includedScopes":[{"contributions":{},"includedScopes":[]},{"contributions":{},"includedScopes":[]},{"contributions":{},"includedScopes":[]}]},"contributions":{},"includedScopes":[{"containerScope":{"containerScope":{"containerScope":{"contributions":{},"includedScopes":[]},"contributions":{},"includedScopes":[]},"contributions":{},"includedScopes":[]},"contributions":{},"includedScopes":[]}]},"contributions":{},"includedScopes":[]},"contributions":{},"includedScopes":[]},"contributions":{},"includedScopes":[]},"contributions":{},"includedScopes":[]},"contributions":{},"includedScopes":[]},"sourceMap":{"end":{"column":97,"line":53,"offset":2385},"start":{"column":45,"line":53,"offset":2333}}},{"args":[{"id":"9fc47b6b-17da-4a9e-9bdf-d0f6ebe9965f","metadata":[],"name":"materia","scope":{"containerScope":{"containerScope":{"containerScope":{"containerScope":{"containerScope":{"containerScope":{"containerScope":{"containerScope":{"containerScope":{"contributions":{},"includedScopes":[]},"contributions":{},"includedScopes":[]},"contributions":{},"includedScopes":[{"contributions":{},"includedScopes":[]},{"contributions":{},"includedScopes":[]},{"contributions":{},"includedScopes":[]}]},"contributions":{},"includedScopes":[{"containerScope":{"containerScope":{"containerScope":{"contributions":{},"includedScopes":[]},"contributions":{},"includedScopes":[]},"contributions":{},"includedScopes":[]},"contributions":{},"includedScopes":[]}]},"contributions":{},"includedScopes":[]},"contributions":{},"includedScopes":[]},"contributions":{},"includedScopes":[]},"contributions":{},"includedScopes":[]},"contributions":{},"includedScopes":[]},"contributions":{},"includedScopes":[]},"sourceMap":{"end":{"column":83,"line":54,"offset":2470},"start":{"column":65,"line":54,"offset":2452}},"value":{"id":"949aab6a-aa10-4a7b-80ac-00b0e0896ba8","metadata":[],"name":"objetos1","scope":{"containerScope":{"containerScope":{"containerScope":{"containerScope":{"containerScope":{"containerScope":{"containerScope":{"containerScope":{"containerScope":{"containerScope":{"contributions":{},"includedScopes":[]},"contributions":{},"includedScopes":[]},"contributions":{},"includedScopes":[{"contributions":{},"includedScopes":[]},{"contributions":{},"includedScopes":[]},{"contributions":{},"includedScopes":[]}]},"contributions":{},"includedScopes":[{"containerScope":{"containerScope":{"containerScope":{"contributions":{},"includedScopes":[]},"contributions":{},"includedScopes":[]},"contributions":{},"includedScopes":[]},"contributions":{},"includedScopes":[]}]},"contributions":{},"includedScopes":[]},"contributions":{},"includedScopes":[]},"contributions":{},"includedScopes":[]},"contributions":{},"includedScopes":[]},"contributions":{},"includedScopes":[]},"contributions":{},"includedScopes":[]},"contributions":{},"includedScopes":[]},"sourceMap":{"end":{"column":83,"line":54,"offset":2470},"start":{"column":75,"line":54,"offset":2462}}}},{"id":"efa550fa-bad7-4daa-9a7f-6815ad3b4bcf","metadata":[],"name":"nota","scope":{"containerScope":{"containerScope":{"containerScope":{"containerScope":{"containerScope":{"containerScope":{"containerScope":{"containerScope":{"containerScope":{"contributions":{},"includedScopes":[]},"contributions":{},"includedScopes":[]},"contributions":{},"includedScopes":[{"contributions":{},"includedScopes":[]},{"contributions":{},"includedScopes":[]},{"contributions":{},"includedScopes":[]}]},"contributions":{},"includedScopes":[{"containerScope":{"containerScope":{"containerScope":{"contributions":{},"includedScopes":[]},"contributions":{},"includedScopes":[]},"contributions":{},"includedScopes":[]},"contributions":{},"includedScopes":[]}]},"contributions":{},"includedScopes":[]},"contributions":{},"includedScopes":[]},"contributions":{},"includedScopes":[]},"contributions":{},"includedScopes":[]},"contributions":{},"includedScopes":[]},"contributions":{},"includedScopes":[]},"sourceMap":{"end":{"column":93,"line":54,"offset":2480},"start":{"column":85,"line":54,"offset":2472}},"value":{"id":"f1839a70-794a-4b0c-80d9-d66d4671e1d2","metadata":[],"scope":{"containerScope":{"containerScope":{"containerScope":{"containerScope":{"containerScope":{"containerScope":{"containerScope":{"containerScope":{"containerScope":{"containerScope":{"contributions":{},"includedScopes":[]},"contributions":{},"includedScopes":[]},"contributions":{},"includedScopes":[{"contributions":{},"includedScopes":[]},{"contributions":{},"includedScopes":[]},{"contributions":{},"includedScopes":[]}]},"contributions":{},"includedScopes":[{"containerScope":{"containerScope":{"containerScope":{"contributions":{},"includedScopes":[]},"contributions":{},"includedScopes":[]},"contributions":{},"includedScopes":[]},"contributions":{},"includedScopes":[]}]},"contributions":{},"includedScopes":[]},"contributions":{},"includedScopes":[]},"contributions":{},"includedScopes":[]},"contributions":{},"includedScopes":[]},"contributions":{},"includedScopes":[]},"contributions":{},"includedScopes":[]},"contributions":{},"includedScopes":[]},"sourceMap":{"end":{"column":93,"line":54,"offset":2480},"start":{"column":92,"line":54,"offset":2479}},"value":9}}],"id":"e0768cf9-22f5-45de-9277-301cf21f3331","instantiated":{"id":"7eb54a77-477c-4828-ae14-24c07f1a32de","metadata":[],"name":"MateriaAprobada","scope":{"containerScope":{"containerScope":{"containerScope":{"containerScope":{"containerScope":{"containerScope":{"containerScope":{"containerScope":{"containerScope":{"contributions":{},"includedScopes":[]},"contributions":{},"includedScopes":[]},"contributions":{},"includedScopes":[{"contributions":{},"includedScopes":[]},{"contributions":{},"includedScopes":[]},{"contributions":{},"includedScopes":[]}]},"contributions":{},"includedScopes":[{"containerScope":{"containerScope":{"containerScope":{"contributions":{},"includedScopes":[]},"contributions":{},"includedScopes":[]},"contributions":{},"includedScopes":[]},"contributions":{},"includedScopes":[]}]},"contributions":{},"includedScopes":[]},"contributions":{},"includedScopes":[]},"contributions":{},"includedScopes":[]},"contributions":{},"includedScopes":[]},"contributions":{},"includedScopes":[]},"contributions":{},"includedScopes":[]},"sourceMap":{"end":{"column":64,"line":54,"offset":2451},"start":{"column":49,"line":54,"offset":2436}}},"metadata":[],"scope":{"containerScope":{"containerScope":{"containerScope":{"containerScope":{"containerScope":{"containerScope":{"containerScope":{"containerScope":{"contributions":{},"includedScopes":[]},"contributions":{},"includedScopes":[]},"contributions":{},"includedScopes":[{"contributions":{},"includedScopes":[]},{"contributions":{},"includedScopes":[]},{"contributions":{},"includedScopes":[]}]},"contributions":{},"includedScopes":[{"containerScope":{"containerScope":{"containerScope":{"contributions":{},"includedScopes":[]},"contributions":{},"includedScopes":[]},"contributions":{},"includedScopes":[]},"contributions":{},"includedScopes":[]}]},"contributions":{},"includedScopes":[]},"contributions":{},"includedScopes":[]},"contributions":{},"includedScopes":[]},"contributions":{},"includedScopes":[]},"contributions":{},"includedScopes":[]},"sourceMap":{"end":{"column":94,"line":54,"offset":2481},"start":{"column":45,"line":54,"offset":2432}}},{"args":[{"id":"7c2f4ba4-86c7-46d5-9ae7-50bcfb3d314a","metadata":[],"name":"materia","scope":{"containerScope":{"containerScope":{"containerScope":{"containerScope":{"containerScope":{"containerScope":{"containerScope":{"containerScope":{"containerScope":{"contributions":{},"includedScopes":[]},"contributions":{},"includedScopes":[]},"contributions":{},"includedScopes":[{"contributions":{},"includedScopes":[]},{"contributions":{},"includedScopes":[]},{"contributions":{},"includedScopes":[]}]},"contributions":{},"includedScopes":[{"containerScope":{"containerScope":{"containerScope":{"contributions":{},"includedScopes":[]},"contributions":{},"includedScopes":[]},"contributions":{},"includedScopes":[]},"contributions":{},"includedScopes":[]}]},"contributions":{},"includedScopes":[]},"contributions":{},"includedScopes":[]},"contributions":{},"includedScopes":[]},"contributions":{},"includedScopes":[]},"contributions":{},"includedScopes":[]},"contributions":{},"includedScopes":[]},"sourceMap":{"end":{"column":86,"line":55,"offset":2569},"start":{"column":65,"line":55,"offset":2548}},"value":{"id":"cdfe6ca8-a3b3-4a8b-a1ef-92d8bf4da56c","metadata":[],"name":"baseDeDatos","scope":{"containerScope":{"containerScope":{"containerScope":{"containerScope":{"containerScope":{"containerScope":{"containerScope":{"containerScope":{"containerScope":{"containerScope":{"contributions":{},"includedScopes":[]},"contributions":{},"includedScopes":[]},"contributions":{},"includedScopes":[{"contributions":{},"includedScopes":[]},{"contributions":{},"includedScopes":[]},{"contributions":{},"includedScopes":[]}]},"contributions":{},"includedScopes":[{"containerScope":{"containerScope":{"containerScope":{"contributions":{},"includedScopes":[]},"contributions":{},"includedScopes":[]},"contributions":{},"includedScopes":[]},"contributions":{},"includedScopes":[]}]},"contributions":{},"includedScopes":[]},"contributions":{},"includedScopes":[]},"contributions":{},"includedScopes":[]},"contributions":{},"includedScopes":[]},"contributions":{},"includedScopes":[]},"contributions":{},"includedScopes":[]},"contributions":{},"includedScopes":[]},"sourceMap":{"end":{"column":86,"line":55,"offset":2569},"start":{"column":75,"line":55,"offset":2558}}}},{"id":"f12a4b94-d71b-41a2-b8db-b3328914bcdd","metadata":[],"name":"nota","scope":{"containerScope":{"containerScope":{"containerScope":{"containerScope":{"containerScope":{"containerScope":{"containerScope":{"containerScope":{"containerScope":{"contributions":{},"includedScopes":[]},"contributions":{},"includedScopes":[]},"contributions":{},"includedScopes":[{"contributions":{},"includedScopes":[]},{"contributions":{},"includedScopes":[]},{"contributions":{},"includedScopes":[]}]},"contributions":{},"includedScopes":[{"containerScope":{"containerScope":{"containerScope":{"contributions":{},"includedScopes":[]},"contributions":{},"includedScopes":[]},"contributions":{},"includedScopes":[]},"contributions":{},"includedScopes":[]}]},"contributions":{},"includedScopes":[]},"contributions":{},"includedScopes":[]},"contributions":{},"includedScopes":[]},"contributions":{},"includedScopes":[]},"contributions":{},"includedScopes":[]},"contributions":{},"includedScopes":[]},"sourceMap":{"end":{"column":96,"line":55,"offset":2579},"start":{"column":88,"line":55,"offset":2571}},"value":{"id":"fcd945d5-4f6c-41c2-8637-4e38a649aab4","metadata":[],"scope":{"containerScope":{"containerScope":{"containerScope":{"containerScope":{"containerScope":{"containerScope":{"containerScope":{"containerScope":{"containerScope":{"containerScope":{"contributions":{},"includedScopes":[]},"contributions":{},"includedScopes":[]},"contributions":{},"includedScopes":[{"contributions":{},"includedScopes":[]},{"contributions":{},"includedScopes":[]},{"contributions":{},"includedScopes":[]}]},"contributions":{},"includedScopes":[{"containerScope":{"containerScope":{"containerScope":{"contributions":{},"includedScopes":[]},"contributions":{},"includedScopes":[]},"contributions":{},"includedScopes":[]},"contributions":{},"includedScopes":[]}]},"contributions":{},"includedScopes":[]},"contributions":{},"includedScopes":[]},"contributions":{},"includedScopes":[]},"contributions":{},"includedScopes":[]},"contributions":{},"includedScopes":[]},"contributions":{},"includedScopes":[]},"contributions":{},"includedScopes":[]},"sourceMap":{"end":{"column":96,"line":55,"offset":2579},"start":{"column":95,"line":55,"offset":2578}},"value":8}}],"id":"f775d5e7-7f59-47b4-b8d7-570fc62db273","instantiated":{"id":"34e3299d-788a-4f90-857b-ba3ad5d7be51","metadata":[],"name":"MateriaAprobada","scope":{"containerScope":{"containerScope":{"containerScope":{"containerScope":{"containerScope":{"containerScope":{"containerScope":{"containerScope":{"containerScope":{"contributions":{},"includedScopes":[]},"contributions":{},"includedScopes":[]},"contributions":{},"includedScopes":[{"contributions":{},"includedScopes":[]},{"contributions":{},"includedScopes":[]},{"contributions":{},"includedScopes":[]}]},"contributions":{},"includedScopes":[{"containerScope":{"containerScope":{"containerScope":{"contributions":{},"includedScopes":[]},"contributions":{},"includedScopes":[]},"contributions":{},"includedScopes":[]},"contributions":{},"includedScopes":[]}]},"contributions":{},"includedScopes":[]},"contributions":{},"includedScopes":[]},"contributions":{},"includedScopes":[]},"contributions":{},"includedScopes":[]},"contributions":{},"includedScopes":[]},"contributions":{},"includedScopes":[]},"sourceMap":{"end":{"column":64,"line":55,"offset":2547},"start":{"column":49,"line":55,"offset":2532}}},"metadata":[],"scope":{"containerScope":{"containerScope":{"containerScope":{"containerScope":{"containerScope":{"containerScope":{"containerScope":{"containerScope":{"contributions":{},"includedScopes":[]},"contributions":{},"includedScopes":[]},"contributions":{},"includedScopes":[{"contributions":{},"includedScopes":[]},{"contributions":{},"includedScopes":[]},{"contributions":{},"includedScopes":[]}]},"contributions":{},"includedScopes":[{"containerScope":{"containerScope":{"containerScope":{"contributions":{},"includedScopes":[]},"contributions":{},"includedScopes":[]},"contributions":{},"includedScopes":[]},"contributions":{},"includedScopes":[]}]},"contributions":{},"includedScopes":[]},"contributions":{},"includedScopes":[]},"contributions":{},"includedScopes":[]},"contributions":{},"includedScopes":[]},"contributions":{},"includedScopes":[]},"sourceMap":{"end":{"column":97,"line":55,"offset":2580},"start":{"column":45,"line":55,"offset":2528}}},{"args":[{"id":"3557b62f-ae24-4282-bdaf-7e83a1c01a1f","metadata":[],"name":"materia","scope":{"containerScope":{"containerScope":{"containerScope":{"containerScope":{"containerScope":{"containerScope":{"containerScope":{"containerScope":{"containerScope":{"contributions":{},"includedScopes":[]},"contributions":{},"includedScopes":[]},"contributions":{},"includedScopes":[{"contributions":{},"includedScopes":[]},{"contributions":{},"includedScopes":[]},{"contributions":{},"includedScopes":[]}]},"contributions":{},"includedScopes":[{"containerScope":{"containerScope":{"containerScope":{"contributions":{},"includedScopes":[]},"contributions":{},"includedScopes":[]},"contributions":{},"includedScopes":[]},"contributions":{},"includedScopes":[]}]},"contributions":{},"includedScopes":[]},"contributions":{},"includedScopes":[]},"contributions":{},"includedScopes":[]},"contributions":{},"includedScopes":[]},"contributions":{},"includedScopes":[]},"contributions":{},"includedScopes":[]},"sourceMap":{"end":{"column":82,"line":56,"offset":2664},"start":{"column":65,"line":56,"offset":2647}},"value":{"id":"faf84cbb-b345-43f5-8663-6c48e34ef1a2","metadata":[],"name":"quimica","scope":{"containerScope":{"containerScope":{"containerScope":{"containerScope":{"containerScope":{"containerScope":{"containerScope":{"containerScope":{"containerScope":{"containerScope":{"contributions":{},"includedScopes":[]},"contributions":{},"includedScopes":[]},"contributions":{},"includedScopes":[{"contributions":{},"includedScopes":[]},{"contributions":{},"includedScopes":[]},{"contributions":{},"includedScopes":[]}]},"contributions":{},"includedScopes":[{"containerScope":{"containerScope":{"containerScope":{"contributions":{},"includedScopes":[]},"contributions":{},"includedScopes":[]},"contributions":{},"includedScopes":[]},"contributions":{},"includedScopes":[]}]},"contributions":{},"includedScopes":[]},"contributions":{},"includedScopes":[]},"contributions":{},"includedScopes":[]},"contributions":{},"includedScopes":[]},"contributions":{},"includedScopes":[]},"contributions":{},"includedScopes":[]},"contributions":{},"includedScopes":[]},"sourceMap":{"end":{"column":82,"line":56,"offset":2664},"start":{"column":75,"line":56,"offset":2657}}}},{"id":"1c39d813-7ef4-4fa9-aacc-a9a84dffb1c5","metadata":[],"name":"nota","scope":{"containerScope":{"containerScope":{"containerScope":{"containerScope":{"containerScope":{"containerScope":{"containerScope":{"containerScope":{"containerScope":{"contributions":{},"includedScopes":[]},"contributions":{},"includedScopes":[]},"contributions":{},"includedScopes":[{"contributions":{},"includedScopes":[]},{"contributions":{},"includedScopes":[]},{"contributions":{},"includedScopes":[]}]},"contributions":{},"includedScopes":[{"containerScope":{"containerScope":{"containerScope":{"contributions":{},"includedScopes":[]},"contributions":{},"includedScopes":[]},"contributions":{},"includedScopes":[]},"contributions":{},"includedScopes":[]}]},"contributions":{},"includedScopes":[]},"contributions":{},"includedScopes":[]},"contributions":{},"includedScopes":[]},"contributions":{},"includedScopes":[]},"contributions":{},"includedScopes":[]},"contributions":{},"includedScopes":[]},"sourceMap":{"end":{"column":92,"line":56,"offset":2674},"start":{"column":84,"line":56,"offset":2666}},"value":{"id":"037c751d-7748-4fbd-bf11-172126d8b540","metadata":[],"scope":{"containerScope":{"containerScope":{"containerScope":{"containerScope":{"containerScope":{"containerScope":{"containerScope":{"containerScope":{"containerScope":{"containerScope":{"contributions":{},"includedScopes":[]},"contributions":{},"includedScopes":[]},"contributions":{},"includedScopes":[{"contributions":{},"includedScopes":[]},{"contributions":{},"includedScopes":[]},{"contributions":{},"includedScopes":[]}]},"contributions":{},"includedScopes":[{"containerScope":{"containerScope":{"containerScope":{"contributions":{},"includedScopes":[]},"contributions":{},"includedScopes":[]},"contributions":{},"includedScopes":[]},"contributions":{},"includedScopes":[]}]},"contributions":{},"includedScopes":[]},"contributions":{},"includedScopes":[]},"contributions":{},"includedScopes":[]},"contributions":{},"includedScopes":[]},"contributions":{},"includedScopes":[]},"contributions":{},"includedScopes":[]},"contributions":{},"includedScopes":[]},"sourceMap":{"end":{"column":92,"line":56,"offset":2674},"start":{"column":91,"line":56,"offset":2673}},"value":6}}],"id":"ae0ccfa9-752e-469b-8eec-ae047f1b0143","instantiated":{"id":"575c23b0-4120-40f6-b97c-7f48488e698d","metadata":[],"name":"MateriaAprobada","scope":{"containerScope":{"containerScope":{"containerScope":{"containerScope":{"containerScope":{"containerScope":{"containerScope":{"containerScope":{"containerScope":{"contributions":{},"includedScopes":[]},"contributions":{},"includedScopes":[]},"contributions":{},"includedScopes":[{"contributions":{},"includedScopes":[]},{"contributions":{},"includedScopes":[]},{"contributions":{},"includedScopes":[]}]},"contributions":{},"includedScopes":[{"containerScope":{"containerScope":{"containerScope":{"contributions":{},"includedScopes":[]},"contributions":{},"includedScopes":[]},"contributions":{},"includedScopes":[]},"contributions":{},"includedScopes":[]}]},"contributions":{},"includedScopes":[]},"contributions":{},"includedScopes":[]},"contributions":{},"includedScopes":[]},"contributions":{},"includedScopes":[]},"contributions":{},"includedScopes":[]},"contributions":{},"includedScopes":[]},"sourceMap":{"end":{"column":64,"line":56,"offset":2646},"start":{"column":49,"line":56,"offset":2631}}},"metadata":[],"scope":{"containerScope":{"containerScope":{"containerScope":{"containerScope":{"containerScope":{"containerScope":{"containerScope":{"containerScope":{"contributions":{},"includedScopes":[]},"contributions":{},"includedScopes":[]},"contributions":{},"includedScopes":[{"contributions":{},"includedScopes":[]},{"contributions":{},"includedScopes":[]},{"contributions":{},"includedScopes":[]}]},"contributions":{},"includedScopes":[{"containerScope":{"containerScope":{"containerScope":{"contributions":{},"includedScopes":[]},"contributions":{},"includedScopes":[]},"contributions":{},"includedScopes":[]},"contributions":{},"includedScopes":[]}]},"contributions":{},"includedScopes":[]},"contributions":{},"includedScopes":[]},"contributions":{},"includedScopes":[]},"contributions":{},"includedScopes":[]},"contributions":{},"includedScopes":[]},"sourceMap":{"end":{"column":93,"line":56,"offset":2675},"start":{"column":45,"line":56,"offset":2627}}},{"args":[{"id":"89c0c1c6-0b7d-421c-b622-6b7cf8c4fe74","metadata":[],"name":"materia","scope":{"containerScope":{"containerScope":{"containerScope":{"containerScope":{"containerScope":{"containerScope":{"containerScope":{"containerScope":{"containerScope":{"contributions":{},"includedScopes":[]},"contributions":{},"includedScopes":[]},"contributions":{},"includedScopes":[{"contributions":{},"includedScopes":[]},{"contributions":{},"includedScopes":[]},{"contributions":{},"includedScopes":[]}]},"contributions":{},"includedScopes":[{"containerScope":{"containerScope":{"containerScope":{"contributions":{},"includedScopes":[]},"contributions":{},"includedScopes":[]},"contributions":{},"includedScopes":[]},"contributions":{},"includedScopes":[]}]},"contributions":{},"includedScopes":[]},"contributions":{},"includedScopes":[]},"contributions":{},"includedScopes":[]},"contributions":{},"includedScopes":[]},"contributions":{},"includedScopes":[]},"contributions":{},"includedScopes":[]},"sourceMap":{"end":{"column":84,"line":57,"offset":2761},"start":{"column":65,"line":57,"offset":2742}},"value":{"id":"010e1c4c-4b05-406c-8daf-c8d527df155e","metadata":[],"name":"biologia1","scope":{"containerScope":{"containerScope":{"containerScope":{"containerScope":{"containerScope":{"containerScope":{"containerScope":{"containerScope":{"containerScope":{"containerScope":{"contributions":{},"includedScopes":[]},"contributions":{},"includedScopes":[]},"contributions":{},"includedScopes":[{"contributions":{},"includedScopes":[]},{"contributions":{},"includedScopes":[]},{"contributions":{},"includedScopes":[]}]},"contributions":{},"includedScopes":[{"containerScope":{"containerScope":{"containerScope":{"contributions":{},"includedScopes":[]},"contributions":{},"includedScopes":[]},"contributions":{},"includedScopes":[]},"contributions":{},"includedScopes":[]}]},"contributions":{},"includedScopes":[]},"contributions":{},"includedScopes":[]},"contributions":{},"includedScopes":[]},"contributions":{},"includedScopes":[]},"contributions":{},"includedScopes":[]},"contributions":{},"includedScopes":[]},"contributions":{},"includedScopes":[]},"sourceMap":{"end":{"column":84,"line":57,"offset":2761},"start":{"column":75,"line":57,"offset":2752}}}},{"id":"90a13bb0-9ed2-4370-9d5c-a3926250fecb","metadata":[],"name":"nota","scope":{"containerScope":{"containerScope":{"containerScope":{"containerScope":{"containerScope":{"containerScope":{"containerScope":{"containerScope":{"containerScope":{"contributions":{},"includedScopes":[]},"contributions":{},"includedScopes":[]},"contributions":{},"includedScopes":[{"contributions":{},"includedScopes":[]},{"contributions":{},"includedScopes":[]},{"contributions":{},"includedScopes":[]}]},"contributions":{},"includedScopes":[{"containerScope":{"containerScope":{"containerScope":{"contributions":{},"includedScopes":[]},"contributions":{},"includedScopes":[]},"contributions":{},"includedScopes":[]},"contributions":{},"includedScopes":[]}]},"contributions":{},"includedScopes":[]},"contributions":{},"includedScopes":[]},"contributions":{},"includedScopes":[]},"contributions":{},"includedScopes":[]},"contributions":{},"includedScopes":[]},"contributions":{},"includedScopes":[]},"sourceMap":{"end":{"column":95,"line":57,"offset":2772},"start":{"column":86,"line":57,"offset":2763}},"value":{"id":"00266162-cbb6-4304-b61f-c8607148435b","metadata":[],"scope":{"containerScope":{"containerScope":{"containerScope":{"containerScope":{"containerScope":{"containerScope":{"containerScope":{"containerScope":{"containerScope":{"containerScope":{"contributions":{},"includedScopes":[]},"contributions":{},"includedScopes":[]},"contributions":{},"includedScopes":[{"contributions":{},"includedScopes":[]},{"contributions":{},"includedScopes":[]},{"contributions":{},"includedScopes":[]}]},"contributions":{},"includedScopes":[{"containerScope":{"containerScope":{"containerScope":{"contributions":{},"includedScopes":[]},"contributions":{},"includedScopes":[]},"contributions":{},"includedScopes":[]},"contributions":{},"includedScopes":[]}]},"contributions":{},"includedScopes":[]},"contributions":{},"includedScopes":[]},"contributions":{},"includedScopes":[]},"contributions":{},"includedScopes":[]},"contributions":{},"includedScopes":[]},"contributions":{},"includedScopes":[]},"contributions":{},"includedScopes":[]},"sourceMap":{"end":{"column":95,"line":57,"offset":2772},"start":{"column":93,"line":57,"offset":2770}},"value":10}}],"id":"00398200-badc-4561-829c-2d84d7e10910","instantiated":{"id":"b30dcc0d-b295-45ba-94cd-c5e84b59427b","metadata":[],"name":"MateriaAprobada","scope":{"containerScope":{"containerScope":{"containerScope":{"containerScope":{"containerScope":{"containerScope":{"containerScope":{"containerScope":{"containerScope":{"contributions":{},"includedScopes":[]},"contributions":{},"includedScopes":[]},"contributions":{},"includedScopes":[{"contributions":{},"includedScopes":[]},{"contributions":{},"includedScopes":[]},{"contributions":{},"includedScopes":[]}]},"contributions":{},"includedScopes":[{"containerScope":{"containerScope":{"containerScope":{"contributions":{},"includedScopes":[]},"contributions":{},"includedScopes":[]},"contributions":{},"includedScopes":[]},"contributions":{},"includedScopes":[]}]},"contributions":{},"includedScopes":[]},"contributions":{},"includedScopes":[]},"contributions":{},"includedScopes":[]},"contributions":{},"includedScopes":[]},"contributions":{},"includedScopes":[]},"contributions":{},"includedScopes":[]},"sourceMap":{"end":{"column":64,"line":57,"offset":2741},"start":{"column":49,"line":57,"offset":2726}}},"metadata":[],"scope":{"containerScope":{"containerScope":{"containerScope":{"containerScope":{"containerScope":{"containerScope":{"containerScope":{"containerScope":{"contributions":{},"includedScopes":[]},"contributions":{},"includedScopes":[]},"contributions":{},"includedScopes":[{"contributions":{},"includedScopes":[]},{"contributions":{},"includedScopes":[]},{"contributions":{},"includedScopes":[]}]},"contributions":{},"includedScopes":[{"containerScope":{"containerScope":{"containerScope":{"contributions":{},"includedScopes":[]},"contributions":{},"includedScopes":[]},"contributions":{},"includedScopes":[]},"contributions":{},"includedScopes":[]}]},"contributions":{},"includedScopes":[]},"contributions":{},"includedScopes":[]},"contributions":{},"includedScopes":[]},"contributions":{},"includedScopes":[]},"contributions":{},"includedScopes":[]},"sourceMap":{"end":{"column":96,"line":57,"offset":2773},"start":{"column":45,"line":57,"offset":2722}}}]]}}],"id":"b116beb3-1544-40a3-ad55-aae02c515ac3","instantiated":{"id":"cb3f32ee-9697-4014-b429-8cc30340b8a3","metadata":[],"name":"Estudiante","scope":{"containerScope":{"containerScope":{"containerScope":{"containerScope":{"containerScope":{"containerScope":{"contributions":{},"includedScopes":[]},"contributions":{},"includedScopes":[]},"contributions":{},"includedScopes":[{"contributions":{},"includedScopes":[]},{"contributions":{},"includedScopes":[]},{"contributions":{},"includedScopes":[]}]},"contributions":{},"includedScopes":[{"containerScope":{"containerScope":{"containerScope":{"contributions":{},"includedScopes":[]},"contributions":{},"includedScopes":[]},"contributions":{},"includedScopes":[]},"contributions":{},"includedScopes":[]}]},"contributions":{},"includedScopes":[]},"contributions":{},"includedScopes":[]},"contributions":{},"includedScopes":[]},"sourceMap":{"end":{"column":33,"line":50,"offset":2087},"start":{"column":23,"line":50,"offset":2077}}},"metadata":[],"scope":{"containerScope":{"containerScope":{"containerScope":{"containerScope":{"containerScope":{"contributions":{},"includedScopes":[]},"contributions":{},"includedScopes":[]},"contributions":{},"includedScopes":[{"contributions":{},"includedScopes":[]},{"contributions":{},"includedScopes":[]},{"contributions":{},"includedScopes":[]}]},"contributions":{},"includedScopes":[{"containerScope":{"containerScope":{"containerScope":{"contributions":{},"includedScopes":[]},"contributions":{},"includedScopes":[]},"contributions":{},"includedScopes":[]},"contributions":{},"includedScopes":[]}]},"contributions":{},"includedScopes":[]},"contributions":{},"includedScopes":[]},"sourceMap":{"end":{"column":37,"line":58,"offset":2811},"start":{"column":19,"line":50,"offset":2073}}}},{"id":"5b2e29e1-e2f2-4449-85ec-0000990828dc","isConstant":true,"isProperty":false,"metadata":[],"name":"luisa","scope":{"containerScope":{"containerScope":{"containerScope":{"containerScope":{"contributions":{},"includedScopes":[]},"contributions":{},"includedScopes":[]},"contributions":{},"includedScopes":[{"contributions":{},"includedScopes":[]},{"contributions":{},"includedScopes":[]},{"contributions":{},"includedScopes":[]}]},"contributions":{},"includedScopes":[{"containerScope":{"containerScope":{"containerScope":{"contributions":{},"includedScopes":[]},"contributions":{},"includedScopes":[]},"contributions":{},"includedScopes":[]},"contributions":{},"includedScopes":[]}]},"contributions":{},"includedScopes":[]},"sourceMap":{"end":{"column":104,"line":63,"offset":3206},"start":{"column":5,"line":60,"offset":2821}},"value":{"args":[{"id":"ed1e9e27-18c9-42d6-a696-e82580dd63b8","metadata":[],"name":"carrerasInscriptas","scope":{"containerScope":{"containerScope":{"containerScope":{"containerScope":{"containerScope":{"containerScope":{"contributions":{},"includedScopes":[]},"contributions":{},"includedScopes":[]},"contributions":{},"includedScopes":[{"contributions":{},"includedScopes":[]},{"contributions":{},"includedScopes":[]},{"contributions":{},"includedScopes":[]}]},"contributions":{},"includedScopes":[{"containerScope":{"containerScope":{"containerScope":{"contributions":{},"includedScopes":[]},"contributions":{},"includedScopes":[]},"contributions":{},"includedScopes":[]},"contributions":{},"includedScopes":[]}]},"contributions":{},"includedScopes":[]},"contributions":{},"includedScopes":[]},"contributions":{},"includedScopes":[]},"sourceMap":{"end":{"column":70,"line":60,"offset":2886},"start":{"column":34,"line":60,"offset":2850}},"value":{"id":"4e857438-df8f-4064-82ae-bace8b45fa43","metadata":[],"scope":{"containerScope":{"containerScope":{"containerScope":{"containerScope":{"containerScope":{"containerScope":{"containerScope":{"contributions":{},"includedScopes":[]},"contributions":{},"includedScopes":[]},"contributions":{},"includedScopes":[{"contributions":{},"includedScopes":[]},{"contributions":{},"includedScopes":[]},{"contributions":{},"includedScopes":[]}]},"contributions":{},"includedScopes":[{"containerScope":{"containerScope":{"containerScope":{"contributions":{},"includedScopes":[]},"contributions":{},"includedScopes":[]},"contributions":{},"includedScopes":[]},"contributions":{},"includedScopes":[]}]},"contributions":{},"includedScopes":[]},"contributions":{},"includedScopes":[]},"contributions":{},"includedScopes":[]},"contributions":{},"includedScopes":[]},"sourceMap":{"end":{"column":70,"line":60,"offset":2886},"start":{"column":55,"line":60,"offset":2871}},"value":[{"id":"743dc69f-c4ee-4512-a1e9-14b93b48b83d","metadata":[],"name":"wollok.lang.Set","scope":{"containerScope":{"containerScope":{"containerScope":{"containerScope":{"containerScope":{"containerScope":{"containerScope":{"containerScope":{"contributions":{},"includedScopes":[]},"contributions":{},"includedScopes":[]},"contributions":{},"includedScopes":[{"contributions":{},"includedScopes":[]},{"contributions":{},"includedScopes":[]},{"contributions":{},"includedScopes":[]}]},"contributions":{},"includedScopes":[{"containerScope":{"containerScope":{"containerScope":{"contributions":{},"includedScopes":[]},"contributions":{},"includedScopes":[]},"contributions":{},"includedScopes":[]},"contributions":{},"includedScopes":[]}]},"contributions":{},"includedScopes":[]},"contributions":{},"includedScopes":[]},"contributions":{},"includedScopes":[]},"contributions":{},"includedScopes":[]},"contributions":{},"includedScopes":[]}},[{"id":"98772fa3-0dc6-43a1-bbcd-b76f95f9e2c1","metadata":[],"name":"programacion","scope":{"containerScope":{"containerScope":{"containerScope":{"containerScope":{"containerScope":{"containerScope":{"containerScope":{"containerScope":{"contributions":{},"includedScopes":[]},"contributions":{},"includedScopes":[]},"contributions":{},"includedScopes":[{"contributions":{},"includedScopes":[]},{"contributions":{},"includedScopes":[]},{"contributions":{},"includedScopes":[]}]},"contributions":{},"includedScopes":[{"containerScope":{"containerScope":{"containerScope":{"contributions":{},"includedScopes":[]},"contributions":{},"includedScopes":[]},"contributions":{},"includedScopes":[]},"contributions":{},"includedScopes":[]}]},"contributions":{},"includedScopes":[]},"contributions":{},"includedScopes":[]},"contributions":{},"includedScopes":[]},"contributions":{},"includedScopes":[]},"contributions":{},"includedScopes":[]},"sourceMap":{"end":{"column":69,"line":60,"offset":2885},"start":{"column":57,"line":60,"offset":2873}}}]]}},{"id":"054974ef-1666-4f2f-b180-1549f5f6af0b","metadata":[],"name":"materiasAprobadas","scope":{"containerScope":{"containerScope":{"containerScope":{"containerScope":{"containerScope":{"containerScope":{"contributions":{},"includedScopes":[]},"contributions":{},"includedScopes":[]},"contributions":{},"includedScopes":[{"contributions":{},"includedScopes":[]},{"contributions":{},"includedScopes":[]},{"contributions":{},"includedScopes":[]}]},"contributions":{},"includedScopes":[{"containerScope":{"containerScope":{"containerScope":{"contributions":{},"includedScopes":[]},"contributions":{},"includedScopes":[]},"contributions":{},"includedScopes":[]},"contributions":{},"includedScopes":[]}]},"contributions":{},"includedScopes":[]},"contributions":{},"includedScopes":[]},"contributions":{},"includedScopes":[]},"sourceMap":{"end":{"column":103,"line":63,"offset":3205},"start":{"column":33,"line":61,"offset":2921}},"value":{"id":"646caa24-284a-4463-9315-0ab9345eeb0e","metadata":[],"scope":{"containerScope":{"containerScope":{"containerScope":{"containerScope":{"containerScope":{"containerScope":{"containerScope":{"contributions":{},"includedScopes":[]},"contributions":{},"includedScopes":[]},"contributions":{},"includedScopes":[{"contributions":{},"includedScopes":[]},{"contributions":{},"includedScopes":[]},{"contributions":{},"includedScopes":[]}]},"contributions":{},"includedScopes":[{"containerScope":{"containerScope":{"containerScope":{"contributions":{},"includedScopes":[]},"contributions":{},"includedScopes":[]},"contributions":{},"includedScopes":[]},"contributions":{},"includedScopes":[]}]},"contributions":{},"includedScopes":[]},"contributions":{},"includedScopes":[]},"contributions":{},"includedScopes":[]},"contributions":{},"includedScopes":[]},"sourceMap":{"end":{"column":103,"line":63,"offset":3205},"start":{"column":53,"line":61,"offset":2941}},"value":[{"id":"f35ce38a-c7ab-425f-a79d-cce1511a9e28","metadata":[],"name":"wollok.lang.List","scope":{"containerScope":{"containerScope":{"containerScope":{"containerScope":{"containerScope":{"containerScope":{"containerScope":{"containerScope":{"contributions":{},"includedScopes":[]},"contributions":{},"includedScopes":[]},"contributions":{},"includedScopes":[{"contributions":{},"includedScopes":[]},{"contributions":{},"includedScopes":[]},{"contributions":{},"includedScopes":[]}]},"contributions":{},"includedScopes":[{"containerScope":{"containerScope":{"containerScope":{"contributions":{},"includedScopes":[]},"contributions":{},"includedScopes":[]},"contributions":{},"includedScopes":[]},"contributions":{},"includedScopes":[]}]},"contributions":{},"includedScopes":[]},"contributions":{},"includedScopes":[]},"contributions":{},"includedScopes":[]},"contributions":{},"includedScopes":[]},"contributions":{},"includedScopes":[]}},[{"args":[{"id":"5c4edf73-0c45-4e53-a45f-048f6909e487","metadata":[],"name":"materia","scope":{"containerScope":{"containerScope":{"containerScope":{"containerScope":{"containerScope":{"containerScope":{"containerScope":{"containerScope":{"containerScope":{"contributions":{},"includedScopes":[]},"contributions":{},"includedScopes":[]},"contributions":{},"includedScopes":[{"contributions":{},"includedScopes":[]},{"contributions":{},"includedScopes":[]},{"contributions":{},"includedScopes":[]}]},"contributions":{},"includedScopes":[{"containerScope":{"containerScope":{"containerScope":{"contributions":{},"includedScopes":[]},"contributions":{},"includedScopes":[]},"contributions":{},"includedScopes":[]},"contributions":{},"includedScopes":[]}]},"contributions":{},"includedScopes":[]},"contributions":{},"includedScopes":[]},"contributions":{},"includedScopes":[]},"contributions":{},"includedScopes":[]},"contributions":{},"includedScopes":[]},"contributions":{},"includedScopes":[]},"sourceMap":{"end":{"column":93,"line":61,"offset":2981},"start":{"column":74,"line":61,"offset":2962}},"value":{"id":"f4c07fdf-2faf-4254-b1b0-bd93b2a791fc","metadata":[],"name":"elementos","scope":{"containerScope":{"containerScope":{"containerScope":{"containerScope":{"containerScope":{"containerScope":{"containerScope":{"containerScope":{"containerScope":{"containerScope":{"contributions":{},"includedScopes":[]},"contributions":{},"includedScopes":[]},"contributions":{},"includedScopes":[{"contributions":{},"includedScopes":[]},{"contributions":{},"includedScopes":[]},{"contributions":{},"includedScopes":[]}]},"contributions":{},"includedScopes":[{"containerScope":{"containerScope":{"containerScope":{"contributions":{},"includedScopes":[]},"contributions":{},"includedScopes":[]},"contributions":{},"includedScopes":[]},"contributions":{},"includedScopes":[]}]},"contributions":{},"includedScopes":[]},"contributions":{},"includedScopes":[]},"contributions":{},"includedScopes":[]},"contributions":{},"includedScopes":[]},"contributions":{},"includedScopes":[]},"contributions":{},"includedScopes":[]},"contributions":{},"includedScopes":[]},"sourceMap":{"end":{"column":93,"line":61,"offset":2981},"start":{"column":84,"line":61,"offset":2972}}}},{"id":"06044127-c5c5-4782-8c3f-cfc9fa516896","metadata":[],"name":"nota","scope":{"containerScope":{"containerScope":{"containerScope":{"containerScope":{"containerScope":{"containerScope":{"containerScope":{"containerScope":{"containerScope":{"contributions":{},"includedScopes":[]},"contributions":{},"includedScopes":[]},"contributions":{},"includedScopes":[{"contributions":{},"includedScopes":[]},{"contributions":{},"includedScopes":[]},{"contributions":{},"includedScopes":[]}]},"contributions":{},"includedScopes":[{"containerScope":{"containerScope":{"containerScope":{"contributions":{},"includedScopes":[]},"contributions":{},"includedScopes":[]},"contributions":{},"includedScopes":[]},"contributions":{},"includedScopes":[]}]},"contributions":{},"includedScopes":[]},"contributions":{},"includedScopes":[]},"contributions":{},"includedScopes":[]},"contributions":{},"includedScopes":[]},"contributions":{},"includedScopes":[]},"contributions":{},"includedScopes":[]},"sourceMap":{"end":{"column":103,"line":61,"offset":2991},"start":{"column":95,"line":61,"offset":2983}},"value":{"id":"e8b00035-6c0d-481b-8871-8f80d95db71e","metadata":[],"scope":{"containerScope":{"containerScope":{"containerScope":{"containerScope":{"containerScope":{"containerScope":{"containerScope":{"containerScope":{"containerScope":{"containerScope":{"contributions":{},"includedScopes":[]},"contributions":{},"includedScopes":[]},"contributions":{},"includedScopes":[{"contributions":{},"includedScopes":[]},{"contributions":{},"includedScopes":[]},{"contributions":{},"includedScopes":[]}]},"contributions":{},"includedScopes":[{"containerScope":{"containerScope":{"containerScope":{"contributions":{},"includedScopes":[]},"contributions":{},"includedScopes":[]},"contributions":{},"includedScopes":[]},"contributions":{},"includedScopes":[]}]},"contributions":{},"includedScopes":[]},"contributions":{},"includedScopes":[]},"contributions":{},"includedScopes":[]},"contributions":{},"includedScopes":[]},"contributions":{},"includedScopes":[]},"contributions":{},"includedScopes":[]},"contributions":{},"includedScopes":[]},"sourceMap":{"end":{"column":103,"line":61,"offset":2991},"start":{"column":102,"line":61,"offset":2990}},"value":5}}],"id":"9245150a-5793-4e3c-afd2-e41b6b06a2ca","instantiated":{"id":"e4930f6b-7a6d-416c-a7f5-ee61f52eab8a","metadata":[],"name":"MateriaAprobada","scope":{"containerScope":{"containerScope":{"containerScope":{"containerScope":{"containerScope":{"containerScope":{"containerScope":{"containerScope":{"containerScope":{"contributions":{},"includedScopes":[]},"contributions":{},"includedScopes":[]},"contributions":{},"includedScopes":[{"contributions":{},"includedScopes":[]},{"contributions":{},"includedScopes":[]},{"contributions":{},"includedScopes":[]}]},"contributions":{},"includedScopes":[{"containerScope":{"containerScope":{"containerScope":{"contributions":{},"includedScopes":[]},"contributions":{},"includedScopes":[]},"contributions":{},"includedScopes":[]},"contributions":{},"includedScopes":[]}]},"contributions":{},"includedScopes":[]},"contributions":{},"includedScopes":[]},"contributions":{},"includedScopes":[]},"contributions":{},"includedScopes":[]},"contributions":{},"includedScopes":[]},"contributions":{},"includedScopes":[]},"sourceMap":{"end":{"column":73,"line":61,"offset":2961},"start":{"column":58,"line":61,"offset":2946}}},"metadata":[],"scope":{"containerScope":{"containerScope":{"containerScope":{"containerScope":{"containerScope":{"containerScope":{"containerScope":{"containerScope":{"contributions":{},"includedScopes":[]},"contributions":{},"includedScopes":[]},"contributions":{},"includedScopes":[{"contributions":{},"includedScopes":[]},{"contributions":{},"includedScopes":[]},{"contributions":{},"includedScopes":[]}]},"contributions":{},"includedScopes":[{"containerScope":{"containerScope":{"containerScope":{"contributions":{},"includedScopes":[]},"contributions":{},"includedScopes":[]},"contributions":{},"includedScopes":[]},"contributions":{},"includedScopes":[]}]},"contributions":{},"includedScopes":[]},"contributions":{},"includedScopes":[]},"contributions":{},"includedScopes":[]},"contributions":{},"includedScopes":[]},"contributions":{},"includedScopes":[]},"sourceMap":{"end":{"column":104,"line":61,"offset":2992},"start":{"column":54,"line":61,"offset":2942}}},{"args":[{"id":"c621e328-c2a8-4a9e-8a2b-2384bdbbcd72","metadata":[],"name":"materia","scope":{"containerScope":{"containerScope":{"containerScope":{"containerScope":{"containerScope":{"containerScope":{"containerScope":{"containerScope":{"containerScope":{"contributions":{},"includedScopes":[]},"contributions":{},"includedScopes":[]},"contributions":{},"includedScopes":[{"contributions":{},"includedScopes":[]},{"contributions":{},"includedScopes":[]},{"contributions":{},"includedScopes":[]}]},"contributions":{},"includedScopes":[{"containerScope":{"containerScope":{"containerScope":{"contributions":{},"includedScopes":[]},"contributions":{},"includedScopes":[]},"contributions":{},"includedScopes":[]},"contributions":{},"includedScopes":[]}]},"contributions":{},"includedScopes":[]},"contributions":{},"includedScopes":[]},"contributions":{},"includedScopes":[]},"contributions":{},"includedScopes":[]},"contributions":{},"includedScopes":[]},"contributions":{},"includedScopes":[]},"sourceMap":{"end":{"column":94,"line":62,"offset":3088},"start":{"column":73,"line":62,"offset":3067}},"value":{"id":"d315a3a3-af1d-49e7-bdf4-83b30e25ca0d","metadata":[],"name":"matematica1","scope":{"containerScope":{"containerScope":{"containerScope":{"containerScope":{"containerScope":{"containerScope":{"containerScope":{"containerScope":{"containerScope":{"containerScope":{"contributions":{},"includedScopes":[]},"contributions":{},"includedScopes":[]},"contributions":{},"includedScopes":[{"contributions":{},"includedScopes":[]},{"contributions":{},"includedScopes":[]},{"contributions":{},"includedScopes":[]}]},"contributions":{},"includedScopes":[{"containerScope":{"containerScope":{"containerScope":{"contributions":{},"includedScopes":[]},"contributions":{},"includedScopes":[]},"contributions":{},"includedScopes":[]},"contributions":{},"includedScopes":[]}]},"contributions":{},"includedScopes":[]},"contributions":{},"includedScopes":[]},"contributions":{},"includedScopes":[]},"contributions":{},"includedScopes":[]},"contributions":{},"includedScopes":[]},"contributions":{},"includedScopes":[]},"contributions":{},"includedScopes":[]},"sourceMap":{"end":{"column":94,"line":62,"offset":3088},"start":{"column":83,"line":62,"offset":3077}}}},{"id":"e1d9eeef-1791-4611-a4b1-de5814b016f7","metadata":[],"name":"nota","scope":{"containerScope":{"containerScope":{"containerScope":{"containerScope":{"containerScope":{"containerScope":{"containerScope":{"containerScope":{"containerScope":{"contributions":{},"includedScopes":[]},"contributions":{},"includedScopes":[]},"contributions":{},"includedScopes":[{"contributions":{},"includedScopes":[]},{"contributions":{},"includedScopes":[]},{"contributions":{},"includedScopes":[]}]},"contributions":{},"includedScopes":[{"containerScope":{"containerScope":{"containerScope":{"contributions":{},"includedScopes":[]},"contributions":{},"includedScopes":[]},"contributions":{},"includedScopes":[]},"contributions":{},"includedScopes":[]}]},"contributions":{},"includedScopes":[]},"contributions":{},"includedScopes":[]},"contributions":{},"includedScopes":[]},"contributions":{},"includedScopes":[]},"contributions":{},"includedScopes":[]},"contributions":{},"includedScopes":[]},"sourceMap":{"end":{"column":104,"line":62,"offset":3098},"start":{"column":96,"line":62,"offset":3090}},"value":{"id":"f5d011f6-6c6e-464d-809a-e8dce53d0a3a","metadata":[],"scope":{"containerScope":{"containerScope":{"containerScope":{"containerScope":{"containerScope":{"containerScope":{"containerScope":{"containerScope":{"containerScope":{"containerScope":{"contributions":{},"includedScopes":[]},"contributions":{},"includedScopes":[]},"contributions":{},"includedScopes":[{"contributions":{},"includedScopes":[]},{"contributions":{},"includedScopes":[]},{"contributions":{},"includedScopes":[]}]},"contributions":{},"includedScopes":[{"containerScope":{"containerScope":{"containerScope":{"contributions":{},"includedScopes":[]},"contributions":{},"includedScopes":[]},"contributions":{},"includedScopes":[]},"contributions":{},"includedScopes":[]}]},"contributions":{},"includedScopes":[]},"contributions":{},"includedScopes":[]},"contributions":{},"includedScopes":[]},"contributions":{},"includedScopes":[]},"contributions":{},"includedScopes":[]},"contributions":{},"includedScopes":[]},"contributions":{},"includedScopes":[]},"sourceMap":{"end":{"column":104,"line":62,"offset":3098},"start":{"column":103,"line":62,"offset":3097}},"value":7}}],"id":"57a92dbf-95d6-43d1-b6a2-10baf6747a03","instantiated":{"id":"aed04789-67fa-4150-a813-8caa235130b2","metadata":[],"name":"MateriaAprobada","scope":{"containerScope":{"containerScope":{"containerScope":{"containerScope":{"containerScope":{"containerScope":{"containerScope":{"containerScope":{"containerScope":{"contributions":{},"includedScopes":[]},"contributions":{},"includedScopes":[]},"contributions":{},"includedScopes":[{"contributions":{},"includedScopes":[]},{"contributions":{},"includedScopes":[]},{"contributions":{},"includedScopes":[]}]},"contributions":{},"includedScopes":[{"containerScope":{"containerScope":{"containerScope":{"contributions":{},"includedScopes":[]},"contributions":{},"includedScopes":[]},"contributions":{},"includedScopes":[]},"contributions":{},"includedScopes":[]}]},"contributions":{},"includedScopes":[]},"contributions":{},"includedScopes":[]},"contributions":{},"includedScopes":[]},"contributions":{},"includedScopes":[]},"contributions":{},"includedScopes":[]},"contributions":{},"includedScopes":[]},"sourceMap":{"end":{"column":72,"line":62,"offset":3066},"start":{"column":57,"line":62,"offset":3051}}},"metadata":[],"scope":{"containerScope":{"containerScope":{"containerScope":{"containerScope":{"containerScope":{"containerScope":{"containerScope":{"containerScope":{"contributions":{},"includedScopes":[]},"contributions":{},"includedScopes":[]},"contributions":{},"includedScopes":[{"contributions":{},"includedScopes":[]},{"contributions":{},"includedScopes":[]},{"contributions":{},"includedScopes":[]}]},"contributions":{},"includedScopes":[{"containerScope":{"containerScope":{"containerScope":{"contributions":{},"includedScopes":[]},"contributions":{},"includedScopes":[]},"contributions":{},"includedScopes":[]},"contributions":{},"includedScopes":[]}]},"contributions":{},"includedScopes":[]},"contributions":{},"includedScopes":[]},"contributions":{},"includedScopes":[]},"contributions":{},"includedScopes":[]},"contributions":{},"includedScopes":[]},"sourceMap":{"end":{"column":105,"line":62,"offset":3099},"start":{"column":53,"line":62,"offset":3047}}},{"args":[{"id":"682b5146-b81b-4c4c-8958-727c0a6dc5c2","metadata":[],"name":"materia","scope":{"containerScope":{"containerScope":{"containerScope":{"containerScope":{"containerScope":{"containerScope":{"containerScope":{"containerScope":{"containerScope":{"contributions":{},"includedScopes":[]},"contributions":{},"includedScopes":[]},"contributions":{},"includedScopes":[{"contributions":{},"includedScopes":[]},{"contributions":{},"includedScopes":[]},{"contributions":{},"includedScopes":[]}]},"contributions":{},"includedScopes":[{"containerScope":{"containerScope":{"containerScope":{"contributions":{},"includedScopes":[]},"contributions":{},"includedScopes":[]},"contributions":{},"includedScopes":[]},"contributions":{},"includedScopes":[]}]},"contributions":{},"includedScopes":[]},"contributions":{},"includedScopes":[]},"contributions":{},"includedScopes":[]},"contributions":{},"includedScopes":[]},"contributions":{},"includedScopes":[]},"contributions":{},"includedScopes":[]},"sourceMap":{"end":{"column":91,"line":63,"offset":3193},"start":{"column":73,"line":63,"offset":3175}},"value":{"id":"daaf2813-4db5-4992-ae8f-150525692f67","metadata":[],"name":"objetos1","scope":{"containerScope":{"containerScope":{"containerScope":{"containerScope":{"containerScope":{"containerScope":{"containerScope":{"containerScope":{"containerScope":{"containerScope":{"contributions":{},"includedScopes":[]},"contributions":{},"includedScopes":[]},"contributions":{},"includedScopes":[{"contributions":{},"includedScopes":[]},{"contributions":{},"includedScopes":[]},{"contributions":{},"includedScopes":[]}]},"contributions":{},"includedScopes":[{"containerScope":{"containerScope":{"containerScope":{"contributions":{},"includedScopes":[]},"contributions":{},"includedScopes":[]},"contributions":{},"includedScopes":[]},"contributions":{},"includedScopes":[]}]},"contributions":{},"includedScopes":[]},"contributions":{},"includedScopes":[]},"contributions":{},"includedScopes":[]},"contributions":{},"includedScopes":[]},"contributions":{},"includedScopes":[]},"contributions":{},"includedScopes":[]},"contributions":{},"includedScopes":[]},"sourceMap":{"end":{"column":91,"line":63,"offset":3193},"start":{"column":83,"line":63,"offset":3185}}}},{"id":"41867143-7c72-416b-891a-67c49f984fb4","metadata":[],"name":"nota","scope":{"containerScope":{"containerScope":{"containerScope":{"containerScope":{"containerScope":{"containerScope":{"containerScope":{"containerScope":{"containerScope":{"contributions":{},"includedScopes":[]},"contributions":{},"includedScopes":[]},"contributions":{},"includedScopes":[{"contributions":{},"includedScopes":[]},{"contributions":{},"includedScopes":[]},{"contributions":{},"includedScopes":[]}]},"contributions":{},"includedScopes":[{"containerScope":{"containerScope":{"containerScope":{"contributions":{},"includedScopes":[]},"contributions":{},"includedScopes":[]},"contributions":{},"includedScopes":[]},"contributions":{},"includedScopes":[]}]},"contributions":{},"includedScopes":[]},"contributions":{},"includedScopes":[]},"contributions":{},"includedScopes":[]},"contributions":{},"includedScopes":[]},"contributions":{},"includedScopes":[]},"contributions":{},"includedScopes":[]},"sourceMap":{"end":{"column":101,"line":63,"offset":3203},"start":{"column":93,"line":63,"offset":3195}},"value":{"id":"cf35d1e5-993f-4253-8ebe-5d4836bf28f9","metadata":[],"scope":{"containerScope":{"containerScope":{"containerScope":{"containerScope":{"containerScope":{"containerScope":{"containerScope":{"containerScope":{"containerScope":{"containerScope":{"contributions":{},"includedScopes":[]},"contributions":{},"includedScopes":[]},"contributions":{},"includedScopes":[{"contributions":{},"includedScopes":[]},{"contributions":{},"includedScopes":[]},{"contributions":{},"includedScopes":[]}]},"contributions":{},"includedScopes":[{"containerScope":{"containerScope":{"containerScope":{"contributions":{},"includedScopes":[]},"contributions":{},"includedScopes":[]},"contributions":{},"includedScopes":[]},"contributions":{},"includedScopes":[]}]},"contributions":{},"includedScopes":[]},"contributions":{},"includedScopes":[]},"contributions":{},"includedScopes":[]},"contributions":{},"includedScopes":[]},"contributions":{},"includedScopes":[]},"contributions":{},"includedScopes":[]},"contributions":{},"includedScopes":[]},"sourceMap":{"end":{"column":101,"line":63,"offset":3203},"start":{"column":100,"line":63,"offset":3202}},"value":9}}],"id":"f0b8e293-5749-4e8c-b4ba-fba6d5803089","instantiated":{"id":"5bea536b-9f83-419b-8357-74df4336ad16","metadata":[],"name":"MateriaAprobada","scope":{"containerScope":{"containerScope":{"containerScope":{"containerScope":{"containerScope":{"containerScope":{"containerScope":{"containerScope":{"containerScope":{"contributions":{},"includedScopes":[]},"contributions":{},"includedScopes":[]},"contributions":{},"includedScopes":[{"contributions":{},"includedScopes":[]},{"contributions":{},"includedScopes":[]},{"contributions":{},"includedScopes":[]}]},"contributions":{},"includedScopes":[{"containerScope":{"containerScope":{"containerScope":{"contributions":{},"includedScopes":[]},"contributions":{},"includedScopes":[]},"contributions":{},"includedScopes":[]},"contributions":{},"includedScopes":[]}]},"contributions":{},"includedScopes":[]},"contributions":{},"includedScopes":[]},"contributions":{},"includedScopes":[]},"contributions":{},"includedScopes":[]},"contributions":{},"includedScopes":[]},"contributions":{},"includedScopes":[]},"sourceMap":{"end":{"column":72,"line":63,"offset":3174},"start":{"column":57,"line":63,"offset":3159}}},"metadata":[],"scope":{"containerScope":{"containerScope":{"containerScope":{"containerScope":{"containerScope":{"containerScope":{"containerScope":{"containerScope":{"contributions":{},"includedScopes":[]},"contributions":{},"includedScopes":[]},"contributions":{},"includedScopes":[{"contributions":{},"includedScopes":[]},{"contributions":{},"includedScopes":[]},{"contributions":{},"includedScopes":[]}]},"contributions":{},"includedScopes":[{"containerScope":{"containerScope":{"containerScope":{"contributions":{},"includedScopes":[]},"contributions":{},"includedScopes":[]},"contributions":{},"includedScopes":[]},"contributions":{},"includedScopes":[]}]},"contributions":{},"includedScopes":[]},"contributions":{},"includedScopes":[]},"contributions":{},"includedScopes":[]},"contributions":{},"includedScopes":[]},"contributions":{},"includedScopes":[]},"sourceMap":{"end":{"column":102,"line":63,"offset":3204},"start":{"column":53,"line":63,"offset":3155}}}]]}}],"id":"77dc6e67-a16e-4505-9794-0185c3e7c697","instantiated":{"id":"025f6ad8-b2a2-4223-bbbc-aa1fe6d88ec4","metadata":[],"name":"Estudiante","scope":{"containerScope":{"containerScope":{"containerScope":{"containerScope":{"containerScope":{"containerScope":{"contributions":{},"includedScopes":[]},"contributions":{},"includedScopes":[]},"contributions":{},"includedScopes":[{"contributions":{},"includedScopes":[]},{"contributions":{},"includedScopes":[]},{"contributions":{},"includedScopes":[]}]},"contributions":{},"includedScopes":[{"containerScope":{"containerScope":{"containerScope":{"contributions":{},"includedScopes":[]},"contributions":{},"includedScopes":[]},"contributions":{},"includedScopes":[]},"contributions":{},"includedScopes":[]}]},"contributions":{},"includedScopes":[]},"contributions":{},"includedScopes":[]},"contributions":{},"includedScopes":[]},"sourceMap":{"end":{"column":33,"line":60,"offset":2849},"start":{"column":23,"line":60,"offset":2839}}},"metadata":[],"scope":{"containerScope":{"containerScope":{"containerScope":{"containerScope":{"containerScope":{"contributions":{},"includedScopes":[]},"contributions":{},"includedScopes":[]},"contributions":{},"includedScopes":[{"contributions":{},"includedScopes":[]},{"contributions":{},"includedScopes":[]},{"contributions":{},"includedScopes":[]}]},"contributions":{},"includedScopes":[{"containerScope":{"containerScope":{"containerScope":{"contributions":{},"includedScopes":[]},"contributions":{},"includedScopes":[]},"contributions":{},"includedScopes":[]},"contributions":{},"includedScopes":[]}]},"contributions":{},"includedScopes":[]},"contributions":{},"includedScopes":[]},"sourceMap":{"end":{"column":104,"line":63,"offset":3206},"start":{"column":19,"line":60,"offset":2835}}}},{"id":"d755b0cd-de80-42fa-b378-e55ba6713282","isConstant":true,"isProperty":false,"metadata":[],"name":"romina","scope":{"containerScope":{"containerScope":{"containerScope":{"containerScope":{"contributions":{},"includedScopes":[]},"contributions":{},"includedScopes":[]},"contributions":{},"includedScopes":[{"contributions":{},"includedScopes":[]},{"contributions":{},"includedScopes":[]},{"contributions":{},"includedScopes":[]}]},"contributions":{},"includedScopes":[{"containerScope":{"containerScope":{"containerScope":{"contributions":{},"includedScopes":[]},"contributions":{},"includedScopes":[]},"contributions":{},"includedScopes":[]},"contributions":{},"includedScopes":[]}]},"contributions":{},"includedScopes":[]},"sourceMap":{"end":{"column":104,"line":68,"offset":3600},"start":{"column":5,"line":65,"offset":3214}},"value":{"args":[{"id":"5e3110fa-7ffd-4e21-a9db-cfafb063f0c8","metadata":[],"name":"carrerasInscriptas","scope":{"containerScope":{"containerScope":{"containerScope":{"containerScope":{"containerScope":{"containerScope":{"contributions":{},"includedScopes":[]},"contributions":{},"includedScopes":[]},"contributions":{},"includedScopes":[{"contributions":{},"includedScopes":[]},{"contributions":{},"includedScopes":[]},{"contributions":{},"includedScopes":[]}]},"contributions":{},"includedScopes":[{"containerScope":{"containerScope":{"containerScope":{"contributions":{},"includedScopes":[]},"contributions":{},"includedScopes":[]},"contributions":{},"includedScopes":[]},"contributions":{},"includedScopes":[]}]},"contributions":{},"includedScopes":[]},"contributions":{},"includedScopes":[]},"contributions":{},"includedScopes":[]},"sourceMap":{"end":{"column":71,"line":65,"offset":3280},"start":{"column":35,"line":65,"offset":3244}},"value":{"id":"80ee996f-2253-4cd0-8374-b649fe1dcaa4","metadata":[],"scope":{"containerScope":{"containerScope":{"containerScope":{"containerScope":{"containerScope":{"containerScope":{"containerScope":{"contributions":{},"includedScopes":[]},"contributions":{},"includedScopes":[]},"contributions":{},"includedScopes":[{"contributions":{},"includedScopes":[]},{"contributions":{},"includedScopes":[]},{"contributions":{},"includedScopes":[]}]},"contributions":{},"includedScopes":[{"containerScope":{"containerScope":{"containerScope":{"contributions":{},"includedScopes":[]},"contributions":{},"includedScopes":[]},"contributions":{},"includedScopes":[]},"contributions":{},"includedScopes":[]}]},"contributions":{},"includedScopes":[]},"contributions":{},"includedScopes":[]},"contributions":{},"includedScopes":[]},"contributions":{},"includedScopes":[]},"sourceMap":{"end":{"column":71,"line":65,"offset":3280},"start":{"column":56,"line":65,"offset":3265}},"value":[{"id":"5f9743c8-ccf4-4a83-81ba-fc086d23fc42","metadata":[],"name":"wollok.lang.Set","scope":{"containerScope":{"containerScope":{"containerScope":{"containerScope":{"containerScope":{"containerScope":{"containerScope":{"containerScope":{"contributions":{},"includedScopes":[]},"contributions":{},"includedScopes":[]},"contributions":{},"includedScopes":[{"contributions":{},"includedScopes":[]},{"contributions":{},"includedScopes":[]},{"contributions":{},"includedScopes":[]}]},"contributions":{},"includedScopes":[{"containerScope":{"containerScope":{"containerScope":{"contributions":{},"includedScopes":[]},"contributions":{},"includedScopes":[]},"contributions":{},"includedScopes":[]},"contributions":{},"includedScopes":[]}]},"contributions":{},"includedScopes":[]},"contributions":{},"includedScopes":[]},"contributions":{},"includedScopes":[]},"contributions":{},"includedScopes":[]},"contributions":{},"includedScopes":[]}},[{"id":"470c2d6c-13d1-4335-8ca3-651c810ade32","metadata":[],"name":"programacion","scope":{"containerScope":{"containerScope":{"containerScope":{"containerScope":{"containerScope":{"containerScope":{"containerScope":{"containerScope":{"contributions":{},"includedScopes":[]},"contributions":{},"includedScopes":[]},"contributions":{},"includedScopes":[{"contributions":{},"includedScopes":[]},{"contributions":{},"includedScopes":[]},{"contributions":{},"includedScopes":[]}]},"contributions":{},"includedScopes":[{"containerScope":{"containerScope":{"containerScope":{"contributions":{},"includedScopes":[]},"contributions":{},"includedScopes":[]},"contributions":{},"includedScopes":[]},"contributions":{},"includedScopes":[]}]},"contributions":{},"includedScopes":[]},"contributions":{},"includedScopes":[]},"contributions":{},"includedScopes":[]},"contributions":{},"includedScopes":[]},"contributions":{},"includedScopes":[]},"sourceMap":{"end":{"column":70,"line":65,"offset":3279},"start":{"column":58,"line":65,"offset":3267}}}]]}},{"id":"418767d5-872d-407c-a8dc-2d1590859b7d","metadata":[],"name":"materiasAprobadas","scope":{"containerScope":{"containerScope":{"containerScope":{"containerScope":{"containerScope":{"containerScope":{"contributions":{},"includedScopes":[]},"contributions":{},"includedScopes":[]},"contributions":{},"includedScopes":[{"contributions":{},"includedScopes":[]},{"contributions":{},"includedScopes":[]},{"contributions":{},"includedScopes":[]}]},"contributions":{},"includedScopes":[{"containerScope":{"containerScope":{"containerScope":{"contributions":{},"includedScopes":[]},"contributions":{},"includedScopes":[]},"contributions":{},"includedScopes":[]},"contributions":{},"includedScopes":[]}]},"contributions":{},"includedScopes":[]},"contributions":{},"includedScopes":[]},"contributions":{},"includedScopes":[]},"sourceMap":{"end":{"column":103,"line":68,"offset":3599},"start":{"column":33,"line":66,"offset":3315}},"value":{"id":"0ce873d3-5642-40e7-951f-b8ef566915e1","metadata":[],"scope":{"containerScope":{"containerScope":{"containerScope":{"containerScope":{"containerScope":{"containerScope":{"containerScope":{"contributions":{},"includedScopes":[]},"contributions":{},"includedScopes":[]},"contributions":{},"includedScopes":[{"contributions":{},"includedScopes":[]},{"contributions":{},"includedScopes":[]},{"contributions":{},"includedScopes":[]}]},"contributions":{},"includedScopes":[{"containerScope":{"containerScope":{"containerScope":{"contributions":{},"includedScopes":[]},"contributions":{},"includedScopes":[]},"contributions":{},"includedScopes":[]},"contributions":{},"includedScopes":[]}]},"contributions":{},"includedScopes":[]},"contributions":{},"includedScopes":[]},"contributions":{},"includedScopes":[]},"contributions":{},"includedScopes":[]},"sourceMap":{"end":{"column":103,"line":68,"offset":3599},"start":{"column":53,"line":66,"offset":3335}},"value":[{"id":"e3846fae-0089-4d87-a48e-e0dbf2b25dc7","metadata":[],"name":"wollok.lang.List","scope":{"containerScope":{"containerScope":{"containerScope":{"containerScope":{"containerScope":{"containerScope":{"containerScope":{"containerScope":{"contributions":{},"includedScopes":[]},"contributions":{},"includedScopes":[]},"contributions":{},"includedScopes":[{"contributions":{},"includedScopes":[]},{"contributions":{},"includedScopes":[]},{"contributions":{},"includedScopes":[]}]},"contributions":{},"includedScopes":[{"containerScope":{"containerScope":{"containerScope":{"contributions":{},"includedScopes":[]},"contributions":{},"includedScopes":[]},"contributions":{},"includedScopes":[]},"contributions":{},"includedScopes":[]}]},"contributions":{},"includedScopes":[]},"contributions":{},"includedScopes":[]},"contributions":{},"includedScopes":[]},"contributions":{},"includedScopes":[]},"contributions":{},"includedScopes":[]}},[{"args":[{"id":"b7dbc941-3d1b-4f56-8cc4-a23979d62eb8","metadata":[],"name":"materia","scope":{"containerScope":{"containerScope":{"containerScope":{"containerScope":{"containerScope":{"containerScope":{"containerScope":{"containerScope":{"containerScope":{"contributions":{},"includedScopes":[]},"contributions":{},"includedScopes":[]},"contributions":{},"includedScopes":[{"contributions":{},"includedScopes":[]},{"contributions":{},"includedScopes":[]},{"contributions":{},"includedScopes":[]}]},"contributions":{},"includedScopes":[{"containerScope":{"containerScope":{"containerScope":{"contributions":{},"includedScopes":[]},"contributions":{},"includedScopes":[]},"contributions":{},"includedScopes":[]},"contributions":{},"includedScopes":[]}]},"contributions":{},"includedScopes":[]},"contributions":{},"includedScopes":[]},"contributions":{},"includedScopes":[]},"contributions":{},"includedScopes":[]},"contributions":{},"includedScopes":[]},"contributions":{},"includedScopes":[]},"sourceMap":{"end":{"column":93,"line":66,"offset":3375},"start":{"column":74,"line":66,"offset":3356}},"value":{"id":"3470d5ce-c3c6-4850-9742-e3891db83392","metadata":[],"name":"elementos","scope":{"containerScope":{"containerScope":{"containerScope":{"containerScope":{"containerScope":{"containerScope":{"containerScope":{"containerScope":{"containerScope":{"containerScope":{"contributions":{},"includedScopes":[]},"contributions":{},"includedScopes":[]},"contributions":{},"includedScopes":[{"contributions":{},"includedScopes":[]},{"contributions":{},"includedScopes":[]},{"contributions":{},"includedScopes":[]}]},"contributions":{},"includedScopes":[{"containerScope":{"containerScope":{"containerScope":{"contributions":{},"includedScopes":[]},"contributions":{},"includedScopes":[]},"contributions":{},"includedScopes":[]},"contributions":{},"includedScopes":[]}]},"contributions":{},"includedScopes":[]},"contributions":{},"includedScopes":[]},"contributions":{},"includedScopes":[]},"contributions":{},"includedScopes":[]},"contributions":{},"includedScopes":[]},"contributions":{},"includedScopes":[]},"contributions":{},"includedScopes":[]},"sourceMap":{"end":{"column":93,"line":66,"offset":3375},"start":{"column":84,"line":66,"offset":3366}}}},{"id":"c2fc7df5-5c3e-4fd3-a1ee-3e0a73addd11","metadata":[],"name":"nota","scope":{"containerScope":{"containerScope":{"containerScope":{"containerScope":{"containerScope":{"containerScope":{"containerScope":{"containerScope":{"containerScope":{"contributions":{},"includedScopes":[]},"contributions":{},"includedScopes":[]},"contributions":{},"includedScopes":[{"contributions":{},"includedScopes":[]},{"contributions":{},"includedScopes":[]},{"contributions":{},"includedScopes":[]}]},"contributions":{},"includedScopes":[{"containerScope":{"containerScope":{"containerScope":{"contributions":{},"includedScopes":[]},"contributions":{},"includedScopes":[]},"contributions":{},"includedScopes":[]},"contributions":{},"includedScopes":[]}]},"contributions":{},"includedScopes":[]},"contributions":{},"includedScopes":[]},"contributions":{},"includedScopes":[]},"contributions":{},"includedScopes":[]},"contributions":{},"includedScopes":[]},"contributions":{},"includedScopes":[]},"sourceMap":{"end":{"column":103,"line":66,"offset":3385},"start":{"column":95,"line":66,"offset":3377}},"value":{"id":"305389dc-00b0-42a8-b45a-8a9c91a6d92b","metadata":[],"scope":{"containerScope":{"containerScope":{"containerScope":{"containerScope":{"containerScope":{"containerScope":{"containerScope":{"containerScope":{"containerScope":{"containerScope":{"contributions":{},"includedScopes":[]},"contributions":{},"includedScopes":[]},"contributions":{},"includedScopes":[{"contributions":{},"includedScopes":[]},{"contributions":{},"includedScopes":[]},{"contributions":{},"includedScopes":[]}]},"contributions":{},"includedScopes":[{"containerScope":{"containerScope":{"containerScope":{"contributions":{},"includedScopes":[]},"contributions":{},"includedScopes":[]},"contributions":{},"includedScopes":[]},"contributions":{},"includedScopes":[]}]},"contributions":{},"includedScopes":[]},"contributions":{},"includedScopes":[]},"contributions":{},"includedScopes":[]},"contributions":{},"includedScopes":[]},"contributions":{},"includedScopes":[]},"contributions":{},"includedScopes":[]},"contributions":{},"includedScopes":[]},"sourceMap":{"end":{"column":103,"line":66,"offset":3385},"start":{"column":102,"line":66,"offset":3384}},"value":5}}],"id":"a871845b-0132-45a9-9f23-4c3d3a1585e8","instantiated":{"id":"fa244cb7-1f4f-400c-a50d-1e493db0242b","metadata":[],"name":"MateriaAprobada","scope":{"containerScope":{"containerScope":{"containerScope":{"containerScope":{"containerScope":{"containerScope":{"containerScope":{"containerScope":{"containerScope":{"contributions":{},"includedScopes":[]},"contributions":{},"includedScopes":[]},"contributions":{},"includedScopes":[{"contributions":{},"includedScopes":[]},{"contributions":{},"includedScopes":[]},{"contributions":{},"includedScopes":[]}]},"contributions":{},"includedScopes":[{"containerScope":{"containerScope":{"containerScope":{"contributions":{},"includedScopes":[]},"contributions":{},"includedScopes":[]},"contributions":{},"includedScopes":[]},"contributions":{},"includedScopes":[]}]},"contributions":{},"includedScopes":[]},"contributions":{},"includedScopes":[]},"contributions":{},"includedScopes":[]},"contributions":{},"includedScopes":[]},"contributions":{},"includedScopes":[]},"contributions":{},"includedScopes":[]},"sourceMap":{"end":{"column":73,"line":66,"offset":3355},"start":{"column":58,"line":66,"offset":3340}}},"metadata":[],"scope":{"containerScope":{"containerScope":{"containerScope":{"containerScope":{"containerScope":{"containerScope":{"containerScope":{"containerScope":{"contributions":{},"includedScopes":[]},"contributions":{},"includedScopes":[]},"contributions":{},"includedScopes":[{"contributions":{},"includedScopes":[]},{"contributions":{},"includedScopes":[]},{"contributions":{},"includedScopes":[]}]},"contributions":{},"includedScopes":[{"containerScope":{"containerScope":{"containerScope":{"contributions":{},"includedScopes":[]},"contributions":{},"includedScopes":[]},"contributions":{},"includedScopes":[]},"contributions":{},"includedScopes":[]}]},"contributions":{},"includedScopes":[]},"contributions":{},"includedScopes":[]},"contributions":{},"includedScopes":[]},"contributions":{},"includedScopes":[]},"contributions":{},"includedScopes":[]},"sourceMap":{"end":{"column":104,"line":66,"offset":3386},"start":{"column":54,"line":66,"offset":3336}}},{"args":[{"id":"de7c0135-305f-4457-939f-07997827f080","metadata":[],"name":"materia","scope":{"containerScope":{"containerScope":{"containerScope":{"containerScope":{"containerScope":{"containerScope":{"containerScope":{"containerScope":{"containerScope":{"contributions":{},"includedScopes":[]},"contributions":{},"includedScopes":[]},"contributions":{},"includedScopes":[{"contributions":{},"includedScopes":[]},{"contributions":{},"includedScopes":[]},{"contributions":{},"includedScopes":[]}]},"contributions":{},"includedScopes":[{"containerScope":{"containerScope":{"containerScope":{"contributions":{},"includedScopes":[]},"contributions":{},"includedScopes":[]},"contributions":{},"includedScopes":[]},"contributions":{},"includedScopes":[]}]},"contributions":{},"includedScopes":[]},"contributions":{},"includedScopes":[]},"contributions":{},"includedScopes":[]},"contributions":{},"includedScopes":[]},"contributions":{},"includedScopes":[]},"contributions":{},"includedScopes":[]},"sourceMap":{"end":{"column":94,"line":67,"offset":3482},"start":{"column":73,"line":67,"offset":3461}},"value":{"id":"fe4e4187-a3f0-41bc-a1c2-22ff3c4cd948","metadata":[],"name":"matematica1","scope":{"containerScope":{"containerScope":{"containerScope":{"containerScope":{"containerScope":{"containerScope":{"containerScope":{"containerScope":{"containerScope":{"containerScope":{"contributions":{},"includedScopes":[]},"contributions":{},"includedScopes":[]},"contributions":{},"includedScopes":[{"contributions":{},"includedScopes":[]},{"contributions":{},"includedScopes":[]},{"contributions":{},"includedScopes":[]}]},"contributions":{},"includedScopes":[{"containerScope":{"containerScope":{"containerScope":{"contributions":{},"includedScopes":[]},"contributions":{},"includedScopes":[]},"contributions":{},"includedScopes":[]},"contributions":{},"includedScopes":[]}]},"contributions":{},"includedScopes":[]},"contributions":{},"includedScopes":[]},"contributions":{},"includedScopes":[]},"contributions":{},"includedScopes":[]},"contributions":{},"includedScopes":[]},"contributions":{},"includedScopes":[]},"contributions":{},"includedScopes":[]},"sourceMap":{"end":{"column":94,"line":67,"offset":3482},"start":{"column":83,"line":67,"offset":3471}}}},{"id":"72d972c6-4329-4281-9d1a-f5aca964873b","metadata":[],"name":"nota","scope":{"containerScope":{"containerScope":{"containerScope":{"containerScope":{"containerScope":{"containerScope":{"containerScope":{"containerScope":{"containerScope":{"contributions":{},"includedScopes":[]},"contributions":{},"includedScopes":[]},"contributions":{},"includedScopes":[{"contributions":{},"includedScopes":[]},{"contributions":{},"includedScopes":[]},{"contributions":{},"includedScopes":[]}]},"contributions":{},"includedScopes":[{"containerScope":{"containerScope":{"containerScope":{"contributions":{},"includedScopes":[]},"contributions":{},"includedScopes":[]},"contributions":{},"includedScopes":[]},"contributions":{},"includedScopes":[]}]},"contributions":{},"includedScopes":[]},"contributions":{},"includedScopes":[]},"contributions":{},"includedScopes":[]},"contributions":{},"includedScopes":[]},"contributions":{},"includedScopes":[]},"contributions":{},"includedScopes":[]},"sourceMap":{"end":{"column":104,"line":67,"offset":3492},"start":{"column":96,"line":67,"offset":3484}},"value":{"id":"c152e8e0-25e5-470b-93ef-44d87f06c9e0","metadata":[],"scope":{"containerScope":{"containerScope":{"containerScope":{"containerScope":{"containerScope":{"containerScope":{"containerScope":{"containerScope":{"containerScope":{"containerScope":{"contributions":{},"includedScopes":[]},"contributions":{},"includedScopes":[]},"contributions":{},"includedScopes":[{"contributions":{},"includedScopes":[]},{"contributions":{},"includedScopes":[]},{"contributions":{},"includedScopes":[]}]},"contributions":{},"includedScopes":[{"containerScope":{"containerScope":{"containerScope":{"contributions":{},"includedScopes":[]},"contributions":{},"includedScopes":[]},"contributions":{},"includedScopes":[]},"contributions":{},"includedScopes":[]}]},"contributions":{},"includedScopes":[]},"contributions":{},"includedScopes":[]},"contributions":{},"includedScopes":[]},"contributions":{},"includedScopes":[]},"contributions":{},"includedScopes":[]},"contributions":{},"includedScopes":[]},"contributions":{},"includedScopes":[]},"sourceMap":{"end":{"column":104,"line":67,"offset":3492},"start":{"column":103,"line":67,"offset":3491}},"value":7}}],"id":"971965e9-f101-4810-a11d-e0bc0ebea220","instantiated":{"id":"35f8823b-627f-4202-9619-696c5900f6d3","metadata":[],"name":"MateriaAprobada","scope":{"containerScope":{"containerScope":{"containerScope":{"containerScope":{"containerScope":{"containerScope":{"containerScope":{"containerScope":{"containerScope":{"contributions":{},"includedScopes":[]},"contributions":{},"includedScopes":[]},"contributions":{},"includedScopes":[{"contributions":{},"includedScopes":[]},{"contributions":{},"includedScopes":[]},{"contributions":{},"includedScopes":[]}]},"contributions":{},"includedScopes":[{"containerScope":{"containerScope":{"containerScope":{"contributions":{},"includedScopes":[]},"contributions":{},"includedScopes":[]},"contributions":{},"includedScopes":[]},"contributions":{},"includedScopes":[]}]},"contributions":{},"includedScopes":[]},"contributions":{},"includedScopes":[]},"contributions":{},"includedScopes":[]},"contributions":{},"includedScopes":[]},"contributions":{},"includedScopes":[]},"contributions":{},"includedScopes":[]},"sourceMap":{"end":{"column":72,"line":67,"offset":3460},"start":{"column":57,"line":67,"offset":3445}}},"metadata":[],"scope":{"containerScope":{"containerScope":{"containerScope":{"containerScope":{"containerScope":{"containerScope":{"containerScope":{"containerScope":{"contributions":{},"includedScopes":[]},"contributions":{},"includedScopes":[]},"contributions":{},"includedScopes":[{"contributions":{},"includedScopes":[]},{"contributions":{},"includedScopes":[]},{"contributions":{},"includedScopes":[]}]},"contributions":{},"includedScopes":[{"containerScope":{"containerScope":{"containerScope":{"contributions":{},"includedScopes":[]},"contributions":{},"includedScopes":[]},"contributions":{},"includedScopes":[]},"contributions":{},"includedScopes":[]}]},"contributions":{},"includedScopes":[]},"contributions":{},"includedScopes":[]},"contributions":{},"includedScopes":[]},"contributions":{},"includedScopes":[]},"contributions":{},"includedScopes":[]},"sourceMap":{"end":{"column":105,"line":67,"offset":3493},"start":{"column":53,"line":67,"offset":3441}}},{"args":[{"id":"cde156e1-488b-41ef-a570-2d090b95009d","metadata":[],"name":"materia","scope":{"containerScope":{"containerScope":{"containerScope":{"containerScope":{"containerScope":{"containerScope":{"containerScope":{"containerScope":{"containerScope":{"contributions":{},"includedScopes":[]},"contributions":{},"includedScopes":[]},"contributions":{},"includedScopes":[{"contributions":{},"includedScopes":[]},{"contributions":{},"includedScopes":[]},{"contributions":{},"includedScopes":[]}]},"contributions":{},"includedScopes":[{"containerScope":{"containerScope":{"containerScope":{"contributions":{},"includedScopes":[]},"contributions":{},"includedScopes":[]},"contributions":{},"includedScopes":[]},"contributions":{},"includedScopes":[]}]},"contributions":{},"includedScopes":[]},"contributions":{},"includedScopes":[]},"contributions":{},"includedScopes":[]},"contributions":{},"includedScopes":[]},"contributions":{},"includedScopes":[]},"contributions":{},"includedScopes":[]},"sourceMap":{"end":{"column":91,"line":68,"offset":3587},"start":{"column":73,"line":68,"offset":3569}},"value":{"id":"e0c30c66-6ecb-4f5b-95c3-85ea49dc1ed2","metadata":[],"name":"objetos1","scope":{"containerScope":{"containerScope":{"containerScope":{"containerScope":{"containerScope":{"containerScope":{"containerScope":{"containerScope":{"containerScope":{"containerScope":{"contributions":{},"includedScopes":[]},"contributions":{},"includedScopes":[]},"contributions":{},"includedScopes":[{"contributions":{},"includedScopes":[]},{"contributions":{},"includedScopes":[]},{"contributions":{},"includedScopes":[]}]},"contributions":{},"includedScopes":[{"containerScope":{"containerScope":{"containerScope":{"contributions":{},"includedScopes":[]},"contributions":{},"includedScopes":[]},"contributions":{},"includedScopes":[]},"contributions":{},"includedScopes":[]}]},"contributions":{},"includedScopes":[]},"contributions":{},"includedScopes":[]},"contributions":{},"includedScopes":[]},"contributions":{},"includedScopes":[]},"contributions":{},"includedScopes":[]},"contributions":{},"includedScopes":[]},"contributions":{},"includedScopes":[]},"sourceMap":{"end":{"column":91,"line":68,"offset":3587},"start":{"column":83,"line":68,"offset":3579}}}},{"id":"b793a43b-718b-4dc6-8337-b2a43ee7d502","metadata":[],"name":"nota","scope":{"containerScope":{"containerScope":{"containerScope":{"containerScope":{"containerScope":{"containerScope":{"containerScope":{"containerScope":{"containerScope":{"contributions":{},"includedScopes":[]},"contributions":{},"includedScopes":[]},"contributions":{},"includedScopes":[{"contributions":{},"includedScopes":[]},{"contributions":{},"includedScopes":[]},{"contributions":{},"includedScopes":[]}]},"contributions":{},"includedScopes":[{"containerScope":{"containerScope":{"containerScope":{"contributions":{},"includedScopes":[]},"contributions":{},"includedScopes":[]},"contributions":{},"includedScopes":[]},"contributions":{},"includedScopes":[]}]},"contributions":{},"includedScopes":[]},"contributions":{},"includedScopes":[]},"contributions":{},"includedScopes":[]},"contributions":{},"includedScopes":[]},"contributions":{},"includedScopes":[]},"contributions":{},"includedScopes":[]},"sourceMap":{"end":{"column":101,"line":68,"offset":3597},"start":{"column":93,"line":68,"offset":3589}},"value":{"id":"3822a3fd-c17b-4a49-bf0d-85b1bd38ac6a","metadata":[],"scope":{"containerScope":{"containerScope":{"containerScope":{"containerScope":{"containerScope":{"containerScope":{"containerScope":{"containerScope":{"containerScope":{"containerScope":{"contributions":{},"includedScopes":[]},"contributions":{},"includedScopes":[]},"contributions":{},"includedScopes":[{"contributions":{},"includedScopes":[]},{"contributions":{},"includedScopes":[]},{"contributions":{},"includedScopes":[]}]},"contributions":{},"includedScopes":[{"containerScope":{"containerScope":{"containerScope":{"contributions":{},"includedScopes":[]},"contributions":{},"includedScopes":[]},"contributions":{},"includedScopes":[]},"contributions":{},"includedScopes":[]}]},"contributions":{},"includedScopes":[]},"contributions":{},"includedScopes":[]},"contributions":{},"includedScopes":[]},"contributions":{},"includedScopes":[]},"contributions":{},"includedScopes":[]},"contributions":{},"includedScopes":[]},"contributions":{},"includedScopes":[]},"sourceMap":{"end":{"column":101,"line":68,"offset":3597},"start":{"column":100,"line":68,"offset":3596}},"value":9}}],"id":"4908b329-4ea4-40a5-bdff-be0be6b6249d","instantiated":{"id":"3b604aeb-f548-482c-a74a-5852a191c234","metadata":[],"name":"MateriaAprobada","scope":{"containerScope":{"containerScope":{"containerScope":{"containerScope":{"containerScope":{"containerScope":{"containerScope":{"containerScope":{"containerScope":{"contributions":{},"includedScopes":[]},"contributions":{},"includedScopes":[]},"contributions":{},"includedScopes":[{"contributions":{},"includedScopes":[]},{"contributions":{},"includedScopes":[]},{"contributions":{},"includedScopes":[]}]},"contributions":{},"includedScopes":[{"containerScope":{"containerScope":{"containerScope":{"contributions":{},"includedScopes":[]},"contributions":{},"includedScopes":[]},"contributions":{},"includedScopes":[]},"contributions":{},"includedScopes":[]}]},"contributions":{},"includedScopes":[]},"contributions":{},"includedScopes":[]},"contributions":{},"includedScopes":[]},"contributions":{},"includedScopes":[]},"contributions":{},"includedScopes":[]},"contributions":{},"includedScopes":[]},"sourceMap":{"end":{"column":72,"line":68,"offset":3568},"start":{"column":57,"line":68,"offset":3553}}},"metadata":[],"scope":{"containerScope":{"containerScope":{"containerScope":{"containerScope":{"containerScope":{"containerScope":{"containerScope":{"containerScope":{"contributions":{},"includedScopes":[]},"contributions":{},"includedScopes":[]},"contributions":{},"includedScopes":[{"contributions":{},"includedScopes":[]},{"contributions":{},"includedScopes":[]},{"contributions":{},"includedScopes":[]}]},"contributions":{},"includedScopes":[{"containerScope":{"containerScope":{"containerScope":{"contributions":{},"includedScopes":[]},"contributions":{},"includedScopes":[]},"contributions":{},"includedScopes":[]},"contributions":{},"includedScopes":[]}]},"contributions":{},"includedScopes":[]},"contributions":{},"includedScopes":[]},"contributions":{},"includedScopes":[]},"contributions":{},"includedScopes":[]},"contributions":{},"includedScopes":[]},"sourceMap":{"end":{"column":102,"line":68,"offset":3598},"start":{"column":53,"line":68,"offset":3549}}}]]}}],"id":"dbf3e934-e8f7-430a-9003-a26db41f8fe7","instantiated":{"id":"89b36d3e-aad5-4a21-97bc-3f82df0a9b37","metadata":[],"name":"Estudiante","scope":{"containerScope":{"containerScope":{"containerScope":{"containerScope":{"containerScope":{"containerScope":{"contributions":{},"includedScopes":[]},"contributions":{},"includedScopes":[]},"contributions":{},"includedScopes":[{"contributions":{},"includedScopes":[]},{"contributions":{},"includedScopes":[]},{"contributions":{},"includedScopes":[]}]},"contributions":{},"includedScopes":[{"containerScope":{"containerScope":{"containerScope":{"contributions":{},"includedScopes":[]},"contributions":{},"includedScopes":[]},"contributions":{},"includedScopes":[]},"contributions":{},"includedScopes":[]}]},"contributions":{},"includedScopes":[]},"contributions":{},"includedScopes":[]},"contributions":{},"includedScopes":[]},"sourceMap":{"end":{"column":34,"line":65,"offset":3243},"start":{"column":24,"line":65,"offset":3233}}},"metadata":[],"scope":{"containerScope":{"containerScope":{"containerScope":{"containerScope":{"containerScope":{"contributions":{},"includedScopes":[]},"contributions":{},"includedScopes":[]},"contributions":{},"includedScopes":[{"contributions":{},"includedScopes":[]},{"contributions":{},"includedScopes":[]},{"contributions":{},"includedScopes":[]}]},"contributions":{},"includedScopes":[{"containerScope":{"containerScope":{"containerScope":{"contributions":{},"includedScopes":[]},"contributions":{},"includedScopes":[]},"contributions":{},"includedScopes":[]},"contributions":{},"includedScopes":[]}]},"contributions":{},"includedScopes":[]},"contributions":{},"includedScopes":[]},"sourceMap":{"end":{"column":104,"line":68,"offset":3600},"start":{"column":20,"line":65,"offset":3229}}}},{"id":"54ad1cd7-d761-4c22-8b60-7d72046dd0be","isConstant":true,"isProperty":false,"metadata":[],"name":"alicia","scope":{"containerScope":{"containerScope":{"containerScope":{"containerScope":{"contributions":{},"includedScopes":[]},"contributions":{},"includedScopes":[]},"contributions":{},"includedScopes":[{"contributions":{},"includedScopes":[]},{"contributions":{},"includedScopes":[]},{"contributions":{},"includedScopes":[]}]},"contributions":{},"includedScopes":[{"containerScope":{"containerScope":{"containerScope":{"contributions":{},"includedScopes":[]},"contributions":{},"includedScopes":[]},"contributions":{},"includedScopes":[]},"contributions":{},"includedScopes":[]}]},"contributions":{},"includedScopes":[]},"sourceMap":{"end":{"column":104,"line":73,"offset":3994},"start":{"column":5,"line":70,"offset":3609}},"value":{"args":[{"id":"c7e133e3-f47f-4951-a7f4-57f658749012","metadata":[],"name":"carrerasInscriptas","scope":{"containerScope":{"containerScope":{"containerScope":{"containerScope":{"containerScope":{"containerScope":{"contributions":{},"includedScopes":[]},"contributions":{},"includedScopes":[]},"contributions":{},"includedScopes":[{"contributions":{},"includedScopes":[]},{"contributions":{},"includedScopes":[]},{"contributions":{},"includedScopes":[]}]},"contributions":{},"includedScopes":[{"containerScope":{"containerScope":{"containerScope":{"contributions":{},"includedScopes":[]},"contributions":{},"includedScopes":[]},"contributions":{},"includedScopes":[]},"contributions":{},"includedScopes":[]}]},"contributions":{},"includedScopes":[]},"contributions":{},"includedScopes":[]},"contributions":{},"includedScopes":[]},"sourceMap":{"end":{"column":71,"line":70,"offset":3675},"start":{"column":35,"line":70,"offset":3639}},"value":{"id":"1ceca55c-3865-44a6-af46-825f30b53310","metadata":[],"scope":{"containerScope":{"containerScope":{"containerScope":{"containerScope":{"containerScope":{"containerScope":{"containerScope":{"contributions":{},"includedScopes":[]},"contributions":{},"includedScopes":[]},"contributions":{},"includedScopes":[{"contributions":{},"includedScopes":[]},{"contributions":{},"includedScopes":[]},{"contributions":{},"includedScopes":[]}]},"contributions":{},"includedScopes":[{"containerScope":{"containerScope":{"containerScope":{"contributions":{},"includedScopes":[]},"contributions":{},"includedScopes":[]},"contributions":{},"includedScopes":[]},"contributions":{},"includedScopes":[]}]},"contributions":{},"includedScopes":[]},"contributions":{},"includedScopes":[]},"contributions":{},"includedScopes":[]},"contributions":{},"includedScopes":[]},"sourceMap":{"end":{"column":71,"line":70,"offset":3675},"start":{"column":56,"line":70,"offset":3660}},"value":[{"id":"dafa989f-4930-47c9-908c-f1375485e0bf","metadata":[],"name":"wollok.lang.Set","scope":{"containerScope":{"containerScope":{"containerScope":{"containerScope":{"containerScope":{"containerScope":{"containerScope":{"containerScope":{"contributions":{},"includedScopes":[]},"contributions":{},"includedScopes":[]},"contributions":{},"includedScopes":[{"contributions":{},"includedScopes":[]},{"contributions":{},"includedScopes":[]},{"contributions":{},"includedScopes":[]}]},"contributions":{},"includedScopes":[{"containerScope":{"containerScope":{"containerScope":{"contributions":{},"includedScopes":[]},"contributions":{},"includedScopes":[]},"contributions":{},"includedScopes":[]},"contributions":{},"includedScopes":[]}]},"contributions":{},"includedScopes":[]},"contributions":{},"includedScopes":[]},"contributions":{},"includedScopes":[]},"contributions":{},"includedScopes":[]},"contributions":{},"includedScopes":[]}},[{"id":"bf85fb44-4eed-4ba7-96a3-e416e7c30fa7","metadata":[],"name":"programacion","scope":{"containerScope":{"containerScope":{"containerScope":{"containerScope":{"containerScope":{"containerScope":{"containerScope":{"containerScope":{"contributions":{},"includedScopes":[]},"contributions":{},"includedScopes":[]},"contributions":{},"includedScopes":[{"contributions":{},"includedScopes":[]},{"contributions":{},"includedScopes":[]},{"contributions":{},"includedScopes":[]}]},"contributions":{},"includedScopes":[{"containerScope":{"containerScope":{"containerScope":{"contributions":{},"includedScopes":[]},"contributions":{},"includedScopes":[]},"contributions":{},"includedScopes":[]},"contributions":{},"includedScopes":[]}]},"contributions":{},"includedScopes":[]},"contributions":{},"includedScopes":[]},"contributions":{},"includedScopes":[]},"contributions":{},"includedScopes":[]},"contributions":{},"includedScopes":[]},"sourceMap":{"end":{"column":70,"line":70,"offset":3674},"start":{"column":58,"line":70,"offset":3662}}}]]}},{"id":"a3d8431f-9072-4944-91a2-0d467d854c69","metadata":[],"name":"materiasAprobadas","scope":{"containerScope":{"containerScope":{"containerScope":{"containerScope":{"containerScope":{"containerScope":{"contributions":{},"includedScopes":[]},"contributions":{},"includedScopes":[]},"contributions":{},"includedScopes":[{"contributions":{},"includedScopes":[]},{"contributions":{},"includedScopes":[]},{"contributions":{},"includedScopes":[]}]},"contributions":{},"includedScopes":[{"containerScope":{"containerScope":{"containerScope":{"contributions":{},"includedScopes":[]},"contributions":{},"includedScopes":[]},"contributions":{},"includedScopes":[]},"contributions":{},"includedScopes":[]}]},"contributions":{},"includedScopes":[]},"contributions":{},"includedScopes":[]},"contributions":{},"includedScopes":[]},"sourceMap":{"end":{"column":103,"line":73,"offset":3993},"start":{"column":33,"line":71,"offset":3710}},"value":{"id":"3452ff4e-6138-405f-b60a-a6fb4c77cfe9","metadata":[],"scope":{"containerScope":{"containerScope":{"containerScope":{"containerScope":{"containerScope":{"containerScope":{"containerScope":{"contributions":{},"includedScopes":[]},"contributions":{},"includedScopes":[]},"contributions":{},"includedScopes":[{"contributions":{},"includedScopes":[]},{"contributions":{},"includedScopes":[]},{"contributions":{},"includedScopes":[]}]},"contributions":{},"includedScopes":[{"containerScope":{"containerScope":{"containerScope":{"contributions":{},"includedScopes":[]},"contributions":{},"includedScopes":[]},"contributions":{},"includedScopes":[]},"contributions":{},"includedScopes":[]}]},"contributions":{},"includedScopes":[]},"contributions":{},"includedScopes":[]},"contributions":{},"includedScopes":[]},"contributions":{},"includedScopes":[]},"sourceMap":{"end":{"column":103,"line":73,"offset":3993},"start":{"column":53,"line":71,"offset":3730}},"value":[{"id":"e059853d-a4d7-4c1d-b94f-668a3307ed9e","metadata":[],"name":"wollok.lang.List","scope":{"containerScope":{"containerScope":{"containerScope":{"containerScope":{"containerScope":{"containerScope":{"containerScope":{"containerScope":{"contributions":{},"includedScopes":[]},"contributions":{},"includedScopes":[]},"contributions":{},"includedScopes":[{"contributions":{},"includedScopes":[]},{"contributions":{},"includedScopes":[]},{"contributions":{},"includedScopes":[]}]},"contributions":{},"includedScopes":[{"containerScope":{"containerScope":{"containerScope":{"contributions":{},"includedScopes":[]},"contributions":{},"includedScopes":[]},"contributions":{},"includedScopes":[]},"contributions":{},"includedScopes":[]}]},"contributions":{},"includedScopes":[]},"contributions":{},"includedScopes":[]},"contributions":{},"includedScopes":[]},"contributions":{},"includedScopes":[]},"contributions":{},"includedScopes":[]}},[{"args":[{"id":"6f12bc0a-a961-4d1d-8c47-f9069fdf3fe3","metadata":[],"name":"materia","scope":{"containerScope":{"containerScope":{"containerScope":{"containerScope":{"containerScope":{"containerScope":{"containerScope":{"containerScope":{"containerScope":{"contributions":{},"includedScopes":[]},"contributions":{},"includedScopes":[]},"contributions":{},"includedScopes":[{"contributions":{},"includedScopes":[]},{"contributions":{},"includedScopes":[]},{"contributions":{},"includedScopes":[]}]},"contributions":{},"includedScopes":[{"containerScope":{"containerScope":{"containerScope":{"contributions":{},"includedScopes":[]},"contributions":{},"includedScopes":[]},"contributions":{},"includedScopes":[]},"contributions":{},"includedScopes":[]}]},"contributions":{},"includedScopes":[]},"contributions":{},"includedScopes":[]},"contributions":{},"includedScopes":[]},"contributions":{},"includedScopes":[]},"contributions":{},"includedScopes":[]},"contributions":{},"includedScopes":[]},"sourceMap":{"end":{"column":93,"line":71,"offset":3770},"start":{"column":74,"line":71,"offset":3751}},"value":{"id":"cc0cb6e2-7f7a-4584-9987-de3a0da21a69","metadata":[],"name":"elementos","scope":{"containerScope":{"containerScope":{"containerScope":{"containerScope":{"containerScope":{"containerScope":{"containerScope":{"containerScope":{"containerScope":{"containerScope":{"contributions":{},"includedScopes":[]},"contributions":{},"includedScopes":[]},"contributions":{},"includedScopes":[{"contributions":{},"includedScopes":[]},{"contributions":{},"includedScopes":[]},{"contributions":{},"includedScopes":[]}]},"contributions":{},"includedScopes":[{"containerScope":{"containerScope":{"containerScope":{"contributions":{},"includedScopes":[]},"contributions":{},"includedScopes":[]},"contributions":{},"includedScopes":[]},"contributions":{},"includedScopes":[]}]},"contributions":{},"includedScopes":[]},"contributions":{},"includedScopes":[]},"contributions":{},"includedScopes":[]},"contributions":{},"includedScopes":[]},"contributions":{},"includedScopes":[]},"contributions":{},"includedScopes":[]},"contributions":{},"includedScopes":[]},"sourceMap":{"end":{"column":93,"line":71,"offset":3770},"start":{"column":84,"line":71,"offset":3761}}}},{"id":"e0d50f08-d406-4a75-aa12-f20c04c146c5","metadata":[],"name":"nota","scope":{"containerScope":{"containerScope":{"containerScope":{"containerScope":{"containerScope":{"containerScope":{"containerScope":{"containerScope":{"containerScope":{"contributions":{},"includedScopes":[]},"contributions":{},"includedScopes":[]},"contributions":{},"includedScopes":[{"contributions":{},"includedScopes":[]},{"contributions":{},"includedScopes":[]},{"contributions":{},"includedScopes":[]}]},"contributions":{},"includedScopes":[{"containerScope":{"containerScope":{"containerScope":{"contributions":{},"includedScopes":[]},"contributions":{},"includedScopes":[]},"contributions":{},"includedScopes":[]},"contributions":{},"includedScopes":[]}]},"contributions":{},"includedScopes":[]},"contributions":{},"includedScopes":[]},"contributions":{},"includedScopes":[]},"contributions":{},"includedScopes":[]},"contributions":{},"includedScopes":[]},"contributions":{},"includedScopes":[]},"sourceMap":{"end":{"column":103,"line":71,"offset":3780},"start":{"column":95,"line":71,"offset":3772}},"value":{"id":"715d1b0c-a303-4dd4-8e3a-82101e1221f6","metadata":[],"scope":{"containerScope":{"containerScope":{"containerScope":{"containerScope":{"containerScope":{"containerScope":{"containerScope":{"containerScope":{"containerScope":{"containerScope":{"contributions":{},"includedScopes":[]},"contributions":{},"includedScopes":[]},"contributions":{},"includedScopes":[{"contributions":{},"includedScopes":[]},{"contributions":{},"includedScopes":[]},{"contributions":{},"includedScopes":[]}]},"contributions":{},"includedScopes":[{"containerScope":{"containerScope":{"containerScope":{"contributions":{},"includedScopes":[]},"contributions":{},"includedScopes":[]},"contributions":{},"includedScopes":[]},"contributions":{},"includedScopes":[]}]},"contributions":{},"includedScopes":[]},"contributions":{},"includedScopes":[]},"contributions":{},"includedScopes":[]},"contributions":{},"includedScopes":[]},"contributions":{},"includedScopes":[]},"contributions":{},"includedScopes":[]},"contributions":{},"includedScopes":[]},"sourceMap":{"end":{"column":103,"line":71,"offset":3780},"start":{"column":102,"line":71,"offset":3779}},"value":5}}],"id":"b1d55202-1282-42c2-befc-05dbdc868114","instantiated":{"id":"e8dffa22-7b83-4b5d-9b90-760253cb3bd8","metadata":[],"name":"MateriaAprobada","scope":{"containerScope":{"containerScope":{"containerScope":{"containerScope":{"containerScope":{"containerScope":{"containerScope":{"containerScope":{"containerScope":{"contributions":{},"includedScopes":[]},"contributions":{},"includedScopes":[]},"contributions":{},"includedScopes":[{"contributions":{},"includedScopes":[]},{"contributions":{},"includedScopes":[]},{"contributions":{},"includedScopes":[]}]},"contributions":{},"includedScopes":[{"containerScope":{"containerScope":{"containerScope":{"contributions":{},"includedScopes":[]},"contributions":{},"includedScopes":[]},"contributions":{},"includedScopes":[]},"contributions":{},"includedScopes":[]}]},"contributions":{},"includedScopes":[]},"contributions":{},"includedScopes":[]},"contributions":{},"includedScopes":[]},"contributions":{},"includedScopes":[]},"contributions":{},"includedScopes":[]},"contributions":{},"includedScopes":[]},"sourceMap":{"end":{"column":73,"line":71,"offset":3750},"start":{"column":58,"line":71,"offset":3735}}},"metadata":[],"scope":{"containerScope":{"containerScope":{"containerScope":{"containerScope":{"containerScope":{"containerScope":{"containerScope":{"containerScope":{"contributions":{},"includedScopes":[]},"contributions":{},"includedScopes":[]},"contributions":{},"includedScopes":[{"contributions":{},"includedScopes":[]},{"contributions":{},"includedScopes":[]},{"contributions":{},"includedScopes":[]}]},"contributions":{},"includedScopes":[{"containerScope":{"containerScope":{"containerScope":{"contributions":{},"includedScopes":[]},"contributions":{},"includedScopes":[]},"contributions":{},"includedScopes":[]},"contributions":{},"includedScopes":[]}]},"contributions":{},"includedScopes":[]},"contributions":{},"includedScopes":[]},"contributions":{},"includedScopes":[]},"contributions":{},"includedScopes":[]},"contributions":{},"includedScopes":[]},"sourceMap":{"end":{"column":104,"line":71,"offset":3781},"start":{"column":54,"line":71,"offset":3731}}},{"args":[{"id":"6cb950c8-e19c-4a32-99d5-c32d53702ccd","metadata":[],"name":"materia","scope":{"containerScope":{"containerScope":{"containerScope":{"containerScope":{"containerScope":{"containerScope":{"containerScope":{"containerScope":{"containerScope":{"contributions":{},"includedScopes":[]},"contributions":{},"includedScopes":[]},"contributions":{},"includedScopes":[{"contributions":{},"includedScopes":[]},{"contributions":{},"includedScopes":[]},{"contributions":{},"includedScopes":[]}]},"contributions":{},"includedScopes":[{"containerScope":{"containerScope":{"containerScope":{"contributions":{},"includedScopes":[]},"contributions":{},"includedScopes":[]},"contributions":{},"includedScopes":[]},"contributions":{},"includedScopes":[]}]},"contributions":{},"includedScopes":[]},"contributions":{},"includedScopes":[]},"contributions":{},"includedScopes":[]},"contributions":{},"includedScopes":[]},"contributions":{},"includedScopes":[]},"contributions":{},"includedScopes":[]},"sourceMap":{"end":{"column":94,"line":72,"offset":3877},"start":{"column":73,"line":72,"offset":3856}},"value":{"id":"3a32c839-6bcd-4728-be78-5083db3741e5","metadata":[],"name":"matematica1","scope":{"containerScope":{"containerScope":{"containerScope":{"containerScope":{"containerScope":{"containerScope":{"containerScope":{"containerScope":{"containerScope":{"containerScope":{"contributions":{},"includedScopes":[]},"contributions":{},"includedScopes":[]},"contributions":{},"includedScopes":[{"contributions":{},"includedScopes":[]},{"contributions":{},"includedScopes":[]},{"contributions":{},"includedScopes":[]}]},"contributions":{},"includedScopes":[{"containerScope":{"containerScope":{"containerScope":{"contributions":{},"includedScopes":[]},"contributions":{},"includedScopes":[]},"contributions":{},"includedScopes":[]},"contributions":{},"includedScopes":[]}]},"contributions":{},"includedScopes":[]},"contributions":{},"includedScopes":[]},"contributions":{},"includedScopes":[]},"contributions":{},"includedScopes":[]},"contributions":{},"includedScopes":[]},"contributions":{},"includedScopes":[]},"contributions":{},"includedScopes":[]},"sourceMap":{"end":{"column":94,"line":72,"offset":3877},"start":{"column":83,"line":72,"offset":3866}}}},{"id":"d8eac9ff-8806-4703-8eb8-7df2f823c2e3","metadata":[],"name":"nota","scope":{"containerScope":{"containerScope":{"containerScope":{"containerScope":{"containerScope":{"containerScope":{"containerScope":{"containerScope":{"containerScope":{"contributions":{},"includedScopes":[]},"contributions":{},"includedScopes":[]},"contributions":{},"includedScopes":[{"contributions":{},"includedScopes":[]},{"contributions":{},"includedScopes":[]},{"contributions":{},"includedScopes":[]}]},"contributions":{},"includedScopes":[{"containerScope":{"containerScope":{"containerScope":{"contributions":{},"includedScopes":[]},"contributions":{},"includedScopes":[]},"contributions":{},"includedScopes":[]},"contributions":{},"includedScopes":[]}]},"contributions":{},"includedScopes":[]},"contributions":{},"includedScopes":[]},"contributions":{},"includedScopes":[]},"contributions":{},"includedScopes":[]},"contributions":{},"includedScopes":[]},"contributions":{},"includedScopes":[]},"sourceMap":{"end":{"column":104,"line":72,"offset":3887},"start":{"column":96,"line":72,"offset":3879}},"value":{"id":"536b6eba-1e23-4731-b72d-6998b013843f","metadata":[],"scope":{"containerScope":{"containerScope":{"containerScope":{"containerScope":{"containerScope":{"containerScope":{"containerScope":{"containerScope":{"containerScope":{"containerScope":{"contributions":{},"includedScopes":[]},"contributions":{},"includedScopes":[]},"contributions":{},"includedScopes":[{"contributions":{},"includedScopes":[]},{"contributions":{},"includedScopes":[]},{"contributions":{},"includedScopes":[]}]},"contributions":{},"includedScopes":[{"containerScope":{"containerScope":{"containerScope":{"contributions":{},"includedScopes":[]},"contributions":{},"includedScopes":[]},"contributions":{},"includedScopes":[]},"contributions":{},"includedScopes":[]}]},"contributions":{},"includedScopes":[]},"contributions":{},"includedScopes":[]},"contributions":{},"includedScopes":[]},"contributions":{},"includedScopes":[]},"contributions":{},"includedScopes":[]},"contributions":{},"includedScopes":[]},"contributions":{},"includedScopes":[]},"sourceMap":{"end":{"column":104,"line":72,"offset":3887},"start":{"column":103,"line":72,"offset":3886}},"value":7}}],"id":"92ab9dc9-8917-4624-8918-4bfcc995c8d0","instantiated":{"id":"660c2c61-980b-4ab7-92c1-e8dcfe21db17","metadata":[],"name":"MateriaAprobada","scope":{"containerScope":{"containerScope":{"containerScope":{"containerScope":{"containerScope":{"containerScope":{"containerScope":{"containerScope":{"containerScope":{"contributions":{},"includedScopes":[]},"contributions":{},"includedScopes":[]},"contributions":{},"includedScopes":[{"contributions":{},"includedScopes":[]},{"contributions":{},"includedScopes":[]},{"contributions":{},"includedScopes":[]}]},"contributions":{},"includedScopes":[{"containerScope":{"containerScope":{"containerScope":{"contributions":{},"includedScopes":[]},"contributions":{},"includedScopes":[]},"contributions":{},"includedScopes":[]},"contributions":{},"includedScopes":[]}]},"contributions":{},"includedScopes":[]},"contributions":{},"includedScopes":[]},"contributions":{},"includedScopes":[]},"contributions":{},"includedScopes":[]},"contributions":{},"includedScopes":[]},"contributions":{},"includedScopes":[]},"sourceMap":{"end":{"column":72,"line":72,"offset":3855},"start":{"column":57,"line":72,"offset":3840}}},"metadata":[],"scope":{"containerScope":{"containerScope":{"containerScope":{"containerScope":{"containerScope":{"containerScope":{"containerScope":{"containerScope":{"contributions":{},"includedScopes":[]},"contributions":{},"includedScopes":[]},"contributions":{},"includedScopes":[{"contributions":{},"includedScopes":[]},{"contributions":{},"includedScopes":[]},{"contributions":{},"includedScopes":[]}]},"contributions":{},"includedScopes":[{"containerScope":{"containerScope":{"containerScope":{"contributions":{},"includedScopes":[]},"contributions":{},"includedScopes":[]},"contributions":{},"includedScopes":[]},"contributions":{},"includedScopes":[]}]},"contributions":{},"includedScopes":[]},"contributions":{},"includedScopes":[]},"contributions":{},"includedScopes":[]},"contributions":{},"includedScopes":[]},"contributions":{},"includedScopes":[]},"sourceMap":{"end":{"column":105,"line":72,"offset":3888},"start":{"column":53,"line":72,"offset":3836}}},{"args":[{"id":"f9f31c24-99bb-4550-bbba-b9f073a9ebfa","metadata":[],"name":"materia","scope":{"containerScope":{"containerScope":{"containerScope":{"containerScope":{"containerScope":{"containerScope":{"containerScope":{"containerScope":{"containerScope":{"contributions":{},"includedScopes":[]},"contributions":{},"includedScopes":[]},"contributions":{},"includedScopes":[{"contributions":{},"includedScopes":[]},{"contributions":{},"includedScopes":[]},{"contributions":{},"includedScopes":[]}]},"contributions":{},"includedScopes":[{"containerScope":{"containerScope":{"containerScope":{"contributions":{},"includedScopes":[]},"contributions":{},"includedScopes":[]},"contributions":{},"includedScopes":[]},"contributions":{},"includedScopes":[]}]},"contributions":{},"includedScopes":[]},"contributions":{},"includedScopes":[]},"contributions":{},"includedScopes":[]},"contributions":{},"includedScopes":[]},"contributions":{},"includedScopes":[]},"contributions":{},"includedScopes":[]},"sourceMap":{"end":{"column":91,"line":73,"offset":3981},"start":{"column":73,"line":73,"offset":3963}},"value":{"id":"71ed2b60-4952-415d-bedc-c08febeb60a2","metadata":[],"name":"objetos1","scope":{"containerScope":{"containerScope":{"containerScope":{"containerScope":{"containerScope":{"containerScope":{"containerScope":{"containerScope":{"containerScope":{"containerScope":{"contributions":{},"includedScopes":[]},"contributions":{},"includedScopes":[]},"contributions":{},"includedScopes":[{"contributions":{},"includedScopes":[]},{"contributions":{},"includedScopes":[]},{"contributions":{},"includedScopes":[]}]},"contributions":{},"includedScopes":[{"containerScope":{"containerScope":{"containerScope":{"contributions":{},"includedScopes":[]},"contributions":{},"includedScopes":[]},"contributions":{},"includedScopes":[]},"contributions":{},"includedScopes":[]}]},"contributions":{},"includedScopes":[]},"contributions":{},"includedScopes":[]},"contributions":{},"includedScopes":[]},"contributions":{},"includedScopes":[]},"contributions":{},"includedScopes":[]},"contributions":{},"includedScopes":[]},"contributions":{},"includedScopes":[]},"sourceMap":{"end":{"column":91,"line":73,"offset":3981},"start":{"column":83,"line":73,"offset":3973}}}},{"id":"84bf9ae5-f1da-4cad-b86f-5a5794337cd0","metadata":[],"name":"nota","scope":{"containerScope":{"containerScope":{"containerScope":{"containerScope":{"containerScope":{"containerScope":{"containerScope":{"containerScope":{"containerScope":{"contributions":{},"includedScopes":[]},"contributions":{},"includedScopes":[]},"contributions":{},"includedScopes":[{"contributions":{},"includedScopes":[]},{"contributions":{},"includedScopes":[]},{"contributions":{},"includedScopes":[]}]},"contributions":{},"includedScopes":[{"containerScope":{"containerScope":{"containerScope":{"contributions":{},"includedScopes":[]},"contributions":{},"includedScopes":[]},"contributions":{},"includedScopes":[]},"contributions":{},"includedScopes":[]}]},"contributions":{},"includedScopes":[]},"contributions":{},"includedScopes":[]},"contributions":{},"includedScopes":[]},"contributions":{},"includedScopes":[]},"contributions":{},"includedScopes":[]},"contributions":{},"includedScopes":[]},"sourceMap":{"end":{"column":101,"line":73,"offset":3991},"start":{"column":93,"line":73,"offset":3983}},"value":{"id":"833e1e16-7762-477a-9fba-ecbd622dae6c","metadata":[],"scope":{"containerScope":{"containerScope":{"containerScope":{"containerScope":{"containerScope":{"containerScope":{"containerScope":{"containerScope":{"containerScope":{"containerScope":{"contributions":{},"includedScopes":[]},"contributions":{},"includedScopes":[]},"contributions":{},"includedScopes":[{"contributions":{},"includedScopes":[]},{"contributions":{},"includedScopes":[]},{"contributions":{},"includedScopes":[]}]},"contributions":{},"includedScopes":[{"containerScope":{"containerScope":{"containerScope":{"contributions":{},"includedScopes":[]},"contributions":{},"includedScopes":[]},"contributions":{},"includedScopes":[]},"contributions":{},"includedScopes":[]}]},"contributions":{},"includedScopes":[]},"contributions":{},"includedScopes":[]},"contributions":{},"includedScopes":[]},"contributions":{},"includedScopes":[]},"contributions":{},"includedScopes":[]},"contributions":{},"includedScopes":[]},"contributions":{},"includedScopes":[]},"sourceMap":{"end":{"column":101,"line":73,"offset":3991},"start":{"column":100,"line":73,"offset":3990}},"value":9}}],"id":"bfe8d63c-9fb3-43e7-bf6a-0deb87538ca0","instantiated":{"id":"7df9b741-08b8-4d59-9409-a1ede8156bbb","metadata":[],"name":"MateriaAprobada","scope":{"containerScope":{"containerScope":{"containerScope":{"containerScope":{"containerScope":{"containerScope":{"containerScope":{"containerScope":{"containerScope":{"contributions":{},"includedScopes":[]},"contributions":{},"includedScopes":[]},"contributions":{},"includedScopes":[{"contributions":{},"includedScopes":[]},{"contributions":{},"includedScopes":[]},{"contributions":{},"includedScopes":[]}]},"contributions":{},"includedScopes":[{"containerScope":{"containerScope":{"containerScope":{"contributions":{},"includedScopes":[]},"contributions":{},"includedScopes":[]},"contributions":{},"includedScopes":[]},"contributions":{},"includedScopes":[]}]},"contributions":{},"includedScopes":[]},"contributions":{},"includedScopes":[]},"contributions":{},"includedScopes":[]},"contributions":{},"includedScopes":[]},"contributions":{},"includedScopes":[]},"contributions":{},"includedScopes":[]},"sourceMap":{"end":{"column":72,"line":73,"offset":3962},"start":{"column":57,"line":73,"offset":3947}}},"metadata":[],"scope":{"containerScope":{"containerScope":{"containerScope":{"containerScope":{"containerScope":{"containerScope":{"containerScope":{"containerScope":{"contributions":{},"includedScopes":[]},"contributions":{},"includedScopes":[]},"contributions":{},"includedScopes":[{"contributions":{},"includedScopes":[]},{"contributions":{},"includedScopes":[]},{"contributions":{},"includedScopes":[]}]},"contributions":{},"includedScopes":[{"containerScope":{"containerScope":{"containerScope":{"contributions":{},"includedScopes":[]},"contributions":{},"includedScopes":[]},"contributions":{},"includedScopes":[]},"contributions":{},"includedScopes":[]}]},"contributions":{},"includedScopes":[]},"contributions":{},"includedScopes":[]},"contributions":{},"includedScopes":[]},"contributions":{},"includedScopes":[]},"contributions":{},"includedScopes":[]},"sourceMap":{"end":{"column":102,"line":73,"offset":3992},"start":{"column":53,"line":73,"offset":3943}}}]]}}],"id":"81f7eb83-a8d3-4512-8b1e-cbfe71d6d9e8","instantiated":{"id":"2f0251e7-97a6-4f04-935a-6c6fb6d2f21a","metadata":[],"name":"Estudiante","scope":{"containerScope":{"containerScope":{"containerScope":{"containerScope":{"containerScope":{"containerScope":{"contributions":{},"includedScopes":[]},"contributions":{},"includedScopes":[]},"contributions":{},"includedScopes":[{"contributions":{},"includedScopes":[]},{"contributions":{},"includedScopes":[]},{"contributions":{},"includedScopes":[]}]},"contributions":{},"includedScopes":[{"containerScope":{"containerScope":{"containerScope":{"contributions":{},"includedScopes":[]},"contributions":{},"includedScopes":[]},"contributions":{},"includedScopes":[]},"contributions":{},"includedScopes":[]}]},"contributions":{},"includedScopes":[]},"contributions":{},"includedScopes":[]},"contributions":{},"includedScopes":[]},"sourceMap":{"end":{"column":34,"line":70,"offset":3638},"start":{"column":24,"line":70,"offset":3628}}},"metadata":[],"scope":{"containerScope":{"containerScope":{"containerScope":{"containerScope":{"containerScope":{"contributions":{},"includedScopes":[]},"contributions":{},"includedScopes":[]},"contributions":{},"includedScopes":[{"contributions":{},"includedScopes":[]},{"contributions":{},"includedScopes":[]},{"contributions":{},"includedScopes":[]}]},"contributions":{},"includedScopes":[{"containerScope":{"containerScope":{"containerScope":{"contributions":{},"includedScopes":[]},"contributions":{},"includedScopes":[]},"contributions":{},"includedScopes":[]},"contributions":{},"includedScopes":[]}]},"contributions":{},"includedScopes":[]},"contributions":{},"includedScopes":[]},"sourceMap":{"end":{"column":104,"line":73,"offset":3994},"start":{"column":20,"line":70,"offset":3624}}}},{"id":"526fc16a-55c0-4a8c-9739-ded645e44662","isConstant":true,"isProperty":false,"metadata":[],"name":"ana","scope":{"containerScope":{"containerScope":{"containerScope":{"containerScope":{"contributions":{},"includedScopes":[]},"contributions":{},"includedScopes":[]},"contributions":{},"includedScopes":[{"contributions":{},"includedScopes":[]},{"contributions":{},"includedScopes":[]},{"contributions":{},"includedScopes":[]}]},"contributions":{},"includedScopes":[{"containerScope":{"containerScope":{"containerScope":{"contributions":{},"includedScopes":[]},"contributions":{},"includedScopes":[]},"contributions":{},"includedScopes":[]},"contributions":{},"includedScopes":[]}]},"contributions":{},"includedScopes":[]},"sourceMap":{"end":{"column":106,"line":76,"offset":4177},"start":{"column":5,"line":75,"offset":4006}},"value":{"args":[{"id":"a2159a4b-1ebb-4b47-b96a-45a70e60c684","metadata":[],"name":"carrerasInscriptas","scope":{"containerScope":{"containerScope":{"containerScope":{"containerScope":{"containerScope":{"containerScope":{"contributions":{},"includedScopes":[]},"contributions":{},"includedScopes":[]},"contributions":{},"includedScopes":[{"contributions":{},"includedScopes":[]},{"contributions":{},"includedScopes":[]},{"contributions":{},"includedScopes":[]}]},"contributions":{},"includedScopes":[{"containerScope":{"containerScope":{"containerScope":{"contributions":{},"includedScopes":[]},"contributions":{},"includedScopes":[]},"contributions":{},"includedScopes":[]},"contributions":{},"includedScopes":[]}]},"contributions":{},"includedScopes":[]},"contributions":{},"includedScopes":[]},"contributions":{},"includedScopes":[]},"sourceMap":{"end":{"column":68,"line":75,"offset":4069},"start":{"column":32,"line":75,"offset":4033}},"value":{"id":"685fae9d-b963-4041-b59b-a02a08148959","metadata":[],"scope":{"containerScope":{"containerScope":{"containerScope":{"containerScope":{"containerScope":{"containerScope":{"containerScope":{"contributions":{},"includedScopes":[]},"contributions":{},"includedScopes":[]},"contributions":{},"includedScopes":[{"contributions":{},"includedScopes":[]},{"contributions":{},"includedScopes":[]},{"contributions":{},"includedScopes":[]}]},"contributions":{},"includedScopes":[{"containerScope":{"containerScope":{"containerScope":{"contributions":{},"includedScopes":[]},"contributions":{},"includedScopes":[]},"contributions":{},"includedScopes":[]},"contributions":{},"includedScopes":[]}]},"contributions":{},"includedScopes":[]},"contributions":{},"includedScopes":[]},"contributions":{},"includedScopes":[]},"contributions":{},"includedScopes":[]},"sourceMap":{"end":{"column":68,"line":75,"offset":4069},"start":{"column":53,"line":75,"offset":4054}},"value":[{"id":"c14548de-0243-494b-b179-6b0221f2e457","metadata":[],"name":"wollok.lang.Set","scope":{"containerScope":{"containerScope":{"containerScope":{"containerScope":{"containerScope":{"containerScope":{"containerScope":{"containerScope":{"contributions":{},"includedScopes":[]},"contributions":{},"includedScopes":[]},"contributions":{},"includedScopes":[{"contributions":{},"includedScopes":[]},{"contributions":{},"includedScopes":[]},{"contributions":{},"includedScopes":[]}]},"contributions":{},"includedScopes":[{"containerScope":{"containerScope":{"containerScope":{"contributions":{},"includedScopes":[]},"contributions":{},"includedScopes":[]},"contributions":{},"includedScopes":[]},"contributions":{},"includedScopes":[]}]},"contributions":{},"includedScopes":[]},"contributions":{},"includedScopes":[]},"contributions":{},"includedScopes":[]},"contributions":{},"includedScopes":[]},"contributions":{},"includedScopes":[]}},[{"id":"3b8eba18-cf61-4090-9138-574ce7b48ef9","metadata":[],"name":"programacion","scope":{"containerScope":{"containerScope":{"containerScope":{"containerScope":{"containerScope":{"containerScope":{"containerScope":{"containerScope":{"contributions":{},"includedScopes":[]},"contributions":{},"includedScopes":[]},"contributions":{},"includedScopes":[{"contributions":{},"includedScopes":[]},{"contributions":{},"includedScopes":[]},{"contributions":{},"includedScopes":[]}]},"contributions":{},"includedScopes":[{"containerScope":{"containerScope":{"containerScope":{"contributions":{},"includedScopes":[]},"contributions":{},"includedScopes":[]},"contributions":{},"includedScopes":[]},"contributions":{},"includedScopes":[]}]},"contributions":{},"includedScopes":[]},"contributions":{},"includedScopes":[]},"contributions":{},"includedScopes":[]},"contributions":{},"includedScopes":[]},"contributions":{},"includedScopes":[]},"sourceMap":{"end":{"column":67,"line":75,"offset":4068},"start":{"column":55,"line":75,"offset":4056}}}]]}},{"id":"cb03146d-b73a-4758-a98a-5fd783166689","metadata":[],"name":"materiasAprobadas","scope":{"containerScope":{"containerScope":{"containerScope":{"containerScope":{"containerScope":{"containerScope":{"contributions":{},"includedScopes":[]},"contributions":{},"includedScopes":[]},"contributions":{},"includedScopes":[{"contributions":{},"includedScopes":[]},{"contributions":{},"includedScopes":[]},{"contributions":{},"includedScopes":[]}]},"contributions":{},"includedScopes":[{"containerScope":{"containerScope":{"containerScope":{"contributions":{},"includedScopes":[]},"contributions":{},"includedScopes":[]},"contributions":{},"includedScopes":[]},"contributions":{},"includedScopes":[]}]},"contributions":{},"includedScopes":[]},"contributions":{},"includedScopes":[]},"contributions":{},"includedScopes":[]},"sourceMap":{"end":{"column":105,"line":76,"offset":4176},"start":{"column":33,"line":76,"offset":4104}},"value":{"id":"74b7b9c7-56b6-4903-ac5c-597261b6161d","metadata":[],"scope":{"containerScope":{"containerScope":{"containerScope":{"containerScope":{"containerScope":{"containerScope":{"containerScope":{"contributions":{},"includedScopes":[]},"contributions":{},"includedScopes":[]},"contributions":{},"includedScopes":[{"contributions":{},"includedScopes":[]},{"contributions":{},"includedScopes":[]},{"contributions":{},"includedScopes":[]}]},"contributions":{},"includedScopes":[{"containerScope":{"containerScope":{"containerScope":{"contributions":{},"includedScopes":[]},"contributions":{},"includedScopes":[]},"contributions":{},"includedScopes":[]},"contributions":{},"includedScopes":[]}]},"contributions":{},"includedScopes":[]},"contributions":{},"includedScopes":[]},"contributions":{},"includedScopes":[]},"contributions":{},"includedScopes":[]},"sourceMap":{"end":{"column":105,"line":76,"offset":4176},"start":{"column":53,"line":76,"offset":4124}},"value":[{"id":"a41f04de-fe64-412c-8901-dee5c7d8a03a","metadata":[],"name":"wollok.lang.List","scope":{"containerScope":{"containerScope":{"containerScope":{"containerScope":{"containerScope":{"containerScope":{"containerScope":{"containerScope":{"contributions":{},"includedScopes":[]},"contributions":{},"includedScopes":[]},"contributions":{},"includedScopes":[{"contributions":{},"includedScopes":[]},{"contributions":{},"includedScopes":[]},{"contributions":{},"includedScopes":[]}]},"contributions":{},"includedScopes":[{"containerScope":{"containerScope":{"containerScope":{"contributions":{},"includedScopes":[]},"contributions":{},"includedScopes":[]},"contributions":{},"includedScopes":[]},"contributions":{},"includedScopes":[]}]},"contributions":{},"includedScopes":[]},"contributions":{},"includedScopes":[]},"contributions":{},"includedScopes":[]},"contributions":{},"includedScopes":[]},"contributions":{},"includedScopes":[]}},[{"args":[{"id":"42ddde53-a0ab-4266-b7f1-0cd864c25a40","metadata":[],"name":"materia","scope":{"containerScope":{"containerScope":{"containerScope":{"containerScope":{"containerScope":{"containerScope":{"containerScope":{"containerScope":{"containerScope":{"contributions":{},"includedScopes":[]},"contributions":{},"includedScopes":[]},"contributions":{},"includedScopes":[{"contributions":{},"includedScopes":[]},{"contributions":{},"includedScopes":[]},{"contributions":{},"includedScopes":[]}]},"contributions":{},"includedScopes":[{"containerScope":{"containerScope":{"containerScope":{"contributions":{},"includedScopes":[]},"contributions":{},"includedScopes":[]},"contributions":{},"includedScopes":[]},"contributions":{},"includedScopes":[]}]},"contributions":{},"includedScopes":[]},"contributions":{},"includedScopes":[]},"contributions":{},"includedScopes":[]},"contributions":{},"includedScopes":[]},"contributions":{},"includedScopes":[]},"contributions":{},"includedScopes":[]},"sourceMap":{"end":{"column":93,"line":76,"offset":4164},"start":{"column":74,"line":76,"offset":4145}},"value":{"id":"e07f924c-78a4-4652-8712-5307d68f594f","metadata":[],"name":"elementos","scope":{"containerScope":{"containerScope":{"containerScope":{"containerScope":{"containerScope":{"containerScope":{"containerScope":{"containerScope":{"containerScope":{"containerScope":{"contributions":{},"includedScopes":[]},"contributions":{},"includedScopes":[]},"contributions":{},"includedScopes":[{"contributions":{},"includedScopes":[]},{"contributions":{},"includedScopes":[]},{"contributions":{},"includedScopes":[]}]},"contributions":{},"includedScopes":[{"containerScope":{"containerScope":{"containerScope":{"contributions":{},"includedScopes":[]},"contributions":{},"includedScopes":[]},"contributions":{},"includedScopes":[]},"contributions":{},"includedScopes":[]}]},"contributions":{},"includedScopes":[]},"contributions":{},"includedScopes":[]},"contributions":{},"includedScopes":[]},"contributions":{},"includedScopes":[]},"contributions":{},"includedScopes":[]},"contributions":{},"includedScopes":[]},"contributions":{},"includedScopes":[]},"sourceMap":{"end":{"column":93,"line":76,"offset":4164},"start":{"column":84,"line":76,"offset":4155}}}},{"id":"8997ed2a-8dbc-4a56-a98b-c2dd09b7bf8a","metadata":[],"name":"nota","scope":{"containerScope":{"containerScope":{"containerScope":{"containerScope":{"containerScope":{"containerScope":{"containerScope":{"containerScope":{"containerScope":{"contributions":{},"includedScopes":[]},"contributions":{},"includedScopes":[]},"contributions":{},"includedScopes":[{"contributions":{},"includedScopes":[]},{"contributions":{},"includedScopes":[]},{"contributions":{},"includedScopes":[]}]},"contributions":{},"includedScopes":[{"containerScope":{"containerScope":{"containerScope":{"contributions":{},"includedScopes":[]},"contributions":{},"includedScopes":[]},"contributions":{},"includedScopes":[]},"contributions":{},"includedScopes":[]}]},"contributions":{},"includedScopes":[]},"contributions":{},"includedScopes":[]},"contributions":{},"includedScopes":[]},"contributions":{},"includedScopes":[]},"contributions":{},"includedScopes":[]},"contributions":{},"includedScopes":[]},"sourceMap":{"end":{"column":103,"line":76,"offset":4174},"start":{"column":95,"line":76,"offset":4166}},"value":{"id":"7d89ffab-f02e-4027-b5e0-d1659d80cdf9","metadata":[],"scope":{"containerScope":{"containerScope":{"containerScope":{"containerScope":{"containerScope":{"containerScope":{"containerScope":{"containerScope":{"containerScope":{"containerScope":{"contributions":{},"includedScopes":[]},"contributions":{},"includedScopes":[]},"contributions":{},"includedScopes":[{"contributions":{},"includedScopes":[]},{"contributions":{},"includedScopes":[]},{"contributions":{},"includedScopes":[]}]},"contributions":{},"includedScopes":[{"containerScope":{"containerScope":{"containerScope":{"contributions":{},"includedScopes":[]},"contributions":{},"includedScopes":[]},"contributions":{},"includedScopes":[]},"contributions":{},"includedScopes":[]}]},"contributions":{},"includedScopes":[]},"contributions":{},"includedScopes":[]},"contributions":{},"includedScopes":[]},"contributions":{},"includedScopes":[]},"contributions":{},"includedScopes":[]},"contributions":{},"includedScopes":[]},"contributions":{},"includedScopes":[]},"sourceMap":{"end":{"column":103,"line":76,"offset":4174},"start":{"column":102,"line":76,"offset":4173}},"value":5}}],"id":"121d769e-6389-40fa-90c4-e0dd5a3a3c1a","instantiated":{"id":"f9b26353-a823-4670-a61d-3dccecfcefa5","metadata":[],"name":"MateriaAprobada","scope":{"containerScope":{"containerScope":{"containerScope":{"containerScope":{"containerScope":{"containerScope":{"containerScope":{"containerScope":{"containerScope":{"contributions":{},"includedScopes":[]},"contributions":{},"includedScopes":[]},"contributions":{},"includedScopes":[{"contributions":{},"includedScopes":[]},{"contributions":{},"includedScopes":[]},{"contributions":{},"includedScopes":[]}]},"contributions":{},"includedScopes":[{"containerScope":{"containerScope":{"containerScope":{"contributions":{},"includedScopes":[]},"contributions":{},"includedScopes":[]},"contributions":{},"includedScopes":[]},"contributions":{},"includedScopes":[]}]},"contributions":{},"includedScopes":[]},"contributions":{},"includedScopes":[]},"contributions":{},"includedScopes":[]},"contributions":{},"includedScopes":[]},"contributions":{},"includedScopes":[]},"contributions":{},"includedScopes":[]},"sourceMap":{"end":{"column":73,"line":76,"offset":4144},"start":{"column":58,"line":76,"offset":4129}}},"metadata":[],"scope":{"containerScope":{"containerScope":{"containerScope":{"containerScope":{"containerScope":{"containerScope":{"containerScope":{"containerScope":{"contributions":{},"includedScopes":[]},"contributions":{},"includedScopes":[]},"contributions":{},"includedScopes":[{"contributions":{},"includedScopes":[]},{"contributions":{},"includedScopes":[]},{"contributions":{},"includedScopes":[]}]},"contributions":{},"includedScopes":[{"containerScope":{"containerScope":{"containerScope":{"contributions":{},"includedScopes":[]},"contributions":{},"includedScopes":[]},"contributions":{},"includedScopes":[]},"contributions":{},"includedScopes":[]}]},"contributions":{},"includedScopes":[]},"contributions":{},"includedScopes":[]},"contributions":{},"includedScopes":[]},"contributions":{},"includedScopes":[]},"contributions":{},"includedScopes":[]},"sourceMap":{"end":{"column":104,"line":76,"offset":4175},"start":{"column":54,"line":76,"offset":4125}}}]]}}],"id":"d04cc8d6-6081-4297-999c-294fe9877920","instantiated":{"id":"c0e51aa5-9a9e-4cc3-911b-7dab7c4efc86","metadata":[],"name":"Estudiante","scope":{"containerScope":{"containerScope":{"containerScope":{"containerScope":{"containerScope":{"containerScope":{"contributions":{},"includedScopes":[]},"contributions":{},"includedScopes":[]},"contributions":{},"includedScopes":[{"contributions":{},"includedScopes":[]},{"contributions":{},"includedScopes":[]},{"contributions":{},"includedScopes":[]}]},"contributions":{},"includedScopes":[{"containerScope":{"containerScope":{"containerScope":{"contributions":{},"includedScopes":[]},"contributions":{},"includedScopes":[]},"contributions":{},"includedScopes":[]},"contributions":{},"includedScopes":[]}]},"contributions":{},"includedScopes":[]},"contributions":{},"includedScopes":[]},"contributions":{},"includedScopes":[]},"sourceMap":{"end":{"column":31,"line":75,"offset":4032},"start":{"column":21,"line":75,"offset":4022}}},"metadata":[],"scope":{"containerScope":{"containerScope":{"containerScope":{"containerScope":{"containerScope":{"contributions":{},"includedScopes":[]},"contributions":{},"includedScopes":[]},"contributions":{},"includedScopes":[{"contributions":{},"includedScopes":[]},{"contributions":{},"includedScopes":[]},{"contributions":{},"includedScopes":[]}]},"contributions":{},"includedScopes":[{"containerScope":{"containerScope":{"containerScope":{"contributions":{},"includedScopes":[]},"contributions":{},"includedScopes":[]},"contributions":{},"includedScopes":[]},"contributions":{},"includedScopes":[]}]},"contributions":{},"includedScopes":[]},"contributions":{},"includedScopes":[]},"sourceMap":{"end":{"column":106,"line":76,"offset":4177},"start":{"column":17,"line":75,"offset":4018}}}},{"id":"1070f7c4-289a-40ef-b4b4-7cace685734c","isConstant":true,"isProperty":false,"metadata":[{"args":{"position":"start","text":"//Carrera"},"name":"comment"}],"name":"programacion","scope":{"containerScope":{"containerScope":{"containerScope":{"containerScope":{"contributions":{},"includedScopes":[]},"contributions":{},"includedScopes":[]},"contributions":{},"includedScopes":[{"contributions":{},"includedScopes":[]},{"contributions":{},"includedScopes":[]},{"contributions":{},"includedScopes":[]}]},"contributions":{},"includedScopes":[{"containerScope":{"containerScope":{"containerScope":{"contributions":{},"includedScopes":[]},"contributions":{},"includedScopes":[]},"contributions":{},"includedScopes":[]},"contributions":{},"includedScopes":[]}]},"contributions":{},"includedScopes":[]},"sourceMap":{"end":{"column":143,"line":79,"offset":4349},"start":{"column":5,"line":79,"offset":4211}},"value":{"args":[{"id":"271ca449-da9e-4b25-b0be-28485aad050b","metadata":[],"name":"materias","scope":{"containerScope":{"containerScope":{"containerScope":{"containerScope":{"containerScope":{"containerScope":{"contributions":{},"includedScopes":[]},"contributions":{},"includedScopes":[]},"contributions":{},"includedScopes":[{"contributions":{},"includedScopes":[]},{"contributions":{},"includedScopes":[]},{"contributions":{},"includedScopes":[]}]},"contributions":{},"includedScopes":[{"containerScope":{"containerScope":{"containerScope":{"contributions":{},"includedScopes":[]},"contributions":{},"includedScopes":[]},"contributions":{},"includedScopes":[]},"contributions":{},"includedScopes":[]}]},"contributions":{},"includedScopes":[]},"contributions":{},"includedScopes":[]},"contributions":{},"includedScopes":[]},"sourceMap":{"end":{"column":142,"line":79,"offset":4348},"start":{"column":38,"line":79,"offset":4244}},"value":{"id":"2f0ea1bb-3dd4-408e-88c3-445b9c5ddc38","metadata":[],"scope":{"containerScope":{"containerScope":{"containerScope":{"containerScope":{"containerScope":{"containerScope":{"containerScope":{"contributions":{},"includedScopes":[]},"contributions":{},"includedScopes":[]},"contributions":{},"includedScopes":[{"contributions":{},"includedScopes":[]},{"contributions":{},"includedScopes":[]},{"contributions":{},"includedScopes":[]}]},"contributions":{},"includedScopes":[{"containerScope":{"containerScope":{"containerScope":{"contributions":{},"includedScopes":[]},"contributions":{},"includedScopes":[]},"contributions":{},"includedScopes":[]},"contributions":{},"includedScopes":[]}]},"contributions":{},"includedScopes":[]},"contributions":{},"includedScopes":[]},"contributions":{},"includedScopes":[]},"contributions":{},"includedScopes":[]},"sourceMap":{"end":{"column":142,"line":79,"offset":4348},"start":{"column":49,"line":79,"offset":4255}},"value":[{"id":"8c231f09-a38f-4899-838c-fa757202abd0","metadata":[],"name":"wollok.lang.Set","scope":{"containerScope":{"containerScope":{"containerScope":{"containerScope":{"containerScope":{"containerScope":{"containerScope":{"containerScope":{"contributions":{},"includedScopes":[]},"contributions":{},"includedScopes":[]},"contributions":{},"includedScopes":[{"contributions":{},"includedScopes":[]},{"contributions":{},"includedScopes":[]},{"contributions":{},"includedScopes":[]}]},"contributions":{},"includedScopes":[{"containerScope":{"containerScope":{"containerScope":{"contributions":{},"includedScopes":[]},"contributions":{},"includedScopes":[]},"contributions":{},"includedScopes":[]},"contributions":{},"includedScopes":[]}]},"contributions":{},"includedScopes":[]},"contributions":{},"includedScopes":[]},"contributions":{},"includedScopes":[]},"contributions":{},"includedScopes":[]},"contributions":{},"includedScopes":[]}},[{"id":"9947c9e6-b631-478b-aa08-f3ca3a4609ca","metadata":[],"name":"objetos1","scope":{"containerScope":{"containerScope":{"containerScope":{"containerScope":{"containerScope":{"containerScope":{"containerScope":{"containerScope":{"contributions":{},"includedScopes":[]},"contributions":{},"includedScopes":[]},"contributions":{},"includedScopes":[{"contributions":{},"includedScopes":[]},{"contributions":{},"includedScopes":[]},{"contributions":{},"includedScopes":[]}]},"contributions":{},"includedScopes":[{"containerScope":{"containerScope":{"containerScope":{"contributions":{},"includedScopes":[]},"contributions":{},"includedScopes":[]},"contributions":{},"includedScopes":[]},"contributions":{},"includedScopes":[]}]},"contributions":{},"includedScopes":[]},"contributions":{},"includedScopes":[]},"contributions":{},"includedScopes":[]},"contributions":{},"includedScopes":[]},"contributions":{},"includedScopes":[]},"sourceMap":{"end":{"column":59,"line":79,"offset":4265},"start":{"column":51,"line":79,"offset":4257}}},{"id":"b8b0fe05-0c46-4458-97c2-9199f02fbfbe","metadata":[],"name":"objetos2","scope":{"containerScope":{"containerScope":{"containerScope":{"containerScope":{"containerScope":{"containerScope":{"containerScope":{"containerScope":{"contributions":{},"includedScopes":[]},"contributions":{},"includedScopes":[]},"contributions":{},"includedScopes":[{"contributions":{},"includedScopes":[]},{"contributions":{},"includedScopes":[]},{"contributions":{},"includedScopes":[]}]},"contributions":{},"includedScopes":[{"containerScope":{"containerScope":{"containerScope":{"contributions":{},"includedScopes":[]},"contributions":{},"includedScopes":[]},"contributions":{},"includedScopes":[]},"contributions":{},"includedScopes":[]}]},"contributions":{},"includedScopes":[]},"contributions":{},"includedScopes":[]},"contributions":{},"includedScopes":[]},"contributions":{},"includedScopes":[]},"contributions":{},"includedScopes":[]},"sourceMap":{"end":{"column":69,"line":79,"offset":4275},"start":{"column":61,"line":79,"offset":4267}}},{"id":"96b9e81e-c458-4ad2-88ec-d562a8cf5ad2","metadata":[],"name":"objetos3","scope":{"containerScope":{"containerScope":{"containerScope":{"containerScope":{"containerScope":{"containerScope":{"containerScope":{"containerScope":{"contributions":{},"includedScopes":[]},"contributions":{},"includedScopes":[]},"contributions":{},"includedScopes":[{"contributions":{},"includedScopes":[]},{"contributions":{},"includedScopes":[]},{"contributions":{},"includedScopes":[]}]},"contributions":{},"includedScopes":[{"containerScope":{"containerScope":{"containerScope":{"contributions":{},"includedScopes":[]},"contributions":{},"includedScopes":[]},"contributions":{},"includedScopes":[]},"contributions":{},"includedScopes":[]}]},"contributions":{},"includedScopes":[]},"contributions":{},"includedScopes":[]},"contributions":{},"includedScopes":[]},"contributions":{},"includedScopes":[]},"contributions":{},"includedScopes":[]},"sourceMap":{"end":{"column":79,"line":79,"offset":4285},"start":{"column":71,"line":79,"offset":4277}}},{"id":"832212fe-d0ad-4781-9095-44fb3e401668","metadata":[],"name":"programacionConcurrente","scope":{"containerScope":{"containerScope":{"containerScope":{"containerScope":{"containerScope":{"containerScope":{"containerScope":{"containerScope":{"contributions":{},"includedScopes":[]},"contributions":{},"includedScopes":[]},"contributions":{},"includedScopes":[{"contributions":{},"includedScopes":[]},{"contributions":{},"includedScopes":[]},{"contributions":{},"includedScopes":[]}]},"contributions":{},"includedScopes":[{"containerScope":{"containerScope":{"containerScope":{"contributions":{},"includedScopes":[]},"contributions":{},"includedScopes":[]},"contributions":{},"includedScopes":[]},"contributions":{},"includedScopes":[]}]},"contributions":{},"includedScopes":[]},"contributions":{},"includedScopes":[]},"contributions":{},"includedScopes":[]},"contributions":{},"includedScopes":[]},"contributions":{},"includedScopes":[]},"sourceMap":{"end":{"column":104,"line":79,"offset":4310},"start":{"column":81,"line":79,"offset":4287}}},{"id":"2f1bb230-3ebd-49a1-ba1a-551c4e8c545c","metadata":[],"name":"matematica1","scope":{"containerScope":{"containerScope":{"containerScope":{"containerScope":{"containerScope":{"containerScope":{"containerScope":{"containerScope":{"contributions":{},"includedScopes":[]},"contributions":{},"includedScopes":[]},"contributions":{},"includedScopes":[{"contributions":{},"includedScopes":[]},{"contributions":{},"includedScopes":[]},{"contributions":{},"includedScopes":[]}]},"contributions":{},"includedScopes":[{"containerScope":{"containerScope":{"containerScope":{"contributions":{},"includedScopes":[]},"contributions":{},"includedScopes":[]},"contributions":{},"includedScopes":[]},"contributions":{},"includedScopes":[]}]},"contributions":{},"includedScopes":[]},"contributions":{},"includedScopes":[]},"contributions":{},"includedScopes":[]},"contributions":{},"includedScopes":[]},"contributions":{},"includedScopes":[]},"sourceMap":{"end":{"column":117,"line":79,"offset":4323},"start":{"column":106,"line":79,"offset":4312}}},{"id":"1ae315a0-3cf6-42fc-a7ae-bf1f2d4c392d","metadata":[],"name":"baseDeDatos","scope":{"containerScope":{"containerScope":{"containerScope":{"containerScope":{"containerScope":{"containerScope":{"containerScope":{"containerScope":{"contributions":{},"includedScopes":[]},"contributions":{},"includedScopes":[]},"contributions":{},"includedScopes":[{"contributions":{},"includedScopes":[]},{"contributions":{},"includedScopes":[]},{"contributions":{},"includedScopes":[]}]},"contributions":{},"includedScopes":[{"containerScope":{"containerScope":{"containerScope":{"contributions":{},"includedScopes":[]},"contributions":{},"includedScopes":[]},"contributions":{},"includedScopes":[]},"contributions":{},"includedScopes":[]}]},"contributions":{},"includedScopes":[]},"contributions":{},"includedScopes":[]},"contributions":{},"includedScopes":[]},"contributions":{},"includedScopes":[]},"contributions":{},"includedScopes":[]},"sourceMap":{"end":{"column":130,"line":79,"offset":4336},"start":{"column":119,"line":79,"offset":4325}}},{"id":"67555dfd-9c8d-41f3-985b-d30e424d1027","metadata":[],"name":"elementos","scope":{"containerScope":{"containerScope":{"containerScope":{"containerScope":{"containerScope":{"containerScope":{"containerScope":{"containerScope":{"contributions":{},"includedScopes":[]},"contributions":{},"includedScopes":[]},"contributions":{},"includedScopes":[{"contributions":{},"includedScopes":[]},{"contributions":{},"includedScopes":[]},{"contributions":{},"includedScopes":[]}]},"contributions":{},"includedScopes":[{"containerScope":{"containerScope":{"containerScope":{"contributions":{},"includedScopes":[]},"contributions":{},"includedScopes":[]},"contributions":{},"includedScopes":[]},"contributions":{},"includedScopes":[]}]},"contributions":{},"includedScopes":[]},"contributions":{},"includedScopes":[]},"contributions":{},"includedScopes":[]},"contributions":{},"includedScopes":[]},"contributions":{},"includedScopes":[]},"sourceMap":{"end":{"column":141,"line":79,"offset":4347},"start":{"column":132,"line":79,"offset":4338}}}]]}}],"id":"216a03b5-e4e8-4786-9d3d-7c3153dbea81","instantiated":{"id":"e57530be-1f64-44a2-93d9-a840c0b97083","metadata":[],"name":"Carrera","scope":{"containerScope":{"containerScope":{"containerScope":{"containerScope":{"containerScope":{"containerScope":{"contributions":{},"includedScopes":[]},"contributions":{},"includedScopes":[]},"contributions":{},"includedScopes":[{"contributions":{},"includedScopes":[]},{"contributions":{},"includedScopes":[]},{"contributions":{},"includedScopes":[]}]},"contributions":{},"includedScopes":[{"containerScope":{"containerScope":{"containerScope":{"contributions":{},"includedScopes":[]},"contributions":{},"includedScopes":[]},"contributions":{},"includedScopes":[]},"contributions":{},"includedScopes":[]}]},"contributions":{},"includedScopes":[]},"contributions":{},"includedScopes":[]},"contributions":{},"includedScopes":[]},"sourceMap":{"end":{"column":37,"line":79,"offset":4243},"start":{"column":30,"line":79,"offset":4236}}},"metadata":[],"scope":{"containerScope":{"containerScope":{"containerScope":{"containerScope":{"containerScope":{"contributions":{},"includedScopes":[]},"contributions":{},"includedScopes":[]},"contributions":{},"includedScopes":[{"contributions":{},"includedScopes":[]},{"contributions":{},"includedScopes":[]},{"contributions":{},"includedScopes":[]}]},"contributions":{},"includedScopes":[{"containerScope":{"containerScope":{"containerScope":{"contributions":{},"includedScopes":[]},"contributions":{},"includedScopes":[]},"contributions":{},"includedScopes":[]},"contributions":{},"includedScopes":[]}]},"contributions":{},"includedScopes":[]},"contributions":{},"includedScopes":[]},"sourceMap":{"end":{"column":143,"line":79,"offset":4349},"start":{"column":26,"line":79,"offset":4232}}}},{"id":"c7f7f2cb-8179-4270-bbe1-8bff96391871","isConstant":true,"isProperty":false,"metadata":[],"name":"medicina","scope":{"containerScope":{"containerScope":{"containerScope":{"containerScope":{"contributions":{},"includedScopes":[]},"contributions":{},"includedScopes":[]},"contributions":{},"includedScopes":[{"contributions":{},"includedScopes":[]},{"contributions":{},"includedScopes":[]},{"contributions":{},"includedScopes":[]}]},"contributions":{},"includedScopes":[{"containerScope":{"containerScope":{"containerScope":{"contributions":{},"includedScopes":[]},"contributions":{},"includedScopes":[]},"contributions":{},"includedScopes":[]},"contributions":{},"includedScopes":[]}]},"contributions":{},"includedScopes":[]},"sourceMap":{"end":{"column":78,"line":80,"offset":4428},"start":{"column":5,"line":80,"offset":4355}},"value":{"args":[{"id":"c5dcae5d-fdf8-45e3-bee2-671df91c91c3","metadata":[],"name":"materias","scope":{"containerScope":{"containerScope":{"containerScope":{"containerScope":{"containerScope":{"containerScope":{"contributions":{},"includedScopes":[]},"contributions":{},"includedScopes":[]},"contributions":{},"includedScopes":[{"contributions":{},"includedScopes":[]},{"contributions":{},"includedScopes":[]},{"contributions":{},"includedScopes":[]}]},"contributions":{},"includedScopes":[{"containerScope":{"containerScope":{"containerScope":{"contributions":{},"includedScopes":[]},"contributions":{},"includedScopes":[]},"contributions":{},"includedScopes":[]},"contributions":{},"includedScopes":[]}]},"contributions":{},"includedScopes":[]},"contributions":{},"includedScopes":[]},"contributions":{},"includedScopes":[]},"sourceMap":{"end":{"column":77,"line":80,"offset":4427},"start":{"column":34,"line":80,"offset":4384}},"value":{"id":"aff85173-722f-47ea-b661-4e459d7d9022","metadata":[],"scope":{"containerScope":{"containerScope":{"containerScope":{"containerScope":{"containerScope":{"containerScope":{"containerScope":{"contributions":{},"includedScopes":[]},"contributions":{},"includedScopes":[]},"contributions":{},"includedScopes":[{"contributions":{},"includedScopes":[]},{"contributions":{},"includedScopes":[]},{"contributions":{},"includedScopes":[]}]},"contributions":{},"includedScopes":[{"containerScope":{"containerScope":{"containerScope":{"contributions":{},"includedScopes":[]},"contributions":{},"includedScopes":[]},"contributions":{},"includedScopes":[]},"contributions":{},"includedScopes":[]}]},"contributions":{},"includedScopes":[]},"contributions":{},"includedScopes":[]},"contributions":{},"includedScopes":[]},"contributions":{},"includedScopes":[]},"sourceMap":{"end":{"column":77,"line":80,"offset":4427},"start":{"column":45,"line":80,"offset":4395}},"value":[{"id":"cce8e99a-b070-4189-b39e-9e9c24568458","metadata":[],"name":"wollok.lang.Set","scope":{"containerScope":{"containerScope":{"containerScope":{"containerScope":{"containerScope":{"containerScope":{"containerScope":{"containerScope":{"contributions":{},"includedScopes":[]},"contributions":{},"includedScopes":[]},"contributions":{},"includedScopes":[{"contributions":{},"includedScopes":[]},{"contributions":{},"includedScopes":[]},{"contributions":{},"includedScopes":[]}]},"contributions":{},"includedScopes":[{"containerScope":{"containerScope":{"containerScope":{"contributions":{},"includedScopes":[]},"contributions":{},"includedScopes":[]},"contributions":{},"includedScopes":[]},"contributions":{},"includedScopes":[]}]},"contributions":{},"includedScopes":[]},"contributions":{},"includedScopes":[]},"contributions":{},"includedScopes":[]},"contributions":{},"includedScopes":[]},"contributions":{},"includedScopes":[]}},[{"id":"455d5496-c149-4d71-9498-11c6b1cd6052","metadata":[],"name":"biologia1","scope":{"containerScope":{"containerScope":{"containerScope":{"containerScope":{"containerScope":{"containerScope":{"containerScope":{"containerScope":{"contributions":{},"includedScopes":[]},"contributions":{},"includedScopes":[]},"contributions":{},"includedScopes":[{"contributions":{},"includedScopes":[]},{"contributions":{},"includedScopes":[]},{"contributions":{},"includedScopes":[]}]},"contributions":{},"includedScopes":[{"containerScope":{"containerScope":{"containerScope":{"contributions":{},"includedScopes":[]},"contributions":{},"includedScopes":[]},"contributions":{},"includedScopes":[]},"contributions":{},"includedScopes":[]}]},"contributions":{},"includedScopes":[]},"contributions":{},"includedScopes":[]},"contributions":{},"includedScopes":[]},"contributions":{},"includedScopes":[]},"contributions":{},"includedScopes":[]},"sourceMap":{"end":{"column":56,"line":80,"offset":4406},"start":{"column":47,"line":80,"offset":4397}}},{"id":"7bb83510-c9a8-4ab7-8870-f1577fcc7f6d","metadata":[],"name":"biologia2","scope":{"containerScope":{"containerScope":{"containerScope":{"containerScope":{"containerScope":{"containerScope":{"containerScope":{"containerScope":{"contributions":{},"includedScopes":[]},"contributions":{},"includedScopes":[]},"contributions":{},"includedScopes":[{"contributions":{},"includedScopes":[]},{"contributions":{},"includedScopes":[]},{"contributions":{},"includedScopes":[]}]},"contributions":{},"includedScopes":[{"containerScope":{"containerScope":{"containerScope":{"contributions":{},"includedScopes":[]},"contributions":{},"includedScopes":[]},"contributions":{},"includedScopes":[]},"contributions":{},"includedScopes":[]}]},"contributions":{},"includedScopes":[]},"contributions":{},"includedScopes":[]},"contributions":{},"includedScopes":[]},"contributions":{},"includedScopes":[]},"contributions":{},"includedScopes":[]},"sourceMap":{"end":{"column":67,"line":80,"offset":4417},"start":{"column":58,"line":80,"offset":4408}}},{"id":"4d4f8486-d481-4d65-90b7-c02f2a202a4e","metadata":[],"name":"quimica","scope":{"containerScope":{"containerScope":{"containerScope":{"containerScope":{"containerScope":{"containerScope":{"containerScope":{"containerScope":{"contributions":{},"includedScopes":[]},"contributions":{},"includedScopes":[]},"contributions":{},"includedScopes":[{"contributions":{},"includedScopes":[]},{"contributions":{},"includedScopes":[]},{"contributions":{},"includedScopes":[]}]},"contributions":{},"includedScopes":[{"containerScope":{"containerScope":{"containerScope":{"contributions":{},"includedScopes":[]},"contributions":{},"includedScopes":[]},"contributions":{},"includedScopes":[]},"contributions":{},"includedScopes":[]}]},"contributions":{},"includedScopes":[]},"contributions":{},"includedScopes":[]},"contributions":{},"includedScopes":[]},"contributions":{},"includedScopes":[]},"contributions":{},"includedScopes":[]},"sourceMap":{"end":{"column":76,"line":80,"offset":4426},"start":{"column":69,"line":80,"offset":4419}}}]]}}],"id":"d7fafdd6-85fd-4bd4-bd26-b6e3c3b1d44a","instantiated":{"id":"561d5aa9-a6a6-4487-a34c-c1021f943472","metadata":[],"name":"Carrera","scope":{"containerScope":{"containerScope":{"containerScope":{"containerScope":{"containerScope":{"containerScope":{"contributions":{},"includedScopes":[]},"contributions":{},"includedScopes":[]},"contributions":{},"includedScopes":[{"contributions":{},"includedScopes":[]},{"contributions":{},"includedScopes":[]},{"contributions":{},"includedScopes":[]}]},"contributions":{},"includedScopes":[{"containerScope":{"containerScope":{"containerScope":{"contributions":{},"includedScopes":[]},"contributions":{},"includedScopes":[]},"contributions":{},"includedScopes":[]},"contributions":{},"includedScopes":[]}]},"contributions":{},"includedScopes":[]},"contributions":{},"includedScopes":[]},"contributions":{},"includedScopes":[]},"sourceMap":{"end":{"column":33,"line":80,"offset":4383},"start":{"column":26,"line":80,"offset":4376}}},"metadata":[],"scope":{"containerScope":{"containerScope":{"containerScope":{"containerScope":{"containerScope":{"contributions":{},"includedScopes":[]},"contributions":{},"includedScopes":[]},"contributions":{},"includedScopes":[{"contributions":{},"includedScopes":[]},{"contributions":{},"includedScopes":[]},{"contributions":{},"includedScopes":[]}]},"contributions":{},"includedScopes":[{"containerScope":{"containerScope":{"containerScope":{"contributions":{},"includedScopes":[]},"contributions":{},"includedScopes":[]},"contributions":{},"includedScopes":[]},"contributions":{},"includedScopes":[]}]},"contributions":{},"includedScopes":[]},"contributions":{},"includedScopes":[]},"sourceMap":{"end":{"column":78,"line":80,"offset":4428},"start":{"column":22,"line":80,"offset":4372}}}},{"body":{"id":"3af173a2-4b70-4271-8e82-fef4d5b0cff4","metadata":[],"problems":[],"scope":{"containerScope":{"containerScope":{"containerScope":{"containerScope":{"containerScope":{"contributions":{},"includedScopes":[]},"contributions":{},"includedScopes":[]},"contributions":{},"includedScopes":[{"contributions":{},"includedScopes":[]},{"contributions":{},"includedScopes":[]},{"contributions":{},"includedScopes":[]}]},"contributions":{},"includedScopes":[{"containerScope":{"containerScope":{"containerScope":{"contributions":{},"includedScopes":[]},"contributions":{},"includedScopes":[]},"contributions":{},"includedScopes":[]},"contributions":{},"includedScopes":[]}]},"contributions":{},"includedScopes":[]},"contributions":{},"includedScopes":[]},"sentences":[{"args":[{"id":"fdf5a477-d705-477c-b807-133091464ad4","metadata":[],"name":"objetos2","scope":{"containerScope":{"containerScope":{"containerScope":{"containerScope":{"containerScope":{"containerScope":{"containerScope":{"contributions":{},"includedScopes":[]},"contributions":{},"includedScopes":[]},"contributions":{},"includedScopes":[{"contributions":{},"includedScopes":[]},{"contributions":{},"includedScopes":[]},{"contributions":{},"includedScopes":[]}]},"contributions":{},"includedScopes":[{"containerScope":{"containerScope":{"containerScope":{"contributions":{},"includedScopes":[]},"contributions":{},"includedScopes":[]},"contributions":{},"includedScopes":[]},"contributions":{},"includedScopes":[]}]},"contributions":{},"includedScopes":[]},"contributions":{},"includedScopes":[]},"contributions":{},"includedScopes":[]},"contributions":{},"includedScopes":[]},"sourceMap":{"end":{"column":39,"line":84,"offset":4539},"start":{"column":31,"line":84,"offset":4531}}}],"id":"815773e2-3ad2-441b-bb5f-4aec00490d64","message":"inscribirseAMateria","metadata":[],"receiver":{"id":"42b86d67-dc11-49dc-ba13-03577561c161","metadata":[],"name":"roque","scope":{"containerScope":{"containerScope":{"containerScope":{"containerScope":{"containerScope":{"containerScope":{"containerScope":{"contributions":{},"includedScopes":[]},"contributions":{},"includedScopes":[]},"contributions":{},"includedScopes":[{"contributions":{},"includedScopes":[]},{"contributions":{},"includedScopes":[]},{"contributions":{},"includedScopes":[]}]},"contributions":{},"includedScopes":[{"containerScope":{"containerScope":{"containerScope":{"contributions":{},"includedScopes":[]},"contributions":{},"includedScopes":[]},"contributions":{},"includedScopes":[]},"contributions":{},"includedScopes":[]}]},"contributions":{},"includedScopes":[]},"contributions":{},"includedScopes":[]},"contributions":{},"includedScopes":[]},"contributions":{},"includedScopes":[]},"sourceMap":{"end":{"column":10,"line":84,"offset":4510},"start":{"column":5,"line":84,"offset":4505}}},"scope":{"containerScope":{"containerScope":{"containerScope":{"containerScope":{"containerScope":{"containerScope":{"contributions":{},"includedScopes":[]},"contributions":{},"includedScopes":[]},"contributions":{},"includedScopes":[{"contributions":{},"includedScopes":[]},{"contributions":{},"includedScopes":[]},{"contributions":{},"includedScopes":[]}]},"contributions":{},"includedScopes":[{"containerScope":{"containerScope":{"containerScope":{"contributions":{},"includedScopes":[]},"contributions":{},"includedScopes":[]},"contributions":{},"includedScopes":[]},"contributions":{},"includedScopes":[]}]},"contributions":{},"includedScopes":[]},"contributions":{},"includedScopes":[]},"contributions":{},"includedScopes":[]},"sourceMap":{"end":{"column":40,"line":84,"offset":4540},"start":{"column":5,"line":84,"offset":4505}}},{"args":[{"id":"2d92ce7a-73b4-4346-9d9d-9e9a7186c753","metadata":[],"scope":{"containerScope":{"containerScope":{"containerScope":{"containerScope":{"containerScope":{"containerScope":{"containerScope":{"contributions":{},"includedScopes":[]},"contributions":{},"includedScopes":[]},"contributions":{},"includedScopes":[{"contributions":{},"includedScopes":[]},{"contributions":{},"includedScopes":[]},{"contributions":{},"includedScopes":[]}]},"contributions":{},"includedScopes":[{"containerScope":{"containerScope":{"containerScope":{"contributions":{},"includedScopes":[]},"contributions":{},"includedScopes":[]},"contributions":{},"includedScopes":[]},"contributions":{},"includedScopes":[]}]},"contributions":{},"includedScopes":[]},"contributions":{},"includedScopes":[]},"contributions":{},"includedScopes":[]},"contributions":{},"includedScopes":[]},"sourceMap":{"end":{"column":27,"line":86,"offset":4570},"start":{"column":19,"line":86,"offset":4562}},"value":[{"id":"321df8f3-675e-41f8-95e0-7409a6c9102e","metadata":[],"name":"wollok.lang.Set","scope":{"containerScope":{"containerScope":{"containerScope":{"containerScope":{"containerScope":{"containerScope":{"containerScope":{"containerScope":{"contributions":{},"includedScopes":[]},"contributions":{},"includedScopes":[]},"contributions":{},"includedScopes":[{"contributions":{},"includedScopes":[]},{"contributions":{},"includedScopes":[]},{"contributions":{},"includedScopes":[]}]},"contributions":{},"includedScopes":[{"containerScope":{"containerScope":{"containerScope":{"contributions":{},"includedScopes":[]},"contributions":{},"includedScopes":[]},"contributions":{},"includedScopes":[]},"contributions":{},"includedScopes":[]}]},"contributions":{},"includedScopes":[]},"contributions":{},"includedScopes":[]},"contributions":{},"includedScopes":[]},"contributions":{},"includedScopes":[]},"contributions":{},"includedScopes":[]}},[{"id":"7e8618bb-c797-4896-9388-3df09f64777b","metadata":[],"name":"roque","scope":{"containerScope":{"containerScope":{"containerScope":{"containerScope":{"containerScope":{"containerScope":{"containerScope":{"containerScope":{"contributions":{},"includedScopes":[]},"contributions":{},"includedScopes":[]},"contributions":{},"includedScopes":[{"contributions":{},"includedScopes":[]},{"contributions":{},"includedScopes":[]},{"contributions":{},"includedScopes":[]}]},"contributions":{},"includedScopes":[{"containerScope":{"containerScope":{"containerScope":{"contributions":{},"includedScopes":[]},"contributions":{},"includedScopes":[]},"contributions":{},"includedScopes":[]},"contributions":{},"includedScopes":[]}]},"contributions":{},"includedScopes":[]},"contributions":{},"includedScopes":[]},"contributions":{},"includedScopes":[]},"contributions":{},"includedScopes":[]},"contributions":{},"includedScopes":[]},"sourceMap":{"end":{"column":26,"line":86,"offset":4569},"start":{"column":21,"line":86,"offset":4564}}}]]},{"args":[],"id":"c2cf2050-3e95-482b-97c8-14baeeb64a64","message":"alumnosInscriptos","metadata":[],"receiver":{"id":"c22bb47e-bfae-44ff-9957-70a0226af300","metadata":[],"name":"objetos2","scope":{"containerScope":{"containerScope":{"containerScope":{"containerScope":{"containerScope":{"containerScope":{"containerScope":{"containerScope":{"contributions":{},"includedScopes":[]},"contributions":{},"includedScopes":[]},"contributions":{},"includedScopes":[{"contributions":{},"includedScopes":[]},{"contributions":{},"includedScopes":[]},{"contributions":{},"includedScopes":[]}]},"contributions":{},"includedScopes":[{"containerScope":{"containerScope":{"containerScope":{"contributions":{},"includedScopes":[]},"contributions":{},"includedScopes":[]},"contributions":{},"includedScopes":[]},"contributions":{},"includedScopes":[]}]},"contributions":{},"includedScopes":[]},"contributions":{},"includedScopes":[]},"contributions":{},"includedScopes":[]},"contributions":{},"includedScopes":[]},"contributions":{},"includedScopes":[]},"sourceMap":{"end":{"column":37,"line":86,"offset":4580},"start":{"column":29,"line":86,"offset":4572}}},"scope":{"containerScope":{"containerScope":{"containerScope":{"containerScope":{"containerScope":{"containerScope":{"containerScope":{"contributions":{},"includedScopes":[]},"contributions":{},"includedScopes":[]},"contributions":{},"includedScopes":[{"contributions":{},"includedScopes":[]},{"contributions":{},"includedScopes":[]},{"contributions":{},"includedScopes":[]}]},"contributions":{},"includedScopes":[{"containerScope":{"containerScope":{"containerScope":{"contributions":{},"includedScopes":[]},"contributions":{},"includedScopes":[]},"contributions":{},"includedScopes":[]},"contributions":{},"includedScopes":[]}]},"contributions":{},"includedScopes":[]},"contributions":{},"includedScopes":[]},"contributions":{},"includedScopes":[]},"contributions":{},"includedScopes":[]},"sourceMap":{"end":{"column":57,"line":86,"offset":4600},"start":{"column":29,"line":86,"offset":4572}}}],"id":"9fec3dfc-74bf-49d1-b203-f9435845acea","message":"equals","metadata":[],"receiver":{"id":"6d3cdd5b-1d34-49ab-9669-d93729841e29","metadata":[],"name":"assert","scope":{"containerScope":{"containerScope":{"containerScope":{"containerScope":{"containerScope":{"containerScope":{"containerScope":{"contributions":{},"includedScopes":[]},"contributions":{},"includedScopes":[]},"contributions":{},"includedScopes":[{"contributions":{},"includedScopes":[]},{"contributions":{},"includedScopes":[]},{"contributions":{},"includedScopes":[]}]},"contributions":{},"includedScopes":[{"containerScope":{"containerScope":{"containerScope":{"contributions":{},"includedScopes":[]},"contributions":{},"includedScopes":[]},"contributions":{},"includedScopes":[]},"contributions":{},"includedScopes":[]}]},"contributions":{},"includedScopes":[]},"contributions":{},"includedScopes":[]},"contributions":{},"includedScopes":[]},"contributions":{},"includedScopes":[]},"sourceMap":{"end":{"column":11,"line":86,"offset":4554},"start":{"column":5,"line":86,"offset":4548}}},"scope":{"containerScope":{"containerScope":{"containerScope":{"containerScope":{"containerScope":{"containerScope":{"contributions":{},"includedScopes":[]},"contributions":{},"includedScopes":[]},"contributions":{},"includedScopes":[{"contributions":{},"includedScopes":[]},{"contributions":{},"includedScopes":[]},{"contributions":{},"includedScopes":[]}]},"contributions":{},"includedScopes":[{"containerScope":{"containerScope":{"containerScope":{"contributions":{},"includedScopes":[]},"contributions":{},"includedScopes":[]},"contributions":{},"includedScopes":[]},"contributions":{},"includedScopes":[]}]},"contributions":{},"includedScopes":[]},"contributions":{},"includedScopes":[]},"contributions":{},"includedScopes":[]},"sourceMap":{"end":{"column":58,"line":86,"offset":4601},"start":{"column":5,"line":86,"offset":4548}}},{"args":[{"id":"febbedf2-eecb-4ca8-9603-0691946814dc","metadata":[],"scope":{"containerScope":{"containerScope":{"containerScope":{"containerScope":{"containerScope":{"containerScope":{"containerScope":{"contributions":{},"includedScopes":[]},"contributions":{},"includedScopes":[]},"contributions":{},"includedScopes":[{"contributions":{},"includedScopes":[]},{"contributions":{},"includedScopes":[]},{"contributions":{},"includedScopes":[]}]},"contributions":{},"includedScopes":[{"containerScope":{"containerScope":{"containerScope":{"contributions":{},"includedScopes":[]},"contributions":{},"includedScopes":[]},"contributions":{},"includedScopes":[]},"contributions":{},"includedScopes":[]}]},"contributions":{},"includedScopes":[]},"contributions":{},"includedScopes":[]},"contributions":{},"includedScopes":[]},"contributions":{},"includedScopes":[]},"sourceMap":{"end":{"column":30,"line":87,"offset":4632},"start":{"column":19,"line":87,"offset":4621}},"value":[{"id":"28bb0c60-8cc0-4a7d-b172-f4570d32879f","metadata":[],"name":"wollok.lang.Set","scope":{"containerScope":{"containerScope":{"containerScope":{"containerScope":{"containerScope":{"containerScope":{"containerScope":{"containerScope":{"contributions":{},"includedScopes":[]},"contributions":{},"includedScopes":[]},"contributions":{},"includedScopes":[{"contributions":{},"includedScopes":[]},{"contributions":{},"includedScopes":[]},{"contributions":{},"includedScopes":[]}]},"contributions":{},"includedScopes":[{"containerScope":{"containerScope":{"containerScope":{"contributions":{},"includedScopes":[]},"contributions":{},"includedScopes":[]},"contributions":{},"includedScopes":[]},"contributions":{},"includedScopes":[]}]},"contributions":{},"includedScopes":[]},"contributions":{},"includedScopes":[]},"contributions":{},"includedScopes":[]},"contributions":{},"includedScopes":[]},"contributions":{},"includedScopes":[]}},[{"id":"7f1e1780-edc7-4307-b469-e7dc6ac292b8","metadata":[],"name":"objetos2","scope":{"containerScope":{"containerScope":{"containerScope":{"containerScope":{"containerScope":{"containerScope":{"containerScope":{"containerScope":{"contributions":{},"includedScopes":[]},"contributions":{},"includedScopes":[]},"contributions":{},"includedScopes":[{"contributions":{},"includedScopes":[]},{"contributions":{},"includedScopes":[]},{"contributions":{},"includedScopes":[]}]},"contributions":{},"includedScopes":[{"containerScope":{"containerScope":{"containerScope":{"contributions":{},"includedScopes":[]},"contributions":{},"includedScopes":[]},"contributions":{},"includedScopes":[]},"contributions":{},"includedScopes":[]}]},"contributions":{},"includedScopes":[]},"contributions":{},"includedScopes":[]},"contributions":{},"includedScopes":[]},"contributions":{},"includedScopes":[]},"contributions":{},"includedScopes":[]},"sourceMap":{"end":{"column":29,"line":87,"offset":4631},"start":{"column":21,"line":87,"offset":4623}}}]]},{"args":[],"id":"9b7351f3-06b6-4bd9-945e-a8a21276ac5d","message":"materiasInscriptas","metadata":[],"receiver":{"id":"2625bb6b-ba14-440a-9b82-0a5a5c09e52f","metadata":[],"name":"roque","scope":{"containerScope":{"containerScope":{"containerScope":{"containerScope":{"containerScope":{"containerScope":{"containerScope":{"containerScope":{"contributions":{},"includedScopes":[]},"contributions":{},"includedScopes":[]},"contributions":{},"includedScopes":[{"contributions":{},"includedScopes":[]},{"contributions":{},"includedScopes":[]},{"contributions":{},"includedScopes":[]}]},"contributions":{},"includedScopes":[{"containerScope":{"containerScope":{"containerScope":{"contributions":{},"includedScopes":[]},"contributions":{},"includedScopes":[]},"contributions":{},"includedScopes":[]},"contributions":{},"includedScopes":[]}]},"contributions":{},"includedScopes":[]},"contributions":{},"includedScopes":[]},"contributions":{},"includedScopes":[]},"contributions":{},"includedScopes":[]},"contributions":{},"includedScopes":[]},"sourceMap":{"end":{"column":37,"line":87,"offset":4639},"start":{"column":32,"line":87,"offset":4634}}},"scope":{"containerScope":{"containerScope":{"containerScope":{"containerScope":{"containerScope":{"containerScope":{"containerScope":{"contributions":{},"includedScopes":[]},"contributions":{},"includedScopes":[]},"contributions":{},"includedScopes":[{"contributions":{},"includedScopes":[]},{"contributions":{},"includedScopes":[]},{"contributions":{},"includedScopes":[]}]},"contributions":{},"includedScopes":[{"containerScope":{"containerScope":{"containerScope":{"contributions":{},"includedScopes":[]},"contributions":{},"includedScopes":[]},"contributions":{},"includedScopes":[]},"contributions":{},"includedScopes":[]}]},"contributions":{},"includedScopes":[]},"contributions":{},"includedScopes":[]},"contributions":{},"includedScopes":[]},"contributions":{},"includedScopes":[]},"sourceMap":{"end":{"column":58,"line":87,"offset":4660},"start":{"column":32,"line":87,"offset":4634}}}],"id":"99e3a60d-2a70-490e-b2ca-9e5d376c9418","message":"equals","metadata":[],"receiver":{"id":"edb7da74-69bb-431f-9f44-a9f8f0eeedf3","metadata":[],"name":"assert","scope":{"containerScope":{"containerScope":{"containerScope":{"containerScope":{"containerScope":{"containerScope":{"containerScope":{"contributions":{},"includedScopes":[]},"contributions":{},"includedScopes":[]},"contributions":{},"includedScopes":[{"contributions":{},"includedScopes":[]},{"contributions":{},"includedScopes":[]},{"contributions":{},"includedScopes":[]}]},"contributions":{},"includedScopes":[{"containerScope":{"containerScope":{"containerScope":{"contributions":{},"includedScopes":[]},"contributions":{},"includedScopes":[]},"contributions":{},"includedScopes":[]},"contributions":{},"includedScopes":[]}]},"contributions":{},"includedScopes":[]},"contributions":{},"includedScopes":[]},"contributions":{},"includedScopes":[]},"contributions":{},"includedScopes":[]},"sourceMap":{"end":{"column":11,"line":87,"offset":4613},"start":{"column":5,"line":87,"offset":4607}}},"scope":{"containerScope":{"containerScope":{"containerScope":{"containerScope":{"containerScope":{"containerScope":{"contributions":{},"includedScopes":[]},"contributions":{},"includedScopes":[]},"contributions":{},"includedScopes":[{"contributions":{},"includedScopes":[]},{"contributions":{},"includedScopes":[]},{"contributions":{},"includedScopes":[]}]},"contributions":{},"includedScopes":[{"containerScope":{"containerScope":{"containerScope":{"contributions":{},"includedScopes":[]},"contributions":{},"includedScopes":[]},"contributions":{},"includedScopes":[]},"contributions":{},"includedScopes":[]}]},"contributions":{},"includedScopes":[]},"contributions":{},"includedScopes":[]},"contributions":{},"includedScopes":[]},"sourceMap":{"end":{"column":59,"line":87,"offset":4661},"start":{"column":4,"line":87,"offset":4607}}},{"args":[{"id":"d08e7442-3c0a-4b99-a92f-0340c69da81f","metadata":[],"scope":{"containerScope":{"containerScope":{"containerScope":{"containerScope":{"containerScope":{"containerScope":{"containerScope":{"contributions":{},"includedScopes":[]},"contributions":{},"includedScopes":[]},"contributions":{},"includedScopes":[{"contributions":{},"includedScopes":[]},{"contributions":{},"includedScopes":[]},{"contributions":{},"includedScopes":[]}]},"contributions":{},"includedScopes":[{"containerScope":{"containerScope":{"containerScope":{"contributions":{},"includedScopes":[]},"contributions":{},"includedScopes":[]},"contributions":{},"includedScopes":[]},"contributions":{},"includedScopes":[]}]},"contributions":{},"includedScopes":[]},"contributions":{},"includedScopes":[]},"contributions":{},"includedScopes":[]},"contributions":{},"includedScopes":[]},"sourceMap":{"end":{"column":86,"line":88,"offset":4748},"start":{"column":40,"line":88,"offset":4702}},"value":"No cumple los requisitos para la inscripcion"},{"id":"018d5c16-3de6-48fd-a39e-816103a5fce6","members":[{"body":{"id":"de212cf6-c51f-42ca-8f5e-c874e3552c1c","metadata":[],"scope":{"containerScope":{"containerScope":{"containerScope":{"containerScope":{"containerScope":{"containerScope":{"containerScope":{"containerScope":{"containerScope":{"contributions":{},"includedScopes":[]},"contributions":{},"includedScopes":[]},"contributions":{},"includedScopes":[{"contributions":{},"includedScopes":[]},{"contributions":{},"includedScopes":[]},{"contributions":{},"includedScopes":[]}]},"contributions":{},"includedScopes":[{"containerScope":{"containerScope":{"containerScope":{"contributions":{},"includedScopes":[]},"contributions":{},"includedScopes":[]},"contributions":{},"includedScopes":[]},"contributions":{},"includedScopes":[]}]},"contributions":{},"includedScopes":[]},"contributions":{},"includedScopes":[]},"contributions":{},"includedScopes":[]},"contributions":{},"includedScopes":[{"containerScope":{"containerScope":{"containerScope":{"contributions":{},"includedScopes":[]},"contributions":{},"includedScopes":[]},"contributions":{},"includedScopes":[]},"contributions":{},"includedScopes":[{"containerScope":{"containerScope":{"containerScope":{"contributions":{},"includedScopes":[]},"contributions":{},"includedScopes":[]},"contributions":{},"includedScopes":[]},"contributions":{},"includedScopes":[]}]},{"containerScope":{"containerScope":{"containerScope":{"contributions":{},"includedScopes":[]},"contributions":{},"includedScopes":[]},"contributions":{},"includedScopes":[]},"contributions":{},"includedScopes":[]}]},"contributions":{},"includedScopes":[]},"contributions":{},"includedScopes":[]},"sentences":[{"id":"cb0bbc52-ddae-4fc2-9de0-b043ff2950eb","metadata":[],"scope":{"containerScope":{"containerScope":{"containerScope":{"containerScope":{"containerScope":{"containerScope":{"containerScope":{"containerScope":{"containerScope":{"containerScope":{"contributions":{},"includedScopes":[]},"contributions":{},"includedScopes":[]},"contributions":{},"includedScopes":[{"contributions":{},"includedScopes":[]},{"contributions":{},"includedScopes":[]},{"contributions":{},"includedScopes":[]}]},"contributions":{},"includedScopes":[{"containerScope":{"containerScope":{"containerScope":{"contributions":{},"includedScopes":[]},"contributions":{},"includedScopes":[]},"contributions":{},"includedScopes":[]},"contributions":{},"includedScopes":[]}]},"contributions":{},"includedScopes":[]},"contributions":{},"includedScopes":[]},"contributions":{},"includedScopes":[]},"contributions":{},"includedScopes":[{"containerScope":{"containerScope":{"containerScope":{"contributions":{},"includedScopes":[]},"contributions":{},"includedScopes":[]},"contributions":{},"includedScopes":[]},"contributions":{},"includedScopes":[{"containerScope":{"containerScope":{"containerScope":{"contributions":{},"includedScopes":[]},"contributions":{},"includedScopes":[]},"contributions":{},"includedScopes":[]},"contributions":{},"includedScopes":[]}]},{"containerScope":{"containerScope":{"containerScope":{"contributions":{},"includedScopes":[]},"contributions":{},"includedScopes":[]},"contributions":{},"includedScopes":[]},"contributions":{},"includedScopes":[]}]},"contributions":{},"includedScopes":[]},"contributions":{},"includedScopes":[]},"contributions":{},"includedScopes":[]},"value":{"args":[{"id":"a33a9406-86db-4f8c-96c7-88f98f2b435a","metadata":[],"name":"objetos3","scope":{"containerScope":{"containerScope":{"containerScope":{"containerScope":{"containerScope":{"containerScope":{"containerScope":{"containerScope":{"containerScope":{"containerScope":{"containerScope":{"containerScope":{"contributions":{},"includedScopes":[]},"contributions":{},"includedScopes":[]},"contributions":{},"includedScopes":[{"contributions":{},"includedScopes":[]},{"contributions":{},"includedScopes":[]},{"contributions":{},"includedScopes":[]}]},"contributions":{},"includedScopes":[{"containerScope":{"containerScope":{"containerScope":{"contributions":{},"includedScopes":[]},"contributions":{},"includedScopes":[]},"contributions":{},"includedScopes":[]},"contributions":{},"includedScopes":[]}]},"contributions":{},"includedScopes":[]},"contributions":{},"includedScopes":[]},"contributions":{},"includedScopes":[]},"contributions":{},"includedScopes":[{"containerScope":{"containerScope":{"containerScope":{"contributions":{},"includedScopes":[]},"contributions":{},"includedScopes":[]},"contributions":{},"includedScopes":[]},"contributions":{},"includedScopes":[{"containerScope":{"containerScope":{"containerScope":{"contributions":{},"includedScopes":[]},"contributions":{},"includedScopes":[]},"contributions":{},"includedScopes":[]},"contributions":{},"includedScopes":[]}]},{"containerScope":{"containerScope":{"containerScope":{"contributions":{},"includedScopes":[]},"contributions":{},"includedScopes":[]},"contributions":{},"includedScopes":[]},"contributions":{},"includedScopes":[]}]},"contributions":{},"includedScopes":[]},"contributions":{},"includedScopes":[]},"contributions":{},"includedScopes":[]},"contributions":{},"includedScopes":[]},"contributions":{},"includedScopes":[]},"sourceMap":{"end":{"column":123,"line":88,"offset":4785},"start":{"column":115,"line":88,"offset":4777}}}],"id":"d4828991-9723-4fbd-81ff-08905fada860","message":"inscribirseAMateria","metadata":[],"receiver":{"id":"26017c23-9f56-48c6-a5f0-f5003f392682","metadata":[],"name":"roque","scope":{"containerScope":{"containerScope":{"containerScope":{"containerScope":{"containerScope":{"containerScope":{"containerScope":{"containerScope":{"containerScope":{"containerScope":{"containerScope":{"containerScope":{"contributions":{},"includedScopes":[]},"contributions":{},"includedScopes":[]},"contributions":{},"includedScopes":[{"contributions":{},"includedScopes":[]},{"contributions":{},"includedScopes":[]},{"contributions":{},"includedScopes":[]}]},"contributions":{},"includedScopes":[{"containerScope":{"containerScope":{"containerScope":{"contributions":{},"includedScopes":[]},"contributions":{},"includedScopes":[]},"contributions":{},"includedScopes":[]},"contributions":{},"includedScopes":[]}]},"contributions":{},"includedScopes":[]},"contributions":{},"includedScopes":[]},"contributions":{},"includedScopes":[]},"contributions":{},"includedScopes":[{"containerScope":{"containerScope":{"containerScope":{"contributions":{},"includedScopes":[]},"contributions":{},"includedScopes":[]},"contributions":{},"includedScopes":[]},"contributions":{},"includedScopes":[{"containerScope":{"containerScope":{"containerScope":{"contributions":{},"includedScopes":[]},"contributions":{},"includedScopes":[]},"contributions":{},"includedScopes":[]},"contributions":{},"includedScopes":[]}]},{"containerScope":{"containerScope":{"containerScope":{"contributions":{},"includedScopes":[]},"contributions":{},"includedScopes":[]},"contributions":{},"includedScopes":[]},"contributions":{},"includedScopes":[]}]},"contributions":{},"includedScopes":[]},"contributions":{},"includedScopes":[]},"contributions":{},"includedScopes":[]},"contributions":{},"includedScopes":[]},"contributions":{},"includedScopes":[]},"sourceMap":{"end":{"column":94,"line":88,"offset":4756},"start":{"column":89,"line":88,"offset":4751}}},"scope":{"containerScope":{"containerScope":{"containerScope":{"containerScope":{"containerScope":{"containerScope":{"containerScope":{"containerScope":{"containerScope":{"containerScope":{"containerScope":{"contributions":{},"includedScopes":[]},"contributions":{},"includedScopes":[]},"contributions":{},"includedScopes":[{"contributions":{},"includedScopes":[]},{"contributions":{},"includedScopes":[]},{"contributions":{},"includedScopes":[]}]},"contributions":{},"includedScopes":[{"containerScope":{"containerScope":{"containerScope":{"contributions":{},"includedScopes":[]},"contributions":{},"includedScopes":[]},"contributions":{},"includedScopes":[]},"contributions":{},"includedScopes":[]}]},"contributions":{},"includedScopes":[]},"contributions":{},"includedScopes":[]},"contributions":{},"includedScopes":[]},"contributions":{},"includedScopes":[{"containerScope":{"containerScope":{"containerScope":{"contributions":{},"includedScopes":[]},"contributions":{},"includedScopes":[]},"contributions":{},"includedScopes":[]},"contributions":{},"includedScopes":[{"containerScope":{"containerScope":{"containerScope":{"contributions":{},"includedScopes":[]},"contributions":{},"includedScopes":[]},"contributions":{},"includedScopes":[]},"contributions":{},"includedScopes":[]}]},{"containerScope":{"containerScope":{"containerScope":{"contributions":{},"includedScopes":[]},"contributions":{},"includedScopes":[]},"contributions":{},"includedScopes":[]},"contributions":{},"includedScopes":[]}]},"contributions":{},"includedScopes":[]},"contributions":{},"includedScopes":[]},"contributions":{},"includedScopes":[]},"contributions":{},"includedScopes":[]},"sourceMap":{"end":{"column":124,"line":88,"offset":4786},"start":{"column":89,"line":88,"offset":4751}}}}]},"compiled":false,"id":"8b2f8936-1891-4a00-94d8-9cc879dd46ad","isOverride":false,"metadata":[],"name":"<apply>","parameters":[],"scope":{"containerScope":{"containerScope":{"containerScope":{"containerScope":{"containerScope":{"containerScope":{"containerScope":{"containerScope":{"contributions":{},"includedScopes":[]},"contributions":{},"includedScopes":[]},"contributions":{},"includedScopes":[{"contributions":{},"includedScopes":[]},{"contributions":{},"includedScopes":[]},{"contributions":{},"includedScopes":[]}]},"contributions":{},"includedScopes":[{"containerScope":{"containerScope":{"containerScope":{"contributions":{},"includedScopes":[]},"contributions":{},"includedScopes":[]},"contributions":{},"includedScopes":[]},"contributions":{},"includedScopes":[]}]},"contributions":{},"includedScopes":[]},"contributions":{},"includedScopes":[]},"contributions":{},"includedScopes":[]},"contributions":{},"includedScopes":[{"containerScope":{"containerScope":{"containerScope":{"contributions":{},"includedScopes":[]},"contributions":{},"includedScopes":[]},"contributions":{},"includedScopes":[]},"contributions":{},"includedScopes":[{"containerScope":{"containerScope":{"containerScope":{"contributions":{},"includedScopes":[]},"contributions":{},"includedScopes":[]},"contributions":{},"includedScopes":[]},"contributions":{},"includedScopes":[]}]},{"containerScope":{"containerScope":{"containerScope":{"contributions":{},"includedScopes":[]},"contributions":{},"includedScopes":[]},"contributions":{},"includedScopes":[]},"contributions":{},"includedScopes":[]}]},"contributions":{},"includedScopes":[]}},{"id":"f26f6631-699a-4d13-9322-5e3f75f35f04","isConstant":true,"isProperty":false,"metadata":[],"name":"<toString>","scope":{"containerScope":{"containerScope":{"containerScope":{"containerScope":{"containerScope":{"containerScope":{"containerScope":{"containerScope":{"contributions":{},"includedScopes":[]},"contributions":{},"includedScopes":[]},"contributions":{},"includedScopes":[{"contributions":{},"includedScopes":[]},{"contributions":{},"includedScopes":[]},{"contributions":{},"includedScopes":[]}]},"contributions":{},"includedScopes":[{"containerScope":{"containerScope":{"containerScope":{"contributions":{},"includedScopes":[]},"contributions":{},"includedScopes":[]},"contributions":{},"includedScopes":[]},"contributions":{},"includedScopes":[]}]},"contributions":{},"includedScopes":[]},"contributions":{},"includedScopes":[]},"contributions":{},"includedScopes":[]},"contributions":{},"includedScopes":[{"containerScope":{"containerScope":{"containerScope":{"contributions":{},"includedScopes":[]},"contributions":{},"includedScopes":[]},"contributions":{},"includedScopes":[]},"contributions":{},"includedScopes":[{"containerScope":{"containerScope":{"containerScope":{"contributions":{},"includedScopes":[]},"contributions":{},"includedScopes":[]},"contributions":{},"includedScopes":[]},"contributions":{},"includedScopes":[]}]},{"containerScope":{"containerScope":{"containerScope":{"contributions":{},"includedScopes":[]},"contributions":{},"includedScopes":[]},"contributions":{},"includedScopes":[]},"contributions":{},"includedScopes":[]}]},"contributions":{},"includedScopes":[]},"value":{"id":"37a93072-a67c-4fa1-a857-c8fe9d01a384","metadata":[],"scope":{"containerScope":{"containerScope":{"containerScope":{"containerScope":{"containerScope":{"containerScope":{"containerScope":{"containerScope":{"containerScope":{"contributions":{},"includedScopes":[]},"contributions":{},"includedScopes":[]},"contributions":{},"includedScopes":[{"contributions":{},"includedScopes":[]},{"contributions":{},"includedScopes":[]},{"contributions":{},"includedScopes":[]}]},"contributions":{},"includedScopes":[{"containerScope":{"containerScope":{"containerScope":{"contributions":{},"includedScopes":[]},"contributions":{},"includedScopes":[]},"contributions":{},"includedScopes":[]},"contributions":{},"includedScopes":[]}]},"contributions":{},"includedScopes":[]},"contributions":{},"includedScopes":[]},"contributions":{},"includedScopes":[]},"contributions":{},"includedScopes":[{"containerScope":{"containerScope":{"containerScope":{"contributions":{},"includedScopes":[]},"contributions":{},"includedScopes":[]},"contributions":{},"includedScopes":[]},"contributions":{},"includedScopes":[{"containerScope":{"containerScope":{"containerScope":{"contributions":{},"includedScopes":[]},"contributions":{},"includedScopes":[]},"contributions":{},"includedScopes":[]},"contributions":{},"includedScopes":[]}]},{"containerScope":{"containerScope":{"containerScope":{"contributions":{},"includedScopes":[]},"contributions":{},"includedScopes":[]},"contributions":{},"includedScopes":[]},"contributions":{},"includedScopes":[]}]},"contributions":{},"includedScopes":[]},"contributions":{},"includedScopes":[]},"value":"{ roque.inscribirseAMateria(objetos3) }"}}],"metadata":[],"scope":{"containerScope":{"containerScope":{"containerScope":{"containerScope":{"containerScope":{"containerScope":{"containerScope":{"contributions":{},"includedScopes":[]},"contributions":{},"includedScopes":[]},"contributions":{},"includedScopes":[{"contributions":{},"includedScopes":[]},{"contributions":{},"includedScopes":[]},{"contributions":{},"includedScopes":[]}]},"contributions":{},"includedScopes":[{"containerScope":{"containerScope":{"containerScope":{"contributions":{},"includedScopes":[]},"contributions":{},"includedScopes":[]},"contributions":{},"includedScopes":[]},"contributions":{},"includedScopes":[]}]},"contributions":{},"includedScopes":[]},"contributions":{},"includedScopes":[]},"contributions":{},"includedScopes":[]},"contributions":{},"includedScopes":[{"containerScope":{"containerScope":{"containerScope":{"contributions":{},"includedScopes":[]},"contributions":{},"includedScopes":[]},"contributions":{},"includedScopes":[]},"contributions":{},"includedScopes":[{"containerScope":{"containerScope":{"containerScope":{"contributions":{},"includedScopes":[]},"contributions":{},"includedScopes":[]},"contributions":{},"includedScopes":[]},"contributions":{},"includedScopes":[]}]},{"containerScope":{"containerScope":{"containerScope":{"contributions":{},"includedScopes":[]},"contributions":{},"includedScopes":[]},"contributions":{},"includedScopes":[]},"contributions":{},"includedScopes":[]}]},"sourceMap":{"end":{"column":126,"line":88,"offset":4788},"start":{"column":87,"line":88,"offset":4749}},"supertypes":[{"args":[],"id":"7233c7cb-30fa-4365-a105-c73582f7089b","metadata":[],"reference":{"id":"997aadae-6fff-4048-9b9c-380b8a6eb621","metadata":[],"name":"wollok.lang.Closure","scope":{"containerScope":{"containerScope":{"containerScope":{"containerScope":{"containerScope":{"containerScope":{"containerScope":{"containerScope":{"contributions":{},"includedScopes":[]},"contributions":{},"includedScopes":[]},"contributions":{},"includedScopes":[{"contributions":{},"includedScopes":[]},{"contributions":{},"includedScopes":[]},{"contributions":{},"includedScopes":[]}]},"contributions":{},"includedScopes":[{"containerScope":{"containerScope":{"containerScope":{"contributions":{},"includedScopes":[]},"contributions":{},"includedScopes":[]},"contributions":{},"includedScopes":[]},"contributions":{},"includedScopes":[]}]},"contributions":{},"includedScopes":[]},"contributions":{},"includedScopes":[]},"contributions":{},"includedScopes":[]},"contributions":{},"includedScopes":[{"containerScope":{"containerScope":{"containerScope":{"contributions":{},"includedScopes":[]},"contributions":{},"includedScopes":[]},"contributions":{},"includedScopes":[]},"contributions":{},"includedScopes":[{"containerScope":{"containerScope":{"containerScope":{"contributions":{},"includedScopes":[]},"contributions":{},"includedScopes":[]},"contributions":{},"includedScopes":[]},"contributions":{},"includedScopes":[]}]},{"containerScope":{"containerScope":{"containerScope":{"contributions":{},"includedScopes":[]},"contributions":{},"includedScopes":[]},"contributions":{},"includedScopes":[]},"contributions":{},"includedScopes":[]}]},"contributions":{},"includedScopes":[]}},"scope":{"containerScope":{"containerScope":{"containerScope":{"containerScope":{"containerScope":{"containerScope":{"containerScope":{"containerScope":{"contributions":{},"includedScopes":[]},"contributions":{},"includedScopes":[]},"contributions":{},"includedScopes":[{"contributions":{},"includedScopes":[]},{"contributions":{},"includedScopes":[]},{"contributions":{},"includedScopes":[]}]},"contributions":{},"includedScopes":[{"containerScope":{"containerScope":{"containerScope":{"contributions":{},"includedScopes":[]},"contributions":{},"includedScopes":[]},"contributions":{},"includedScopes":[]},"contributions":{},"includedScopes":[]}]},"contributions":{},"includedScopes":[]},"contributions":{},"includedScopes":[]},"contributions":{},"includedScopes":[]},"contributions":{},"includedScopes":[{"containerScope":{"containerScope":{"containerScope":{"contributions":{},"includedScopes":[]},"contributions":{},"includedScopes":[]},"contributions":{},"includedScopes":[]},"contributions":{},"includedScopes":[{"containerScope":{"containerScope":{"containerScope":{"contributions":{},"includedScopes":[]},"contributions":{},"includedScopes":[]},"contributions":{},"includedScopes":[]},"contributions":{},"includedScopes":[]}]},{"containerScope":{"containerScope":{"containerScope":{"contributions":{},"includedScopes":[]},"contributions":{},"includedScopes":[]},"contributions":{},"includedScopes":[]},"contributions":{},"includedScopes":[]}]},"contributions":{},"includedScopes":[]}}]}],"id":"329dff40-58b0-468f-aa59-a91000da1bf8","message":"throwsExceptionWithMessage","metadata":[],"receiver":{"id":"f61cbab0-3cc5-49ab-9804-cd7194044c92","metadata":[],"name":"assert","scope":{"containerScope":{"containerScope":{"containerScope":{"containerScope":{"containerScope":{"containerScope":{"containerScope":{"contributions":{},"includedScopes":[]},"contributions":{},"includedScopes":[]},"contributions":{},"includedScopes":[{"contributions":{},"includedScopes":[]},{"contributions":{},"includedScopes":[]},{"contributions":{},"includedScopes":[]}]},"contributions":{},"includedScopes":[{"containerScope":{"containerScope":{"containerScope":{"contributions":{},"includedScopes":[]},"contributions":{},"includedScopes":[]},"contributions":{},"includedScopes":[]},"contributions":{},"includedScopes":[]}]},"contributions":{},"includedScopes":[]},"contributions":{},"includedScopes":[]},"contributions":{},"includedScopes":[]},"contributions":{},"includedScopes":[]},"sourceMap":{"end":{"column":12,"line":88,"offset":4674},"start":{"column":6,"line":88,"offset":4668}}},"scope":{"containerScope":{"containerScope":{"containerScope":{"containerScope":{"containerScope":{"containerScope":{"contributions":{},"includedScopes":[]},"contributions":{},"includedScopes":[]},"contributions":{},"includedScopes":[{"contributions":{},"includedScopes":[]},{"contributions":{},"includedScopes":[]},{"contributions":{},"includedScopes":[]}]},"contributions":{},"includedScopes":[{"containerScope":{"containerScope":{"containerScope":{"contributions":{},"includedScopes":[]},"contributions":{},"includedScopes":[]},"contributions":{},"includedScopes":[]},"contributions":{},"includedScopes":[]}]},"contributions":{},"includedScopes":[]},"contributions":{},"includedScopes":[]},"contributions":{},"includedScopes":[]},"sourceMap":{"end":{"column":4,"line":89,"offset":4793},"start":{"column":5,"line":88,"offset":4668}}},{"args":[{"id":"327f6852-91ab-454f-8c72-4f8c1d5e73fc","members":[{"body":{"id":"061ff045-bf2e-4031-b535-b477a1c75286","metadata":[],"scope":{"containerScope":{"containerScope":{"containerScope":{"containerScope":{"containerScope":{"containerScope":{"containerScope":{"containerScope":{"containerScope":{"contributions":{},"includedScopes":[]},"contributions":{},"includedScopes":[]},"contributions":{},"includedScopes":[{"contributions":{},"includedScopes":[]},{"contributions":{},"includedScopes":[]},{"contributions":{},"includedScopes":[]}]},"contributions":{},"includedScopes":[{"containerScope":{"containerScope":{"containerScope":{"contributions":{},"includedScopes":[]},"contributions":{},"includedScopes":[]},"contributions":{},"includedScopes":[]},"contributions":{},"includedScopes":[]}]},"contributions":{},"includedScopes":[]},"contributions":{},"includedScopes":[]},"contributions":{},"includedScopes":[]},"contributions":{},"includedScopes":[{"containerScope":{"containerScope":{"containerScope":{"contributions":{},"includedScopes":[]},"contributions":{},"includedScopes":[]},"contributions":{},"includedScopes":[]},"contributions":{},"includedScopes":[{"containerScope":{"containerScope":{"containerScope":{"contributions":{},"includedScopes":[]},"contributions":{},"includedScopes":[]},"contributions":{},"includedScopes":[]},"contributions":{},"includedScopes":[]}]},{"containerScope":{"containerScope":{"containerScope":{"contributions":{},"includedScopes":[]},"contributions":{},"includedScopes":[]},"contributions":{},"includedScopes":[]},"contributions":{},"includedScopes":[]}]},"contributions":{},"includedScopes":[]},"contributions":{},"includedScopes":[]},"sentences":[{"id":"74f50d23-e98e-4d76-98cc-0e33bc7a5636","metadata":[],"scope":{"containerScope":{"containerScope":{"containerScope":{"containerScope":{"containerScope":{"containerScope":{"containerScope":{"containerScope":{"containerScope":{"containerScope":{"contributions":{},"includedScopes":[]},"contributions":{},"includedScopes":[]},"contributions":{},"includedScopes":[{"contributions":{},"includedScopes":[]},{"contributions":{},"includedScopes":[]},{"contributions":{},"includedScopes":[]}]},"contributions":{},"includedScopes":[{"containerScope":{"containerScope":{"containerScope":{"contributions":{},"includedScopes":[]},"contributions":{},"includedScopes":[]},"contributions":{},"includedScopes":[]},"contributions":{},"includedScopes":[]}]},"contributions":{},"includedScopes":[]},"contributions":{},"includedScopes":[]},"contributions":{},"includedScopes":[]},"contributions":{},"includedScopes":[{"containerScope":{"containerScope":{"containerScope":{"contributions":{},"includedScopes":[]},"contributions":{},"includedScopes":[]},"contributions":{},"includedScopes":[]},"contributions":{},"includedScopes":[{"containerScope":{"containerScope":{"containerScope":{"contributions":{},"includedScopes":[]},"contributions":{},"includedScopes":[]},"contributions":{},"includedScopes":[]},"contributions":{},"includedScopes":[]}]},{"containerScope":{"containerScope":{"containerScope":{"contributions":{},"includedScopes":[]},"contributions":{},"includedScopes":[]},"contributions":{},"includedScopes":[]},"contributions":{},"includedScopes":[]}]},"contributions":{},"includedScopes":[]},"contributions":{},"includedScopes":[]},"contributions":{},"includedScopes":[]},"value":{"args":[{"id":"93190b18-6f01-4c0c-ba4f-28f9a852e64c","metadata":[],"name":"objetos1","scope":{"containerScope":{"containerScope":{"containerScope":{"containerScope":{"containerScope":{"containerScope":{"containerScope":{"containerScope":{"containerScope":{"containerScope":{"containerScope":{"containerScope":{"contributions":{},"includedScopes":[]},"contributions":{},"includedScopes":[]},"contributions":{},"includedScopes":[{"contributions":{},"includedScopes":[]},{"contributions":{},"includedScopes":[]},{"contributions":{},"includedScopes":[]}]},"contributions":{},"includedScopes":[{"containerScope":{"containerScope":{"containerScope":{"contributions":{},"includedScopes":[]},"contributions":{},"includedScopes":[]},"contributions":{},"includedScopes":[]},"contributions":{},"includedScopes":[]}]},"contributions":{},"includedScopes":[]},"contributions":{},"includedScopes":[]},"contributions":{},"includedScopes":[]},"contributions":{},"includedScopes":[{"containerScope":{"containerScope":{"containerScope":{"contributions":{},"includedScopes":[]},"contributions":{},"includedScopes":[]},"contributions":{},"includedScopes":[]},"contributions":{},"includedScopes":[{"containerScope":{"containerScope":{"containerScope":{"contributions":{},"includedScopes":[]},"contributions":{},"includedScopes":[]},"contributions":{},"includedScopes":[]},"contributions":{},"includedScopes":[]}]},{"containerScope":{"containerScope":{"containerScope":{"contributions":{},"includedScopes":[]},"contributions":{},"includedScopes":[]},"contributions":{},"includedScopes":[]},"contributions":{},"includedScopes":[]}]},"contributions":{},"includedScopes":[]},"contributions":{},"includedScopes":[]},"contributions":{},"includedScopes":[]},"contributions":{},"includedScopes":[]},"contributions":{},"includedScopes":[]},"sourceMap":{"end":{"column":63,"line":90,"offset":4857},"start":{"column":55,"line":90,"offset":4849}}}],"id":"09711f51-c535-44c5-9889-f4c359b9b258","message":"inscribirseAMateria","metadata":[],"receiver":{"id":"ad6ed0c4-34c9-4cd5-83c8-b387478e6159","metadata":[],"name":"roque","scope":{"containerScope":{"containerScope":{"containerScope":{"containerScope":{"containerScope":{"containerScope":{"containerScope":{"containerScope":{"containerScope":{"containerScope":{"containerScope":{"containerScope":{"contributions":{},"includedScopes":[]},"contributions":{},"includedScopes":[]},"contributions":{},"includedScopes":[{"contributions":{},"includedScopes":[]},{"contributions":{},"includedScopes":[]},{"contributions":{},"includedScopes":[]}]},"contributions":{},"includedScopes":[{"containerScope":{"containerScope":{"containerScope":{"contributions":{},"includedScopes":[]},"contributions":{},"includedScopes":[]},"contributions":{},"includedScopes":[]},"contributions":{},"includedScopes":[]}]},"contributions":{},"includedScopes":[]},"contributions":{},"includedScopes":[]},"contributions":{},"includedScopes":[]},"contributions":{},"includedScopes":[{"containerScope":{"containerScope":{"containerScope":{"contributions":{},"includedScopes":[]},"contributions":{},"includedScopes":[]},"contributions":{},"includedScopes":[]},"contributions":{},"includedScopes":[{"containerScope":{"containerScope":{"containerScope":{"contributions":{},"includedScopes":[]},"contributions":{},"includedScopes":[]},"contributions":{},"includedScopes":[]},"contributions":{},"includedScopes":[]}]},{"containerScope":{"containerScope":{"containerScope":{"contributions":{},"includedScopes":[]},"contributions":{},"includedScopes":[]},"contributions":{},"includedScopes":[]},"contributions":{},"includedScopes":[]}]},"contributions":{},"includedScopes":[]},"contributions":{},"includedScopes":[]},"contributions":{},"includedScopes":[]},"contributions":{},"includedScopes":[]},"contributions":{},"includedScopes":[]},"sourceMap":{"end":{"column":34,"line":90,"offset":4828},"start":{"column":29,"line":90,"offset":4823}}},"scope":{"containerScope":{"containerScope":{"containerScope":{"containerScope":{"containerScope":{"containerScope":{"containerScope":{"containerScope":{"containerScope":{"containerScope":{"containerScope":{"contributions":{},"includedScopes":[]},"contributions":{},"includedScopes":[]},"contributions":{},"includedScopes":[{"contributions":{},"includedScopes":[]},{"contributions":{},"includedScopes":[]},{"contributions":{},"includedScopes":[]}]},"contributions":{},"includedScopes":[{"containerScope":{"containerScope":{"containerScope":{"contributions":{},"includedScopes":[]},"contributions":{},"includedScopes":[]},"contributions":{},"includedScopes":[]},"contributions":{},"includedScopes":[]}]},"contributions":{},"includedScopes":[]},"contributions":{},"includedScopes":[]},"contributions":{},"includedScopes":[]},"contributions":{},"includedScopes":[{"containerScope":{"containerScope":{"containerScope":{"contributions":{},"includedScopes":[]},"contributions":{},"includedScopes":[]},"contributions":{},"includedScopes":[]},"contributions":{},"includedScopes":[{"containerScope":{"containerScope":{"containerScope":{"contributions":{},"includedScopes":[]},"contributions":{},"includedScopes":[]},"contributions":{},"includedScopes":[]},"contributions":{},"includedScopes":[]}]},{"containerScope":{"containerScope":{"containerScope":{"contributions":{},"includedScopes":[]},"contributions":{},"includedScopes":[]},"contributions":{},"includedScopes":[]},"contributions":{},"includedScopes":[]}]},"contributions":{},"includedScopes":[]},"contributions":{},"includedScopes":[]},"contributions":{},"includedScopes":[]},"contributions":{},"includedScopes":[]},"sourceMap":{"end":{"column":64,"line":90,"offset":4858},"start":{"column":29,"line":90,"offset":4823}}}}]},"compiled":false,"id":"1c3df4ac-1e11-483f-8649-fc3747026632","isOverride":false,"metadata":[],"name":"<apply>","parameters":[],"scope":{"containerScope":{"containerScope":{"containerScope":{"containerScope":{"containerScope":{"containerScope":{"containerScope":{"containerScope":{"contributions":{},"includedScopes":[]},"contributions":{},"includedScopes":[]},"contributions":{},"includedScopes":[{"contributions":{},"includedScopes":[]},{"contributions":{},"includedScopes":[]},{"contributions":{},"includedScopes":[]}]},"contributions":{},"includedScopes":[{"containerScope":{"containerScope":{"containerScope":{"contributions":{},"includedScopes":[]},"contributions":{},"includedScopes":[]},"contributions":{},"includedScopes":[]},"contributions":{},"includedScopes":[]}]},"contributions":{},"includedScopes":[]},"contributions":{},"includedScopes":[]},"contributions":{},"includedScopes":[]},"contributions":{},"includedScopes":[{"containerScope":{"containerScope":{"containerScope":{"contributions":{},"includedScopes":[]},"contributions":{},"includedScopes":[]},"contributions":{},"includedScopes":[]},"contributions":{},"includedScopes":[{"containerScope":{"containerScope":{"containerScope":{"contributions":{},"includedScopes":[]},"contributions":{},"includedScopes":[]},"contributions":{},"includedScopes":[]},"contributions":{},"includedScopes":[]}]},{"containerScope":{"containerScope":{"containerScope":{"contributions":{},"includedScopes":[]},"contributions":{},"includedScopes":[]},"contributions":{},"includedScopes":[]},"contributions":{},"includedScopes":[]}]},"contributions":{},"includedScopes":[]}},{"id":"022a417a-eb70-4981-862f-97c8d60726b3","isConstant":true,"isProperty":false,"metadata":[],"name":"<toString>","scope":{"containerScope":{"containerScope":{"containerScope":{"containerScope":{"containerScope":{"containerScope":{"containerScope":{"containerScope":{"contributions":{},"includedScopes":[]},"contributions":{},"includedScopes":[]},"contributions":{},"includedScopes":[{"contributions":{},"includedScopes":[]},{"contributions":{},"includedScopes":[]},{"contributions":{},"includedScopes":[]}]},"contributions":{},"includedScopes":[{"containerScope":{"containerScope":{"containerScope":{"contributions":{},"includedScopes":[]},"contributions":{},"includedScopes":[]},"contributions":{},"includedScopes":[]},"contributions":{},"includedScopes":[]}]},"contributions":{},"includedScopes":[]},"contributions":{},"includedScopes":[]},"contributions":{},"includedScopes":[]},"contributions":{},"includedScopes":[{"containerScope":{"containerScope":{"containerScope":{"contributions":{},"includedScopes":[]},"contributions":{},"includedScopes":[]},"contributions":{},"includedScopes":[]},"contributions":{},"includedScopes":[{"containerScope":{"containerScope":{"containerScope":{"contributions":{},"includedScopes":[]},"contributions":{},"includedScopes":[]},"contributions":{},"includedScopes":[]},"contributions":{},"includedScopes":[]}]},{"containerScope":{"containerScope":{"containerScope":{"contributions":{},"includedScopes":[]},"contributions":{},"includedScopes":[]},"contributions":{},"includedScopes":[]},"contributions":{},"includedScopes":[]}]},"contributions":{},"includedScopes":[]},"value":{"id":"9d5dbeee-93f5-40a3-bd24-59dd1739b1a0","metadata":[],"scope":{"containerScope":{"containerScope":{"containerScope":{"containerScope":{"containerScope":{"containerScope":{"containerScope":{"containerScope":{"containerScope":{"contributions":{},"includedScopes":[]},"contributions":{},"includedScopes":[]},"contributions":{},"includedScopes":[{"contributions":{},"includedScopes":[]},{"contributions":{},"includedScopes":[]},{"contributions":{},"includedScopes":[]}]},"contributions":{},"includedScopes":[{"containerScope":{"containerScope":{"containerScope":{"contributions":{},"includedScopes":[]},"contributions":{},"includedScopes":[]},"contributions":{},"includedScopes":[]},"contributions":{},"includedScopes":[]}]},"contributions":{},"includedScopes":[]},"contributions":{},"includedScopes":[]},"contributions":{},"includedScopes":[]},"contributions":{},"includedScopes":[{"containerScope":{"containerScope":{"containerScope":{"contributions":{},"includedScopes":[]},"contributions":{},"includedScopes":[]},"contributions":{},"includedScopes":[]},"contributions":{},"includedScopes":[{"containerScope":{"containerScope":{"containerScope":{"contributions":{},"includedScopes":[]},"contributions":{},"includedScopes":[]},"contributions":{},"includedScopes":[]},"contributions":{},"includedScopes":[]}]},{"containerScope":{"containerScope":{"containerScope":{"contributions":{},"includedScopes":[]},"contributions":{},"includedScopes":[]},"contributions":{},"includedScopes":[]},"contributions":{},"includedScopes":[]}]},"contributions":{},"includedScopes":[]},"contributions":{},"includedScopes":[]},"value":"{roque.inscribirseAMateria(objetos1)}"}}],"metadata":[],"scope":{"containerScope":{"containerScope":{"containerScope":{"containerScope":{"containerScope":{"containerScope":{"containerScope":{"contributions":{},"includedScopes":[]},"contributions":{},"includedScopes":[]},"contributions":{},"includedScopes":[{"contributions":{},"includedScopes":[]},{"contributions":{},"includedScopes":[]},{"contributions":{},"includedScopes":[]}]},"contributions":{},"includedScopes":[{"containerScope":{"containerScope":{"containerScope":{"contributions":{},"includedScopes":[]},"contributions":{},"includedScopes":[]},"contributions":{},"includedScopes":[]},"contributions":{},"includedScopes":[]}]},"contributions":{},"includedScopes":[]},"contributions":{},"includedScopes":[]},"contributions":{},"includedScopes":[]},"contributions":{},"includedScopes":[{"containerScope":{"containerScope":{"containerScope":{"contributions":{},"includedScopes":[]},"contributions":{},"includedScopes":[]},"contributions":{},"includedScopes":[]},"contributions":{},"includedScopes":[{"containerScope":{"containerScope":{"containerScope":{"contributions":{},"includedScopes":[]},"contributions":{},"includedScopes":[]},"contributions":{},"includedScopes":[]},"contributions":{},"includedScopes":[]}]},{"containerScope":{"containerScope":{"containerScope":{"contributions":{},"includedScopes":[]},"contributions":{},"includedScopes":[]},"contributions":{},"includedScopes":[]},"contributions":{},"includedScopes":[]}]},"sourceMap":{"end":{"column":65,"line":90,"offset":4859},"start":{"column":28,"line":90,"offset":4822}},"supertypes":[{"args":[],"id":"0f39d5b3-0fcd-4837-a4c5-3f7330f8066b","metadata":[],"reference":{"id":"ddca3afa-496f-4411-b29d-8a24894154f7","metadata":[],"name":"wollok.lang.Closure","scope":{"containerScope":{"containerScope":{"containerScope":{"containerScope":{"containerScope":{"containerScope":{"containerScope":{"containerScope":{"contributions":{},"includedScopes":[]},"contributions":{},"includedScopes":[]},"contributions":{},"includedScopes":[{"contributions":{},"includedScopes":[]},{"contributions":{},"includedScopes":[]},{"contributions":{},"includedScopes":[]}]},"contributions":{},"includedScopes":[{"containerScope":{"containerScope":{"containerScope":{"contributions":{},"includedScopes":[]},"contributions":{},"includedScopes":[]},"contributions":{},"includedScopes":[]},"contributions":{},"includedScopes":[]}]},"contributions":{},"includedScopes":[]},"contributions":{},"includedScopes":[]},"contributions":{},"includedScopes":[]},"contributions":{},"includedScopes":[{"containerScope":{"containerScope":{"containerScope":{"contributions":{},"includedScopes":[]},"contributions":{},"includedScopes":[]},"contributions":{},"includedScopes":[]},"contributions":{},"includedScopes":[{"containerScope":{"containerScope":{"containerScope":{"contributions":{},"includedScopes":[]},"contributions":{},"includedScopes":[]},"contributions":{},"includedScopes":[]},"contributions":{},"includedScopes":[]}]},{"containerScope":{"containerScope":{"containerScope":{"contributions":{},"includedScopes":[]},"contributions":{},"includedScopes":[]},"contributions":{},"includedScopes":[]},"contributions":{},"includedScopes":[]}]},"contributions":{},"includedScopes":[]}},"scope":{"containerScope":{"containerScope":{"containerScope":{"containerScope":{"containerScope":{"containerScope":{"containerScope":{"containerScope":{"contributions":{},"includedScopes":[]},"contributions":{},"includedScopes":[]},"contributions":{},"includedScopes":[{"contributions":{},"includedScopes":[]},{"contributions":{},"includedScopes":[]},{"contributions":{},"includedScopes":[]}]},"contributions":{},"includedScopes":[{"containerScope":{"containerScope":{"containerScope":{"contributions":{},"includedScopes":[]},"contributions":{},"includedScopes":[]},"contributions":{},"includedScopes":[]},"contributions":{},"includedScopes":[]}]},"contributions":{},"includedScopes":[]},"contributions":{},"includedScopes":[]},"contributions":{},"includedScopes":[]},"contributions":{},"includedScopes":[{"containerScope":{"containerScope":{"containerScope":{"contributions":{},"includedScopes":[]},"contributions":{},"includedScopes":[]},"contributions":{},"includedScopes":[]},"contributions":{},"includedScopes":[{"containerScope":{"containerScope":{"containerScope":{"contributions":{},"includedScopes":[]},"contributions":{},"includedScopes":[]},"contributions":{},"includedScopes":[]},"contributions":{},"includedScopes":[]}]},{"containerScope":{"containerScope":{"containerScope":{"contributions":{},"includedScopes":[]},"contributions":{},"includedScopes":[]},"contributions":{},"includedScopes":[]},"contributions":{},"includedScopes":[]}]},"contributions":{},"includedScopes":[]}}]}],"id":"7c421f26-8207-4cbb-9b36-bd98ece6a47f","message":"throwsException","metadata":[],"receiver":{"id":"006efcf0-e0e3-4511-a175-befc113dd640","metadata":[],"name":"assert","scope":{"containerScope":{"containerScope":{"containerScope":{"containerScope":{"containerScope":{"containerScope":{"containerScope":{"contributions":{},"includedScopes":[]},"contributions":{},"includedScopes":[]},"contributions":{},"includedScopes":[{"contributions":{},"includedScopes":[]},{"contributions":{},"includedScopes":[]},{"contributions":{},"includedScopes":[]}]},"contributions":{},"includedScopes":[{"containerScope":{"containerScope":{"containerScope":{"contributions":{},"includedScopes":[]},"contributions":{},"includedScopes":[]},"contributions":{},"includedScopes":[]},"contributions":{},"includedScopes":[]}]},"contributions":{},"includedScopes":[]},"contributions":{},"includedScopes":[]},"contributions":{},"includedScopes":[]},"contributions":{},"includedScopes":[]},"sourceMap":{"end":{"column":11,"line":90,"offset":4805},"start":{"column":5,"line":90,"offset":4799}}},"scope":{"containerScope":{"containerScope":{"containerScope":{"containerScope":{"containerScope":{"containerScope":{"contributions":{},"includedScopes":[]},"contributions":{},"includedScopes":[]},"contributions":{},"includedScopes":[{"contributions":{},"includedScopes":[]},{"contributions":{},"includedScopes":[]},{"contributions":{},"includedScopes":[]}]},"contributions":{},"includedScopes":[{"containerScope":{"containerScope":{"containerScope":{"contributions":{},"includedScopes":[]},"contributions":{},"includedScopes":[]},"contributions":{},"includedScopes":[]},"contributions":{},"includedScopes":[]}]},"contributions":{},"includedScopes":[]},"contributions":{},"includedScopes":[]},"contributions":{},"includedScopes":[]},"sourceMap":{"end":{"column":66,"line":90,"offset":4860},"start":{"column":4,"line":90,"offset":4799}}}],"sourceMap":{"end":{"column":4,"line":91,"offset":4865},"start":{"column":49,"line":83,"offset":4498}}},"id":"a3f2a114-ee35-4896-8525-e7d1ec46bae9","isOnly":false,"metadata":[],"name":"\"test 1 - Roque se inscribe a Objetos 2\"","scope":{"containerScope":{"containerScope":{"containerScope":{"containerScope":{"contributions":{},"includedScopes":[]},"contributions":{},"includedScopes":[]},"contributions":{},"includedScopes":[{"contributions":{},"includedScopes":[]},{"contributions":{},"includedScopes":[]},{"contributions":{},"includedScopes":[]}]},"contributions":{},"includedScopes":[{"containerScope":{"containerScope":{"containerScope":{"contributions":{},"includedScopes":[]},"contributions":{},"includedScopes":[]},"contributions":{},"includedScopes":[]},"contributions":{},"includedScopes":[]}]},"contributions":{},"includedScopes":[]},"sourceMap":{"end":{"column":4,"line":91,"offset":4865},"start":{"column":3,"line":83,"offset":4452}}},{"body":{"id":"b31b6f72-094a-4dda-a11c-db9133dd870a","metadata":[],"problems":[],"scope":{"containerScope":{"containerScope":{"containerScope":{"containerScope":{"containerScope":{"contributions":{},"includedScopes":[]},"contributions":{},"includedScopes":[]},"contributions":{},"includedScopes":[{"contributions":{},"includedScopes":[]},{"contributions":{},"includedScopes":[]},{"contributions":{},"includedScopes":[]}]},"contributions":{},"includedScopes":[{"containerScope":{"containerScope":{"containerScope":{"contributions":{},"includedScopes":[]},"contributions":{},"includedScopes":[]},"contributions":{},"includedScopes":[]},"contributions":{},"includedScopes":[]}]},"contributions":{},"includedScopes":[]},"contributions":{},"includedScopes":[]},"sentences":[{"args":[{"id":"450b10c3-eb27-4692-94b7-143022711ff3","metadata":[],"name":"objetos2","scope":{"containerScope":{"containerScope":{"containerScope":{"containerScope":{"containerScope":{"containerScope":{"containerScope":{"contributions":{},"includedScopes":[]},"contributions":{},"includedScopes":[]},"contributions":{},"includedScopes":[{"contributions":{},"includedScopes":[]},{"contributions":{},"includedScopes":[]},{"contributions":{},"includedScopes":[]}]},"contributions":{},"includedScopes":[{"containerScope":{"containerScope":{"containerScope":{"contributions":{},"includedScopes":[]},"contributions":{},"includedScopes":[]},"contributions":{},"includedScopes":[]},"contributions":{},"includedScopes":[]}]},"contributions":{},"includedScopes":[]},"contributions":{},"includedScopes":[]},"contributions":{},"includedScopes":[]},"contributions":{},"includedScopes":[]},"sourceMap":{"end":{"column":39,"line":94,"offset":4984},"start":{"column":31,"line":94,"offset":4976}}}],"id":"4f53cb8b-8013-4583-be71-3a8352a8f759","message":"inscribirseAMateria","metadata":[],"receiver":{"id":"f1b74f2b-35ef-4199-ade2-ae656eafa608","metadata":[],"name":"roque","scope":{"containerScope":{"containerScope":{"containerScope":{"containerScope":{"containerScope":{"containerScope":{"containerScope":{"contributions":{},"includedScopes":[]},"contributions":{},"includedScopes":[]},"contributions":{},"includedScopes":[{"contributions":{},"includedScopes":[]},{"contributions":{},"includedScopes":[]},{"contributions":{},"includedScopes":[]}]},"contributions":{},"includedScopes":[{"containerScope":{"containerScope":{"containerScope":{"contributions":{},"includedScopes":[]},"contributions":{},"includedScopes":[]},"contributions":{},"includedScopes":[]},"contributions":{},"includedScopes":[]}]},"contributions":{},"includedScopes":[]},"contributions":{},"includedScopes":[]},"contributions":{},"includedScopes":[]},"contributions":{},"includedScopes":[]},"sourceMap":{"end":{"column":10,"line":94,"offset":4955},"start":{"column":5,"line":94,"offset":4950}}},"scope":{"containerScope":{"containerScope":{"containerScope":{"containerScope":{"containerScope":{"containerScope":{"contributions":{},"includedScopes":[]},"contributions":{},"includedScopes":[]},"contributions":{},"includedScopes":[{"contributions":{},"includedScopes":[]},{"contributions":{},"includedScopes":[]},{"contributions":{},"includedScopes":[]}]},"contributions":{},"includedScopes":[{"containerScope":{"containerScope":{"containerScope":{"contributions":{},"includedScopes":[]},"contributions":{},"includedScopes":[]},"contributions":{},"includedScopes":[]},"contributions":{},"includedScopes":[]}]},"contributions":{},"includedScopes":[]},"contributions":{},"includedScopes":[]},"contributions":{},"includedScopes":[]},"sourceMap":{"end":{"column":40,"line":94,"offset":4985},"start":{"column":5,"line":94,"offset":4950}}},{"args":[{"id":"64574888-a5a5-4e5e-bfcf-ac23ec6e4120","metadata":[],"name":"programacionConcurrente","scope":{"containerScope":{"containerScope":{"containerScope":{"containerScope":{"containerScope":{"containerScope":{"containerScope":{"contributions":{},"includedScopes":[]},"contributions":{},"includedScopes":[]},"contributions":{},"includedScopes":[{"contributions":{},"includedScopes":[]},{"contributions":{},"includedScopes":[]},{"contributions":{},"includedScopes":[]}]},"contributions":{},"includedScopes":[{"containerScope":{"containerScope":{"containerScope":{"contributions":{},"includedScopes":[]},"contributions":{},"includedScopes":[]},"contributions":{},"includedScopes":[]},"contributions":{},"includedScopes":[]}]},"contributions":{},"includedScopes":[]},"contributions":{},"includedScopes":[]},"contributions":{},"includedScopes":[]},"contributions":{},"includedScopes":[]},"sourceMap":{"end":{"column":54,"line":95,"offset":5040},"start":{"column":31,"line":95,"offset":5017}}}],"id":"0ebbfac1-64d3-436a-a42a-db86299d6b9b","message":"inscribirseAMateria","metadata":[],"receiver":{"id":"7d8fe1d9-5058-4b9d-ad2b-7379eea442b2","metadata":[],"name":"roque","scope":{"containerScope":{"containerScope":{"containerScope":{"containerScope":{"containerScope":{"containerScope":{"containerScope":{"contributions":{},"includedScopes":[]},"contributions":{},"includedScopes":[]},"contributions":{},"includedScopes":[{"contributions":{},"includedScopes":[]},{"contributions":{},"includedScopes":[]},{"contributions":{},"includedScopes":[]}]},"contributions":{},"includedScopes":[{"containerScope":{"containerScope":{"containerScope":{"contributions":{},"includedScopes":[]},"contributions":{},"includedScopes":[]},"contributions":{},"includedScopes":[]},"contributions":{},"includedScopes":[]}]},"contributions":{},"includedScopes":[]},"contributions":{},"includedScopes":[]},"contributions":{},"includedScopes":[]},"contributions":{},"includedScopes":[]},"sourceMap":{"end":{"column":10,"line":95,"offset":4996},"start":{"column":5,"line":95,"offset":4991}}},"scope":{"containerScope":{"containerScope":{"containerScope":{"containerScope":{"containerScope":{"containerScope":{"contributions":{},"includedScopes":[]},"contributions":{},"includedScopes":[]},"contributions":{},"includedScopes":[{"contributions":{},"includedScopes":[]},{"contributions":{},"includedScopes":[]},{"contributions":{},"includedScopes":[]}]},"contributions":{},"includedScopes":[{"containerScope":{"containerScope":{"containerScope":{"contributions":{},"includedScopes":[]},"contributions":{},"includedScopes":[]},"contributions":{},"includedScopes":[]},"contributions":{},"includedScopes":[]}]},"contributions":{},"includedScopes":[]},"contributions":{},"includedScopes":[]},"contributions":{},"includedScopes":[]},"sourceMap":{"end":{"column":55,"line":95,"offset":5041},"start":{"column":4,"line":95,"offset":4991}}},{"args":[{"id":"137a79b4-728b-489d-9e4b-307db305c559","metadata":[],"name":"biologia2","scope":{"containerScope":{"containerScope":{"containerScope":{"containerScope":{"containerScope":{"containerScope":{"containerScope":{"contributions":{},"includedScopes":[]},"contributions":{},"includedScopes":[]},"contributions":{},"includedScopes":[{"contributions":{},"includedScopes":[]},{"contributions":{},"includedScopes":[]},{"contributions":{},"includedScopes":[]}]},"contributions":{},"includedScopes":[{"containerScope":{"containerScope":{"containerScope":{"contributions":{},"includedScopes":[]},"contributions":{},"includedScopes":[]},"contributions":{},"includedScopes":[]},"contributions":{},"includedScopes":[]}]},"contributions":{},"includedScopes":[]},"contributions":{},"includedScopes":[]},"contributions":{},"includedScopes":[]},"contributions":{},"includedScopes":[]},"sourceMap":{"end":{"column":40,"line":96,"offset":5082},"start":{"column":31,"line":96,"offset":5073}}}],"id":"8328742b-21e1-4499-b98b-eaddedf59b73","message":"inscribirseAMateria","metadata":[],"receiver":{"id":"b8c8882d-90fb-4560-a8a0-e4b324e0c7ea","metadata":[],"name":"roque","scope":{"containerScope":{"containerScope":{"containerScope":{"containerScope":{"containerScope":{"containerScope":{"containerScope":{"contributions":{},"includedScopes":[]},"contributions":{},"includedScopes":[]},"contributions":{},"includedScopes":[{"contributions":{},"includedScopes":[]},{"contributions":{},"includedScopes":[]},{"contributions":{},"includedScopes":[]}]},"contributions":{},"includedScopes":[{"containerScope":{"containerScope":{"containerScope":{"contributions":{},"includedScopes":[]},"contributions":{},"includedScopes":[]},"contributions":{},"includedScopes":[]},"contributions":{},"includedScopes":[]}]},"contributions":{},"includedScopes":[]},"contributions":{},"includedScopes":[]},"contributions":{},"includedScopes":[]},"contributions":{},"includedScopes":[]},"sourceMap":{"end":{"column":10,"line":96,"offset":5052},"start":{"column":5,"line":96,"offset":5047}}},"scope":{"containerScope":{"containerScope":{"containerScope":{"containerScope":{"containerScope":{"containerScope":{"contributions":{},"includedScopes":[]},"contributions":{},"includedScopes":[]},"contributions":{},"includedScopes":[{"contributions":{},"includedScopes":[]},{"contributions":{},"includedScopes":[]},{"contributions":{},"includedScopes":[]}]},"contributions":{},"includedScopes":[{"containerScope":{"containerScope":{"containerScope":{"contributions":{},"includedScopes":[]},"contributions":{},"includedScopes":[]},"contributions":{},"includedScopes":[]},"contributions":{},"includedScopes":[]}]},"contributions":{},"includedScopes":[]},"contributions":{},"includedScopes":[]},"contributions":{},"includedScopes":[]},"sourceMap":{"end":{"column":41,"line":96,"offset":5083},"start":{"column":4,"line":96,"offset":5047}}},{"args":[{"id":"eefa5154-a61e-40fb-a93d-e10aa0cd2111","metadata":[],"scope":{"containerScope":{"containerScope":{"containerScope":{"containerScope":{"containerScope":{"containerScope":{"containerScope":{"contributions":{},"includedScopes":[]},"contributions":{},"includedScopes":[]},"contributions":{},"includedScopes":[{"contributions":{},"includedScopes":[]},{"contributions":{},"includedScopes":[]},{"contributions":{},"includedScopes":[]}]},"contributions":{},"includedScopes":[{"containerScope":{"containerScope":{"containerScope":{"contributions":{},"includedScopes":[]},"contributions":{},"includedScopes":[]},"contributions":{},"includedScopes":[]},"contributions":{},"includedScopes":[]}]},"contributions":{},"includedScopes":[]},"contributions":{},"includedScopes":[]},"contributions":{},"includedScopes":[]},"contributions":{},"includedScopes":[]},"sourceMap":{"end":{"column":66,"line":98,"offset":5152},"start":{"column":19,"line":98,"offset":5105}},"value":[{"id":"c918785a-53a9-434b-8862-9c3d424e89b3","metadata":[],"name":"wollok.lang.Set","scope":{"containerScope":{"containerScope":{"containerScope":{"containerScope":{"containerScope":{"containerScope":{"containerScope":{"containerScope":{"contributions":{},"includedScopes":[]},"contributions":{},"includedScopes":[]},"contributions":{},"includedScopes":[{"contributions":{},"includedScopes":[]},{"contributions":{},"includedScopes":[]},{"contributions":{},"includedScopes":[]}]},"contributions":{},"includedScopes":[{"containerScope":{"containerScope":{"containerScope":{"contributions":{},"includedScopes":[]},"contributions":{},"includedScopes":[]},"contributions":{},"includedScopes":[]},"contributions":{},"includedScopes":[]}]},"contributions":{},"includedScopes":[]},"contributions":{},"includedScopes":[]},"contributions":{},"includedScopes":[]},"contributions":{},"includedScopes":[]},"contributions":{},"includedScopes":[]}},[{"id":"5330c0d9-3c93-4cc1-bc5d-3ebc8a0a17c8","metadata":[],"name":"objetos2","scope":{"containerScope":{"containerScope":{"containerScope":{"containerScope":{"containerScope":{"containerScope":{"containerScope":{"containerScope":{"contributions":{},"includedScopes":[]},"contributions":{},"includedScopes":[]},"contributions":{},"includedScopes":[{"contributions":{},"includedScopes":[]},{"contributions":{},"includedScopes":[]},{"contributions":{},"includedScopes":[]}]},"contributions":{},"includedScopes":[{"containerScope":{"containerScope":{"containerScope":{"contributions":{},"includedScopes":[]},"contributions":{},"includedScopes":[]},"contributions":{},"includedScopes":[]},"contributions":{},"includedScopes":[]}]},"contributions":{},"includedScopes":[]},"contributions":{},"includedScopes":[]},"contributions":{},"includedScopes":[]},"contributions":{},"includedScopes":[]},"contributions":{},"includedScopes":[]},"sourceMap":{"end":{"column":29,"line":98,"offset":5115},"start":{"column":21,"line":98,"offset":5107}}},{"id":"0e85c93b-5d97-4b81-a470-996b4252330b","metadata":[],"name":"programacionConcurrente","scope":{"containerScope":{"containerScope":{"containerScope":{"containerScope":{"containerScope":{"containerScope":{"containerScope":{"containerScope":{"contributions":{},"includedScopes":[]},"contributions":{},"includedScopes":[]},"contributions":{},"includedScopes":[{"contributions":{},"includedScopes":[]},{"contributions":{},"includedScopes":[]},{"contributions":{},"includedScopes":[]}]},"contributions":{},"includedScopes":[{"containerScope":{"containerScope":{"containerScope":{"contributions":{},"includedScopes":[]},"contributions":{},"includedScopes":[]},"contributions":{},"includedScopes":[]},"contributions":{},"includedScopes":[]}]},"contributions":{},"includedScopes":[]},"contributions":{},"includedScopes":[]},"contributions":{},"includedScopes":[]},"contributions":{},"includedScopes":[]},"contributions":{},"includedScopes":[]},"sourceMap":{"end":{"column":54,"line":98,"offset":5140},"start":{"column":31,"line":98,"offset":5117}}},{"id":"9c85e413-7908-4d1d-b89a-5cd3223026da","metadata":[],"name":"biologia2","scope":{"containerScope":{"containerScope":{"containerScope":{"containerScope":{"containerScope":{"containerScope":{"containerScope":{"containerScope":{"contributions":{},"includedScopes":[]},"contributions":{},"includedScopes":[]},"contributions":{},"includedScopes":[{"contributions":{},"includedScopes":[]},{"contributions":{},"includedScopes":[]},{"contributions":{},"includedScopes":[]}]},"contributions":{},"includedScopes":[{"containerScope":{"containerScope":{"containerScope":{"contributions":{},"includedScopes":[]},"contributions":{},"includedScopes":[]},"contributions":{},"includedScopes":[]},"contributions":{},"includedScopes":[]}]},"contributions":{},"includedScopes":[]},"contributions":{},"includedScopes":[]},"contributions":{},"includedScopes":[]},"contributions":{},"includedScopes":[]},"contributions":{},"includedScopes":[]},"sourceMap":{"end":{"column":65,"line":98,"offset":5151},"start":{"column":56,"line":98,"offset":5142}}}]]},{"args":[],"id":"e9751481-7f92-45e8-b61b-69f3e8787902","message":"materiasInscriptas","metadata":[],"receiver":{"id":"23a13d58-f55c-40f1-be38-f47327cf5ca6","metadata":[],"name":"roque","scope":{"containerScope":{"containerScope":{"containerScope":{"containerScope":{"containerScope":{"containerScope":{"containerScope":{"containerScope":{"contributions":{},"includedScopes":[]},"contributions":{},"includedScopes":[]},"contributions":{},"includedScopes":[{"contributions":{},"includedScopes":[]},{"contributions":{},"includedScopes":[]},{"contributions":{},"includedScopes":[]}]},"contributions":{},"includedScopes":[{"containerScope":{"containerScope":{"containerScope":{"contributions":{},"includedScopes":[]},"contributions":{},"includedScopes":[]},"contributions":{},"includedScopes":[]},"contributions":{},"includedScopes":[]}]},"contributions":{},"includedScopes":[]},"contributions":{},"includedScopes":[]},"contributions":{},"includedScopes":[]},"contributions":{},"includedScopes":[]},"contributions":{},"includedScopes":[]},"sourceMap":{"end":{"column":73,"line":98,"offset":5159},"start":{"column":68,"line":98,"offset":5154}}},"scope":{"containerScope":{"containerScope":{"containerScope":{"containerScope":{"containerScope":{"containerScope":{"containerScope":{"contributions":{},"includedScopes":[]},"contributions":{},"includedScopes":[]},"contributions":{},"includedScopes":[{"contributions":{},"includedScopes":[]},{"contributions":{},"includedScopes":[]},{"contributions":{},"includedScopes":[]}]},"contributions":{},"includedScopes":[{"containerScope":{"containerScope":{"containerScope":{"contributions":{},"includedScopes":[]},"contributions":{},"includedScopes":[]},"contributions":{},"includedScopes":[]},"contributions":{},"includedScopes":[]}]},"contributions":{},"includedScopes":[]},"contributions":{},"includedScopes":[]},"contributions":{},"includedScopes":[]},"contributions":{},"includedScopes":[]},"sourceMap":{"end":{"column":94,"line":98,"offset":5180},"start":{"column":68,"line":98,"offset":5154}}}],"id":"8ffdd478-60da-4c5a-ad9c-e7e43925c01f","message":"equals","metadata":[],"receiver":{"id":"c797f918-1aa1-44f4-8a84-721aa0234f7e","metadata":[],"name":"assert","scope":{"containerScope":{"containerScope":{"containerScope":{"containerScope":{"containerScope":{"containerScope":{"containerScope":{"contributions":{},"includedScopes":[]},"contributions":{},"includedScopes":[]},"contributions":{},"includedScopes":[{"contributions":{},"includedScopes":[]},{"contributions":{},"includedScopes":[]},{"contributions":{},"includedScopes":[]}]},"contributions":{},"includedScopes":[{"containerScope":{"containerScope":{"containerScope":{"contributions":{},"includedScopes":[]},"contributions":{},"includedScopes":[]},"contributions":{},"includedScopes":[]},"contributions":{},"includedScopes":[]}]},"contributions":{},"includedScopes":[]},"contributions":{},"includedScopes":[]},"contributions":{},"includedScopes":[]},"contributions":{},"includedScopes":[]},"sourceMap":{"end":{"column":11,"line":98,"offset":5097},"start":{"column":5,"line":98,"offset":5091}}},"scope":{"containerScope":{"containerScope":{"containerScope":{"containerScope":{"containerScope":{"containerScope":{"contributions":{},"includedScopes":[]},"contributions":{},"includedScopes":[]},"contributions":{},"includedScopes":[{"contributions":{},"includedScopes":[]},{"contributions":{},"includedScopes":[]},{"contributions":{},"includedScopes":[]}]},"contributions":{},"includedScopes":[{"containerScope":{"containerScope":{"containerScope":{"contributions":{},"includedScopes":[]},"contributions":{},"includedScopes":[]},"contributions":{},"includedScopes":[]},"contributions":{},"includedScopes":[]}]},"contributions":{},"includedScopes":[]},"contributions":{},"includedScopes":[]},"contributions":{},"includedScopes":[]},"sourceMap":{"end":{"column":95,"line":98,"offset":5181},"start":{"column":5,"line":98,"offset":5091}}}],"sourceMap":{"end":{"column":4,"line":99,"offset":5186},"start":{"column":75,"line":93,"offset":4943}}},"id":"8c386b88-94ae-41f0-ad31-f45d9242ad7a","isOnly":false,"metadata":[],"name":"\"test 2 - Roque se inscribe a materias de programacion y medicina\"","scope":{"containerScope":{"containerScope":{"containerScope":{"containerScope":{"contributions":{},"includedScopes":[]},"contributions":{},"includedScopes":[]},"contributions":{},"includedScopes":[{"contributions":{},"includedScopes":[]},{"contributions":{},"includedScopes":[]},{"contributions":{},"includedScopes":[]}]},"contributions":{},"includedScopes":[{"containerScope":{"containerScope":{"containerScope":{"contributions":{},"includedScopes":[]},"contributions":{},"includedScopes":[]},"contributions":{},"includedScopes":[]},"contributions":{},"includedScopes":[]}]},"contributions":{},"includedScopes":[]},"sourceMap":{"end":{"column":4,"line":99,"offset":5186},"start":{"column":3,"line":93,"offset":4871}}},{"body":{"id":"4f960108-62c5-4e85-b2fb-a0072ede9ca0","metadata":[],"problems":[],"scope":{"containerScope":{"containerScope":{"containerScope":{"containerScope":{"containerScope":{"contributions":{},"includedScopes":[]},"contributions":{},"includedScopes":[]},"contributions":{},"includedScopes":[{"contributions":{},"includedScopes":[]},{"contributions":{},"includedScopes":[]},{"contributions":{},"includedScopes":[]}]},"contributions":{},"includedScopes":[{"containerScope":{"containerScope":{"containerScope":{"contributions":{},"includedScopes":[]},"contributions":{},"includedScopes":[]},"contributions":{},"includedScopes":[]},"contributions":{},"includedScopes":[]}]},"contributions":{},"includedScopes":[]},"contributions":{},"includedScopes":[]},"sentences":[{"args":[{"id":"a66ad633-25cd-47ce-98af-0734365e926a","metadata":[],"name":"objetos2","scope":{"containerScope":{"containerScope":{"containerScope":{"containerScope":{"containerScope":{"containerScope":{"containerScope":{"contributions":{},"includedScopes":[]},"contributions":{},"includedScopes":[]},"contributions":{},"includedScopes":[{"contributions":{},"includedScopes":[]},{"contributions":{},"includedScopes":[]},{"contributions":{},"includedScopes":[]}]},"contributions":{},"includedScopes":[{"containerScope":{"containerScope":{"containerScope":{"contributions":{},"includedScopes":[]},"contributions":{},"includedScopes":[]},"contributions":{},"includedScopes":[]},"contributions":{},"includedScopes":[]}]},"contributions":{},"includedScopes":[]},"contributions":{},"includedScopes":[]},"contributions":{},"includedScopes":[]},"contributions":{},"includedScopes":[]},"sourceMap":{"end":{"column":39,"line":102,"offset":5258},"start":{"column":31,"line":102,"offset":5250}}}],"id":"98cd315f-f1f1-4210-bd9f-9f6d06b680aa","message":"inscribirseAMateria","metadata":[],"receiver":{"id":"629863d8-a010-4d05-80ab-65bac0ddd6ad","metadata":[],"name":"luisa","scope":{"containerScope":{"containerScope":{"containerScope":{"containerScope":{"containerScope":{"containerScope":{"containerScope":{"contributions":{},"includedScopes":[]},"contributions":{},"includedScopes":[]},"contributions":{},"includedScopes":[{"contributions":{},"includedScopes":[]},{"contributions":{},"includedScopes":[]},{"contributions":{},"includedScopes":[]}]},"contributions":{},"includedScopes":[{"containerScope":{"containerScope":{"containerScope":{"contributions":{},"includedScopes":[]},"contributions":{},"includedScopes":[]},"contributions":{},"includedScopes":[]},"contributions":{},"includedScopes":[]}]},"contributions":{},"includedScopes":[]},"contributions":{},"includedScopes":[]},"contributions":{},"includedScopes":[]},"contributions":{},"includedScopes":[]},"sourceMap":{"end":{"column":10,"line":102,"offset":5229},"start":{"column":5,"line":102,"offset":5224}}},"scope":{"containerScope":{"containerScope":{"containerScope":{"containerScope":{"containerScope":{"containerScope":{"contributions":{},"includedScopes":[]},"contributions":{},"includedScopes":[]},"contributions":{},"includedScopes":[{"contributions":{},"includedScopes":[]},{"contributions":{},"includedScopes":[]},{"contributions":{},"includedScopes":[]}]},"contributions":{},"includedScopes":[{"containerScope":{"containerScope":{"containerScope":{"contributions":{},"includedScopes":[]},"contributions":{},"includedScopes":[]},"contributions":{},"includedScopes":[]},"contributions":{},"includedScopes":[]}]},"contributions":{},"includedScopes":[]},"contributions":{},"includedScopes":[]},"contributions":{},"includedScopes":[]},"sourceMap":{"end":{"column":40,"line":102,"offset":5259},"start":{"column":5,"line":102,"offset":5224}}},{"args":[{"id":"ef7e2185-0830-477f-aada-e19f3bb5bfb1","metadata":[],"name":"objetos2","scope":{"containerScope":{"containerScope":{"containerScope":{"containerScope":{"containerScope":{"containerScope":{"containerScope":{"contributions":{},"includedScopes":[]},"contributions":{},"includedScopes":[]},"contributions":{},"includedScopes":[{"contributions":{},"includedScopes":[]},{"contributions":{},"includedScopes":[]},{"contributions":{},"includedScopes":[]}]},"contributions":{},"includedScopes":[{"containerScope":{"containerScope":{"containerScope":{"contributions":{},"includedScopes":[]},"contributions":{},"includedScopes":[]},"contributions":{},"includedScopes":[]},"contributions":{},"includedScopes":[]}]},"contributions":{},"includedScopes":[]},"contributions":{},"includedScopes":[]},"contributions":{},"includedScopes":[]},"contributions":{},"includedScopes":[]},"sourceMap":{"end":{"column":40,"line":103,"offset":5300},"start":{"column":32,"line":103,"offset":5292}}}],"id":"93772c51-b784-4b88-9bf3-d55679aaf6f1","message":"inscribirseAMateria","metadata":[],"receiver":{"id":"934a7c91-3a30-429a-88ed-de9a05d4b023","metadata":[],"name":"romina","scope":{"containerScope":{"containerScope":{"containerScope":{"containerScope":{"containerScope":{"containerScope":{"containerScope":{"contributions":{},"includedScopes":[]},"contributions":{},"includedScopes":[]},"contributions":{},"includedScopes":[{"contributions":{},"includedScopes":[]},{"contributions":{},"includedScopes":[]},{"contributions":{},"includedScopes":[]}]},"contributions":{},"includedScopes":[{"containerScope":{"containerScope":{"containerScope":{"contributions":{},"includedScopes":[]},"contributions":{},"includedScopes":[]},"contributions":{},"includedScopes":[]},"contributions":{},"includedScopes":[]}]},"contributions":{},"includedScopes":[]},"contributions":{},"includedScopes":[]},"contributions":{},"includedScopes":[]},"contributions":{},"includedScopes":[]},"sourceMap":{"end":{"column":11,"line":103,"offset":5271},"start":{"column":5,"line":103,"offset":5265}}},"scope":{"containerScope":{"containerScope":{"containerScope":{"containerScope":{"containerScope":{"containerScope":{"contributions":{},"includedScopes":[]},"contributions":{},"includedScopes":[]},"contributions":{},"includedScopes":[{"contributions":{},"includedScopes":[]},{"contributions":{},"includedScopes":[]},{"contributions":{},"includedScopes":[]}]},"contributions":{},"includedScopes":[{"containerScope":{"containerScope":{"containerScope":{"contributions":{},"includedScopes":[]},"contributions":{},"includedScopes":[]},"contributions":{},"includedScopes":[]},"contributions":{},"includedScopes":[]}]},"contributions":{},"includedScopes":[]},"contributions":{},"includedScopes":[]},"contributions":{},"includedScopes":[]},"sourceMap":{"end":{"column":41,"line":103,"offset":5301},"start":{"column":4,"line":103,"offset":5265}}},{"args":[{"id":"21d17d63-602c-43b2-9f03-48d149949395","metadata":[],"name":"objetos2","scope":{"containerScope":{"containerScope":{"containerScope":{"containerScope":{"containerScope":{"containerScope":{"containerScope":{"contributions":{},"includedScopes":[]},"contributions":{},"includedScopes":[]},"contributions":{},"includedScopes":[{"contributions":{},"includedScopes":[]},{"contributions":{},"includedScopes":[]},{"contributions":{},"includedScopes":[]}]},"contributions":{},"includedScopes":[{"containerScope":{"containerScope":{"containerScope":{"contributions":{},"includedScopes":[]},"contributions":{},"includedScopes":[]},"contributions":{},"includedScopes":[]},"contributions":{},"includedScopes":[]}]},"contributions":{},"includedScopes":[]},"contributions":{},"includedScopes":[]},"contributions":{},"includedScopes":[]},"contributions":{},"includedScopes":[]},"sourceMap":{"end":{"column":40,"line":104,"offset":5342},"start":{"column":32,"line":104,"offset":5334}}}],"id":"202e1114-b5af-426c-a564-0fab714053f4","message":"inscribirseAMateria","metadata":[],"receiver":{"id":"6e4b835f-9929-4455-8452-9c28cda07d6a","metadata":[],"name":"alicia","scope":{"containerScope":{"containerScope":{"containerScope":{"containerScope":{"containerScope":{"containerScope":{"containerScope":{"contributions":{},"includedScopes":[]},"contributions":{},"includedScopes":[]},"contributions":{},"includedScopes":[{"contributions":{},"includedScopes":[]},{"contributions":{},"includedScopes":[]},{"contributions":{},"includedScopes":[]}]},"contributions":{},"includedScopes":[{"containerScope":{"containerScope":{"containerScope":{"contributions":{},"includedScopes":[]},"contributions":{},"includedScopes":[]},"contributions":{},"includedScopes":[]},"contributions":{},"includedScopes":[]}]},"contributions":{},"includedScopes":[]},"contributions":{},"includedScopes":[]},"contributions":{},"includedScopes":[]},"contributions":{},"includedScopes":[]},"sourceMap":{"end":{"column":11,"line":104,"offset":5313},"start":{"column":5,"line":104,"offset":5307}}},"scope":{"containerScope":{"containerScope":{"containerScope":{"containerScope":{"containerScope":{"containerScope":{"contributions":{},"includedScopes":[]},"contributions":{},"includedScopes":[]},"contributions":{},"includedScopes":[{"contributions":{},"includedScopes":[]},{"contributions":{},"includedScopes":[]},{"contributions":{},"includedScopes":[]}]},"contributions":{},"includedScopes":[{"containerScope":{"containerScope":{"containerScope":{"contributions":{},"includedScopes":[]},"contributions":{},"includedScopes":[]},"contributions":{},"includedScopes":[]},"contributions":{},"includedScopes":[]}]},"contributions":{},"includedScopes":[]},"contributions":{},"includedScopes":[]},"contributions":{},"includedScopes":[]},"sourceMap":{"end":{"column":41,"line":104,"offset":5343},"start":{"column":4,"line":104,"offset":5307}}},{"args":[{"id":"5942a050-9ff1-4ffd-8863-82283c302757","metadata":[],"name":"objetos2","scope":{"containerScope":{"containerScope":{"containerScope":{"containerScope":{"containerScope":{"containerScope":{"containerScope":{"contributions":{},"includedScopes":[]},"contributions":{},"includedScopes":[]},"contributions":{},"includedScopes":[{"contributions":{},"includedScopes":[]},{"contributions":{},"includedScopes":[]},{"contributions":{},"includedScopes":[]}]},"contributions":{},"includedScopes":[{"containerScope":{"containerScope":{"containerScope":{"contributions":{},"includedScopes":[]},"contributions":{},"includedScopes":[]},"contributions":{},"includedScopes":[]},"contributions":{},"includedScopes":[]}]},"contributions":{},"includedScopes":[]},"contributions":{},"includedScopes":[]},"contributions":{},"includedScopes":[]},"contributions":{},"includedScopes":[]},"sourceMap":{"end":{"column":39,"line":105,"offset":5383},"start":{"column":31,"line":105,"offset":5375}}}],"id":"c94ba756-1e1c-4ce8-8e9f-2031b07c9ccd","message":"inscribirseAMateria","metadata":[],"receiver":{"id":"9ae7733c-b3e0-4f31-ad97-b24bb6ab50c5","metadata":[],"name":"roque","scope":{"containerScope":{"containerScope":{"containerScope":{"containerScope":{"containerScope":{"containerScope":{"containerScope":{"contributions":{},"includedScopes":[]},"contributions":{},"includedScopes":[]},"contributions":{},"includedScopes":[{"contributions":{},"includedScopes":[]},{"contributions":{},"includedScopes":[]},{"contributions":{},"includedScopes":[]}]},"contributions":{},"includedScopes":[{"containerScope":{"containerScope":{"containerScope":{"contributions":{},"includedScopes":[]},"contributions":{},"includedScopes":[]},"contributions":{},"includedScopes":[]},"contributions":{},"includedScopes":[]}]},"contributions":{},"includedScopes":[]},"contributions":{},"includedScopes":[]},"contributions":{},"includedScopes":[]},"contributions":{},"includedScopes":[]},"sourceMap":{"end":{"column":10,"line":105,"offset":5354},"start":{"column":5,"line":105,"offset":5349}}},"scope":{"containerScope":{"containerScope":{"containerScope":{"containerScope":{"containerScope":{"containerScope":{"contributions":{},"includedScopes":[]},"contributions":{},"includedScopes":[]},"contributions":{},"includedScopes":[{"contributions":{},"includedScopes":[]},{"contributions":{},"includedScopes":[]},{"contributions":{},"includedScopes":[]}]},"contributions":{},"includedScopes":[{"containerScope":{"containerScope":{"containerScope":{"contributions":{},"includedScopes":[]},"contributions":{},"includedScopes":[]},"contributions":{},"includedScopes":[]},"contributions":{},"includedScopes":[]}]},"contributions":{},"includedScopes":[]},"contributions":{},"includedScopes":[]},"contributions":{},"includedScopes":[]},"sourceMap":{"end":{"column":40,"line":105,"offset":5384},"start":{"column":4,"line":105,"offset":5349}}},{"args":[{"id":"9b04923c-49b7-4100-be8e-249640e84bf3","metadata":[],"scope":{"containerScope":{"containerScope":{"containerScope":{"containerScope":{"containerScope":{"containerScope":{"containerScope":{"contributions":{},"includedScopes":[]},"contributions":{},"includedScopes":[]},"contributions":{},"includedScopes":[{"contributions":{},"includedScopes":[]},{"contributions":{},"includedScopes":[]},{"contributions":{},"includedScopes":[]}]},"contributions":{},"includedScopes":[{"containerScope":{"containerScope":{"containerScope":{"contributions":{},"includedScopes":[]},"contributions":{},"includedScopes":[]},"contributions":{},"includedScopes":[]},"contributions":{},"includedScopes":[]}]},"contributions":{},"includedScopes":[]},"contributions":{},"includedScopes":[]},"contributions":{},"includedScopes":[]},"contributions":{},"includedScopes":[]},"sourceMap":{"end":{"column":41,"line":107,"offset":5428},"start":{"column":19,"line":107,"offset":5406}},"value":[{"id":"064a8b57-e1e2-4c36-ac67-3a1974ed09dc","metadata":[],"name":"wollok.lang.Set","scope":{"containerScope":{"containerScope":{"containerScope":{"containerScope":{"containerScope":{"containerScope":{"containerScope":{"containerScope":{"contributions":{},"includedScopes":[]},"contributions":{},"includedScopes":[]},"contributions":{},"includedScopes":[{"contributions":{},"includedScopes":[]},{"contributions":{},"includedScopes":[]},{"contributions":{},"includedScopes":[]}]},"contributions":{},"includedScopes":[{"containerScope":{"containerScope":{"containerScope":{"contributions":{},"includedScopes":[]},"contributions":{},"includedScopes":[]},"contributions":{},"includedScopes":[]},"contributions":{},"includedScopes":[]}]},"contributions":{},"includedScopes":[]},"contributions":{},"includedScopes":[]},"contributions":{},"includedScopes":[]},"contributions":{},"includedScopes":[]},"contributions":{},"includedScopes":[]}},[{"id":"c0278cc2-e356-44e0-834e-5ab39baede64","metadata":[],"name":"luisa","scope":{"containerScope":{"containerScope":{"containerScope":{"containerScope":{"containerScope":{"containerScope":{"containerScope":{"containerScope":{"contributions":{},"includedScopes":[]},"contributions":{},"includedScopes":[]},"contributions":{},"includedScopes":[{"contributions":{},"includedScopes":[]},{"contributions":{},"includedScopes":[]},{"contributions":{},"includedScopes":[]}]},"contributions":{},"includedScopes":[{"containerScope":{"containerScope":{"containerScope":{"contributions":{},"includedScopes":[]},"contributions":{},"includedScopes":[]},"contributions":{},"includedScopes":[]},"contributions":{},"includedScopes":[]}]},"contributions":{},"includedScopes":[]},"contributions":{},"includedScopes":[]},"contributions":{},"includedScopes":[]},"contributions":{},"includedScopes":[]},"contributions":{},"includedScopes":[]},"sourceMap":{"end":{"column":26,"line":107,"offset":5413},"start":{"column":21,"line":107,"offset":5408}}},{"id":"f20c6599-d604-4dc2-80e1-f319de23b9b8","metadata":[],"name":"romina","scope":{"containerScope":{"containerScope":{"containerScope":{"containerScope":{"containerScope":{"containerScope":{"containerScope":{"containerScope":{"contributions":{},"includedScopes":[]},"contributions":{},"includedScopes":[]},"contributions":{},"includedScopes":[{"contributions":{},"includedScopes":[]},{"contributions":{},"includedScopes":[]},{"contributions":{},"includedScopes":[]}]},"contributions":{},"includedScopes":[{"containerScope":{"containerScope":{"containerScope":{"contributions":{},"includedScopes":[]},"contributions":{},"includedScopes":[]},"contributions":{},"includedScopes":[]},"contributions":{},"includedScopes":[]}]},"contributions":{},"includedScopes":[]},"contributions":{},"includedScopes":[]},"contributions":{},"includedScopes":[]},"contributions":{},"includedScopes":[]},"contributions":{},"includedScopes":[]},"sourceMap":{"end":{"column":33,"line":107,"offset":5420},"start":{"column":27,"line":107,"offset":5414}}},{"id":"96067b15-1090-4993-900a-cf961968bde5","metadata":[],"name":"alicia","scope":{"containerScope":{"containerScope":{"containerScope":{"containerScope":{"containerScope":{"containerScope":{"containerScope":{"containerScope":{"contributions":{},"includedScopes":[]},"contributions":{},"includedScopes":[]},"contributions":{},"includedScopes":[{"contributions":{},"includedScopes":[]},{"contributions":{},"includedScopes":[]},{"contributions":{},"includedScopes":[]}]},"contributions":{},"includedScopes":[{"containerScope":{"containerScope":{"containerScope":{"contributions":{},"includedScopes":[]},"contributions":{},"includedScopes":[]},"contributions":{},"includedScopes":[]},"contributions":{},"includedScopes":[]}]},"contributions":{},"includedScopes":[]},"contributions":{},"includedScopes":[]},"contributions":{},"includedScopes":[]},"contributions":{},"includedScopes":[]},"contributions":{},"includedScopes":[]},"sourceMap":{"end":{"column":40,"line":107,"offset":5427},"start":{"column":34,"line":107,"offset":5421}}}]]},{"args":[],"id":"54f0663d-acdc-49e0-b28c-f22c248960a6","message":"alumnosInscriptos","metadata":[],"receiver":{"id":"7095d4f5-d327-4a2e-a19d-d043105f2aed","metadata":[],"name":"objetos2","scope":{"containerScope":{"containerScope":{"containerScope":{"containerScope":{"containerScope":{"containerScope":{"containerScope":{"containerScope":{"contributions":{},"includedScopes":[]},"contributions":{},"includedScopes":[]},"contributions":{},"includedScopes":[{"contributions":{},"includedScopes":[]},{"contributions":{},"includedScopes":[]},{"contributions":{},"includedScopes":[]}]},"contributions":{},"includedScopes":[{"containerScope":{"containerScope":{"containerScope":{"contributions":{},"includedScopes":[]},"contributions":{},"includedScopes":[]},"contributions":{},"includedScopes":[]},"contributions":{},"includedScopes":[]}]},"contributions":{},"includedScopes":[]},"contributions":{},"includedScopes":[]},"contributions":{},"includedScopes":[]},"contributions":{},"includedScopes":[]},"contributions":{},"includedScopes":[]},"sourceMap":{"end":{"column":51,"line":107,"offset":5438},"start":{"column":43,"line":107,"offset":5430}}},"scope":{"containerScope":{"containerScope":{"containerScope":{"containerScope":{"containerScope":{"containerScope":{"containerScope":{"contributions":{},"includedScopes":[]},"contributions":{},"includedScopes":[]},"contributions":{},"includedScopes":[{"contributions":{},"includedScopes":[]},{"contributions":{},"includedScopes":[]},{"contributions":{},"includedScopes":[]}]},"contributions":{},"includedScopes":[{"containerScope":{"containerScope":{"containerScope":{"contributions":{},"includedScopes":[]},"contributions":{},"includedScopes":[]},"contributions":{},"includedScopes":[]},"contributions":{},"includedScopes":[]}]},"contributions":{},"includedScopes":[]},"contributions":{},"includedScopes":[]},"contributions":{},"includedScopes":[]},"contributions":{},"includedScopes":[]},"sourceMap":{"end":{"column":71,"line":107,"offset":5458},"start":{"column":43,"line":107,"offset":5430}}}],"id":"3f37dce8-b7fa-48bb-a0da-53b3624fee49","message":"equals","metadata":[],"receiver":{"id":"a2fe3902-8de9-491b-95ee-8c4d2a810c88","metadata":[],"name":"assert","scope":{"containerScope":{"containerScope":{"containerScope":{"containerScope":{"containerScope":{"containerScope":{"containerScope":{"contributions":{},"includedScopes":[]},"contributions":{},"includedScopes":[]},"contributions":{},"includedScopes":[{"contributions":{},"includedScopes":[]},{"contributions":{},"includedScopes":[]},{"contributions":{},"includedScopes":[]}]},"contributions":{},"includedScopes":[{"containerScope":{"containerScope":{"containerScope":{"contributions":{},"includedScopes":[]},"contributions":{},"includedScopes":[]},"contributions":{},"includedScopes":[]},"contributions":{},"includedScopes":[]}]},"contributions":{},"includedScopes":[]},"contributions":{},"includedScopes":[]},"contributions":{},"includedScopes":[]},"contributions":{},"includedScopes":[]},"sourceMap":{"end":{"column":11,"line":107,"offset":5398},"start":{"column":5,"line":107,"offset":5392}}},"scope":{"containerScope":{"containerScope":{"containerScope":{"containerScope":{"containerScope":{"containerScope":{"contributions":{},"includedScopes":[]},"contributions":{},"includedScopes":[]},"contributions":{},"includedScopes":[{"contributions":{},"includedScopes":[]},{"contributions":{},"includedScopes":[]},{"contributions":{},"includedScopes":[]}]},"contributions":{},"includedScopes":[{"containerScope":{"containerScope":{"containerScope":{"contributions":{},"includedScopes":[]},"contributions":{},"includedScopes":[]},"contributions":{},"includedScopes":[]},"contributions":{},"includedScopes":[]}]},"contributions":{},"includedScopes":[]},"contributions":{},"includedScopes":[]},"contributions":{},"includedScopes":[]},"sourceMap":{"end":{"column":72,"line":107,"offset":5459},"start":{"column":5,"line":107,"offset":5392}}},{"args":[{"id":"817c00fc-6c98-4133-8626-7a4efac35b49","metadata":[],"scope":{"containerScope":{"containerScope":{"containerScope":{"containerScope":{"containerScope":{"containerScope":{"containerScope":{"contributions":{},"includedScopes":[]},"contributions":{},"includedScopes":[]},"contributions":{},"includedScopes":[{"contributions":{},"includedScopes":[]},{"contributions":{},"includedScopes":[]},{"contributions":{},"includedScopes":[]}]},"contributions":{},"includedScopes":[{"containerScope":{"containerScope":{"containerScope":{"contributions":{},"includedScopes":[]},"contributions":{},"includedScopes":[]},"contributions":{},"includedScopes":[]},"contributions":{},"includedScopes":[]}]},"contributions":{},"includedScopes":[]},"contributions":{},"includedScopes":[]},"contributions":{},"includedScopes":[]},"contributions":{},"includedScopes":[]},"sourceMap":{"end":{"column":26,"line":108,"offset":5486},"start":{"column":19,"line":108,"offset":5479}},"value":[{"id":"10eeb116-522c-40f1-9546-0dee7d0c892a","metadata":[],"name":"wollok.lang.List","scope":{"containerScope":{"containerScope":{"containerScope":{"containerScope":{"containerScope":{"containerScope":{"containerScope":{"containerScope":{"contributions":{},"includedScopes":[]},"contributions":{},"includedScopes":[]},"contributions":{},"includedScopes":[{"contributions":{},"includedScopes":[]},{"contributions":{},"includedScopes":[]},{"contributions":{},"includedScopes":[]}]},"contributions":{},"includedScopes":[{"containerScope":{"containerScope":{"containerScope":{"contributions":{},"includedScopes":[]},"contributions":{},"includedScopes":[]},"contributions":{},"includedScopes":[]},"contributions":{},"includedScopes":[]}]},"contributions":{},"includedScopes":[]},"contributions":{},"includedScopes":[]},"contributions":{},"includedScopes":[]},"contributions":{},"includedScopes":[]},"contributions":{},"includedScopes":[]}},[{"id":"2313576d-a357-4c42-ae14-388b19c309a8","metadata":[],"name":"roque","scope":{"containerScope":{"containerScope":{"containerScope":{"containerScope":{"containerScope":{"containerScope":{"containerScope":{"containerScope":{"contributions":{},"includedScopes":[]},"contributions":{},"includedScopes":[]},"contributions":{},"includedScopes":[{"contributions":{},"includedScopes":[]},{"contributions":{},"includedScopes":[]},{"contributions":{},"includedScopes":[]}]},"contributions":{},"includedScopes":[{"containerScope":{"containerScope":{"containerScope":{"contributions":{},"includedScopes":[]},"contributions":{},"includedScopes":[]},"contributions":{},"includedScopes":[]},"contributions":{},"includedScopes":[]}]},"contributions":{},"includedScopes":[]},"contributions":{},"includedScopes":[]},"contributions":{},"includedScopes":[]},"contributions":{},"includedScopes":[]},"contributions":{},"includedScopes":[]},"sourceMap":{"end":{"column":25,"line":108,"offset":5485},"start":{"column":20,"line":108,"offset":5480}}}]]},{"args":[],"id":"94a0d379-6345-41f8-90e6-53620067c0de","message":"listaDeEspera","metadata":[],"receiver":{"id":"98e758ee-df6a-4414-8669-23f90c6be550","metadata":[],"name":"objetos2","scope":{"containerScope":{"containerScope":{"containerScope":{"containerScope":{"containerScope":{"containerScope":{"containerScope":{"containerScope":{"contributions":{},"includedScopes":[]},"contributions":{},"includedScopes":[]},"contributions":{},"includedScopes":[{"contributions":{},"includedScopes":[]},{"contributions":{},"includedScopes":[]},{"contributions":{},"includedScopes":[]}]},"contributions":{},"includedScopes":[{"containerScope":{"containerScope":{"containerScope":{"contributions":{},"includedScopes":[]},"contributions":{},"includedScopes":[]},"contributions":{},"includedScopes":[]},"contributions":{},"includedScopes":[]}]},"contributions":{},"includedScopes":[]},"contributions":{},"includedScopes":[]},"contributions":{},"includedScopes":[]},"contributions":{},"includedScopes":[]},"contributions":{},"includedScopes":[]},"sourceMap":{"end":{"column":36,"line":108,"offset":5496},"start":{"column":28,"line":108,"offset":5488}}},"scope":{"containerScope":{"containerScope":{"containerScope":{"containerScope":{"containerScope":{"containerScope":{"containerScope":{"contributions":{},"includedScopes":[]},"contributions":{},"includedScopes":[]},"contributions":{},"includedScopes":[{"contributions":{},"includedScopes":[]},{"contributions":{},"includedScopes":[]},{"contributions":{},"includedScopes":[]}]},"contributions":{},"includedScopes":[{"containerScope":{"containerScope":{"containerScope":{"contributions":{},"includedScopes":[]},"contributions":{},"includedScopes":[]},"contributions":{},"includedScopes":[]},"contributions":{},"includedScopes":[]}]},"contributions":{},"includedScopes":[]},"contributions":{},"includedScopes":[]},"contributions":{},"includedScopes":[]},"contributions":{},"includedScopes":[]},"sourceMap":{"end":{"column":52,"line":108,"offset":5512},"start":{"column":28,"line":108,"offset":5488}}}],"id":"e907c73e-3237-423a-b59c-2dbb7ec99051","message":"equals","metadata":[],"receiver":{"id":"fcc9d8b9-f55d-4628-af2b-8772db2ca322","metadata":[],"name":"assert","scope":{"containerScope":{"containerScope":{"containerScope":{"containerScope":{"containerScope":{"containerScope":{"containerScope":{"contributions":{},"includedScopes":[]},"contributions":{},"includedScopes":[]},"contributions":{},"includedScopes":[{"contributions":{},"includedScopes":[]},{"contributions":{},"includedScopes":[]},{"contributions":{},"includedScopes":[]}]},"contributions":{},"includedScopes":[{"containerScope":{"containerScope":{"containerScope":{"contributions":{},"includedScopes":[]},"contributions":{},"includedScopes":[]},"contributions":{},"includedScopes":[]},"contributions":{},"includedScopes":[]}]},"contributions":{},"includedScopes":[]},"contributions":{},"includedScopes":[]},"contributions":{},"includedScopes":[]},"contributions":{},"includedScopes":[]},"sourceMap":{"end":{"column":11,"line":108,"offset":5471},"start":{"column":5,"line":108,"offset":5465}}},"scope":{"containerScope":{"containerScope":{"containerScope":{"containerScope":{"containerScope":{"containerScope":{"contributions":{},"includedScopes":[]},"contributions":{},"includedScopes":[]},"contributions":{},"includedScopes":[{"contributions":{},"includedScopes":[]},{"contributions":{},"includedScopes":[]},{"contributions":{},"includedScopes":[]}]},"contributions":{},"includedScopes":[{"containerScope":{"containerScope":{"containerScope":{"contributions":{},"includedScopes":[]},"contributions":{},"includedScopes":[]},"contributions":{},"includedScopes":[]},"contributions":{},"includedScopes":[]}]},"contributions":{},"includedScopes":[]},"contributions":{},"includedScopes":[]},"contributions":{},"includedScopes":[]},"sourceMap":{"end":{"column":53,"line":108,"offset":5513},"start":{"column":4,"line":108,"offset":5465}}}],"sourceMap":{"end":{"column":4,"line":110,"offset":5520},"start":{"column":28,"line":101,"offset":5217}}},"id":"fee8442c-2175-4c18-8c22-56c0fb7acac5","isOnly":false,"metadata":[],"name":"\"cupos en objetos2\"","scope":{"containerScope":{"containerScope":{"containerScope":{"containerScope":{"contributions":{},"includedScopes":[]},"contributions":{},"includedScopes":[]},"contributions":{},"includedScopes":[{"contributions":{},"includedScopes":[]},{"contributions":{},"includedScopes":[]},{"contributions":{},"includedScopes":[]}]},"contributions":{},"includedScopes":[{"containerScope":{"containerScope":{"containerScope":{"contributions":{},"includedScopes":[]},"contributions":{},"includedScopes":[]},"contributions":{},"includedScopes":[]},"contributions":{},"includedScopes":[]}]},"contributions":{},"includedScopes":[]},"sourceMap":{"end":{"column":4,"line":110,"offset":5520},"start":{"column":3,"line":101,"offset":5192}}},{"body":{"id":"45b055ea-d367-42c5-b2a0-a6cdc536fd7d","metadata":[],"problems":[],"scope":{"containerScope":{"containerScope":{"containerScope":{"containerScope":{"containerScope":{"contributions":{},"includedScopes":[]},"contributions":{},"includedScopes":[]},"contributions":{},"includedScopes":[{"contributions":{},"includedScopes":[]},{"contributions":{},"includedScopes":[]},{"contributions":{},"includedScopes":[]}]},"contributions":{},"includedScopes":[{"containerScope":{"containerScope":{"containerScope":{"contributions":{},"includedScopes":[]},"contributions":{},"includedScopes":[]},"contributions":{},"includedScopes":[]},"contributions":{},"includedScopes":[]}]},"contributions":{},"includedScopes":[]},"contributions":{},"includedScopes":[]},"sentences":[{"args":[{"id":"48b707ac-08ca-4426-bb12-a25aa309667d","metadata":[],"name":"objetos2","scope":{"containerScope":{"containerScope":{"containerScope":{"containerScope":{"containerScope":{"containerScope":{"containerScope":{"contributions":{},"includedScopes":[]},"contributions":{},"includedScopes":[]},"contributions":{},"includedScopes":[{"contributions":{},"includedScopes":[]},{"contributions":{},"includedScopes":[]},{"contributions":{},"includedScopes":[]}]},"contributions":{},"includedScopes":[{"containerScope":{"containerScope":{"containerScope":{"contributions":{},"includedScopes":[]},"contributions":{},"includedScopes":[]},"contributions":{},"includedScopes":[]},"contributions":{},"includedScopes":[]}]},"contributions":{},"includedScopes":[]},"contributions":{},"includedScopes":[]},"contributions":{},"includedScopes":[]},"contributions":{},"includedScopes":[]},"sourceMap":{"end":{"column":39,"line":113,"offset":5609},"start":{"column":31,"line":113,"offset":5601}}}],"id":"55bef52d-2d65-4ee6-88b4-25c1493a29c1","message":"inscribirseAMateria","metadata":[],"receiver":{"id":"5e34f6bc-9762-4491-95cf-e8910fde9990","metadata":[],"name":"luisa","scope":{"containerScope":{"containerScope":{"containerScope":{"containerScope":{"containerScope":{"containerScope":{"containerScope":{"contributions":{},"includedScopes":[]},"contributions":{},"includedScopes":[]},"contributions":{},"includedScopes":[{"contributions":{},"includedScopes":[]},{"contributions":{},"includedScopes":[]},{"contributions":{},"includedScopes":[]}]},"contributions":{},"includedScopes":[{"containerScope":{"containerScope":{"containerScope":{"contributions":{},"includedScopes":[]},"contributions":{},"includedScopes":[]},"contributions":{},"includedScopes":[]},"contributions":{},"includedScopes":[]}]},"contributions":{},"includedScopes":[]},"contributions":{},"includedScopes":[]},"contributions":{},"includedScopes":[]},"contributions":{},"includedScopes":[]},"sourceMap":{"end":{"column":10,"line":113,"offset":5580},"start":{"column":5,"line":113,"offset":5575}}},"scope":{"containerScope":{"containerScope":{"containerScope":{"containerScope":{"containerScope":{"containerScope":{"contributions":{},"includedScopes":[]},"contributions":{},"includedScopes":[]},"contributions":{},"includedScopes":[{"contributions":{},"includedScopes":[]},{"contributions":{},"includedScopes":[]},{"contributions":{},"includedScopes":[]}]},"contributions":{},"includedScopes":[{"containerScope":{"containerScope":{"containerScope":{"contributions":{},"includedScopes":[]},"contributions":{},"includedScopes":[]},"contributions":{},"includedScopes":[]},"contributions":{},"includedScopes":[]}]},"contributions":{},"includedScopes":[]},"contributions":{},"includedScopes":[]},"contributions":{},"includedScopes":[]},"sourceMap":{"end":{"column":40,"line":113,"offset":5610},"start":{"column":5,"line":113,"offset":5575}}},{"args":[{"id":"020da4bc-b99b-427e-98ef-d76aea5dda5c","metadata":[],"name":"objetos2","scope":{"containerScope":{"containerScope":{"containerScope":{"containerScope":{"containerScope":{"containerScope":{"containerScope":{"contributions":{},"includedScopes":[]},"contributions":{},"includedScopes":[]},"contributions":{},"includedScopes":[{"contributions":{},"includedScopes":[]},{"contributions":{},"includedScopes":[]},{"contributions":{},"includedScopes":[]}]},"contributions":{},"includedScopes":[{"containerScope":{"containerScope":{"containerScope":{"contributions":{},"includedScopes":[]},"contributions":{},"includedScopes":[]},"contributions":{},"includedScopes":[]},"contributions":{},"includedScopes":[]}]},"contributions":{},"includedScopes":[]},"contributions":{},"includedScopes":[]},"contributions":{},"includedScopes":[]},"contributions":{},"includedScopes":[]},"sourceMap":{"end":{"column":40,"line":114,"offset":5651},"start":{"column":32,"line":114,"offset":5643}}}],"id":"2450bd50-5b4c-4e95-9c14-ff4112b99c61","message":"inscribirseAMateria","metadata":[],"receiver":{"id":"ed20a494-b671-4b10-8697-5d7ae53238cd","metadata":[],"name":"romina","scope":{"containerScope":{"containerScope":{"containerScope":{"containerScope":{"containerScope":{"containerScope":{"containerScope":{"contributions":{},"includedScopes":[]},"contributions":{},"includedScopes":[]},"contributions":{},"includedScopes":[{"contributions":{},"includedScopes":[]},{"contributions":{},"includedScopes":[]},{"contributions":{},"includedScopes":[]}]},"contributions":{},"includedScopes":[{"containerScope":{"containerScope":{"containerScope":{"contributions":{},"includedScopes":[]},"contributions":{},"includedScopes":[]},"contributions":{},"includedScopes":[]},"contributions":{},"includedScopes":[]}]},"contributions":{},"includedScopes":[]},"contributions":{},"includedScopes":[]},"contributions":{},"includedScopes":[]},"contributions":{},"includedScopes":[]},"sourceMap":{"end":{"column":11,"line":114,"offset":5622},"start":{"column":5,"line":114,"offset":5616}}},"scope":{"containerScope":{"containerScope":{"containerScope":{"containerScope":{"containerScope":{"containerScope":{"contributions":{},"includedScopes":[]},"contributions":{},"includedScopes":[]},"contributions":{},"includedScopes":[{"contributions":{},"includedScopes":[]},{"contributions":{},"includedScopes":[]},{"contributions":{},"includedScopes":[]}]},"contributions":{},"includedScopes":[{"containerScope":{"containerScope":{"containerScope":{"contributions":{},"includedScopes":[]},"contributions":{},"includedScopes":[]},"contributions":{},"includedScopes":[]},"contributions":{},"includedScopes":[]}]},"contributions":{},"includedScopes":[]},"contributions":{},"includedScopes":[]},"contributions":{},"includedScopes":[]},"sourceMap":{"end":{"column":41,"line":114,"offset":5652},"start":{"column":4,"line":114,"offset":5616}}},{"args":[{"id":"8845c5a2-2838-4069-8286-43a5c0a7da25","metadata":[],"name":"objetos2","scope":{"containerScope":{"containerScope":{"containerScope":{"containerScope":{"containerScope":{"containerScope":{"containerScope":{"contributions":{},"includedScopes":[]},"contributions":{},"includedScopes":[]},"contributions":{},"includedScopes":[{"contributions":{},"includedScopes":[]},{"contributions":{},"includedScopes":[]},{"contributions":{},"includedScopes":[]}]},"contributions":{},"includedScopes":[{"containerScope":{"containerScope":{"containerScope":{"contributions":{},"includedScopes":[]},"contributions":{},"includedScopes":[]},"contributions":{},"includedScopes":[]},"contributions":{},"includedScopes":[]}]},"contributions":{},"includedScopes":[]},"contributions":{},"includedScopes":[]},"contributions":{},"includedScopes":[]},"contributions":{},"includedScopes":[]},"sourceMap":{"end":{"column":40,"line":115,"offset":5693},"start":{"column":32,"line":115,"offset":5685}}}],"id":"1df9e533-945a-4a18-a7a3-4dd9cda2656b","message":"inscribirseAMateria","metadata":[],"receiver":{"id":"6c47d235-2749-4034-bd7e-dfde5d5bde8e","metadata":[],"name":"alicia","scope":{"containerScope":{"containerScope":{"containerScope":{"containerScope":{"containerScope":{"containerScope":{"containerScope":{"contributions":{},"includedScopes":[]},"contributions":{},"includedScopes":[]},"contributions":{},"includedScopes":[{"contributions":{},"includedScopes":[]},{"contributions":{},"includedScopes":[]},{"contributions":{},"includedScopes":[]}]},"contributions":{},"includedScopes":[{"containerScope":{"containerScope":{"containerScope":{"contributions":{},"includedScopes":[]},"contributions":{},"includedScopes":[]},"contributions":{},"includedScopes":[]},"contributions":{},"includedScopes":[]}]},"contributions":{},"includedScopes":[]},"contributions":{},"includedScopes":[]},"contributions":{},"includedScopes":[]},"contributions":{},"includedScopes":[]},"sourceMap":{"end":{"column":11,"line":115,"offset":5664},"start":{"column":5,"line":115,"offset":5658}}},"scope":{"containerScope":{"containerScope":{"containerScope":{"containerScope":{"containerScope":{"containerScope":{"contributions":{},"includedScopes":[]},"contributions":{},"includedScopes":[]},"contributions":{},"includedScopes":[{"contributions":{},"includedScopes":[]},{"contributions":{},"includedScopes":[]},{"contributions":{},"includedScopes":[]}]},"contributions":{},"includedScopes":[{"containerScope":{"containerScope":{"containerScope":{"contributions":{},"includedScopes":[]},"contributions":{},"includedScopes":[]},"contributions":{},"includedScopes":[]},"contributions":{},"includedScopes":[]}]},"contributions":{},"includedScopes":[]},"contributions":{},"includedScopes":[]},"contributions":{},"includedScopes":[]},"sourceMap":{"end":{"column":41,"line":115,"offset":5694},"start":{"column":4,"line":115,"offset":5658}}},{"args":[{"id":"df9a6358-41ac-41d4-9c69-0dea58df729c","metadata":[],"name":"objetos2","scope":{"containerScope":{"containerScope":{"containerScope":{"containerScope":{"containerScope":{"containerScope":{"containerScope":{"contributions":{},"includedScopes":[]},"contributions":{},"includedScopes":[]},"contributions":{},"includedScopes":[{"contributions":{},"includedScopes":[]},{"contributions":{},"includedScopes":[]},{"contributions":{},"includedScopes":[]}]},"contributions":{},"includedScopes":[{"containerScope":{"containerScope":{"containerScope":{"contributions":{},"includedScopes":[]},"contributions":{},"includedScopes":[]},"contributions":{},"includedScopes":[]},"contributions":{},"includedScopes":[]}]},"contributions":{},"includedScopes":[]},"contributions":{},"includedScopes":[]},"contributions":{},"includedScopes":[]},"contributions":{},"includedScopes":[]},"sourceMap":{"end":{"column":39,"line":116,"offset":5734},"start":{"column":31,"line":116,"offset":5726}}}],"id":"ec5e840d-3142-4d19-ac34-c7dc13507f81","message":"inscribirseAMateria","metadata":[],"receiver":{"id":"e19f74c1-16d0-4dc5-a080-f712274b90ca","metadata":[],"name":"roque","scope":{"containerScope":{"containerScope":{"containerScope":{"containerScope":{"containerScope":{"containerScope":{"containerScope":{"contributions":{},"includedScopes":[]},"contributions":{},"includedScopes":[]},"contributions":{},"includedScopes":[{"contributions":{},"includedScopes":[]},{"contributions":{},"includedScopes":[]},{"contributions":{},"includedScopes":[]}]},"contributions":{},"includedScopes":[{"containerScope":{"containerScope":{"containerScope":{"contributions":{},"includedScopes":[]},"contributions":{},"includedScopes":[]},"contributions":{},"includedScopes":[]},"contributions":{},"includedScopes":[]}]},"contributions":{},"includedScopes":[]},"contributions":{},"includedScopes":[]},"contributions":{},"includedScopes":[]},"contributions":{},"includedScopes":[]},"sourceMap":{"end":{"column":10,"line":116,"offset":5705},"start":{"column":5,"line":116,"offset":5700}}},"scope":{"containerScope":{"containerScope":{"containerScope":{"containerScope":{"containerScope":{"containerScope":{"contributions":{},"includedScopes":[]},"contributions":{},"includedScopes":[]},"contributions":{},"includedScopes":[{"contributions":{},"includedScopes":[]},{"contributions":{},"includedScopes":[]},{"contributions":{},"includedScopes":[]}]},"contributions":{},"includedScopes":[{"containerScope":{"containerScope":{"containerScope":{"contributions":{},"includedScopes":[]},"contributions":{},"includedScopes":[]},"contributions":{},"includedScopes":[]},"contributions":{},"includedScopes":[]}]},"contributions":{},"includedScopes":[]},"contributions":{},"includedScopes":[]},"contributions":{},"includedScopes":[]},"sourceMap":{"end":{"column":40,"line":116,"offset":5735},"start":{"column":4,"line":116,"offset":5700}}},{"args":[{"id":"d11220fd-cc9b-4117-a701-cdf58f464c1e","metadata":[],"name":"objetos2","scope":{"containerScope":{"containerScope":{"containerScope":{"containerScope":{"containerScope":{"containerScope":{"containerScope":{"contributions":{},"includedScopes":[]},"contributions":{},"includedScopes":[]},"contributions":{},"includedScopes":[{"contributions":{},"includedScopes":[]},{"contributions":{},"includedScopes":[]},{"contributions":{},"includedScopes":[]}]},"contributions":{},"includedScopes":[{"containerScope":{"containerScope":{"containerScope":{"contributions":{},"includedScopes":[]},"contributions":{},"includedScopes":[]},"contributions":{},"includedScopes":[]},"contributions":{},"includedScopes":[]}]},"contributions":{},"includedScopes":[]},"contributions":{},"includedScopes":[]},"contributions":{},"includedScopes":[]},"contributions":{},"includedScopes":[]},"sourceMap":{"end":{"column":30,"line":117,"offset":5766},"start":{"column":22,"line":117,"offset":5758}}}],"id":"2ab51cda-d05f-45d8-82a2-92e14f111122","message":"darDeBaja","metadata":[],"receiver":{"id":"a5604ca2-d533-403c-a3b3-a90d15411e84","metadata":[],"name":"romina","scope":{"containerScope":{"containerScope":{"containerScope":{"containerScope":{"containerScope":{"containerScope":{"containerScope":{"contributions":{},"includedScopes":[]},"contributions":{},"includedScopes":[]},"contributions":{},"includedScopes":[{"contributions":{},"includedScopes":[]},{"contributions":{},"includedScopes":[]},{"contributions":{},"includedScopes":[]}]},"contributions":{},"includedScopes":[{"containerScope":{"containerScope":{"containerScope":{"contributions":{},"includedScopes":[]},"contributions":{},"includedScopes":[]},"contributions":{},"includedScopes":[]},"contributions":{},"includedScopes":[]}]},"contributions":{},"includedScopes":[]},"contributions":{},"includedScopes":[]},"contributions":{},"includedScopes":[]},"contributions":{},"includedScopes":[]},"sourceMap":{"end":{"column":11,"line":117,"offset":5747},"start":{"column":5,"line":117,"offset":5741}}},"scope":{"containerScope":{"containerScope":{"containerScope":{"containerScope":{"containerScope":{"containerScope":{"contributions":{},"includedScopes":[]},"contributions":{},"includedScopes":[]},"contributions":{},"includedScopes":[{"contributions":{},"includedScopes":[]},{"contributions":{},"includedScopes":[]},{"contributions":{},"includedScopes":[]}]},"contributions":{},"includedScopes":[{"containerScope":{"containerScope":{"containerScope":{"contributions":{},"includedScopes":[]},"contributions":{},"includedScopes":[]},"contributions":{},"includedScopes":[]},"contributions":{},"includedScopes":[]}]},"contributions":{},"includedScopes":[]},"contributions":{},"includedScopes":[]},"contributions":{},"includedScopes":[]},"sourceMap":{"end":{"column":31,"line":117,"offset":5767},"start":{"column":4,"line":117,"offset":5741}}},{"args":[{"id":"338efb2a-a070-44b0-84ec-9a0623386976","metadata":[],"scope":{"containerScope":{"containerScope":{"containerScope":{"containerScope":{"containerScope":{"containerScope":{"containerScope":{"contributions":{},"includedScopes":[]},"contributions":{},"includedScopes":[]},"contributions":{},"includedScopes":[{"contributions":{},"includedScopes":[]},{"contributions":{},"includedScopes":[]},{"contributions":{},"includedScopes":[]}]},"contributions":{},"includedScopes":[{"containerScope":{"containerScope":{"containerScope":{"contributions":{},"includedScopes":[]},"contributions":{},"includedScopes":[]},"contributions":{},"includedScopes":[]},"contributions":{},"includedScopes":[]}]},"contributions":{},"includedScopes":[]},"contributions":{},"includedScopes":[]},"contributions":{},"includedScopes":[]},"contributions":{},"includedScopes":[]},"sourceMap":{"end":{"column":40,"line":119,"offset":5810},"start":{"column":19,"line":119,"offset":5789}},"value":[{"id":"abd9f035-dea2-49b5-b7b7-38cdd073cab0","metadata":[],"name":"wollok.lang.Set","scope":{"containerScope":{"containerScope":{"containerScope":{"containerScope":{"containerScope":{"containerScope":{"containerScope":{"containerScope":{"contributions":{},"includedScopes":[]},"contributions":{},"includedScopes":[]},"contributions":{},"includedScopes":[{"contributions":{},"includedScopes":[]},{"contributions":{},"includedScopes":[]},{"contributions":{},"includedScopes":[]}]},"contributions":{},"includedScopes":[{"containerScope":{"containerScope":{"containerScope":{"contributions":{},"includedScopes":[]},"contributions":{},"includedScopes":[]},"contributions":{},"includedScopes":[]},"contributions":{},"includedScopes":[]}]},"contributions":{},"includedScopes":[]},"contributions":{},"includedScopes":[]},"contributions":{},"includedScopes":[]},"contributions":{},"includedScopes":[]},"contributions":{},"includedScopes":[]}},[{"id":"fcc5f6ed-c5ed-463e-89b1-cf68541246fd","metadata":[],"name":"luisa","scope":{"containerScope":{"containerScope":{"containerScope":{"containerScope":{"containerScope":{"containerScope":{"containerScope":{"containerScope":{"contributions":{},"includedScopes":[]},"contributions":{},"includedScopes":[]},"contributions":{},"includedScopes":[{"contributions":{},"includedScopes":[]},{"contributions":{},"includedScopes":[]},{"contributions":{},"includedScopes":[]}]},"contributions":{},"includedScopes":[{"containerScope":{"containerScope":{"containerScope":{"contributions":{},"includedScopes":[]},"contributions":{},"includedScopes":[]},"contributions":{},"includedScopes":[]},"contributions":{},"includedScopes":[]}]},"contributions":{},"includedScopes":[]},"contributions":{},"includedScopes":[]},"contributions":{},"includedScopes":[]},"contributions":{},"includedScopes":[]},"contributions":{},"includedScopes":[]},"sourceMap":{"end":{"column":26,"line":119,"offset":5796},"start":{"column":21,"line":119,"offset":5791}}},{"id":"afe9c28f-f2f8-4b71-8ced-0060c2027f12","metadata":[],"name":"roque","scope":{"containerScope":{"containerScope":{"containerScope":{"containerScope":{"containerScope":{"containerScope":{"containerScope":{"containerScope":{"contributions":{},"includedScopes":[]},"contributions":{},"includedScopes":[]},"contributions":{},"includedScopes":[{"contributions":{},"includedScopes":[]},{"contributions":{},"includedScopes":[]},{"contributions":{},"includedScopes":[]}]},"contributions":{},"includedScopes":[{"containerScope":{"containerScope":{"containerScope":{"contributions":{},"includedScopes":[]},"contributions":{},"includedScopes":[]},"contributions":{},"includedScopes":[]},"contributions":{},"includedScopes":[]}]},"contributions":{},"includedScopes":[]},"contributions":{},"includedScopes":[]},"contributions":{},"includedScopes":[]},"contributions":{},"includedScopes":[]},"contributions":{},"includedScopes":[]},"sourceMap":{"end":{"column":32,"line":119,"offset":5802},"start":{"column":27,"line":119,"offset":5797}}},{"id":"9c490bad-3c16-427d-9010-c62ec0cc3fae","metadata":[],"name":"alicia","scope":{"containerScope":{"containerScope":{"containerScope":{"containerScope":{"containerScope":{"containerScope":{"containerScope":{"containerScope":{"contributions":{},"includedScopes":[]},"contributions":{},"includedScopes":[]},"contributions":{},"includedScopes":[{"contributions":{},"includedScopes":[]},{"contributions":{},"includedScopes":[]},{"contributions":{},"includedScopes":[]}]},"contributions":{},"includedScopes":[{"containerScope":{"containerScope":{"containerScope":{"contributions":{},"includedScopes":[]},"contributions":{},"includedScopes":[]},"contributions":{},"includedScopes":[]},"contributions":{},"includedScopes":[]}]},"contributions":{},"includedScopes":[]},"contributions":{},"includedScopes":[]},"contributions":{},"includedScopes":[]},"contributions":{},"includedScopes":[]},"contributions":{},"includedScopes":[]},"sourceMap":{"end":{"column":39,"line":119,"offset":5809},"start":{"column":33,"line":119,"offset":5803}}}]]},{"args":[],"id":"dc3a6530-8960-4439-87c0-6c8c96a9ec23","message":"alumnosInscriptos","metadata":[],"receiver":{"id":"8c2e39b1-76ca-4455-8552-3a0d0ef5a37e","metadata":[],"name":"objetos2","scope":{"containerScope":{"containerScope":{"containerScope":{"containerScope":{"containerScope":{"containerScope":{"containerScope":{"containerScope":{"contributions":{},"includedScopes":[]},"contributions":{},"includedScopes":[]},"contributions":{},"includedScopes":[{"contributions":{},"includedScopes":[]},{"contributions":{},"includedScopes":[]},{"contributions":{},"includedScopes":[]}]},"contributions":{},"includedScopes":[{"containerScope":{"containerScope":{"containerScope":{"contributions":{},"includedScopes":[]},"contributions":{},"includedScopes":[]},"contributions":{},"includedScopes":[]},"contributions":{},"includedScopes":[]}]},"contributions":{},"includedScopes":[]},"contributions":{},"includedScopes":[]},"contributions":{},"includedScopes":[]},"contributions":{},"includedScopes":[]},"contributions":{},"includedScopes":[]},"sourceMap":{"end":{"column":50,"line":119,"offset":5820},"start":{"column":42,"line":119,"offset":5812}}},"scope":{"containerScope":{"containerScope":{"containerScope":{"containerScope":{"containerScope":{"containerScope":{"containerScope":{"contributions":{},"includedScopes":[]},"contributions":{},"includedScopes":[]},"contributions":{},"includedScopes":[{"contributions":{},"includedScopes":[]},{"contributions":{},"includedScopes":[]},{"contributions":{},"includedScopes":[]}]},"contributions":{},"includedScopes":[{"containerScope":{"containerScope":{"containerScope":{"contributions":{},"includedScopes":[]},"contributions":{},"includedScopes":[]},"contributions":{},"includedScopes":[]},"contributions":{},"includedScopes":[]}]},"contributions":{},"includedScopes":[]},"contributions":{},"includedScopes":[]},"contributions":{},"includedScopes":[]},"contributions":{},"includedScopes":[]},"sourceMap":{"end":{"column":70,"line":119,"offset":5840},"start":{"column":42,"line":119,"offset":5812}}}],"id":"8810a96a-1f08-4fce-a05b-cdf4bf27bfdf","message":"equals","metadata":[],"receiver":{"id":"dda1ead7-12a1-4ad6-981a-891f525f076d","metadata":[],"name":"assert","scope":{"containerScope":{"containerScope":{"containerScope":{"containerScope":{"containerScope":{"containerScope":{"containerScope":{"contributions":{},"includedScopes":[]},"contributions":{},"includedScopes":[]},"contributions":{},"includedScopes":[{"contributions":{},"includedScopes":[]},{"contributions":{},"includedScopes":[]},{"contributions":{},"includedScopes":[]}]},"contributions":{},"includedScopes":[{"containerScope":{"containerScope":{"containerScope":{"contributions":{},"includedScopes":[]},"contributions":{},"includedScopes":[]},"contributions":{},"includedScopes":[]},"contributions":{},"includedScopes":[]}]},"contributions":{},"includedScopes":[]},"contributions":{},"includedScopes":[]},"contributions":{},"includedScopes":[]},"contributions":{},"includedScopes":[]},"sourceMap":{"end":{"column":11,"line":119,"offset":5781},"start":{"column":5,"line":119,"offset":5775}}},"scope":{"containerScope":{"containerScope":{"containerScope":{"containerScope":{"containerScope":{"containerScope":{"contributions":{},"includedScopes":[]},"contributions":{},"includedScopes":[]},"contributions":{},"includedScopes":[{"contributions":{},"includedScopes":[]},{"contributions":{},"includedScopes":[]},{"contributions":{},"includedScopes":[]}]},"contributions":{},"includedScopes":[{"containerScope":{"containerScope":{"containerScope":{"contributions":{},"includedScopes":[]},"contributions":{},"includedScopes":[]},"contributions":{},"includedScopes":[]},"contributions":{},"includedScopes":[]}]},"contributions":{},"includedScopes":[]},"contributions":{},"includedScopes":[]},"contributions":{},"includedScopes":[]},"sourceMap":{"end":{"column":71,"line":119,"offset":5841},"start":{"column":5,"line":119,"offset":5775}}},{"args":[{"args":[],"id":"7b9b8304-b855-479e-b5e2-eb925dbc96e4","message":"isEmpty","metadata":[],"receiver":{"args":[],"id":"167cf320-06dd-41fb-a14f-03e8601bafdb","message":"listaDeEspera","metadata":[],"receiver":{"id":"7c5ac7e9-676f-4ee7-bebd-18bfaffb71bc","metadata":[],"name":"objetos2","scope":{"containerScope":{"containerScope":{"containerScope":{"containerScope":{"containerScope":{"containerScope":{"containerScope":{"containerScope":{"containerScope":{"contributions":{},"includedScopes":[]},"contributions":{},"includedScopes":[]},"contributions":{},"includedScopes":[{"contributions":{},"includedScopes":[]},{"contributions":{},"includedScopes":[]},{"contributions":{},"includedScopes":[]}]},"contributions":{},"includedScopes":[{"containerScope":{"containerScope":{"containerScope":{"contributions":{},"includedScopes":[]},"contributions":{},"includedScopes":[]},"contributions":{},"includedScopes":[]},"contributions":{},"includedScopes":[]}]},"contributions":{},"includedScopes":[]},"contributions":{},"includedScopes":[]},"contributions":{},"includedScopes":[]},"contributions":{},"includedScopes":[]},"contributions":{},"includedScopes":[]},"contributions":{},"includedScopes":[]},"sourceMap":{"end":{"column":25,"line":120,"offset":5867},"start":{"column":17,"line":120,"offset":5859}}},"scope":{"containerScope":{"containerScope":{"containerScope":{"containerScope":{"containerScope":{"containerScope":{"containerScope":{"containerScope":{"contributions":{},"includedScopes":[]},"contributions":{},"includedScopes":[]},"contributions":{},"includedScopes":[{"contributions":{},"includedScopes":[]},{"contributions":{},"includedScopes":[]},{"contributions":{},"includedScopes":[]}]},"contributions":{},"includedScopes":[{"containerScope":{"containerScope":{"containerScope":{"contributions":{},"includedScopes":[]},"contributions":{},"includedScopes":[]},"contributions":{},"includedScopes":[]},"contributions":{},"includedScopes":[]}]},"contributions":{},"includedScopes":[]},"contributions":{},"includedScopes":[]},"contributions":{},"includedScopes":[]},"contributions":{},"includedScopes":[]},"contributions":{},"includedScopes":[]},"sourceMap":{"end":{"column":41,"line":120,"offset":5883},"start":{"column":17,"line":120,"offset":5859}}},"scope":{"containerScope":{"containerScope":{"containerScope":{"containerScope":{"containerScope":{"containerScope":{"containerScope":{"contributions":{},"includedScopes":[]},"contributions":{},"includedScopes":[]},"contributions":{},"includedScopes":[{"contributions":{},"includedScopes":[]},{"contributions":{},"includedScopes":[]},{"contributions":{},"includedScopes":[]}]},"contributions":{},"includedScopes":[{"containerScope":{"containerScope":{"containerScope":{"contributions":{},"includedScopes":[]},"contributions":{},"includedScopes":[]},"contributions":{},"includedScopes":[]},"contributions":{},"includedScopes":[]}]},"contributions":{},"includedScopes":[]},"contributions":{},"includedScopes":[]},"contributions":{},"includedScopes":[]},"contributions":{},"includedScopes":[]},"sourceMap":{"end":{"column":51,"line":120,"offset":5893},"start":{"column":17,"line":120,"offset":5859}}}],"id":"8ae4046f-82b1-4aea-8336-2ec804a40e8d","message":"that","metadata":[],"receiver":{"id":"7f5e35e5-a375-40b4-a26a-d55590980b42","metadata":[],"name":"assert","scope":{"containerScope":{"containerScope":{"containerScope":{"containerScope":{"containerScope":{"containerScope":{"containerScope":{"contributions":{},"includedScopes":[]},"contributions":{},"includedScopes":[]},"contributions":{},"includedScopes":[{"contributions":{},"includedScopes":[]},{"contributions":{},"includedScopes":[]},{"contributions":{},"includedScopes":[]}]},"contributions":{},"includedScopes":[{"containerScope":{"containerScope":{"containerScope":{"contributions":{},"includedScopes":[]},"contributions":{},"includedScopes":[]},"contributions":{},"includedScopes":[]},"contributions":{},"includedScopes":[]}]},"contributions":{},"includedScopes":[]},"contributions":{},"includedScopes":[]},"contributions":{},"includedScopes":[]},"contributions":{},"includedScopes":[]},"sourceMap":{"end":{"column":11,"line":120,"offset":5853},"start":{"column":5,"line":120,"offset":5847}}},"scope":{"containerScope":{"containerScope":{"containerScope":{"containerScope":{"containerScope":{"containerScope":{"contributions":{},"includedScopes":[]},"contributions":{},"includedScopes":[]},"contributions":{},"includedScopes":[{"contributions":{},"includedScopes":[]},{"contributions":{},"includedScopes":[]},{"contributions":{},"includedScopes":[]}]},"contributions":{},"includedScopes":[{"containerScope":{"containerScope":{"containerScope":{"contributions":{},"includedScopes":[]},"contributions":{},"includedScopes":[]},"contributions":{},"includedScopes":[]},"contributions":{},"includedScopes":[]}]},"contributions":{},"includedScopes":[]},"contributions":{},"includedScopes":[]},"contributions":{},"includedScopes":[]},"sourceMap":{"end":{"column":52,"line":120,"offset":5894},"start":{"column":4,"line":120,"offset":5847}}}],"sourceMap":{"end":{"column":4,"line":121,"offset":5899},"start":{"column":45,"line":112,"offset":5568}}},"id":"604fc200-e8ac-41c3-b779-c1b95cb97f82","isOnly":false,"metadata":[],"name":"\"dar de baja y otorgar cupo a roque\"","scope":{"containerScope":{"containerScope":{"containerScope":{"containerScope":{"contributions":{},"includedScopes":[]},"contributions":{},"includedScopes":[]},"contributions":{},"includedScopes":[{"contributions":{},"includedScopes":[]},{"contributions":{},"includedScopes":[]},{"contributions":{},"includedScopes":[]}]},"contributions":{},"includedScopes":[{"containerScope":{"containerScope":{"containerScope":{"contributions":{},"includedScopes":[]},"contributions":{},"includedScopes":[]},"contributions":{},"includedScopes":[]},"contributions":{},"includedScopes":[]}]},"contributions":{},"includedScopes":[]},"sourceMap":{"end":{"column":4,"line":121,"offset":5899},"start":{"column":3,"line":112,"offset":5526}}}],"metadata":[],"name":"\"test materias\"","problems":[{"code":"malformedMember","sourceMap":{"end":{"column":80,"line":8,"offset":209},"start":{"column":26,"line":8,"offset":155}}},{"code":"malformedMember","sourceMap":{"end":{"column":79,"line":9,"offset":289},"start":{"column":33,"line":9,"offset":243}}},{"code":"malformedMember","sourceMap":{"end":{"column":45,"line":10,"offset":335},"start":{"column":33,"line":10,"offset":323}}},{"code":"malformedMember","sourceMap":{"end":{"column":48,"line":11,"offset":384},"start":{"column":33,"line":11,"offset":369}}},{"code":"malformedMember","sourceMap":{"end":{"column":61,"line":12,"offset":446},"start":{"column":33,"line":12,"offset":418}}},{"code":"malformedMember","sourceMap":{"end":{"column":82,"line":13,"offset":529},"start":{"column":33,"line":13,"offset":480}}}],"scope":{"containerScope":{"containerScope":{"containerScope":{"contributions":{},"includedScopes":[]},"contributions":{},"includedScopes":[]},"contributions":{},"includedScopes":[{"contributions":{},"includedScopes":[]},{"contributions":{},"includedScopes":[]},{"contributions":{},"includedScopes":[]}]},"contributions":{},"includedScopes":[{"containerScope":{"containerScope":{"containerScope":{"contributions":{},"includedScopes":[]},"contributions":{},"includedScopes":[]},"contributions":{},"includedScopes":[]},"contributions":{},"includedScopes":[]}]},"sourceMap":{"end":{"column":2,"line":123,"offset":5904},"start":{"column":1,"line":5,"offset":69}},"supertypes":[{"args":[],"metadata":[],"reference":{"metadata":[],"name":"wollok.lang.Object","scope":{"containerScope":{"containerScope":{"containerScope":{"containerScope":{"contributions":{},"includedScopes":[]},"contributions":{},"includedScopes":[]},"contributions":{},"includedScopes":[{"contributions":{},"includedScopes":[]},{"contributions":{},"includedScopes":[]},{"contributions":{},"includedScopes":[]}]},"contributions":{},"includedScopes":[{"containerScope":{"containerScope":{"containerScope":{"contributions":{},"includedScopes":[]},"contributions":{},"includedScopes":[]},"contributions":{},"includedScopes":[]},"contributions":{},"includedScopes":[]}]},"contributions":{},"includedScopes":[]}},"scope":{"containerScope":{"containerScope":{"containerScope":{"containerScope":{"contributions":{},"includedScopes":[]},"contributions":{},"includedScopes":[]},"contributions":{},"includedScopes":[{"contributions":{},"includedScopes":[]},{"contributions":{},"includedScopes":[]},{"contributions":{},"includedScopes":[]}]},"contributions":{},"includedScopes":[{"containerScope":{"containerScope":{"containerScope":{"contributions":{},"includedScopes":[]},"contributions":{},"includedScopes":[]},"contributions":{},"includedScopes":[]},"contributions":{},"includedScopes":[]}]},"contributions":{},"includedScopes":[]}}]},"stack":"Error: Failed to print, found malformed node\n    at c:\\Users\\Nicolee\\.vscode\\extensions\\uqbar.wollok-lsp-ide-0.5.4\\out\\server\\src\\server.js:68:3585\n    at Kbn (c:\\Users\\Nicolee\\.vscode\\extensions\\uqbar.wollok-lsp-ide-0.5.4\\out\\server\\src\\server.js:68:3396)\n    at c:\\Users\\Nicolee\\.vscode\\extensions\\uqbar.wollok-lsp-ide-0.5.4\\out\\server\\src\\server.js:2398:847\n    at c:\\Users\\Nicolee\\.vscode\\extensions\\uqbar.wollok-lsp-ide-0.5.4\\out\\server\\src\\server.js:2398:8440\n    at c:\\Users\\Nicolee\\.vscode\\extensions\\uqbar.wollok-lsp-ide-0.5.4\\out\\server\\src\\server.js:37:74770\n    at Ke (c:\\Users\\Nicolee\\.vscode\\extensions\\uqbar.wollok-lsp-ide-0.5.4\\out\\server\\src\\server.js:7:8527)\n    at Lt (c:\\Users\\Nicolee\\.vscode\\extensions\\uqbar.wollok-lsp-ide-0.5.4\\out\\server\\src\\server.js:7:6189)\n    at ct (c:\\Users\\Nicolee\\.vscode\\extensions\\uqbar.wollok-lsp-ide-0.5.4\\out\\server\\src\\server.js:7:6378)\n    at Immediate._onImmediate (c:\\Users\\Nicolee\\.vscode\\extensions\\uqbar.wollok-lsp-ide-0.5.4\\out\\server\\src\\server.js:7:6142)\n    at process.processImmediate (node:internal/timers:484:21)","timestamp":"2026-06-01T19:17:12.772Z"}
{"level":"info","message":"⌛ Building environment","timeElapsed":174,"timestamp":"2026-06-01T19:17:14.006Z"}
{"level":"info","message":"⌛ Validating src/estudianteTest.wtest","timeElapsed":169,"timestamp":"2026-06-01T19:17:14.176Z"}
{"level":"info","message":"⌛ Building environment","timeElapsed":115,"timestamp":"2026-06-01T19:17:15.488Z"}
{"level":"info","message":"⌛ Validating src/estudianteTest.wtest","timeElapsed":160,"timestamp":"2026-06-01T19:17:15.649Z"}
{"level":"info","message":"⌛ Building environment","timeElapsed":106,"timestamp":"2026-06-01T19:18:08.505Z"}
{"level":"info","message":"⌛ Validating src/estudianteTest.wtest","timeElapsed":121,"timestamp":"2026-06-01T19:18:08.628Z"}
{"level":"info","message":"⌛ Building environment","timeElapsed":122,"timestamp":"2026-06-01T19:18:08.977Z"}
{"level":"info","message":"⌛ Building environment","timeElapsed":135,"timestamp":"2026-06-01T19:18:09.140Z"}
{"level":"info","message":"⌛ Validating src/estudianteTest.wtest","timeElapsed":209,"timestamp":"2026-06-01T19:18:09.349Z"}
{"level":"info","message":"⌛ Validating src/estudianteTest.wtest","timeElapsed":131,"timestamp":"2026-06-01T19:18:09.482Z"}
{"level":"info","message":"⌛ Building environment","timeElapsed":109,"timestamp":"2026-06-01T19:18:09.626Z"}
{"level":"info","message":"⌛ Building environment","timeElapsed":123,"timestamp":"2026-06-01T19:18:09.749Z"}
{"level":"info","message":"⌛ Building environment","timeElapsed":105,"timestamp":"2026-06-01T19:18:09.885Z"}
{"level":"info","message":"⌛ Validating src/estudianteTest.wtest","timeElapsed":116,"timestamp":"2026-06-01T19:18:10.040Z"}
{"level":"info","message":"⌛ Validating src/estudianteTest.wtest","timeElapsed":105,"timestamp":"2026-06-01T19:18:10.174Z"}
{"level":"info","message":"⌛ Validating src/estudianteTest.wtest","timeElapsed":104,"timestamp":"2026-06-01T19:18:10.375Z"}
{"level":"info","message":"⌛ Validating src/estudianteTest.wtest","timeElapsed":115,"timestamp":"2026-06-01T19:18:10.639Z"}
{"level":"info","message":"⌛ Building environment","timeElapsed":102,"timestamp":"2026-06-01T19:18:10.837Z"}
{"level":"info","message":"⌛ Validating src/estudianteTest.wtest","timeElapsed":104,"timestamp":"2026-06-01T19:18:11.227Z"}
{"level":"info","message":"⌛ Building environment","timeElapsed":122,"timestamp":"2026-06-01T19:18:11.441Z"}
{"level":"info","message":"⌛ Validating src/estudianteTest.wtest","timeElapsed":114,"timestamp":"2026-06-01T19:18:11.645Z"}
{"level":"info","message":"⌛ Building environment","timeElapsed":102,"timestamp":"2026-06-01T19:18:12.230Z"}
{"level":"info","message":"⌛ Validating src/estudianteTest.wtest","timeElapsed":122,"timestamp":"2026-06-01T19:18:12.559Z"}
{"level":"info","message":"⌛ Building environment","timeElapsed":102,"timestamp":"2026-06-01T19:18:12.795Z"}
{"level":"info","message":"⌛ Validating src/estudianteTest.wtest","timeElapsed":111,"timestamp":"2026-06-01T19:18:13.199Z"}
{"level":"info","message":"⌛ Building environment","timeElapsed":117,"timestamp":"2026-06-01T19:18:13.724Z"}
{"level":"info","message":"⌛ Building environment","timeElapsed":140,"timestamp":"2026-06-01T19:18:13.870Z"}
{"level":"info","message":"⌛ Validating src/estudianteTest.wtest","timeElapsed":102,"timestamp":"2026-06-01T19:18:14.268Z"}
{"level":"info","message":"⌛ Validating src/estudianteTest.wtest","timeElapsed":182,"timestamp":"2026-06-01T19:18:14.515Z"}
{"level":"info","message":"⌛ Building environment","timeElapsed":126,"timestamp":"2026-06-01T19:18:16.385Z"}
{"level":"error","message":"✘ Validate text document error: RangeError: Maximum call stack size exceeded Maximum call stack size exceeded","stack":"RangeError: Maximum call stack size exceeded\n    at Crn (c:\\Users\\Nicolee\\.vscode\\extensions\\uqbar.wollok-lsp-ide-0.5.4\\out\\server\\src\\server.js:57:18605)\n    at c:\\Users\\Nicolee\\.vscode\\extensions\\uqbar.wollok-lsp-ide-0.5.4\\out\\server\\src\\server.js:57:19051\n    at c:\\Users\\Nicolee\\.vscode\\extensions\\uqbar.wollok-lsp-ide-0.5.4\\out\\server\\src\\server.js:38:6131\n    at Crn (c:\\Users\\Nicolee\\.vscode\\extensions\\uqbar.wollok-lsp-ide-0.5.4\\out\\server\\src\\server.js:57:18626)\n    at c:\\Users\\Nicolee\\.vscode\\extensions\\uqbar.wollok-lsp-ide-0.5.4\\out\\server\\src\\server.js:57:19208\n    at Array.some (<anonymous>)\n    at c:\\Users\\Nicolee\\.vscode\\extensions\\uqbar.wollok-lsp-ide-0.5.4\\out\\server\\src\\server.js:57:19185\n    at c:\\Users\\Nicolee\\.vscode\\extensions\\uqbar.wollok-lsp-ide-0.5.4\\out\\server\\src\\server.js:38:6131\n    at Crn (c:\\Users\\Nicolee\\.vscode\\extensions\\uqbar.wollok-lsp-ide-0.5.4\\out\\server\\src\\server.js:57:18626)\n    at c:\\Users\\Nicolee\\.vscode\\extensions\\uqbar.wollok-lsp-ide-0.5.4\\out\\server\\src\\server.js:57:19538","timestamp":"2026-06-01T19:18:16.502Z"}
{"level":"info","message":"⌛ Validating src/estudianteTest.wtest","timeElapsed":117,"timestamp":"2026-06-01T19:18:16.502Z"}
{"level":"error","message":"✘ Error on handler Maximum call stack size exceeded","stack":"RangeError: Maximum call stack size exceeded\n    at Crn (c:\\Users\\Nicolee\\.vscode\\extensions\\uqbar.wollok-lsp-ide-0.5.4\\out\\server\\src\\server.js:57:18605)\n    at c:\\Users\\Nicolee\\.vscode\\extensions\\uqbar.wollok-lsp-ide-0.5.4\\out\\server\\src\\server.js:57:19484\n    at Array.some (<anonymous>)\n    at c:\\Users\\Nicolee\\.vscode\\extensions\\uqbar.wollok-lsp-ide-0.5.4\\out\\server\\src\\server.js:57:19461\n    at c:\\Users\\Nicolee\\.vscode\\extensions\\uqbar.wollok-lsp-ide-0.5.4\\out\\server\\src\\server.js:38:6131\n    at Crn (c:\\Users\\Nicolee\\.vscode\\extensions\\uqbar.wollok-lsp-ide-0.5.4\\out\\server\\src\\server.js:57:18626)\n    at c:\\Users\\Nicolee\\.vscode\\extensions\\uqbar.wollok-lsp-ide-0.5.4\\out\\server\\src\\server.js:57:19112\n    at c:\\Users\\Nicolee\\.vscode\\extensions\\uqbar.wollok-lsp-ide-0.5.4\\out\\server\\src\\server.js:38:6131\n    at Crn (c:\\Users\\Nicolee\\.vscode\\extensions\\uqbar.wollok-lsp-ide-0.5.4\\out\\server\\src\\server.js:57:18626)\n    at c:\\Users\\Nicolee\\.vscode\\extensions\\uqbar.wollok-lsp-ide-0.5.4\\out\\server\\src\\server.js:57:19051","timestamp":"2026-06-01T19:18:16.634Z"}
{"level":"error","message":"✘ Error on handler Maximum call stack size exceeded","stack":"RangeError: Maximum call stack size exceeded\n    at Crn (c:\\Users\\Nicolee\\.vscode\\extensions\\uqbar.wollok-lsp-ide-0.5.4\\out\\server\\src\\server.js:57:18605)\n    at c:\\Users\\Nicolee\\.vscode\\extensions\\uqbar.wollok-lsp-ide-0.5.4\\out\\server\\src\\server.js:57:19484\n    at Array.some (<anonymous>)\n    at c:\\Users\\Nicolee\\.vscode\\extensions\\uqbar.wollok-lsp-ide-0.5.4\\out\\server\\src\\server.js:57:19461\n    at c:\\Users\\Nicolee\\.vscode\\extensions\\uqbar.wollok-lsp-ide-0.5.4\\out\\server\\src\\server.js:38:6131\n    at Crn (c:\\Users\\Nicolee\\.vscode\\extensions\\uqbar.wollok-lsp-ide-0.5.4\\out\\server\\src\\server.js:57:18626)\n    at c:\\Users\\Nicolee\\.vscode\\extensions\\uqbar.wollok-lsp-ide-0.5.4\\out\\server\\src\\server.js:57:19112\n    at c:\\Users\\Nicolee\\.vscode\\extensions\\uqbar.wollok-lsp-ide-0.5.4\\out\\server\\src\\server.js:38:6131\n    at Crn (c:\\Users\\Nicolee\\.vscode\\extensions\\uqbar.wollok-lsp-ide-0.5.4\\out\\server\\src\\server.js:57:18626)\n    at c:\\Users\\Nicolee\\.vscode\\extensions\\uqbar.wollok-lsp-ide-0.5.4\\out\\server\\src\\server.js:57:19051","timestamp":"2026-06-01T19:18:16.785Z"}
{"level":"error","message":"✘ Error on handler Maximum call stack size exceeded","stack":"RangeError: Maximum call stack size exceeded\n    at Crn (c:\\Users\\Nicolee\\.vscode\\extensions\\uqbar.wollok-lsp-ide-0.5.4\\out\\server\\src\\server.js:57:18605)\n    at c:\\Users\\Nicolee\\.vscode\\extensions\\uqbar.wollok-lsp-ide-0.5.4\\out\\server\\src\\server.js:57:19484\n    at Array.some (<anonymous>)\n    at c:\\Users\\Nicolee\\.vscode\\extensions\\uqbar.wollok-lsp-ide-0.5.4\\out\\server\\src\\server.js:57:19461\n    at c:\\Users\\Nicolee\\.vscode\\extensions\\uqbar.wollok-lsp-ide-0.5.4\\out\\server\\src\\server.js:38:6131\n    at Crn (c:\\Users\\Nicolee\\.vscode\\extensions\\uqbar.wollok-lsp-ide-0.5.4\\out\\server\\src\\server.js:57:18626)\n    at c:\\Users\\Nicolee\\.vscode\\extensions\\uqbar.wollok-lsp-ide-0.5.4\\out\\server\\src\\server.js:57:19112\n    at c:\\Users\\Nicolee\\.vscode\\extensions\\uqbar.wollok-lsp-ide-0.5.4\\out\\server\\src\\server.js:38:6131\n    at Crn (c:\\Users\\Nicolee\\.vscode\\extensions\\uqbar.wollok-lsp-ide-0.5.4\\out\\server\\src\\server.js:57:18626)\n    at c:\\Users\\Nicolee\\.vscode\\extensions\\uqbar.wollok-lsp-ide-0.5.4\\out\\server\\src\\server.js:57:19051","timestamp":"2026-06-01T19:18:18.451Z"}
{"level":"error","message":"✘ Error on handler Maximum call stack size exceeded","stack":"RangeError: Maximum call stack size exceeded\n    at Crn (c:\\Users\\Nicolee\\.vscode\\extensions\\uqbar.wollok-lsp-ide-0.5.4\\out\\server\\src\\server.js:57:18605)\n    at c:\\Users\\Nicolee\\.vscode\\extensions\\uqbar.wollok-lsp-ide-0.5.4\\out\\server\\src\\server.js:57:19484\n    at Array.some (<anonymous>)\n    at c:\\Users\\Nicolee\\.vscode\\extensions\\uqbar.wollok-lsp-ide-0.5.4\\out\\server\\src\\server.js:57:19461\n    at c:\\Users\\Nicolee\\.vscode\\extensions\\uqbar.wollok-lsp-ide-0.5.4\\out\\server\\src\\server.js:38:6131\n    at Crn (c:\\Users\\Nicolee\\.vscode\\extensions\\uqbar.wollok-lsp-ide-0.5.4\\out\\server\\src\\server.js:57:18626)\n    at c:\\Users\\Nicolee\\.vscode\\extensions\\uqbar.wollok-lsp-ide-0.5.4\\out\\server\\src\\server.js:57:19112\n    at c:\\Users\\Nicolee\\.vscode\\extensions\\uqbar.wollok-lsp-ide-0.5.4\\out\\server\\src\\server.js:38:6131\n    at Crn (c:\\Users\\Nicolee\\.vscode\\extensions\\uqbar.wollok-lsp-ide-0.5.4\\out\\server\\src\\server.js:57:18626)\n    at c:\\Users\\Nicolee\\.vscode\\extensions\\uqbar.wollok-lsp-ide-0.5.4\\out\\server\\src\\server.js:57:19051","timestamp":"2026-06-01T19:18:22.441Z"}
{"level":"error","message":"✘ Error on handler Maximum call stack size exceeded","stack":"RangeError: Maximum call stack size exceeded\n    at Crn (c:\\Users\\Nicolee\\.vscode\\extensions\\uqbar.wollok-lsp-ide-0.5.4\\out\\server\\src\\server.js:57:18605)\n    at c:\\Users\\Nicolee\\.vscode\\extensions\\uqbar.wollok-lsp-ide-0.5.4\\out\\server\\src\\server.js:57:19484\n    at Array.some (<anonymous>)\n    at c:\\Users\\Nicolee\\.vscode\\extensions\\uqbar.wollok-lsp-ide-0.5.4\\out\\server\\src\\server.js:57:19461\n    at c:\\Users\\Nicolee\\.vscode\\extensions\\uqbar.wollok-lsp-ide-0.5.4\\out\\server\\src\\server.js:38:6131\n    at Crn (c:\\Users\\Nicolee\\.vscode\\extensions\\uqbar.wollok-lsp-ide-0.5.4\\out\\server\\src\\server.js:57:18626)\n    at c:\\Users\\Nicolee\\.vscode\\extensions\\uqbar.wollok-lsp-ide-0.5.4\\out\\server\\src\\server.js:57:19112\n    at c:\\Users\\Nicolee\\.vscode\\extensions\\uqbar.wollok-lsp-ide-0.5.4\\out\\server\\src\\server.js:38:6131\n    at Crn (c:\\Users\\Nicolee\\.vscode\\extensions\\uqbar.wollok-lsp-ide-0.5.4\\out\\server\\src\\server.js:57:18626)\n    at c:\\Users\\Nicolee\\.vscode\\extensions\\uqbar.wollok-lsp-ide-0.5.4\\out\\server\\src\\server.js:57:19051","timestamp":"2026-06-01T19:18:30.746Z"}
{"level":"error","message":"✘ Error on handler Maximum call stack size exceeded","stack":"RangeError: Maximum call stack size exceeded\n    at Crn (c:\\Users\\Nicolee\\.vscode\\extensions\\uqbar.wollok-lsp-ide-0.5.4\\out\\server\\src\\server.js:57:18605)\n    at c:\\Users\\Nicolee\\.vscode\\extensions\\uqbar.wollok-lsp-ide-0.5.4\\out\\server\\src\\server.js:57:19484\n    at Array.some (<anonymous>)\n    at c:\\Users\\Nicolee\\.vscode\\extensions\\uqbar.wollok-lsp-ide-0.5.4\\out\\server\\src\\server.js:57:19461\n    at c:\\Users\\Nicolee\\.vscode\\extensions\\uqbar.wollok-lsp-ide-0.5.4\\out\\server\\src\\server.js:38:6131\n    at Crn (c:\\Users\\Nicolee\\.vscode\\extensions\\uqbar.wollok-lsp-ide-0.5.4\\out\\server\\src\\server.js:57:18626)\n    at c:\\Users\\Nicolee\\.vscode\\extensions\\uqbar.wollok-lsp-ide-0.5.4\\out\\server\\src\\server.js:57:19112\n    at c:\\Users\\Nicolee\\.vscode\\extensions\\uqbar.wollok-lsp-ide-0.5.4\\out\\server\\src\\server.js:38:6131\n    at Crn (c:\\Users\\Nicolee\\.vscode\\extensions\\uqbar.wollok-lsp-ide-0.5.4\\out\\server\\src\\server.js:57:18626)\n    at c:\\Users\\Nicolee\\.vscode\\extensions\\uqbar.wollok-lsp-ide-0.5.4\\out\\server\\src\\server.js:57:19051","timestamp":"2026-06-01T19:18:42.421Z"}
{"level":"error","message":"✘ Error on handler Maximum call stack size exceeded","stack":"RangeError: Maximum call stack size exceeded\n    at Crn (c:\\Users\\Nicolee\\.vscode\\extensions\\uqbar.wollok-lsp-ide-0.5.4\\out\\server\\src\\server.js:57:18605)\n    at c:\\Users\\Nicolee\\.vscode\\extensions\\uqbar.wollok-lsp-ide-0.5.4\\out\\server\\src\\server.js:57:19051\n    at c:\\Users\\Nicolee\\.vscode\\extensions\\uqbar.wollok-lsp-ide-0.5.4\\out\\server\\src\\server.js:38:6131\n    at Crn (c:\\Users\\Nicolee\\.vscode\\extensions\\uqbar.wollok-lsp-ide-0.5.4\\out\\server\\src\\server.js:57:18626)\n    at c:\\Users\\Nicolee\\.vscode\\extensions\\uqbar.wollok-lsp-ide-0.5.4\\out\\server\\src\\server.js:57:19208\n    at Array.some (<anonymous>)\n    at c:\\Users\\Nicolee\\.vscode\\extensions\\uqbar.wollok-lsp-ide-0.5.4\\out\\server\\src\\server.js:57:19185\n    at c:\\Users\\Nicolee\\.vscode\\extensions\\uqbar.wollok-lsp-ide-0.5.4\\out\\server\\src\\server.js:38:6131\n    at Crn (c:\\Users\\Nicolee\\.vscode\\extensions\\uqbar.wollok-lsp-ide-0.5.4\\out\\server\\src\\server.js:57:18626)\n    at c:\\Users\\Nicolee\\.vscode\\extensions\\uqbar.wollok-lsp-ide-0.5.4\\out\\server\\src\\server.js:57:19538","timestamp":"2026-06-01T19:18:45.918Z"}
{"level":"error","message":"✘ Error on handler Maximum call stack size exceeded","stack":"RangeError: Maximum call stack size exceeded\n    at Crn (c:\\Users\\Nicolee\\.vscode\\extensions\\uqbar.wollok-lsp-ide-0.5.4\\out\\server\\src\\server.js:57:18605)\n    at c:\\Users\\Nicolee\\.vscode\\extensions\\uqbar.wollok-lsp-ide-0.5.4\\out\\server\\src\\server.js:57:19538\n    at c:\\Users\\Nicolee\\.vscode\\extensions\\uqbar.wollok-lsp-ide-0.5.4\\out\\server\\src\\server.js:38:6131\n    at Crn (c:\\Users\\Nicolee\\.vscode\\extensions\\uqbar.wollok-lsp-ide-0.5.4\\out\\server\\src\\server.js:57:18626)\n    at c:\\Users\\Nicolee\\.vscode\\extensions\\uqbar.wollok-lsp-ide-0.5.4\\out\\server\\src\\server.js:57:19484\n    at Array.some (<anonymous>)\n    at c:\\Users\\Nicolee\\.vscode\\extensions\\uqbar.wollok-lsp-ide-0.5.4\\out\\server\\src\\server.js:57:19461\n    at c:\\Users\\Nicolee\\.vscode\\extensions\\uqbar.wollok-lsp-ide-0.5.4\\out\\server\\src\\server.js:38:6131\n    at Crn (c:\\Users\\Nicolee\\.vscode\\extensions\\uqbar.wollok-lsp-ide-0.5.4\\out\\server\\src\\server.js:57:18626)\n    at c:\\Users\\Nicolee\\.vscode\\extensions\\uqbar.wollok-lsp-ide-0.5.4\\out\\server\\src\\server.js:57:19112","timestamp":"2026-06-01T19:18:46.333Z"}
{"level":"error","message":"✘ Error on handler Maximum call stack size exceeded","stack":"RangeError: Maximum call stack size exceeded\n    at Crn (c:\\Users\\Nicolee\\.vscode\\extensions\\uqbar.wollok-lsp-ide-0.5.4\\out\\server\\src\\server.js:57:18605)\n    at c:\\Users\\Nicolee\\.vscode\\extensions\\uqbar.wollok-lsp-ide-0.5.4\\out\\server\\src\\server.js:57:19538\n    at c:\\Users\\Nicolee\\.vscode\\extensions\\uqbar.wollok-lsp-ide-0.5.4\\out\\server\\src\\server.js:38:6131\n    at Crn (c:\\Users\\Nicolee\\.vscode\\extensions\\uqbar.wollok-lsp-ide-0.5.4\\out\\server\\src\\server.js:57:18626)\n    at c:\\Users\\Nicolee\\.vscode\\extensions\\uqbar.wollok-lsp-ide-0.5.4\\out\\server\\src\\server.js:57:19484\n    at Array.some (<anonymous>)\n    at c:\\Users\\Nicolee\\.vscode\\extensions\\uqbar.wollok-lsp-ide-0.5.4\\out\\server\\src\\server.js:57:19461\n    at c:\\Users\\Nicolee\\.vscode\\extensions\\uqbar.wollok-lsp-ide-0.5.4\\out\\server\\src\\server.js:38:6131\n    at Crn (c:\\Users\\Nicolee\\.vscode\\extensions\\uqbar.wollok-lsp-ide-0.5.4\\out\\server\\src\\server.js:57:18626)\n    at c:\\Users\\Nicolee\\.vscode\\extensions\\uqbar.wollok-lsp-ide-0.5.4\\out\\server\\src\\server.js:57:19112","timestamp":"2026-06-01T19:18:47.488Z"}
{"level":"error","message":"✘ Error on handler Maximum call stack size exceeded","stack":"RangeError: Maximum call stack size exceeded\n    at Crn (c:\\Users\\Nicolee\\.vscode\\extensions\\uqbar.wollok-lsp-ide-0.5.4\\out\\server\\src\\server.js:57:18605)\n    at c:\\Users\\Nicolee\\.vscode\\extensions\\uqbar.wollok-lsp-ide-0.5.4\\out\\server\\src\\server.js:57:19538\n    at c:\\Users\\Nicolee\\.vscode\\extensions\\uqbar.wollok-lsp-ide-0.5.4\\out\\server\\src\\server.js:38:6131\n    at Crn (c:\\Users\\Nicolee\\.vscode\\extensions\\uqbar.wollok-lsp-ide-0.5.4\\out\\server\\src\\server.js:57:18626)\n    at c:\\Users\\Nicolee\\.vscode\\extensions\\uqbar.wollok-lsp-ide-0.5.4\\out\\server\\src\\server.js:57:19484\n    at Array.some (<anonymous>)\n    at c:\\Users\\Nicolee\\.vscode\\extensions\\uqbar.wollok-lsp-ide-0.5.4\\out\\server\\src\\server.js:57:19461\n    at c:\\Users\\Nicolee\\.vscode\\extensions\\uqbar.wollok-lsp-ide-0.5.4\\out\\server\\src\\server.js:38:6131\n    at Crn (c:\\Users\\Nicolee\\.vscode\\extensions\\uqbar.wollok-lsp-ide-0.5.4\\out\\server\\src\\server.js:57:18626)\n    at c:\\Users\\Nicolee\\.vscode\\extensions\\uqbar.wollok-lsp-ide-0.5.4\\out\\server\\src\\server.js:57:19112","timestamp":"2026-06-01T19:18:49.513Z"}
{"level":"error","message":"✘ Error on handler Maximum call stack size exceeded","stack":"RangeError: Maximum call stack size exceeded\n    at Crn (c:\\Users\\Nicolee\\.vscode\\extensions\\uqbar.wollok-lsp-ide-0.5.4\\out\\server\\src\\server.js:57:18605)\n    at c:\\Users\\Nicolee\\.vscode\\extensions\\uqbar.wollok-lsp-ide-0.5.4\\out\\server\\src\\server.js:57:19538\n    at c:\\Users\\Nicolee\\.vscode\\extensions\\uqbar.wollok-lsp-ide-0.5.4\\out\\server\\src\\server.js:38:6131\n    at Crn (c:\\Users\\Nicolee\\.vscode\\extensions\\uqbar.wollok-lsp-ide-0.5.4\\out\\server\\src\\server.js:57:18626)\n    at c:\\Users\\Nicolee\\.vscode\\extensions\\uqbar.wollok-lsp-ide-0.5.4\\out\\server\\src\\server.js:57:19484\n    at Array.some (<anonymous>)\n    at c:\\Users\\Nicolee\\.vscode\\extensions\\uqbar.wollok-lsp-ide-0.5.4\\out\\server\\src\\server.js:57:19461\n    at c:\\Users\\Nicolee\\.vscode\\extensions\\uqbar.wollok-lsp-ide-0.5.4\\out\\server\\src\\server.js:38:6131\n    at Crn (c:\\Users\\Nicolee\\.vscode\\extensions\\uqbar.wollok-lsp-ide-0.5.4\\out\\server\\src\\server.js:57:18626)\n    at c:\\Users\\Nicolee\\.vscode\\extensions\\uqbar.wollok-lsp-ide-0.5.4\\out\\server\\src\\server.js:57:19112","timestamp":"2026-06-01T19:18:50.920Z"}
{"level":"error","message":"✘ Error on handler Maximum call stack size exceeded","stack":"RangeError: Maximum call stack size exceeded\n    at Crn (c:\\Users\\Nicolee\\.vscode\\extensions\\uqbar.wollok-lsp-ide-0.5.4\\out\\server\\src\\server.js:57:18605)\n    at c:\\Users\\Nicolee\\.vscode\\extensions\\uqbar.wollok-lsp-ide-0.5.4\\out\\server\\src\\server.js:57:19538\n    at c:\\Users\\Nicolee\\.vscode\\extensions\\uqbar.wollok-lsp-ide-0.5.4\\out\\server\\src\\server.js:38:6131\n    at Crn (c:\\Users\\Nicolee\\.vscode\\extensions\\uqbar.wollok-lsp-ide-0.5.4\\out\\server\\src\\server.js:57:18626)\n    at c:\\Users\\Nicolee\\.vscode\\extensions\\uqbar.wollok-lsp-ide-0.5.4\\out\\server\\src\\server.js:57:19484\n    at Array.some (<anonymous>)\n    at c:\\Users\\Nicolee\\.vscode\\extensions\\uqbar.wollok-lsp-ide-0.5.4\\out\\server\\src\\server.js:57:19461\n    at c:\\Users\\Nicolee\\.vscode\\extensions\\uqbar.wollok-lsp-ide-0.5.4\\out\\server\\src\\server.js:38:6131\n    at Crn (c:\\Users\\Nicolee\\.vscode\\extensions\\uqbar.wollok-lsp-ide-0.5.4\\out\\server\\src\\server.js:57:18626)\n    at c:\\Users\\Nicolee\\.vscode\\extensions\\uqbar.wollok-lsp-ide-0.5.4\\out\\server\\src\\server.js:57:19112","timestamp":"2026-06-01T19:19:36.120Z"}
{"level":"error","message":"✘ Error on handler Maximum call stack size exceeded","stack":"RangeError: Maximum call stack size exceeded\n    at Crn (c:\\Users\\Nicolee\\.vscode\\extensions\\uqbar.wollok-lsp-ide-0.5.4\\out\\server\\src\\server.js:57:18605)\n    at c:\\Users\\Nicolee\\.vscode\\extensions\\uqbar.wollok-lsp-ide-0.5.4\\out\\server\\src\\server.js:57:19538\n    at c:\\Users\\Nicolee\\.vscode\\extensions\\uqbar.wollok-lsp-ide-0.5.4\\out\\server\\src\\server.js:38:6131\n    at Crn (c:\\Users\\Nicolee\\.vscode\\extensions\\uqbar.wollok-lsp-ide-0.5.4\\out\\server\\src\\server.js:57:18626)\n    at c:\\Users\\Nicolee\\.vscode\\extensions\\uqbar.wollok-lsp-ide-0.5.4\\out\\server\\src\\server.js:57:19484\n    at Array.some (<anonymous>)\n    at c:\\Users\\Nicolee\\.vscode\\extensions\\uqbar.wollok-lsp-ide-0.5.4\\out\\server\\src\\server.js:57:19461\n    at c:\\Users\\Nicolee\\.vscode\\extensions\\uqbar.wollok-lsp-ide-0.5.4\\out\\server\\src\\server.js:38:6131\n    at Crn (c:\\Users\\Nicolee\\.vscode\\extensions\\uqbar.wollok-lsp-ide-0.5.4\\out\\server\\src\\server.js:57:18626)\n    at c:\\Users\\Nicolee\\.vscode\\extensions\\uqbar.wollok-lsp-ide-0.5.4\\out\\server\\src\\server.js:57:19112","timestamp":"2026-06-01T19:19:45.601Z"}
{"level":"error","message":"✘ Error on handler Maximum call stack size exceeded","stack":"RangeError: Maximum call stack size exceeded\n    at Crn (c:\\Users\\Nicolee\\.vscode\\extensions\\uqbar.wollok-lsp-ide-0.5.4\\out\\server\\src\\server.js:57:18605)\n    at c:\\Users\\Nicolee\\.vscode\\extensions\\uqbar.wollok-lsp-ide-0.5.4\\out\\server\\src\\server.js:57:19538\n    at c:\\Users\\Nicolee\\.vscode\\extensions\\uqbar.wollok-lsp-ide-0.5.4\\out\\server\\src\\server.js:38:6131\n    at Crn (c:\\Users\\Nicolee\\.vscode\\extensions\\uqbar.wollok-lsp-ide-0.5.4\\out\\server\\src\\server.js:57:18626)\n    at c:\\Users\\Nicolee\\.vscode\\extensions\\uqbar.wollok-lsp-ide-0.5.4\\out\\server\\src\\server.js:57:19484\n    at Array.some (<anonymous>)\n    at c:\\Users\\Nicolee\\.vscode\\extensions\\uqbar.wollok-lsp-ide-0.5.4\\out\\server\\src\\server.js:57:19461\n    at c:\\Users\\Nicolee\\.vscode\\extensions\\uqbar.wollok-lsp-ide-0.5.4\\out\\server\\src\\server.js:38:6131\n    at Crn (c:\\Users\\Nicolee\\.vscode\\extensions\\uqbar.wollok-lsp-ide-0.5.4\\out\\server\\src\\server.js:57:18626)\n    at c:\\Users\\Nicolee\\.vscode\\extensions\\uqbar.wollok-lsp-ide-0.5.4\\out\\server\\src\\server.js:57:19112","timestamp":"2026-06-01T19:19:47.259Z"}
{"level":"error","message":"✘ Error on handler Maximum call stack size exceeded","stack":"RangeError: Maximum call stack size exceeded\n    at Crn (c:\\Users\\Nicolee\\.vscode\\extensions\\uqbar.wollok-lsp-ide-0.5.4\\out\\server\\src\\server.js:57:18605)\n    at c:\\Users\\Nicolee\\.vscode\\extensions\\uqbar.wollok-lsp-ide-0.5.4\\out\\server\\src\\server.js:57:19538\n    at c:\\Users\\Nicolee\\.vscode\\extensions\\uqbar.wollok-lsp-ide-0.5.4\\out\\server\\src\\server.js:38:6131\n    at Crn (c:\\Users\\Nicolee\\.vscode\\extensions\\uqbar.wollok-lsp-ide-0.5.4\\out\\server\\src\\server.js:57:18626)\n    at c:\\Users\\Nicolee\\.vscode\\extensions\\uqbar.wollok-lsp-ide-0.5.4\\out\\server\\src\\server.js:57:19484\n    at Array.some (<anonymous>)\n    at c:\\Users\\Nicolee\\.vscode\\extensions\\uqbar.wollok-lsp-ide-0.5.4\\out\\server\\src\\server.js:57:19461\n    at c:\\Users\\Nicolee\\.vscode\\extensions\\uqbar.wollok-lsp-ide-0.5.4\\out\\server\\src\\server.js:38:6131\n    at Crn (c:\\Users\\Nicolee\\.vscode\\extensions\\uqbar.wollok-lsp-ide-0.5.4\\out\\server\\src\\server.js:57:18626)\n    at c:\\Users\\Nicolee\\.vscode\\extensions\\uqbar.wollok-lsp-ide-0.5.4\\out\\server\\src\\server.js:57:19112","timestamp":"2026-06-01T19:19:48.479Z"}
{"level":"error","message":"✘ Error on handler Maximum call stack size exceeded","stack":"RangeError: Maximum call stack size exceeded\n    at Crn (c:\\Users\\Nicolee\\.vscode\\extensions\\uqbar.wollok-lsp-ide-0.5.4\\out\\server\\src\\server.js:57:18605)\n    at c:\\Users\\Nicolee\\.vscode\\extensions\\uqbar.wollok-lsp-ide-0.5.4\\out\\server\\src\\server.js:57:19538\n    at c:\\Users\\Nicolee\\.vscode\\extensions\\uqbar.wollok-lsp-ide-0.5.4\\out\\server\\src\\server.js:38:6131\n    at Crn (c:\\Users\\Nicolee\\.vscode\\extensions\\uqbar.wollok-lsp-ide-0.5.4\\out\\server\\src\\server.js:57:18626)\n    at c:\\Users\\Nicolee\\.vscode\\extensions\\uqbar.wollok-lsp-ide-0.5.4\\out\\server\\src\\server.js:57:19484\n    at Array.some (<anonymous>)\n    at c:\\Users\\Nicolee\\.vscode\\extensions\\uqbar.wollok-lsp-ide-0.5.4\\out\\server\\src\\server.js:57:19461\n    at c:\\Users\\Nicolee\\.vscode\\extensions\\uqbar.wollok-lsp-ide-0.5.4\\out\\server\\src\\server.js:38:6131\n    at Crn (c:\\Users\\Nicolee\\.vscode\\extensions\\uqbar.wollok-lsp-ide-0.5.4\\out\\server\\src\\server.js:57:18626)\n    at c:\\Users\\Nicolee\\.vscode\\extensions\\uqbar.wollok-lsp-ide-0.5.4\\out\\server\\src\\server.js:57:19112","timestamp":"2026-06-01T19:19:48.818Z"}
{"level":"error","message":"✘ Error on handler Maximum call stack size exceeded","stack":"RangeError: Maximum call stack size exceeded\n    at Crn (c:\\Users\\Nicolee\\.vscode\\extensions\\uqbar.wollok-lsp-ide-0.5.4\\out\\server\\src\\server.js:57:18605)\n    at c:\\Users\\Nicolee\\.vscode\\extensions\\uqbar.wollok-lsp-ide-0.5.4\\out\\server\\src\\server.js:57:19538\n    at c:\\Users\\Nicolee\\.vscode\\extensions\\uqbar.wollok-lsp-ide-0.5.4\\out\\server\\src\\server.js:38:6131\n    at Crn (c:\\Users\\Nicolee\\.vscode\\extensions\\uqbar.wollok-lsp-ide-0.5.4\\out\\server\\src\\server.js:57:18626)\n    at c:\\Users\\Nicolee\\.vscode\\extensions\\uqbar.wollok-lsp-ide-0.5.4\\out\\server\\src\\server.js:57:19484\n    at Array.some (<anonymous>)\n    at c:\\Users\\Nicolee\\.vscode\\extensions\\uqbar.wollok-lsp-ide-0.5.4\\out\\server\\src\\server.js:57:19461\n    at c:\\Users\\Nicolee\\.vscode\\extensions\\uqbar.wollok-lsp-ide-0.5.4\\out\\server\\src\\server.js:38:6131\n    at Crn (c:\\Users\\Nicolee\\.vscode\\extensions\\uqbar.wollok-lsp-ide-0.5.4\\out\\server\\src\\server.js:57:18626)\n    at c:\\Users\\Nicolee\\.vscode\\extensions\\uqbar.wollok-lsp-ide-0.5.4\\out\\server\\src\\server.js:57:19112","timestamp":"2026-06-01T19:19:49.304Z"}
{"level":"error","message":"✘ Error on handler Maximum call stack size exceeded","stack":"RangeError: Maximum call stack size exceeded\n    at Crn (c:\\Users\\Nicolee\\.vscode\\extensions\\uqbar.wollok-lsp-ide-0.5.4\\out\\server\\src\\server.js:57:18605)\n    at c:\\Users\\Nicolee\\.vscode\\extensions\\uqbar.wollok-lsp-ide-0.5.4\\out\\server\\src\\server.js:57:19538\n    at c:\\Users\\Nicolee\\.vscode\\extensions\\uqbar.wollok-lsp-ide-0.5.4\\out\\server\\src\\server.js:38:6131\n    at Crn (c:\\Users\\Nicolee\\.vscode\\extensions\\uqbar.wollok-lsp-ide-0.5.4\\out\\server\\src\\server.js:57:18626)\n    at c:\\Users\\Nicolee\\.vscode\\extensions\\uqbar.wollok-lsp-ide-0.5.4\\out\\server\\src\\server.js:57:19484\n    at Array.some (<anonymous>)\n    at c:\\Users\\Nicolee\\.vscode\\extensions\\uqbar.wollok-lsp-ide-0.5.4\\out\\server\\src\\server.js:57:19461\n    at c:\\Users\\Nicolee\\.vscode\\extensions\\uqbar.wollok-lsp-ide-0.5.4\\out\\server\\src\\server.js:38:6131\n    at Crn (c:\\Users\\Nicolee\\.vscode\\extensions\\uqbar.wollok-lsp-ide-0.5.4\\out\\server\\src\\server.js:57:18626)\n    at c:\\Users\\Nicolee\\.vscode\\extensions\\uqbar.wollok-lsp-ide-0.5.4\\out\\server\\src\\server.js:57:19112","timestamp":"2026-06-01T19:19:52.475Z"}
{"level":"error","message":"✘ Error on handler Maximum call stack size exceeded","stack":"RangeError: Maximum call stack size exceeded\n    at Crn (c:\\Users\\Nicolee\\.vscode\\extensions\\uqbar.wollok-lsp-ide-0.5.4\\out\\server\\src\\server.js:57:18605)\n    at c:\\Users\\Nicolee\\.vscode\\extensions\\uqbar.wollok-lsp-ide-0.5.4\\out\\server\\src\\server.js:57:19538\n    at c:\\Users\\Nicolee\\.vscode\\extensions\\uqbar.wollok-lsp-ide-0.5.4\\out\\server\\src\\server.js:38:6131\n    at Crn (c:\\Users\\Nicolee\\.vscode\\extensions\\uqbar.wollok-lsp-ide-0.5.4\\out\\server\\src\\server.js:57:18626)\n    at c:\\Users\\Nicolee\\.vscode\\extensions\\uqbar.wollok-lsp-ide-0.5.4\\out\\server\\src\\server.js:57:19484\n    at Array.some (<anonymous>)\n    at c:\\Users\\Nicolee\\.vscode\\extensions\\uqbar.wollok-lsp-ide-0.5.4\\out\\server\\src\\server.js:57:19461\n    at c:\\Users\\Nicolee\\.vscode\\extensions\\uqbar.wollok-lsp-ide-0.5.4\\out\\server\\src\\server.js:38:6131\n    at Crn (c:\\Users\\Nicolee\\.vscode\\extensions\\uqbar.wollok-lsp-ide-0.5.4\\out\\server\\src\\server.js:57:18626)\n    at c:\\Users\\Nicolee\\.vscode\\extensions\\uqbar.wollok-lsp-ide-0.5.4\\out\\server\\src\\server.js:57:19112","timestamp":"2026-06-01T19:21:08.010Z"}
{"level":"error","message":"✘ Error on handler Maximum call stack size exceeded","stack":"RangeError: Maximum call stack size exceeded\n    at Crn (c:\\Users\\Nicolee\\.vscode\\extensions\\uqbar.wollok-lsp-ide-0.5.4\\out\\server\\src\\server.js:57:18605)\n    at c:\\Users\\Nicolee\\.vscode\\extensions\\uqbar.wollok-lsp-ide-0.5.4\\out\\server\\src\\server.js:57:19484\n    at Array.some (<anonymous>)\n    at c:\\Users\\Nicolee\\.vscode\\extensions\\uqbar.wollok-lsp-ide-0.5.4\\out\\server\\src\\server.js:57:19461\n    at c:\\Users\\Nicolee\\.vscode\\extensions\\uqbar.wollok-lsp-ide-0.5.4\\out\\server\\src\\server.js:38:6131\n    at Crn (c:\\Users\\Nicolee\\.vscode\\extensions\\uqbar.wollok-lsp-ide-0.5.4\\out\\server\\src\\server.js:57:18626)\n    at c:\\Users\\Nicolee\\.vscode\\extensions\\uqbar.wollok-lsp-ide-0.5.4\\out\\server\\src\\server.js:57:19112\n    at c:\\Users\\Nicolee\\.vscode\\extensions\\uqbar.wollok-lsp-ide-0.5.4\\out\\server\\src\\server.js:38:6131\n    at Crn (c:\\Users\\Nicolee\\.vscode\\extensions\\uqbar.wollok-lsp-ide-0.5.4\\out\\server\\src\\server.js:57:18626)\n    at c:\\Users\\Nicolee\\.vscode\\extensions\\uqbar.wollok-lsp-ide-0.5.4\\out\\server\\src\\server.js:57:19051","timestamp":"2026-06-01T19:21:08.102Z"}
{"level":"error","message":"✘ Error on handler Maximum call stack size exceeded","stack":"RangeError: Maximum call stack size exceeded\n    at Crn (c:\\Users\\Nicolee\\.vscode\\extensions\\uqbar.wollok-lsp-ide-0.5.4\\out\\server\\src\\server.js:57:18605)\n    at c:\\Users\\Nicolee\\.vscode\\extensions\\uqbar.wollok-lsp-ide-0.5.4\\out\\server\\src\\server.js:57:19208\n    at Array.some (<anonymous>)\n    at c:\\Users\\Nicolee\\.vscode\\extensions\\uqbar.wollok-lsp-ide-0.5.4\\out\\server\\src\\server.js:57:19185\n    at c:\\Users\\Nicolee\\.vscode\\extensions\\uqbar.wollok-lsp-ide-0.5.4\\out\\server\\src\\server.js:38:6131\n    at Crn (c:\\Users\\Nicolee\\.vscode\\extensions\\uqbar.wollok-lsp-ide-0.5.4\\out\\server\\src\\server.js:57:18626)\n    at c:\\Users\\Nicolee\\.vscode\\extensions\\uqbar.wollok-lsp-ide-0.5.4\\out\\server\\src\\server.js:57:19538\n    at c:\\Users\\Nicolee\\.vscode\\extensions\\uqbar.wollok-lsp-ide-0.5.4\\out\\server\\src\\server.js:38:6131\n    at Crn (c:\\Users\\Nicolee\\.vscode\\extensions\\uqbar.wollok-lsp-ide-0.5.4\\out\\server\\src\\server.js:57:18626)\n    at c:\\Users\\Nicolee\\.vscode\\extensions\\uqbar.wollok-lsp-ide-0.5.4\\out\\server\\src\\server.js:57:19484","timestamp":"2026-06-01T19:21:08.259Z"}
{"level":"error","message":"✘ Error on handler Maximum call stack size exceeded","stack":"RangeError: Maximum call stack size exceeded\n    at Crn (c:\\Users\\Nicolee\\.vscode\\extensions\\uqbar.wollok-lsp-ide-0.5.4\\out\\server\\src\\server.js:57:18605)\n    at c:\\Users\\Nicolee\\.vscode\\extensions\\uqbar.wollok-lsp-ide-0.5.4\\out\\server\\src\\server.js:57:19484\n    at Array.some (<anonymous>)\n    at c:\\Users\\Nicolee\\.vscode\\extensions\\uqbar.wollok-lsp-ide-0.5.4\\out\\server\\src\\server.js:57:19461\n    at c:\\Users\\Nicolee\\.vscode\\extensions\\uqbar.wollok-lsp-ide-0.5.4\\out\\server\\src\\server.js:38:6131\n    at Crn (c:\\Users\\Nicolee\\.vscode\\extensions\\uqbar.wollok-lsp-ide-0.5.4\\out\\server\\src\\server.js:57:18626)\n    at c:\\Users\\Nicolee\\.vscode\\extensions\\uqbar.wollok-lsp-ide-0.5.4\\out\\server\\src\\server.js:57:19112\n    at c:\\Users\\Nicolee\\.vscode\\extensions\\uqbar.wollok-lsp-ide-0.5.4\\out\\server\\src\\server.js:38:6131\n    at Crn (c:\\Users\\Nicolee\\.vscode\\extensions\\uqbar.wollok-lsp-ide-0.5.4\\out\\server\\src\\server.js:57:18626)\n    at c:\\Users\\Nicolee\\.vscode\\extensions\\uqbar.wollok-lsp-ide-0.5.4\\out\\server\\src\\server.js:57:19051","timestamp":"2026-06-01T19:21:09.498Z"}
{"level":"error","message":"✘ Error on handler Maximum call stack size exceeded","stack":"RangeError: Maximum call stack size exceeded\n    at Crn (c:\\Users\\Nicolee\\.vscode\\extensions\\uqbar.wollok-lsp-ide-0.5.4\\out\\server\\src\\server.js:57:18605)\n    at c:\\Users\\Nicolee\\.vscode\\extensions\\uqbar.wollok-lsp-ide-0.5.4\\out\\server\\src\\server.js:57:19051\n    at c:\\Users\\Nicolee\\.vscode\\extensions\\uqbar.wollok-lsp-ide-0.5.4\\out\\server\\src\\server.js:38:6131\n    at Crn (c:\\Users\\Nicolee\\.vscode\\extensions\\uqbar.wollok-lsp-ide-0.5.4\\out\\server\\src\\server.js:57:18626)\n    at c:\\Users\\Nicolee\\.vscode\\extensions\\uqbar.wollok-lsp-ide-0.5.4\\out\\server\\src\\server.js:57:19208\n    at Array.some (<anonymous>)\n    at c:\\Users\\Nicolee\\.vscode\\extensions\\uqbar.wollok-lsp-ide-0.5.4\\out\\server\\src\\server.js:57:19185\n    at c:\\Users\\Nicolee\\.vscode\\extensions\\uqbar.wollok-lsp-ide-0.5.4\\out\\server\\src\\server.js:38:6131\n    at Crn (c:\\Users\\Nicolee\\.vscode\\extensions\\uqbar.wollok-lsp-ide-0.5.4\\out\\server\\src\\server.js:57:18626)\n    at c:\\Users\\Nicolee\\.vscode\\extensions\\uqbar.wollok-lsp-ide-0.5.4\\out\\server\\src\\server.js:57:19538","timestamp":"2026-06-01T19:21:09.805Z"}
{"level":"error","message":"✘ Error on handler Maximum call stack size exceeded","stack":"RangeError: Maximum call stack size exceeded\n    at Crn (c:\\Users\\Nicolee\\.vscode\\extensions\\uqbar.wollok-lsp-ide-0.5.4\\out\\server\\src\\server.js:57:18605)\n    at c:\\Users\\Nicolee\\.vscode\\extensions\\uqbar.wollok-lsp-ide-0.5.4\\out\\server\\src\\server.js:57:19208\n    at Array.some (<anonymous>)\n    at c:\\Users\\Nicolee\\.vscode\\extensions\\uqbar.wollok-lsp-ide-0.5.4\\out\\server\\src\\server.js:57:19185\n    at c:\\Users\\Nicolee\\.vscode\\extensions\\uqbar.wollok-lsp-ide-0.5.4\\out\\server\\src\\server.js:38:6131\n    at Crn (c:\\Users\\Nicolee\\.vscode\\extensions\\uqbar.wollok-lsp-ide-0.5.4\\out\\server\\src\\server.js:57:18626)\n    at c:\\Users\\Nicolee\\.vscode\\extensions\\uqbar.wollok-lsp-ide-0.5.4\\out\\server\\src\\server.js:57:19538\n    at c:\\Users\\Nicolee\\.vscode\\extensions\\uqbar.wollok-lsp-ide-0.5.4\\out\\server\\src\\server.js:38:6131\n    at Crn (c:\\Users\\Nicolee\\.vscode\\extensions\\uqbar.wollok-lsp-ide-0.5.4\\out\\server\\src\\server.js:57:18626)\n    at c:\\Users\\Nicolee\\.vscode\\extensions\\uqbar.wollok-lsp-ide-0.5.4\\out\\server\\src\\server.js:57:19484","timestamp":"2026-06-01T19:21:10.550Z"}
{"level":"error","message":"✘ Error on handler Maximum call stack size exceeded","stack":"RangeError: Maximum call stack size exceeded\n    at Crn (c:\\Users\\Nicolee\\.vscode\\extensions\\uqbar.wollok-lsp-ide-0.5.4\\out\\server\\src\\server.js:57:18605)\n    at c:\\Users\\Nicolee\\.vscode\\extensions\\uqbar.wollok-lsp-ide-0.5.4\\out\\server\\src\\server.js:57:19112\n    at c:\\Users\\Nicolee\\.vscode\\extensions\\uqbar.wollok-lsp-ide-0.5.4\\out\\server\\src\\server.js:38:6131\n    at Crn (c:\\Users\\Nicolee\\.vscode\\extensions\\uqbar.wollok-lsp-ide-0.5.4\\out\\server\\src\\server.js:57:18626)\n    at c:\\Users\\Nicolee\\.vscode\\extensions\\uqbar.wollok-lsp-ide-0.5.4\\out\\server\\src\\server.js:57:19051\n    at c:\\Users\\Nicolee\\.vscode\\extensions\\uqbar.wollok-lsp-ide-0.5.4\\out\\server\\src\\server.js:38:6131\n    at Crn (c:\\Users\\Nicolee\\.vscode\\extensions\\uqbar.wollok-lsp-ide-0.5.4\\out\\server\\src\\server.js:57:18626)\n    at c:\\Users\\Nicolee\\.vscode\\extensions\\uqbar.wollok-lsp-ide-0.5.4\\out\\server\\src\\server.js:57:19208\n    at Array.some (<anonymous>)\n    at c:\\Users\\Nicolee\\.vscode\\extensions\\uqbar.wollok-lsp-ide-0.5.4\\out\\server\\src\\server.js:57:19185","timestamp":"2026-06-01T19:21:33.836Z"}
{"level":"error","message":"✘ Error on handler Maximum call stack size exceeded","stack":"RangeError: Maximum call stack size exceeded\n    at Crn (c:\\Users\\Nicolee\\.vscode\\extensions\\uqbar.wollok-lsp-ide-0.5.4\\out\\server\\src\\server.js:57:18605)\n    at c:\\Users\\Nicolee\\.vscode\\extensions\\uqbar.wollok-lsp-ide-0.5.4\\out\\server\\src\\server.js:57:19112\n    at c:\\Users\\Nicolee\\.vscode\\extensions\\uqbar.wollok-lsp-ide-0.5.4\\out\\server\\src\\server.js:38:6131\n    at Crn (c:\\Users\\Nicolee\\.vscode\\extensions\\uqbar.wollok-lsp-ide-0.5.4\\out\\server\\src\\server.js:57:18626)\n    at c:\\Users\\Nicolee\\.vscode\\extensions\\uqbar.wollok-lsp-ide-0.5.4\\out\\server\\src\\server.js:57:19051\n    at c:\\Users\\Nicolee\\.vscode\\extensions\\uqbar.wollok-lsp-ide-0.5.4\\out\\server\\src\\server.js:38:6131\n    at Crn (c:\\Users\\Nicolee\\.vscode\\extensions\\uqbar.wollok-lsp-ide-0.5.4\\out\\server\\src\\server.js:57:18626)\n    at c:\\Users\\Nicolee\\.vscode\\extensions\\uqbar.wollok-lsp-ide-0.5.4\\out\\server\\src\\server.js:57:19208\n    at Array.some (<anonymous>)\n    at c:\\Users\\Nicolee\\.vscode\\extensions\\uqbar.wollok-lsp-ide-0.5.4\\out\\server\\src\\server.js:57:19185","timestamp":"2026-06-01T19:21:33.994Z"}
{"level":"error","message":"✘ Error on handler Maximum call stack size exceeded","stack":"RangeError: Maximum call stack size exceeded\n    at Crn (c:\\Users\\Nicolee\\.vscode\\extensions\\uqbar.wollok-lsp-ide-0.5.4\\out\\server\\src\\server.js:57:18605)\n    at c:\\Users\\Nicolee\\.vscode\\extensions\\uqbar.wollok-lsp-ide-0.5.4\\out\\server\\src\\server.js:57:19484\n    at Array.some (<anonymous>)\n    at c:\\Users\\Nicolee\\.vscode\\extensions\\uqbar.wollok-lsp-ide-0.5.4\\out\\server\\src\\server.js:57:19461\n    at c:\\Users\\Nicolee\\.vscode\\extensions\\uqbar.wollok-lsp-ide-0.5.4\\out\\server\\src\\server.js:38:6131\n    at Crn (c:\\Users\\Nicolee\\.vscode\\extensions\\uqbar.wollok-lsp-ide-0.5.4\\out\\server\\src\\server.js:57:18626)\n    at c:\\Users\\Nicolee\\.vscode\\extensions\\uqbar.wollok-lsp-ide-0.5.4\\out\\server\\src\\server.js:57:19112\n    at c:\\Users\\Nicolee\\.vscode\\extensions\\uqbar.wollok-lsp-ide-0.5.4\\out\\server\\src\\server.js:38:6131\n    at Crn (c:\\Users\\Nicolee\\.vscode\\extensions\\uqbar.wollok-lsp-ide-0.5.4\\out\\server\\src\\server.js:57:18626)\n    at c:\\Users\\Nicolee\\.vscode\\extensions\\uqbar.wollok-lsp-ide-0.5.4\\out\\server\\src\\server.js:57:19051","timestamp":"2026-06-01T19:21:42.969Z"}
{"level":"error","message":"✘ Error on handler Maximum call stack size exceeded","stack":"RangeError: Maximum call stack size exceeded\n    at Crn (c:\\Users\\Nicolee\\.vscode\\extensions\\uqbar.wollok-lsp-ide-0.5.4\\out\\server\\src\\server.js:57:18605)\n    at c:\\Users\\Nicolee\\.vscode\\extensions\\uqbar.wollok-lsp-ide-0.5.4\\out\\server\\src\\server.js:57:19112\n    at c:\\Users\\Nicolee\\.vscode\\extensions\\uqbar.wollok-lsp-ide-0.5.4\\out\\server\\src\\server.js:38:6131\n    at Crn (c:\\Users\\Nicolee\\.vscode\\extensions\\uqbar.wollok-lsp-ide-0.5.4\\out\\server\\src\\server.js:57:18626)\n    at c:\\Users\\Nicolee\\.vscode\\extensions\\uqbar.wollok-lsp-ide-0.5.4\\out\\server\\src\\server.js:57:19051\n    at c:\\Users\\Nicolee\\.vscode\\extensions\\uqbar.wollok-lsp-ide-0.5.4\\out\\server\\src\\server.js:38:6131\n    at Crn (c:\\Users\\Nicolee\\.vscode\\extensions\\uqbar.wollok-lsp-ide-0.5.4\\out\\server\\src\\server.js:57:18626)\n    at c:\\Users\\Nicolee\\.vscode\\extensions\\uqbar.wollok-lsp-ide-0.5.4\\out\\server\\src\\server.js:57:19208\n    at Array.some (<anonymous>)\n    at c:\\Users\\Nicolee\\.vscode\\extensions\\uqbar.wollok-lsp-ide-0.5.4\\out\\server\\src\\server.js:57:19185","timestamp":"2026-06-01T19:21:45.124Z"}
{"level":"info","message":"⌛ Building environment","timeElapsed":170,"timestamp":"2026-06-01T19:21:46.454Z"}
{"level":"error","message":"✘ Validate text document error: RangeError: Maximum call stack size exceeded Maximum call stack size exceeded","stack":"RangeError: Maximum call stack size exceeded\n    at Bi.<anonymous> (c:\\Users\\Nicolee\\.vscode\\extensions\\uqbar.wollok-lsp-ide-0.5.4\\out\\server\\src\\server.js:38:9399)\n    at c:\\Users\\Nicolee\\.vscode\\extensions\\uqbar.wollok-lsp-ide-0.5.4\\out\\server\\src\\server.js:57:18990\n    at c:\\Users\\Nicolee\\.vscode\\extensions\\uqbar.wollok-lsp-ide-0.5.4\\out\\server\\src\\server.js:38:6131\n    at Crn (c:\\Users\\Nicolee\\.vscode\\extensions\\uqbar.wollok-lsp-ide-0.5.4\\out\\server\\src\\server.js:57:18626)\n    at c:\\Users\\Nicolee\\.vscode\\extensions\\uqbar.wollok-lsp-ide-0.5.4\\out\\server\\src\\server.js:57:19208\n    at Array.some (<anonymous>)\n    at c:\\Users\\Nicolee\\.vscode\\extensions\\uqbar.wollok-lsp-ide-0.5.4\\out\\server\\src\\server.js:57:19185\n    at c:\\Users\\Nicolee\\.vscode\\extensions\\uqbar.wollok-lsp-ide-0.5.4\\out\\server\\src\\server.js:38:6131\n    at Crn (c:\\Users\\Nicolee\\.vscode\\extensions\\uqbar.wollok-lsp-ide-0.5.4\\out\\server\\src\\server.js:57:18626)\n    at c:\\Users\\Nicolee\\.vscode\\extensions\\uqbar.wollok-lsp-ide-0.5.4\\out\\server\\src\\server.js:57:19538","timestamp":"2026-06-01T19:21:46.587Z"}
{"level":"info","message":"⌛ Validating src/estudianteTest.wtest","timeElapsed":132,"timestamp":"2026-06-01T19:21:46.588Z"}
{"level":"info","message":"⌛ Building environment","timeElapsed":127,"timestamp":"2026-06-01T19:21:47.149Z"}
{"level":"info","message":"⌛ Building environment","timeElapsed":104,"timestamp":"2026-06-01T19:21:47.278Z"}
{"level":"error","message":"✘ Validate text document error: RangeError: Maximum call stack size exceeded Maximum call stack size exceeded","stack":"RangeError: Maximum call stack size exceeded\n    at Crn (c:\\Users\\Nicolee\\.vscode\\extensions\\uqbar.wollok-lsp-ide-0.5.4\\out\\server\\src\\server.js:57:18605)\n    at c:\\Users\\Nicolee\\.vscode\\extensions\\uqbar.wollok-lsp-ide-0.5.4\\out\\server\\src\\server.js:57:19208\n    at Array.some (<anonymous>)\n    at c:\\Users\\Nicolee\\.vscode\\extensions\\uqbar.wollok-lsp-ide-0.5.4\\out\\server\\src\\server.js:57:19185\n    at c:\\Users\\Nicolee\\.vscode\\extensions\\uqbar.wollok-lsp-ide-0.5.4\\out\\server\\src\\server.js:38:6131\n    at Crn (c:\\Users\\Nicolee\\.vscode\\extensions\\uqbar.wollok-lsp-ide-0.5.4\\out\\server\\src\\server.js:57:18626)\n    at c:\\Users\\Nicolee\\.vscode\\extensions\\uqbar.wollok-lsp-ide-0.5.4\\out\\server\\src\\server.js:57:19538\n    at c:\\Users\\Nicolee\\.vscode\\extensions\\uqbar.wollok-lsp-ide-0.5.4\\out\\server\\src\\server.js:38:6131\n    at Crn (c:\\Users\\Nicolee\\.vscode\\extensions\\uqbar.wollok-lsp-ide-0.5.4\\out\\server\\src\\server.js:57:18626)\n    at c:\\Users\\Nicolee\\.vscode\\extensions\\uqbar.wollok-lsp-ide-0.5.4\\out\\server\\src\\server.js:57:19484","timestamp":"2026-06-01T19:21:47.439Z"}
{"level":"info","message":"⌛ Validating src/estudianteTest.wtest","timeElapsed":161,"timestamp":"2026-06-01T19:21:47.439Z"}
{"level":"error","message":"✘ Validate text document error: RangeError: Maximum call stack size exceeded Maximum call stack size exceeded","stack":"RangeError: Maximum call stack size exceeded\n    at Crn (c:\\Users\\Nicolee\\.vscode\\extensions\\uqbar.wollok-lsp-ide-0.5.4\\out\\server\\src\\server.js:57:18605)\n    at c:\\Users\\Nicolee\\.vscode\\extensions\\uqbar.wollok-lsp-ide-0.5.4\\out\\server\\src\\server.js:57:19051\n    at c:\\Users\\Nicolee\\.vscode\\extensions\\uqbar.wollok-lsp-ide-0.5.4\\out\\server\\src\\server.js:38:6131\n    at Crn (c:\\Users\\Nicolee\\.vscode\\extensions\\uqbar.wollok-lsp-ide-0.5.4\\out\\server\\src\\server.js:57:18626)\n    at c:\\Users\\Nicolee\\.vscode\\extensions\\uqbar.wollok-lsp-ide-0.5.4\\out\\server\\src\\server.js:57:19208\n    at Array.some (<anonymous>)\n    at c:\\Users\\Nicolee\\.vscode\\extensions\\uqbar.wollok-lsp-ide-0.5.4\\out\\server\\src\\server.js:57:19185\n    at c:\\Users\\Nicolee\\.vscode\\extensions\\uqbar.wollok-lsp-ide-0.5.4\\out\\server\\src\\server.js:38:6131\n    at Crn (c:\\Users\\Nicolee\\.vscode\\extensions\\uqbar.wollok-lsp-ide-0.5.4\\out\\server\\src\\server.js:57:18626)\n    at c:\\Users\\Nicolee\\.vscode\\extensions\\uqbar.wollok-lsp-ide-0.5.4\\out\\server\\src\\server.js:57:19538","timestamp":"2026-06-01T19:21:47.562Z"}
{"level":"info","message":"⌛ Validating src/estudianteTest.wtest","timeElapsed":122,"timestamp":"2026-06-01T19:21:47.562Z"}
{"level":"info","message":"⌛ Building environment","timeElapsed":123,"timestamp":"2026-06-01T19:21:47.704Z"}
{"level":"info","message":"⌛ Building environment","timeElapsed":117,"timestamp":"2026-06-01T19:21:47.822Z"}
{"level":"info","message":"⌛ Building environment","timeElapsed":105,"timestamp":"2026-06-01T19:21:47.927Z"}
{"level":"error","message":"✘ Failed to rebuild document Failed to parse src/estudianteTest.wtest: \n-- PARSING FAILED --------------------------------------------------\n\n  4 | import\n  5 | \n> 6 | describe \"test materias\" {\n    |                ^\n  7 | \n  8 |     //Materias con requisitos\n\nExpected one of the following: \n\nstring literal, whitespace\n","stack":"Error: Failed to parse src/estudianteTest.wtest: \n-- PARSING FAILED --------------------------------------------------\n\n  4 | import\n  5 | \n> 6 | describe \"test materias\" {\n    |                ^\n  7 | \n  8 |     //Materias con requisitos\n\nExpected one of the following: \n\nstring literal, whitespace\n\n    at c:\\Users\\Nicolee\\.vscode\\extensions\\uqbar.wollok-lsp-ide-0.5.4\\out\\server\\src\\server.js:2353:13026\n    at Array.map (<anonymous>)\n    at U1n (c:\\Users\\Nicolee\\.vscode\\extensions\\uqbar.wollok-lsp-ide-0.5.4\\out\\server\\src\\server.js:2353:12950)\n    at H2.buildEnvironmentFrom (c:\\Users\\Nicolee\\.vscode\\extensions\\uqbar.wollok-lsp-ide-0.5.4\\out\\server\\src\\server.js:2398:5254)\n    at H2.updateEnvironmentWith (c:\\Users\\Nicolee\\.vscode\\extensions\\uqbar.wollok-lsp-ide-0.5.4\\out\\server\\src\\server.js:2398:4989)\n    at GF (c:\\Users\\Nicolee\\.vscode\\extensions\\uqbar.wollok-lsp-ide-0.5.4\\out\\server\\src\\server.js:2398:7383)\n    at V3.invoke (c:\\Users\\Nicolee\\.vscode\\extensions\\uqbar.wollok-lsp-ide-0.5.4\\out\\server\\src\\server.js:3:157328)\n    at o.fire (c:\\Users\\Nicolee\\.vscode\\extensions\\uqbar.wollok-lsp-ide-0.5.4\\out\\server\\src\\server.js:3:158098)\n    at c:\\Users\\Nicolee\\.vscode\\extensions\\uqbar.wollok-lsp-ide-0.5.4\\out\\server\\src\\server.js:37:57871\n    at nd (c:\\Users\\Nicolee\\.vscode\\extensions\\uqbar.wollok-lsp-ide-0.5.4\\out\\server\\src\\server.js:8:1561)","timestamp":"2026-06-01T19:21:47.929Z"}
{"level":"error","message":"✘ Validate text document error: RangeError: Maximum call stack size exceeded Maximum call stack size exceeded","stack":"RangeError: Maximum call stack size exceeded\n    at Crn (c:\\Users\\Nicolee\\.vscode\\extensions\\uqbar.wollok-lsp-ide-0.5.4\\out\\server\\src\\server.js:57:18605)\n    at c:\\Users\\Nicolee\\.vscode\\extensions\\uqbar.wollok-lsp-ide-0.5.4\\out\\server\\src\\server.js:57:19208\n    at Array.some (<anonymous>)\n    at c:\\Users\\Nicolee\\.vscode\\extensions\\uqbar.wollok-lsp-ide-0.5.4\\out\\server\\src\\server.js:57:19185\n    at c:\\Users\\Nicolee\\.vscode\\extensions\\uqbar.wollok-lsp-ide-0.5.4\\out\\server\\src\\server.js:38:6131\n    at Crn (c:\\Users\\Nicolee\\.vscode\\extensions\\uqbar.wollok-lsp-ide-0.5.4\\out\\server\\src\\server.js:57:18626)\n    at c:\\Users\\Nicolee\\.vscode\\extensions\\uqbar.wollok-lsp-ide-0.5.4\\out\\server\\src\\server.js:57:19538\n    at c:\\Users\\Nicolee\\.vscode\\extensions\\uqbar.wollok-lsp-ide-0.5.4\\out\\server\\src\\server.js:38:6131\n    at Crn (c:\\Users\\Nicolee\\.vscode\\extensions\\uqbar.wollok-lsp-ide-0.5.4\\out\\server\\src\\server.js:57:18626)\n    at c:\\Users\\Nicolee\\.vscode\\extensions\\uqbar.wollok-lsp-ide-0.5.4\\out\\server\\src\\server.js:57:19484","timestamp":"2026-06-01T19:21:48.059Z"}
{"level":"info","message":"⌛ Validating src/estudianteTest.wtest","timeElapsed":131,"timestamp":"2026-06-01T19:21:48.059Z"}
{"level":"error","message":"✘ Validate text document error: RangeError: Maximum call stack size exceeded Maximum call stack size exceeded","stack":"RangeError: Maximum call stack size exceeded\n    at Crn (c:\\Users\\Nicolee\\.vscode\\extensions\\uqbar.wollok-lsp-ide-0.5.4\\out\\server\\src\\server.js:57:18605)\n    at c:\\Users\\Nicolee\\.vscode\\extensions\\uqbar.wollok-lsp-ide-0.5.4\\out\\server\\src\\server.js:57:19208\n    at Array.some (<anonymous>)\n    at c:\\Users\\Nicolee\\.vscode\\extensions\\uqbar.wollok-lsp-ide-0.5.4\\out\\server\\src\\server.js:57:19185\n    at c:\\Users\\Nicolee\\.vscode\\extensions\\uqbar.wollok-lsp-ide-0.5.4\\out\\server\\src\\server.js:38:6131\n    at Crn (c:\\Users\\Nicolee\\.vscode\\extensions\\uqbar.wollok-lsp-ide-0.5.4\\out\\server\\src\\server.js:57:18626)\n    at c:\\Users\\Nicolee\\.vscode\\extensions\\uqbar.wollok-lsp-ide-0.5.4\\out\\server\\src\\server.js:57:19538\n    at c:\\Users\\Nicolee\\.vscode\\extensions\\uqbar.wollok-lsp-ide-0.5.4\\out\\server\\src\\server.js:38:6131\n    at Crn (c:\\Users\\Nicolee\\.vscode\\extensions\\uqbar.wollok-lsp-ide-0.5.4\\out\\server\\src\\server.js:57:18626)\n    at c:\\Users\\Nicolee\\.vscode\\extensions\\uqbar.wollok-lsp-ide-0.5.4\\out\\server\\src\\server.js:57:19484","timestamp":"2026-06-01T19:21:48.182Z"}
{"level":"info","message":"⌛ Validating src/estudianteTest.wtest","timeElapsed":123,"timestamp":"2026-06-01T19:21:48.182Z"}
{"level":"error","message":"✘ Failed to rebuild document Failed to parse src/estudianteTest.wtest: \n-- PARSING FAILED --------------------------------------------------\n\n  4 | import \n  5 | \n> 6 | describe \"test materias\" {\n    |                ^\n  7 | \n  8 |     //Materias con requisitos\n\nExpected one of the following: \n\nstring literal, whitespace\n","stack":"Error: Failed to parse src/estudianteTest.wtest: \n-- PARSING FAILED --------------------------------------------------\n\n  4 | import \n  5 | \n> 6 | describe \"test materias\" {\n    |                ^\n  7 | \n  8 |     //Materias con requisitos\n\nExpected one of the following: \n\nstring literal, whitespace\n\n    at c:\\Users\\Nicolee\\.vscode\\extensions\\uqbar.wollok-lsp-ide-0.5.4\\out\\server\\src\\server.js:2353:13026\n    at Array.map (<anonymous>)\n    at U1n (c:\\Users\\Nicolee\\.vscode\\extensions\\uqbar.wollok-lsp-ide-0.5.4\\out\\server\\src\\server.js:2353:12950)\n    at H2.buildEnvironmentFrom (c:\\Users\\Nicolee\\.vscode\\extensions\\uqbar.wollok-lsp-ide-0.5.4\\out\\server\\src\\server.js:2398:5254)\n    at H2.updateEnvironmentWith (c:\\Users\\Nicolee\\.vscode\\extensions\\uqbar.wollok-lsp-ide-0.5.4\\out\\server\\src\\server.js:2398:4989)\n    at GF (c:\\Users\\Nicolee\\.vscode\\extensions\\uqbar.wollok-lsp-ide-0.5.4\\out\\server\\src\\server.js:2398:7383)\n    at V3.invoke (c:\\Users\\Nicolee\\.vscode\\extensions\\uqbar.wollok-lsp-ide-0.5.4\\out\\server\\src\\server.js:3:157328)\n    at o.fire (c:\\Users\\Nicolee\\.vscode\\extensions\\uqbar.wollok-lsp-ide-0.5.4\\out\\server\\src\\server.js:3:158098)\n    at c:\\Users\\Nicolee\\.vscode\\extensions\\uqbar.wollok-lsp-ide-0.5.4\\out\\server\\src\\server.js:37:57871\n    at nd (c:\\Users\\Nicolee\\.vscode\\extensions\\uqbar.wollok-lsp-ide-0.5.4\\out\\server\\src\\server.js:8:1561)","timestamp":"2026-06-01T19:21:48.192Z"}
{"level":"error","message":"✘ Validate text document error: RangeError: Maximum call stack size exceeded Maximum call stack size exceeded","stack":"RangeError: Maximum call stack size exceeded\n    at Bi.<anonymous> (c:\\Users\\Nicolee\\.vscode\\extensions\\uqbar.wollok-lsp-ide-0.5.4\\out\\server\\src\\server.js:38:9399)\n    at c:\\Users\\Nicolee\\.vscode\\extensions\\uqbar.wollok-lsp-ide-0.5.4\\out\\server\\src\\server.js:57:18990\n    at c:\\Users\\Nicolee\\.vscode\\extensions\\uqbar.wollok-lsp-ide-0.5.4\\out\\server\\src\\server.js:38:6131\n    at Crn (c:\\Users\\Nicolee\\.vscode\\extensions\\uqbar.wollok-lsp-ide-0.5.4\\out\\server\\src\\server.js:57:18626)\n    at c:\\Users\\Nicolee\\.vscode\\extensions\\uqbar.wollok-lsp-ide-0.5.4\\out\\server\\src\\server.js:57:19208\n    at Array.some (<anonymous>)\n    at c:\\Users\\Nicolee\\.vscode\\extensions\\uqbar.wollok-lsp-ide-0.5.4\\out\\server\\src\\server.js:57:19185\n    at c:\\Users\\Nicolee\\.vscode\\extensions\\uqbar.wollok-lsp-ide-0.5.4\\out\\server\\src\\server.js:38:6131\n    at Crn (c:\\Users\\Nicolee\\.vscode\\extensions\\uqbar.wollok-lsp-ide-0.5.4\\out\\server\\src\\server.js:57:18626)\n    at c:\\Users\\Nicolee\\.vscode\\extensions\\uqbar.wollok-lsp-ide-0.5.4\\out\\server\\src\\server.js:57:19538","timestamp":"2026-06-01T19:21:48.336Z"}
{"level":"info","message":"⌛ Validating src/estudianteTest.wtest","timeElapsed":144,"timestamp":"2026-06-01T19:21:48.337Z"}
{"level":"info","message":"⌛ Building environment","timeElapsed":101,"timestamp":"2026-06-01T19:21:49.024Z"}
{"level":"error","message":"✘ Validate text document error: RangeError: Maximum call stack size exceeded Maximum call stack size exceeded","stack":"RangeError: Maximum call stack size exceeded\n    at Crn (c:\\Users\\Nicolee\\.vscode\\extensions\\uqbar.wollok-lsp-ide-0.5.4\\out\\server\\src\\server.js:57:18605)\n    at c:\\Users\\Nicolee\\.vscode\\extensions\\uqbar.wollok-lsp-ide-0.5.4\\out\\server\\src\\server.js:57:19112\n    at c:\\Users\\Nicolee\\.vscode\\extensions\\uqbar.wollok-lsp-ide-0.5.4\\out\\server\\src\\server.js:38:6131\n    at Crn (c:\\Users\\Nicolee\\.vscode\\extensions\\uqbar.wollok-lsp-ide-0.5.4\\out\\server\\src\\server.js:57:18626)\n    at c:\\Users\\Nicolee\\.vscode\\extensions\\uqbar.wollok-lsp-ide-0.5.4\\out\\server\\src\\server.js:57:19051\n    at c:\\Users\\Nicolee\\.vscode\\extensions\\uqbar.wollok-lsp-ide-0.5.4\\out\\server\\src\\server.js:38:6131\n    at Crn (c:\\Users\\Nicolee\\.vscode\\extensions\\uqbar.wollok-lsp-ide-0.5.4\\out\\server\\src\\server.js:57:18626)\n    at c:\\Users\\Nicolee\\.vscode\\extensions\\uqbar.wollok-lsp-ide-0.5.4\\out\\server\\src\\server.js:57:19208\n    at Array.some (<anonymous>)\n    at c:\\Users\\Nicolee\\.vscode\\extensions\\uqbar.wollok-lsp-ide-0.5.4\\out\\server\\src\\server.js:57:19185","timestamp":"2026-06-01T19:21:49.248Z"}
{"level":"info","message":"⌛ Validating src/estudianteTest.wtest","timeElapsed":111,"timestamp":"2026-06-01T19:21:49.248Z"}
{"level":"error","message":"✘ Validate text document error: RangeError: Maximum call stack size exceeded Maximum call stack size exceeded","stack":"RangeError: Maximum call stack size exceeded\n    at Crn (c:\\Users\\Nicolee\\.vscode\\extensions\\uqbar.wollok-lsp-ide-0.5.4\\out\\server\\src\\server.js:57:18605)\n    at c:\\Users\\Nicolee\\.vscode\\extensions\\uqbar.wollok-lsp-ide-0.5.4\\out\\server\\src\\server.js:57:19112\n    at c:\\Users\\Nicolee\\.vscode\\extensions\\uqbar.wollok-lsp-ide-0.5.4\\out\\server\\src\\server.js:38:6131\n    at Crn (c:\\Users\\Nicolee\\.vscode\\extensions\\uqbar.wollok-lsp-ide-0.5.4\\out\\server\\src\\server.js:57:18626)\n    at c:\\Users\\Nicolee\\.vscode\\extensions\\uqbar.wollok-lsp-ide-0.5.4\\out\\server\\src\\server.js:57:19051\n    at c:\\Users\\Nicolee\\.vscode\\extensions\\uqbar.wollok-lsp-ide-0.5.4\\out\\server\\src\\server.js:38:6131\n    at Crn (c:\\Users\\Nicolee\\.vscode\\extensions\\uqbar.wollok-lsp-ide-0.5.4\\out\\server\\src\\server.js:57:18626)\n    at c:\\Users\\Nicolee\\.vscode\\extensions\\uqbar.wollok-lsp-ide-0.5.4\\out\\server\\src\\server.js:57:19208\n    at Array.some (<anonymous>)\n    at c:\\Users\\Nicolee\\.vscode\\extensions\\uqbar.wollok-lsp-ide-0.5.4\\out\\server\\src\\server.js:57:19185","timestamp":"2026-06-01T19:21:49.356Z"}
{"level":"info","message":"⌛ Validating src/estudianteTest.wtest","timeElapsed":108,"timestamp":"2026-06-01T19:21:49.356Z"}
{"level":"info","message":"⌛ Building environment","timeElapsed":107,"timestamp":"2026-06-01T19:21:49.681Z"}
{"level":"error","message":"✘ Validate text document error: RangeError: Maximum call stack size exceeded Maximum call stack size exceeded","stack":"RangeError: Maximum call stack size exceeded\n    at Crn (c:\\Users\\Nicolee\\.vscode\\extensions\\uqbar.wollok-lsp-ide-0.5.4\\out\\server\\src\\server.js:57:18605)\n    at c:\\Users\\Nicolee\\.vscode\\extensions\\uqbar.wollok-lsp-ide-0.5.4\\out\\server\\src\\server.js:57:19208\n    at Array.some (<anonymous>)\n    at c:\\Users\\Nicolee\\.vscode\\extensions\\uqbar.wollok-lsp-ide-0.5.4\\out\\server\\src\\server.js:57:19185\n    at c:\\Users\\Nicolee\\.vscode\\extensions\\uqbar.wollok-lsp-ide-0.5.4\\out\\server\\src\\server.js:38:6131\n    at Crn (c:\\Users\\Nicolee\\.vscode\\extensions\\uqbar.wollok-lsp-ide-0.5.4\\out\\server\\src\\server.js:57:18626)\n    at c:\\Users\\Nicolee\\.vscode\\extensions\\uqbar.wollok-lsp-ide-0.5.4\\out\\server\\src\\server.js:57:19538\n    at c:\\Users\\Nicolee\\.vscode\\extensions\\uqbar.wollok-lsp-ide-0.5.4\\out\\server\\src\\server.js:38:6131\n    at Crn (c:\\Users\\Nicolee\\.vscode\\extensions\\uqbar.wollok-lsp-ide-0.5.4\\out\\server\\src\\server.js:57:18626)\n    at c:\\Users\\Nicolee\\.vscode\\extensions\\uqbar.wollok-lsp-ide-0.5.4\\out\\server\\src\\server.js:57:19484","timestamp":"2026-06-01T19:21:49.782Z"}
{"level":"info","message":"⌛ Validating src/estudianteTest.wtest","timeElapsed":101,"timestamp":"2026-06-01T19:21:49.782Z"}
{"level":"error","message":"✘ Validate text document error: RangeError: Maximum call stack size exceeded Maximum call stack size exceeded","stack":"RangeError: Maximum call stack size exceeded\n    at Crn (c:\\Users\\Nicolee\\.vscode\\extensions\\uqbar.wollok-lsp-ide-0.5.4\\out\\server\\src\\server.js:57:18605)\n    at c:\\Users\\Nicolee\\.vscode\\extensions\\uqbar.wollok-lsp-ide-0.5.4\\out\\server\\src\\server.js:57:19484\n    at Array.some (<anonymous>)\n    at c:\\Users\\Nicolee\\.vscode\\extensions\\uqbar.wollok-lsp-ide-0.5.4\\out\\server\\src\\server.js:57:19461\n    at c:\\Users\\Nicolee\\.vscode\\extensions\\uqbar.wollok-lsp-ide-0.5.4\\out\\server\\src\\server.js:38:6131\n    at Crn (c:\\Users\\Nicolee\\.vscode\\extensions\\uqbar.wollok-lsp-ide-0.5.4\\out\\server\\src\\server.js:57:18626)\n    at c:\\Users\\Nicolee\\.vscode\\extensions\\uqbar.wollok-lsp-ide-0.5.4\\out\\server\\src\\server.js:57:19112\n    at c:\\Users\\Nicolee\\.vscode\\extensions\\uqbar.wollok-lsp-ide-0.5.4\\out\\server\\src\\server.js:38:6131\n    at Crn (c:\\Users\\Nicolee\\.vscode\\extensions\\uqbar.wollok-lsp-ide-0.5.4\\out\\server\\src\\server.js:57:18626)\n    at c:\\Users\\Nicolee\\.vscode\\extensions\\uqbar.wollok-lsp-ide-0.5.4\\out\\server\\src\\server.js:57:19051","timestamp":"2026-06-01T19:21:49.879Z"}
{"level":"info","message":"⌛ Building environment","timeElapsed":113,"timestamp":"2026-06-01T19:21:50.083Z"}
{"level":"error","message":"✘ Validate text document error: RangeError: Maximum call stack size exceeded Maximum call stack size exceeded","stack":"RangeError: Maximum call stack size exceeded\n    at Crn (c:\\Users\\Nicolee\\.vscode\\extensions\\uqbar.wollok-lsp-ide-0.5.4\\out\\server\\src\\server.js:57:18605)\n    at c:\\Users\\Nicolee\\.vscode\\extensions\\uqbar.wollok-lsp-ide-0.5.4\\out\\server\\src\\server.js:57:19484\n    at Array.some (<anonymous>)\n    at c:\\Users\\Nicolee\\.vscode\\extensions\\uqbar.wollok-lsp-ide-0.5.4\\out\\server\\src\\server.js:57:19461\n    at c:\\Users\\Nicolee\\.vscode\\extensions\\uqbar.wollok-lsp-ide-0.5.4\\out\\server\\src\\server.js:38:6131\n    at Crn (c:\\Users\\Nicolee\\.vscode\\extensions\\uqbar.wollok-lsp-ide-0.5.4\\out\\server\\src\\server.js:57:18626)\n    at c:\\Users\\Nicolee\\.vscode\\extensions\\uqbar.wollok-lsp-ide-0.5.4\\out\\server\\src\\server.js:57:19112\n    at c:\\Users\\Nicolee\\.vscode\\extensions\\uqbar.wollok-lsp-ide-0.5.4\\out\\server\\src\\server.js:38:6131\n    at Crn (c:\\Users\\Nicolee\\.vscode\\extensions\\uqbar.wollok-lsp-ide-0.5.4\\out\\server\\src\\server.js:57:18626)\n    at c:\\Users\\Nicolee\\.vscode\\extensions\\uqbar.wollok-lsp-ide-0.5.4\\out\\server\\src\\server.js:57:19051","timestamp":"2026-06-01T19:21:50.237Z"}
{"level":"info","message":"⌛ Validating src/estudianteTest.wtest","timeElapsed":154,"timestamp":"2026-06-01T19:21:50.238Z"}
{"level":"error","message":"✘ Validate text document error: RangeError: Maximum call stack size exceeded Maximum call stack size exceeded","stack":"RangeError: Maximum call stack size exceeded\n    at Crn (c:\\Users\\Nicolee\\.vscode\\extensions\\uqbar.wollok-lsp-ide-0.5.4\\out\\server\\src\\server.js:57:18605)\n    at c:\\Users\\Nicolee\\.vscode\\extensions\\uqbar.wollok-lsp-ide-0.5.4\\out\\server\\src\\server.js:57:19538\n    at c:\\Users\\Nicolee\\.vscode\\extensions\\uqbar.wollok-lsp-ide-0.5.4\\out\\server\\src\\server.js:38:6131\n    at Crn (c:\\Users\\Nicolee\\.vscode\\extensions\\uqbar.wollok-lsp-ide-0.5.4\\out\\server\\src\\server.js:57:18626)\n    at c:\\Users\\Nicolee\\.vscode\\extensions\\uqbar.wollok-lsp-ide-0.5.4\\out\\server\\src\\server.js:57:19484\n    at Array.some (<anonymous>)\n    at c:\\Users\\Nicolee\\.vscode\\extensions\\uqbar.wollok-lsp-ide-0.5.4\\out\\server\\src\\server.js:57:19461\n    at c:\\Users\\Nicolee\\.vscode\\extensions\\uqbar.wollok-lsp-ide-0.5.4\\out\\server\\src\\server.js:38:6131\n    at Crn (c:\\Users\\Nicolee\\.vscode\\extensions\\uqbar.wollok-lsp-ide-0.5.4\\out\\server\\src\\server.js:57:18626)\n    at c:\\Users\\Nicolee\\.vscode\\extensions\\uqbar.wollok-lsp-ide-0.5.4\\out\\server\\src\\server.js:57:19112","timestamp":"2026-06-01T19:21:50.366Z"}
{"level":"error","message":"✘ Validate text document error: RangeError: Maximum call stack size exceeded Maximum call stack size exceeded","stack":"RangeError: Maximum call stack size exceeded\n    at Crn (c:\\Users\\Nicolee\\.vscode\\extensions\\uqbar.wollok-lsp-ide-0.5.4\\out\\server\\src\\server.js:57:18605)\n    at c:\\Users\\Nicolee\\.vscode\\extensions\\uqbar.wollok-lsp-ide-0.5.4\\out\\server\\src\\server.js:57:19208\n    at Array.some (<anonymous>)\n    at c:\\Users\\Nicolee\\.vscode\\extensions\\uqbar.wollok-lsp-ide-0.5.4\\out\\server\\src\\server.js:57:19185\n    at c:\\Users\\Nicolee\\.vscode\\extensions\\uqbar.wollok-lsp-ide-0.5.4\\out\\server\\src\\server.js:38:6131\n    at Crn (c:\\Users\\Nicolee\\.vscode\\extensions\\uqbar.wollok-lsp-ide-0.5.4\\out\\server\\src\\server.js:57:18626)\n    at c:\\Users\\Nicolee\\.vscode\\extensions\\uqbar.wollok-lsp-ide-0.5.4\\out\\server\\src\\server.js:57:19538\n    at c:\\Users\\Nicolee\\.vscode\\extensions\\uqbar.wollok-lsp-ide-0.5.4\\out\\server\\src\\server.js:38:6131\n    at Crn (c:\\Users\\Nicolee\\.vscode\\extensions\\uqbar.wollok-lsp-ide-0.5.4\\out\\server\\src\\server.js:57:18626)\n    at c:\\Users\\Nicolee\\.vscode\\extensions\\uqbar.wollok-lsp-ide-0.5.4\\out\\server\\src\\server.js:57:19484","timestamp":"2026-06-01T19:21:50.460Z"}
{"level":"error","message":"✘ Error on handler Maximum call stack size exceeded","stack":"RangeError: Maximum call stack size exceeded\n    at Crn (c:\\Users\\Nicolee\\.vscode\\extensions\\uqbar.wollok-lsp-ide-0.5.4\\out\\server\\src\\server.js:57:18605)\n    at c:\\Users\\Nicolee\\.vscode\\extensions\\uqbar.wollok-lsp-ide-0.5.4\\out\\server\\src\\server.js:57:19538\n    at c:\\Users\\Nicolee\\.vscode\\extensions\\uqbar.wollok-lsp-ide-0.5.4\\out\\server\\src\\server.js:38:6131\n    at Crn (c:\\Users\\Nicolee\\.vscode\\extensions\\uqbar.wollok-lsp-ide-0.5.4\\out\\server\\src\\server.js:57:18626)\n    at c:\\Users\\Nicolee\\.vscode\\extensions\\uqbar.wollok-lsp-ide-0.5.4\\out\\server\\src\\server.js:57:19484\n    at Array.some (<anonymous>)\n    at c:\\Users\\Nicolee\\.vscode\\extensions\\uqbar.wollok-lsp-ide-0.5.4\\out\\server\\src\\server.js:57:19461\n    at c:\\Users\\Nicolee\\.vscode\\extensions\\uqbar.wollok-lsp-ide-0.5.4\\out\\server\\src\\server.js:38:6131\n    at Crn (c:\\Users\\Nicolee\\.vscode\\extensions\\uqbar.wollok-lsp-ide-0.5.4\\out\\server\\src\\server.js:57:18626)\n    at c:\\Users\\Nicolee\\.vscode\\extensions\\uqbar.wollok-lsp-ide-0.5.4\\out\\server\\src\\server.js:57:19112","timestamp":"2026-06-01T19:21:50.477Z"}
{"level":"info","message":"⌛ Building environment","timeElapsed":102,"timestamp":"2026-06-01T19:21:50.579Z"}
{"level":"info","message":"⌛ Building environment","timeElapsed":101,"timestamp":"2026-06-01T19:21:50.682Z"}
{"level":"error","message":"✘ Validate text document error: RangeError: Maximum call stack size exceeded Maximum call stack size exceeded","stack":"RangeError: Maximum call stack size exceeded\n    at Crn (c:\\Users\\Nicolee\\.vscode\\extensions\\uqbar.wollok-lsp-ide-0.5.4\\out\\server\\src\\server.js:57:18605)\n    at c:\\Users\\Nicolee\\.vscode\\extensions\\uqbar.wollok-lsp-ide-0.5.4\\out\\server\\src\\server.js:57:19051\n    at c:\\Users\\Nicolee\\.vscode\\extensions\\uqbar.wollok-lsp-ide-0.5.4\\out\\server\\src\\server.js:38:6131\n    at Crn (c:\\Users\\Nicolee\\.vscode\\extensions\\uqbar.wollok-lsp-ide-0.5.4\\out\\server\\src\\server.js:57:18626)\n    at c:\\Users\\Nicolee\\.vscode\\extensions\\uqbar.wollok-lsp-ide-0.5.4\\out\\server\\src\\server.js:57:19208\n    at Array.some (<anonymous>)\n    at c:\\Users\\Nicolee\\.vscode\\extensions\\uqbar.wollok-lsp-ide-0.5.4\\out\\server\\src\\server.js:57:19185\n    at c:\\Users\\Nicolee\\.vscode\\extensions\\uqbar.wollok-lsp-ide-0.5.4\\out\\server\\src\\server.js:38:6131\n    at Crn (c:\\Users\\Nicolee\\.vscode\\extensions\\uqbar.wollok-lsp-ide-0.5.4\\out\\server\\src\\server.js:57:18626)\n    at c:\\Users\\Nicolee\\.vscode\\extensions\\uqbar.wollok-lsp-ide-0.5.4\\out\\server\\src\\server.js:57:19538","timestamp":"2026-06-01T19:21:50.874Z"}
