{"level":"info","message":"⌛ Building environment","timeElapsed":349,"timestamp":"2026-05-13T22:32:28.649Z"}
{"level":"info","message":"⌛ Building environment","timeElapsed":262,"timestamp":"2026-05-13T22:32:28.917Z"}
{"level":"info","message":"⌛ Validating src/example.wlk","timeElapsed":379,"timestamp":"2026-05-13T22:32:29.321Z"}
{"level":"info","message":"⌛ Building environment","timeElapsed":288,"timestamp":"2026-05-13T22:32:29.611Z"}
{"level":"info","message":"⌛ Validating src/example.wlk","timeElapsed":469,"timestamp":"2026-05-13T22:32:30.098Z"}
{"level":"info","message":"⌛ Building environment","timeElapsed":187,"timestamp":"2026-05-13T22:33:43.514Z"}
{"level":"info","message":"⌛ Validating src/example.wlk","timeElapsed":212,"timestamp":"2026-05-13T22:33:43.728Z"}
{"level":"info","message":"⌛ Building environment","timeElapsed":142,"timestamp":"2026-05-13T22:33:50.367Z"}
{"level":"info","message":"⌛ Validating src/example.wlk","timeElapsed":277,"timestamp":"2026-05-13T22:33:50.706Z"}
{"level":"info","message":"⌛ Building environment","timeElapsed":103,"timestamp":"2026-05-13T22:33:50.809Z"}
{"level":"info","message":"⌛ Building environment","timeElapsed":179,"timestamp":"2026-05-13T22:33:50.993Z"}
{"level":"info","message":"⌛ Building environment","timeElapsed":167,"timestamp":"2026-05-13T22:33:51.169Z"}
{"level":"info","message":"⌛ Validating src/example.wlk","timeElapsed":339,"timestamp":"2026-05-13T22:33:51.510Z"}
{"level":"info","message":"⌛ Validating src/example.wlk","timeElapsed":166,"timestamp":"2026-05-13T22:33:51.694Z"}
{"level":"info","message":"⌛ Validating src/example.wlk","timeElapsed":164,"timestamp":"2026-05-13T22:33:51.974Z"}
{"level":"info","message":"⌛ Validating src/example.wlk","timeElapsed":205,"timestamp":"2026-05-13T22:33:52.201Z"}
{"level":"error","message":"✘ Failed to rebuild document Failed to parse src/example.wlk: \n-- PARSING FAILED --------------------------------------------------\n\n> 1 | class  {\n    |        ^\n  2 |   \n  3 | }\n\nExpected one of the following: \n\nidentifier, whitespace\n","stack":"Error: Failed to parse src/example.wlk: \n-- PARSING FAILED --------------------------------------------------\n\n> 1 | class  {\n    |        ^\n  2 |   \n  3 | }\n\nExpected one of the following: \n\nidentifier, whitespace\n\n    at c:\\Users\\estudiante\\.vscode\\extensions\\uqbar.wollok-lsp-ide-0.5.4\\out\\server\\src\\server.js:2353:13026\n    at Array.map (<anonymous>)\n    at U1n (c:\\Users\\estudiante\\.vscode\\extensions\\uqbar.wollok-lsp-ide-0.5.4\\out\\server\\src\\server.js:2353:12950)\n    at H2.buildEnvironmentFrom (c:\\Users\\estudiante\\.vscode\\extensions\\uqbar.wollok-lsp-ide-0.5.4\\out\\server\\src\\server.js:2398:5254)\n    at H2.updateEnvironmentWith (c:\\Users\\estudiante\\.vscode\\extensions\\uqbar.wollok-lsp-ide-0.5.4\\out\\server\\src\\server.js:2398:4989)\n    at GF (c:\\Users\\estudiante\\.vscode\\extensions\\uqbar.wollok-lsp-ide-0.5.4\\out\\server\\src\\server.js:2398:7383)\n    at V3.invoke (c:\\Users\\estudiante\\.vscode\\extensions\\uqbar.wollok-lsp-ide-0.5.4\\out\\server\\src\\server.js:3:157328)\n    at o.fire (c:\\Users\\estudiante\\.vscode\\extensions\\uqbar.wollok-lsp-ide-0.5.4\\out\\server\\src\\server.js:3:158098)\n    at c:\\Users\\estudiante\\.vscode\\extensions\\uqbar.wollok-lsp-ide-0.5.4\\out\\server\\src\\server.js:37:57871\n    at nd (c:\\Users\\estudiante\\.vscode\\extensions\\uqbar.wollok-lsp-ide-0.5.4\\out\\server\\src\\server.js:8:1561)","timestamp":"2026-05-13T22:33:52.225Z"}
{"level":"info","message":"⌛ Building environment","timeElapsed":150,"timestamp":"2026-05-13T22:33:53.088Z"}
{"level":"info","message":"⌛ Validating src/example.wlk","timeElapsed":237,"timestamp":"2026-05-13T22:33:53.378Z"}
{"level":"info","message":"⌛ Building environment","timeElapsed":217,"timestamp":"2026-05-13T22:33:53.602Z"}
{"level":"info","message":"⌛ Building environment","timeElapsed":187,"timestamp":"2026-05-13T22:33:53.798Z"}
{"level":"info","message":"⌛ Building environment","timeElapsed":196,"timestamp":"2026-05-13T22:33:54.042Z"}
{"level":"info","message":"⌛ Building environment","timeElapsed":129,"timestamp":"2026-05-13T22:33:54.172Z"}
{"level":"info","message":"⌛ Building environment","timeElapsed":187,"timestamp":"2026-05-13T22:33:54.360Z"}
{"level":"info","message":"⌛ Validating src/example.wlk","timeElapsed":228,"timestamp":"2026-05-13T22:33:54.592Z"}
{"level":"info","message":"⌛ Building environment","timeElapsed":138,"timestamp":"2026-05-13T22:33:54.731Z"}
{"level":"info","message":"⌛ Validating src/example.wlk","timeElapsed":149,"timestamp":"2026-05-13T22:33:54.969Z"}
{"level":"info","message":"⌛ Building environment","timeElapsed":115,"timestamp":"2026-05-13T22:33:55.084Z"}
{"level":"info","message":"⌛ Building environment","timeElapsed":103,"timestamp":"2026-05-13T22:33:55.230Z"}
{"level":"info","message":"⌛ Validating src/example.wlk","timeElapsed":150,"timestamp":"2026-05-13T22:33:55.383Z"}
{"level":"info","message":"⌛ Validating src/example.wlk","timeElapsed":186,"timestamp":"2026-05-13T22:33:55.575Z"}
{"level":"info","message":"⌛ Validating src/example.wlk","timeElapsed":146,"timestamp":"2026-05-13T22:33:55.732Z"}
{"level":"info","message":"⌛ Validating src/example.wlk","timeElapsed":141,"timestamp":"2026-05-13T22:33:55.873Z"}
{"level":"info","message":"⌛ Validating src/example.wlk","timeElapsed":189,"timestamp":"2026-05-13T22:33:56.063Z"}
{"level":"info","message":"⌛ Validating src/example.wlk","timeElapsed":285,"timestamp":"2026-05-13T22:33:56.350Z"}
{"level":"info","message":"⌛ Validating src/example.wlk","timeElapsed":217,"timestamp":"2026-05-13T22:33:56.574Z"}
{"level":"info","message":"⌛ Building environment","timeElapsed":176,"timestamp":"2026-05-13T22:34:02.093Z"}
{"level":"info","message":"⌛ Validating src/example.wlk","timeElapsed":147,"timestamp":"2026-05-13T22:34:02.325Z"}
{"level":"info","message":"⌛ Validating src/example.wlk","timeElapsed":171,"timestamp":"2026-05-13T22:34:02.500Z"}
{"level":"info","message":"⌛ Building environment","timeElapsed":103,"timestamp":"2026-05-13T22:34:03.008Z"}
{"level":"info","message":"⌛ Validating src/example.wlk","timeElapsed":244,"timestamp":"2026-05-13T22:34:03.260Z"}
{"level":"info","message":"⌛ Building environment","timeElapsed":147,"timestamp":"2026-05-13T22:34:03.408Z"}
{"level":"info","message":"⌛ Validating src/example.wlk","timeElapsed":238,"timestamp":"2026-05-13T22:34:03.648Z"}
{"level":"info","message":"⌛ Building environment","timeElapsed":117,"timestamp":"2026-05-13T22:34:03.780Z"}
{"level":"info","message":"⌛ Validating src/example.wlk","timeElapsed":172,"timestamp":"2026-05-13T22:34:03.964Z"}
{"level":"error","message":"✘ Failed to rebuild document Failed to parse src/example.wlk: \n-- PARSING FAILED --------------------------------------------------\n\n  1 | class Estudiante {\n> 2 |   method () {\n    |          ^\n  3 | \t\n  4 |   }\n\nExpected one of the following: \n\n'!=', '!==', '%', '&&', '*', '**', '+', '-', '->', '..', '..<', '/', '<', '<<', '<<<', '<=', '<=>', '<>', '==', '===', '>', '>..', '>=', '>>', '>>>', '?:', 'and', 'invert', 'negate', 'or', 'plus', '||', identifier, whitespace\n","stack":"Error: Failed to parse src/example.wlk: \n-- PARSING FAILED --------------------------------------------------\n\n  1 | class Estudiante {\n> 2 |   method () {\n    |          ^\n  3 | \t\n  4 |   }\n\nExpected one of the following: \n\n'!=', '!==', '%', '&&', '*', '**', '+', '-', '->', '..', '..<', '/', '<', '<<', '<<<', '<=', '<=>', '<>', '==', '===', '>', '>..', '>=', '>>', '>>>', '?:', 'and', 'invert', 'negate', 'or', 'plus', '||', identifier, whitespace\n\n    at c:\\Users\\estudiante\\.vscode\\extensions\\uqbar.wollok-lsp-ide-0.5.4\\out\\server\\src\\server.js:2353:13026\n    at Array.map (<anonymous>)\n    at U1n (c:\\Users\\estudiante\\.vscode\\extensions\\uqbar.wollok-lsp-ide-0.5.4\\out\\server\\src\\server.js:2353:12950)\n    at H2.buildEnvironmentFrom (c:\\Users\\estudiante\\.vscode\\extensions\\uqbar.wollok-lsp-ide-0.5.4\\out\\server\\src\\server.js:2398:5254)\n    at H2.updateEnvironmentWith (c:\\Users\\estudiante\\.vscode\\extensions\\uqbar.wollok-lsp-ide-0.5.4\\out\\server\\src\\server.js:2398:4989)\n    at GF (c:\\Users\\estudiante\\.vscode\\extensions\\uqbar.wollok-lsp-ide-0.5.4\\out\\server\\src\\server.js:2398:7383)\n    at V3.invoke (c:\\Users\\estudiante\\.vscode\\extensions\\uqbar.wollok-lsp-ide-0.5.4\\out\\server\\src\\server.js:3:157328)\n    at o.fire (c:\\Users\\estudiante\\.vscode\\extensions\\uqbar.wollok-lsp-ide-0.5.4\\out\\server\\src\\server.js:3:158098)\n    at c:\\Users\\estudiante\\.vscode\\extensions\\uqbar.wollok-lsp-ide-0.5.4\\out\\server\\src\\server.js:37:57871\n    at nd (c:\\Users\\estudiante\\.vscode\\extensions\\uqbar.wollok-lsp-ide-0.5.4\\out\\server\\src\\server.js:8:1561)","timestamp":"2026-05-13T22:34:04.792Z"}
{"level":"info","message":"⌛ Building environment","timeElapsed":161,"timestamp":"2026-05-13T22:34:05.667Z"}
{"level":"info","message":"⌛ Building environment","timeElapsed":142,"timestamp":"2026-05-13T22:34:05.863Z"}
{"level":"info","message":"⌛ Validating src/example.wlk","timeElapsed":213,"timestamp":"2026-05-13T22:34:06.080Z"}
{"level":"info","message":"⌛ Validating src/example.wlk","timeElapsed":189,"timestamp":"2026-05-13T22:34:06.294Z"}
{"level":"info","message":"⌛ Building environment","timeElapsed":167,"timestamp":"2026-05-13T22:34:07.189Z"}
{"level":"info","message":"⌛ Validating src/example.wlk","timeElapsed":207,"timestamp":"2026-05-13T22:34:07.509Z"}
{"level":"info","message":"⌛ Validating src/example.wlk","timeElapsed":167,"timestamp":"2026-05-13T22:34:07.677Z"}
{"level":"info","message":"⌛ Building environment","timeElapsed":110,"timestamp":"2026-05-13T22:34:07.839Z"}
{"level":"info","message":"⌛ Building environment","timeElapsed":106,"timestamp":"2026-05-13T22:34:07.946Z"}
{"level":"info","message":"⌛ Validating src/example.wlk","timeElapsed":143,"timestamp":"2026-05-13T22:34:08.237Z"}
{"level":"info","message":"⌛ Validating src/example.wlk","timeElapsed":193,"timestamp":"2026-05-13T22:34:08.432Z"}
{"level":"info","message":"⌛ Validating src/example.wlk","timeElapsed":109,"timestamp":"2026-05-13T22:34:08.541Z"}
{"level":"info","message":"⌛ Building environment","timeElapsed":147,"timestamp":"2026-05-13T22:34:11.342Z"}
{"level":"error","message":"✘ Completions for node Parameter ([2:18, 2:19] - src/example.wlk) failed: Error: [Parameter]{4ef3af} at src/example.wlk:2 exhausted all cases without a match [Parameter]{4ef3af} at src/example.wlk:2 exhausted all cases without a match","stack":"Error: [Parameter]{4ef3af} at src/example.wlk:2 exhausted all cases without a match\n    at c:\\Users\\estudiante\\.vscode\\extensions\\uqbar.wollok-lsp-ide-0.5.4\\out\\server\\src\\server.js:38:6142\n    at L2 (c:\\Users\\estudiante\\.vscode\\extensions\\uqbar.wollok-lsp-ide-0.5.4\\out\\server\\src\\server.js:2389:42)\n    at c:\\Users\\estudiante\\.vscode\\extensions\\uqbar.wollok-lsp-ide-0.5.4\\out\\server\\src\\server.js:2389:2988\n    at c:\\Users\\estudiante\\.vscode\\extensions\\uqbar.wollok-lsp-ide-0.5.4\\out\\server\\src\\server.js:2398:8440\n    at c:\\Users\\estudiante\\.vscode\\extensions\\uqbar.wollok-lsp-ide-0.5.4\\out\\server\\src\\server.js:37:74872\n    at Ke (c:\\Users\\estudiante\\.vscode\\extensions\\uqbar.wollok-lsp-ide-0.5.4\\out\\server\\src\\server.js:7:8527)\n    at Lt (c:\\Users\\estudiante\\.vscode\\extensions\\uqbar.wollok-lsp-ide-0.5.4\\out\\server\\src\\server.js:7:6189)\n    at ct (c:\\Users\\estudiante\\.vscode\\extensions\\uqbar.wollok-lsp-ide-0.5.4\\out\\server\\src\\server.js:7:6378)\n    at Immediate._onImmediate (c:\\Users\\estudiante\\.vscode\\extensions\\uqbar.wollok-lsp-ide-0.5.4\\out\\server\\src\\server.js:7:6142)\n    at process.processImmediate (node:internal/timers:484:21)","timestamp":"2026-05-13T22:34:11.544Z"}
{"level":"info","message":"⌛ Autocomplete - Parameter","timeElapsed":113,"timestamp":"2026-05-13T22:34:11.552Z"}
{"level":"info","message":"⌛ Building environment","timeElapsed":179,"timestamp":"2026-05-13T22:34:11.738Z"}
{"level":"info","message":"⌛ Validating src/example.wlk","timeElapsed":302,"timestamp":"2026-05-13T22:34:12.043Z"}
{"level":"info","message":"⌛ Building environment","timeElapsed":149,"timestamp":"2026-05-13T22:34:12.193Z"}
{"level":"info","message":"⌛ Building environment","timeElapsed":244,"timestamp":"2026-05-13T22:34:12.438Z"}
{"level":"info","message":"⌛ Building environment","timeElapsed":199,"timestamp":"2026-05-13T22:34:12.641Z"}
{"level":"error","message":"✘ Completions for node Parameter ([2:18, 2:23] - src/example.wlk) failed: Error: [Parameter]{53a10e} at src/example.wlk:2 exhausted all cases without a match [Parameter]{53a10e} at src/example.wlk:2 exhausted all cases without a match","stack":"Error: [Parameter]{53a10e} at src/example.wlk:2 exhausted all cases without a match\n    at c:\\Users\\estudiante\\.vscode\\extensions\\uqbar.wollok-lsp-ide-0.5.4\\out\\server\\src\\server.js:38:6142\n    at L2 (c:\\Users\\estudiante\\.vscode\\extensions\\uqbar.wollok-lsp-ide-0.5.4\\out\\server\\src\\server.js:2389:42)\n    at c:\\Users\\estudiante\\.vscode\\extensions\\uqbar.wollok-lsp-ide-0.5.4\\out\\server\\src\\server.js:2389:2988\n    at c:\\Users\\estudiante\\.vscode\\extensions\\uqbar.wollok-lsp-ide-0.5.4\\out\\server\\src\\server.js:2398:8440\n    at c:\\Users\\estudiante\\.vscode\\extensions\\uqbar.wollok-lsp-ide-0.5.4\\out\\server\\src\\server.js:37:74872\n    at Ke (c:\\Users\\estudiante\\.vscode\\extensions\\uqbar.wollok-lsp-ide-0.5.4\\out\\server\\src\\server.js:7:8527)\n    at Lt (c:\\Users\\estudiante\\.vscode\\extensions\\uqbar.wollok-lsp-ide-0.5.4\\out\\server\\src\\server.js:7:6189)\n    at ct (c:\\Users\\estudiante\\.vscode\\extensions\\uqbar.wollok-lsp-ide-0.5.4\\out\\server\\src\\server.js:7:6378)\n    at Immediate._onImmediate (c:\\Users\\estudiante\\.vscode\\extensions\\uqbar.wollok-lsp-ide-0.5.4\\out\\server\\src\\server.js:7:6142)\n    at process.processImmediate (node:internal/timers:484:21)","timestamp":"2026-05-13T22:34:12.696Z"}
{"level":"info","message":"⌛ Building environment","timeElapsed":245,"timestamp":"2026-05-13T22:34:12.947Z"}
{"level":"info","message":"⌛ Validating src/example.wlk","timeElapsed":236,"timestamp":"2026-05-13T22:34:13.184Z"}
{"level":"info","message":"⌛ Validating src/example.wlk","timeElapsed":194,"timestamp":"2026-05-13T22:34:13.487Z"}
{"level":"info","message":"⌛ Building environment","timeElapsed":148,"timestamp":"2026-05-13T22:34:13.649Z"}
{"level":"info","message":"⌛ Validating src/example.wlk","timeElapsed":149,"timestamp":"2026-05-13T22:34:13.799Z"}
{"level":"error","message":"✘ Completions for node Parameter ([2:18, 2:22] - src/example.wlk) failed: Error: [Parameter]{d8a94d} at src/example.wlk:2 exhausted all cases without a match [Parameter]{d8a94d} at src/example.wlk:2 exhausted all cases without a match","stack":"Error: [Parameter]{d8a94d} at src/example.wlk:2 exhausted all cases without a match\n    at c:\\Users\\estudiante\\.vscode\\extensions\\uqbar.wollok-lsp-ide-0.5.4\\out\\server\\src\\server.js:38:6142\n    at L2 (c:\\Users\\estudiante\\.vscode\\extensions\\uqbar.wollok-lsp-ide-0.5.4\\out\\server\\src\\server.js:2389:42)\n    at c:\\Users\\estudiante\\.vscode\\extensions\\uqbar.wollok-lsp-ide-0.5.4\\out\\server\\src\\server.js:2389:2988\n    at c:\\Users\\estudiante\\.vscode\\extensions\\uqbar.wollok-lsp-ide-0.5.4\\out\\server\\src\\server.js:2398:8440\n    at c:\\Users\\estudiante\\.vscode\\extensions\\uqbar.wollok-lsp-ide-0.5.4\\out\\server\\src\\server.js:37:74872\n    at Ke (c:\\Users\\estudiante\\.vscode\\extensions\\uqbar.wollok-lsp-ide-0.5.4\\out\\server\\src\\server.js:7:8527)\n    at Lt (c:\\Users\\estudiante\\.vscode\\extensions\\uqbar.wollok-lsp-ide-0.5.4\\out\\server\\src\\server.js:7:6189)\n    at ct (c:\\Users\\estudiante\\.vscode\\extensions\\uqbar.wollok-lsp-ide-0.5.4\\out\\server\\src\\server.js:7:6378)\n    at Immediate._onImmediate (c:\\Users\\estudiante\\.vscode\\extensions\\uqbar.wollok-lsp-ide-0.5.4\\out\\server\\src\\server.js:7:6142)\n    at process.processImmediate (node:internal/timers:484:21)","timestamp":"2026-05-13T22:34:14.028Z"}
{"level":"info","message":"⌛ Validating src/example.wlk","timeElapsed":216,"timestamp":"2026-05-13T22:34:14.253Z"}
{"level":"error","message":"✘ Completions for node Parameter ([2:18, 2:21] - src/example.wlk) failed: Error: [Parameter]{94738d} at src/example.wlk:2 exhausted all cases without a match [Parameter]{94738d} at src/example.wlk:2 exhausted all cases without a match","stack":"Error: [Parameter]{94738d} at src/example.wlk:2 exhausted all cases without a match\n    at c:\\Users\\estudiante\\.vscode\\extensions\\uqbar.wollok-lsp-ide-0.5.4\\out\\server\\src\\server.js:38:6142\n    at L2 (c:\\Users\\estudiante\\.vscode\\extensions\\uqbar.wollok-lsp-ide-0.5.4\\out\\server\\src\\server.js:2389:42)\n    at c:\\Users\\estudiante\\.vscode\\extensions\\uqbar.wollok-lsp-ide-0.5.4\\out\\server\\src\\server.js:2389:2988\n    at c:\\Users\\estudiante\\.vscode\\extensions\\uqbar.wollok-lsp-ide-0.5.4\\out\\server\\src\\server.js:2398:8440\n    at c:\\Users\\estudiante\\.vscode\\extensions\\uqbar.wollok-lsp-ide-0.5.4\\out\\server\\src\\server.js:37:74872\n    at Ke (c:\\Users\\estudiante\\.vscode\\extensions\\uqbar.wollok-lsp-ide-0.5.4\\out\\server\\src\\server.js:7:8527)\n    at Lt (c:\\Users\\estudiante\\.vscode\\extensions\\uqbar.wollok-lsp-ide-0.5.4\\out\\server\\src\\server.js:7:6189)\n    at ct (c:\\Users\\estudiante\\.vscode\\extensions\\uqbar.wollok-lsp-ide-0.5.4\\out\\server\\src\\server.js:7:6378)\n    at Immediate._onImmediate (c:\\Users\\estudiante\\.vscode\\extensions\\uqbar.wollok-lsp-ide-0.5.4\\out\\server\\src\\server.js:7:6142)\n    at process.processImmediate (node:internal/timers:484:21)","timestamp":"2026-05-13T22:34:14.368Z"}
{"level":"error","message":"✘ Completions for node Parameter ([2:18, 2:20] - src/example.wlk) failed: Error: [Parameter]{5c6d96} at src/example.wlk:2 exhausted all cases without a match [Parameter]{5c6d96} at src/example.wlk:2 exhausted all cases without a match","stack":"Error: [Parameter]{5c6d96} at src/example.wlk:2 exhausted all cases without a match\n    at c:\\Users\\estudiante\\.vscode\\extensions\\uqbar.wollok-lsp-ide-0.5.4\\out\\server\\src\\server.js:38:6142\n    at L2 (c:\\Users\\estudiante\\.vscode\\extensions\\uqbar.wollok-lsp-ide-0.5.4\\out\\server\\src\\server.js:2389:42)\n    at c:\\Users\\estudiante\\.vscode\\extensions\\uqbar.wollok-lsp-ide-0.5.4\\out\\server\\src\\server.js:2389:2988\n    at c:\\Users\\estudiante\\.vscode\\extensions\\uqbar.wollok-lsp-ide-0.5.4\\out\\server\\src\\server.js:2398:8440\n    at c:\\Users\\estudiante\\.vscode\\extensions\\uqbar.wollok-lsp-ide-0.5.4\\out\\server\\src\\server.js:37:74872\n    at Ke (c:\\Users\\estudiante\\.vscode\\extensions\\uqbar.wollok-lsp-ide-0.5.4\\out\\server\\src\\server.js:7:8527)\n    at Lt (c:\\Users\\estudiante\\.vscode\\extensions\\uqbar.wollok-lsp-ide-0.5.4\\out\\server\\src\\server.js:7:6189)\n    at ct (c:\\Users\\estudiante\\.vscode\\extensions\\uqbar.wollok-lsp-ide-0.5.4\\out\\server\\src\\server.js:7:6378)\n    at Immediate._onImmediate (c:\\Users\\estudiante\\.vscode\\extensions\\uqbar.wollok-lsp-ide-0.5.4\\out\\server\\src\\server.js:7:6142)\n    at process.processImmediate (node:internal/timers:484:21)","timestamp":"2026-05-13T22:34:14.527Z"}
{"level":"info","message":"⌛ Validating src/example.wlk","timeElapsed":188,"timestamp":"2026-05-13T22:34:14.731Z"}
{"level":"info","message":"⌛ Building environment","timeElapsed":166,"timestamp":"2026-05-13T22:34:14.904Z"}
{"level":"error","message":"✘ Completions for node Parameter ([2:18, 2:19] - src/example.wlk) failed: Error: [Parameter]{684893} at src/example.wlk:2 exhausted all cases without a match [Parameter]{684893} at src/example.wlk:2 exhausted all cases without a match","stack":"Error: [Parameter]{684893} at src/example.wlk:2 exhausted all cases without a match\n    at c:\\Users\\estudiante\\.vscode\\extensions\\uqbar.wollok-lsp-ide-0.5.4\\out\\server\\src\\server.js:38:6142\n    at L2 (c:\\Users\\estudiante\\.vscode\\extensions\\uqbar.wollok-lsp-ide-0.5.4\\out\\server\\src\\server.js:2389:42)\n    at c:\\Users\\estudiante\\.vscode\\extensions\\uqbar.wollok-lsp-ide-0.5.4\\out\\server\\src\\server.js:2389:2988\n    at c:\\Users\\estudiante\\.vscode\\extensions\\uqbar.wollok-lsp-ide-0.5.4\\out\\server\\src\\server.js:2398:8440\n    at c:\\Users\\estudiante\\.vscode\\extensions\\uqbar.wollok-lsp-ide-0.5.4\\out\\server\\src\\server.js:37:74872\n    at Ke (c:\\Users\\estudiante\\.vscode\\extensions\\uqbar.wollok-lsp-ide-0.5.4\\out\\server\\src\\server.js:7:8527)\n    at Lt (c:\\Users\\estudiante\\.vscode\\extensions\\uqbar.wollok-lsp-ide-0.5.4\\out\\server\\src\\server.js:7:6189)\n    at ct (c:\\Users\\estudiante\\.vscode\\extensions\\uqbar.wollok-lsp-ide-0.5.4\\out\\server\\src\\server.js:7:6378)\n    at Immediate._onImmediate (c:\\Users\\estudiante\\.vscode\\extensions\\uqbar.wollok-lsp-ide-0.5.4\\out\\server\\src\\server.js:7:6142)\n    at process.processImmediate (node:internal/timers:484:21)","timestamp":"2026-05-13T22:34:14.950Z"}
{"level":"info","message":"⌛ Validating src/example.wlk","timeElapsed":249,"timestamp":"2026-05-13T22:34:15.212Z"}
{"level":"info","message":"⌛ Validating src/example.wlk","timeElapsed":216,"timestamp":"2026-05-13T22:34:15.431Z"}
{"level":"info","message":"⌛ Validating src/example.wlk","timeElapsed":145,"timestamp":"2026-05-13T22:34:15.576Z"}
{"level":"info","message":"⌛ Validating src/example.wlk","timeElapsed":196,"timestamp":"2026-05-13T22:34:15.773Z"}
{"level":"info","message":"⌛ Building environment","timeElapsed":133,"timestamp":"2026-05-13T22:34:15.910Z"}
{"level":"info","message":"⌛ Validating src/example.wlk","timeElapsed":210,"timestamp":"2026-05-13T22:34:16.124Z"}
{"level":"info","message":"⌛ Validating src/example.wlk","timeElapsed":197,"timestamp":"2026-05-13T22:34:16.329Z"}
{"level":"info","message":"⌛ Validating src/example.wlk","timeElapsed":212,"timestamp":"2026-05-13T22:34:16.545Z"}
{"level":"info","message":"⌛ Validating src/example.wlk","timeElapsed":379,"timestamp":"2026-05-13T22:34:16.941Z"}
{"level":"info","message":"⌛ Building environment","timeElapsed":272,"timestamp":"2026-05-13T22:35:13.411Z"}
{"level":"info","message":"⌛ Building environment","timeElapsed":161,"timestamp":"2026-05-13T22:35:13.574Z"}
{"level":"info","message":"⌛ Building environment","timeElapsed":109,"timestamp":"2026-05-13T22:35:13.683Z"}
{"level":"error","message":"✘ Completions for node Parameter ([2:18, 2:21] - src/example.wlk) failed: Error: [Parameter]{c5a202} at src/example.wlk:2 exhausted all cases without a match [Parameter]{c5a202} at src/example.wlk:2 exhausted all cases without a match","stack":"Error: [Parameter]{c5a202} at src/example.wlk:2 exhausted all cases without a match\n    at c:\\Users\\estudiante\\.vscode\\extensions\\uqbar.wollok-lsp-ide-0.5.4\\out\\server\\src\\server.js:38:6142\n    at L2 (c:\\Users\\estudiante\\.vscode\\extensions\\uqbar.wollok-lsp-ide-0.5.4\\out\\server\\src\\server.js:2389:42)\n    at c:\\Users\\estudiante\\.vscode\\extensions\\uqbar.wollok-lsp-ide-0.5.4\\out\\server\\src\\server.js:2389:2988\n    at c:\\Users\\estudiante\\.vscode\\extensions\\uqbar.wollok-lsp-ide-0.5.4\\out\\server\\src\\server.js:2398:8440\n    at c:\\Users\\estudiante\\.vscode\\extensions\\uqbar.wollok-lsp-ide-0.5.4\\out\\server\\src\\server.js:37:74872\n    at Ke (c:\\Users\\estudiante\\.vscode\\extensions\\uqbar.wollok-lsp-ide-0.5.4\\out\\server\\src\\server.js:7:8527)\n    at Lt (c:\\Users\\estudiante\\.vscode\\extensions\\uqbar.wollok-lsp-ide-0.5.4\\out\\server\\src\\server.js:7:6189)\n    at ct (c:\\Users\\estudiante\\.vscode\\extensions\\uqbar.wollok-lsp-ide-0.5.4\\out\\server\\src\\server.js:7:6378)\n    at Immediate._onImmediate (c:\\Users\\estudiante\\.vscode\\extensions\\uqbar.wollok-lsp-ide-0.5.4\\out\\server\\src\\server.js:7:6142)\n    at process.processImmediate (node:internal/timers:484:21)","timestamp":"2026-05-13T22:35:13.720Z"}
{"level":"info","message":"⌛ Validating src/example.wlk","timeElapsed":184,"timestamp":"2026-05-13T22:35:14.028Z"}
{"level":"info","message":"⌛ Validating src/example.wlk","timeElapsed":181,"timestamp":"2026-05-13T22:35:14.372Z"}
{"level":"info","message":"⌛ Building environment","timeElapsed":136,"timestamp":"2026-05-13T22:35:14.508Z"}
{"level":"info","message":"⌛ Validating src/example.wlk","timeElapsed":145,"timestamp":"2026-05-13T22:35:14.663Z"}
{"level":"info","message":"⌛ Validating src/example.wlk","timeElapsed":151,"timestamp":"2026-05-13T22:35:14.817Z"}
{"level":"info","message":"⌛ Validating src/example.wlk","timeElapsed":116,"timestamp":"2026-05-13T22:35:14.941Z"}
{"level":"info","message":"⌛ Validating src/example.wlk","timeElapsed":133,"timestamp":"2026-05-13T22:35:15.077Z"}
{"level":"info","message":"⌛ Building environment","timeElapsed":134,"timestamp":"2026-05-13T22:35:15.215Z"}
{"level":"info","message":"⌛ Validating src/example.wlk","timeElapsed":157,"timestamp":"2026-05-13T22:35:15.467Z"}
{"level":"info","message":"⌛ Validating src/example.wlk","timeElapsed":129,"timestamp":"2026-05-13T22:35:15.607Z"}
{"level":"info","message":"⌛ Validating src/example.wlk","timeElapsed":133,"timestamp":"2026-05-13T22:35:15.743Z"}
{"level":"info","message":"⌛ Building environment","timeElapsed":224,"timestamp":"2026-05-13T22:35:16.186Z"}
{"level":"info","message":"⌛ Building environment","timeElapsed":111,"timestamp":"2026-05-13T22:35:16.298Z"}
{"level":"info","message":"⌛ Building environment","timeElapsed":293,"timestamp":"2026-05-13T22:35:16.680Z"}
{"level":"error","message":"✘ Completions for node Parameter ([2:27, 2:30] - src/example.wlk) failed: Error: [Parameter]{fd1cab} at src/example.wlk:2 exhausted all cases without a match [Parameter]{fd1cab} at src/example.wlk:2 exhausted all cases without a match","stack":"Error: [Parameter]{fd1cab} at src/example.wlk:2 exhausted all cases without a match\n    at c:\\Users\\estudiante\\.vscode\\extensions\\uqbar.wollok-lsp-ide-0.5.4\\out\\server\\src\\server.js:38:6142\n    at L2 (c:\\Users\\estudiante\\.vscode\\extensions\\uqbar.wollok-lsp-ide-0.5.4\\out\\server\\src\\server.js:2389:42)\n    at c:\\Users\\estudiante\\.vscode\\extensions\\uqbar.wollok-lsp-ide-0.5.4\\out\\server\\src\\server.js:2389:2988\n    at c:\\Users\\estudiante\\.vscode\\extensions\\uqbar.wollok-lsp-ide-0.5.4\\out\\server\\src\\server.js:2398:8440\n    at c:\\Users\\estudiante\\.vscode\\extensions\\uqbar.wollok-lsp-ide-0.5.4\\out\\server\\src\\server.js:37:74872\n    at Ke (c:\\Users\\estudiante\\.vscode\\extensions\\uqbar.wollok-lsp-ide-0.5.4\\out\\server\\src\\server.js:7:8527)\n    at Lt (c:\\Users\\estudiante\\.vscode\\extensions\\uqbar.wollok-lsp-ide-0.5.4\\out\\server\\src\\server.js:7:6189)\n    at ct (c:\\Users\\estudiante\\.vscode\\extensions\\uqbar.wollok-lsp-ide-0.5.4\\out\\server\\src\\server.js:7:6378)\n    at Immediate._onImmediate (c:\\Users\\estudiante\\.vscode\\extensions\\uqbar.wollok-lsp-ide-0.5.4\\out\\server\\src\\server.js:7:6142)\n    at process.processImmediate (node:internal/timers:484:21)","timestamp":"2026-05-13T22:35:16.791Z"}
{"level":"info","message":"⌛ Autocomplete - Parameter","timeElapsed":108,"timestamp":"2026-05-13T22:35:16.801Z"}
{"level":"info","message":"⌛ Validating src/example.wlk","timeElapsed":794,"timestamp":"2026-05-13T22:35:17.601Z"}
{"level":"info","message":"⌛ Building environment","timeElapsed":140,"timestamp":"2026-05-13T22:35:17.742Z"}
{"level":"info","message":"⌛ Validating src/example.wlk","timeElapsed":177,"timestamp":"2026-05-13T22:35:17.920Z"}
{"level":"info","message":"⌛ Validating src/example.wlk","timeElapsed":141,"timestamp":"2026-05-13T22:35:18.069Z"}
{"level":"info","message":"⌛ Validating src/example.wlk","timeElapsed":138,"timestamp":"2026-05-13T22:35:18.216Z"}
{"level":"info","message":"⌛ Building environment","timeElapsed":108,"timestamp":"2026-05-13T22:35:19.274Z"}
{"level":"info","message":"⌛ Validating src/example.wlk","timeElapsed":168,"timestamp":"2026-05-13T22:35:19.580Z"}
{"level":"info","message":"⌛ Validating src/example.wlk","timeElapsed":139,"timestamp":"2026-05-13T22:35:19.721Z"}
{"level":"info","message":"⌛ Building environment","timeElapsed":139,"timestamp":"2026-05-13T22:35:20.505Z"}
{"level":"info","message":"⌛ Validating src/example.wlk","timeElapsed":190,"timestamp":"2026-05-13T22:35:20.795Z"}
{"level":"info","message":"⌛ Validating src/example.wlk","timeElapsed":123,"timestamp":"2026-05-13T22:35:20.918Z"}
{"level":"info","message":"⌛ Building environment","timeElapsed":158,"timestamp":"2026-05-13T22:35:23.091Z"}
{"level":"error","message":"✘ Completions for node Send ([3:2, 3:7] - src/example.wlk) failed: Error: [Send]{6ca17c} at src/example.wlk:3 exhausted all cases without a match [Send]{6ca17c} at src/example.wlk:3 exhausted all cases without a match","stack":"Error: [Send]{6ca17c} at src/example.wlk:3 exhausted all cases without a match\n    at c:\\Users\\estudiante\\.vscode\\extensions\\uqbar.wollok-lsp-ide-0.5.4\\out\\server\\src\\server.js:38:6142\n    at L2 (c:\\Users\\estudiante\\.vscode\\extensions\\uqbar.wollok-lsp-ide-0.5.4\\out\\server\\src\\server.js:2389:42)\n    at Jh (c:\\Users\\estudiante\\.vscode\\extensions\\uqbar.wollok-lsp-ide-0.5.4\\out\\server\\src\\server.js:2389:1092)\n    at M5n (c:\\Users\\estudiante\\.vscode\\extensions\\uqbar.wollok-lsp-ide-0.5.4\\out\\server\\src\\server.js:2389:1248)\n    at c:\\Users\\estudiante\\.vscode\\extensions\\uqbar.wollok-lsp-ide-0.5.4\\out\\server\\src\\server.js:38:6131\n    at L2 (c:\\Users\\estudiante\\.vscode\\extensions\\uqbar.wollok-lsp-ide-0.5.4\\out\\server\\src\\server.js:2389:42)\n    at c:\\Users\\estudiante\\.vscode\\extensions\\uqbar.wollok-lsp-ide-0.5.4\\out\\server\\src\\server.js:2389:2988\n    at c:\\Users\\estudiante\\.vscode\\extensions\\uqbar.wollok-lsp-ide-0.5.4\\out\\server\\src\\server.js:2398:8440\n    at c:\\Users\\estudiante\\.vscode\\extensions\\uqbar.wollok-lsp-ide-0.5.4\\out\\server\\src\\server.js:37:74872\n    at Ke (c:\\Users\\estudiante\\.vscode\\extensions\\uqbar.wollok-lsp-ide-0.5.4\\out\\server\\src\\server.js:7:8527)","timestamp":"2026-05-13T22:35:23.173Z"}
{"level":"info","message":"⌛ Building environment","timeElapsed":196,"timestamp":"2026-05-13T22:35:23.378Z"}
{"level":"info","message":"⌛ Validating src/example.wlk","timeElapsed":177,"timestamp":"2026-05-13T22:35:23.567Z"}
{"level":"info","message":"⌛ Building environment","timeElapsed":157,"timestamp":"2026-05-13T22:35:23.724Z"}
{"level":"info","message":"⌛ Building environment","timeElapsed":154,"timestamp":"2026-05-13T22:35:23.902Z"}
{"level":"info","message":"⌛ Building environment","timeElapsed":107,"timestamp":"2026-05-13T22:35:24.010Z"}
{"level":"info","message":"⌛ Validating src/example.wlk","timeElapsed":143,"timestamp":"2026-05-13T22:35:24.155Z"}
{"level":"info","message":"⌛ Validating src/example.wlk","timeElapsed":141,"timestamp":"2026-05-13T22:35:24.302Z"}
{"level":"info","message":"⌛ Building environment","timeElapsed":106,"timestamp":"2026-05-13T22:35:24.409Z"}
{"level":"info","message":"⌛ Validating src/example.wlk","timeElapsed":283,"timestamp":"2026-05-13T22:35:24.693Z"}
{"level":"info","message":"⌛ Validating src/example.wlk","timeElapsed":295,"timestamp":"2026-05-13T22:35:25.029Z"}
{"level":"info","message":"⌛ Validating src/example.wlk","timeElapsed":193,"timestamp":"2026-05-13T22:35:25.230Z"}
{"level":"info","message":"⌛ Building environment","timeElapsed":112,"timestamp":"2026-05-13T22:35:25.348Z"}
{"level":"info","message":"⌛ Building environment","timeElapsed":261,"timestamp":"2026-05-13T22:35:25.669Z"}
{"level":"info","message":"⌛ Building environment","timeElapsed":159,"timestamp":"2026-05-13T22:35:25.832Z"}
{"level":"info","message":"⌛ Building environment","timeElapsed":136,"timestamp":"2026-05-13T22:35:25.972Z"}
{"level":"info","message":"⌛ Building environment","timeElapsed":142,"timestamp":"2026-05-13T22:35:26.115Z"}
{"level":"info","message":"⌛ Validating src/example.wlk","timeElapsed":266,"timestamp":"2026-05-13T22:35:26.421Z"}
{"level":"info","message":"⌛ Building environment","timeElapsed":132,"timestamp":"2026-05-13T22:35:26.662Z"}
{"level":"info","message":"⌛ Validating src/example.wlk","timeElapsed":130,"timestamp":"2026-05-13T22:35:26.823Z"}
{"level":"info","message":"⌛ Validating src/example.wlk","timeElapsed":109,"timestamp":"2026-05-13T22:35:26.935Z"}
{"level":"info","message":"⌛ Validating src/example.wlk","timeElapsed":256,"timestamp":"2026-05-13T22:35:27.192Z"}
{"level":"info","message":"⌛ Validating src/example.wlk","timeElapsed":272,"timestamp":"2026-05-13T22:35:27.466Z"}
{"level":"info","message":"⌛ Validating src/example.wlk","timeElapsed":335,"timestamp":"2026-05-13T22:35:27.835Z"}
{"level":"info","message":"⌛ Validating src/example.wlk","timeElapsed":198,"timestamp":"2026-05-13T22:35:28.035Z"}
{"level":"info","message":"⌛ Building environment","timeElapsed":115,"timestamp":"2026-05-13T22:35:28.152Z"}
{"level":"info","message":"⌛ Validating src/example.wlk","timeElapsed":445,"timestamp":"2026-05-13T22:35:28.662Z"}
{"level":"info","message":"⌛ Validating src/example.wlk","timeElapsed":454,"timestamp":"2026-05-13T22:35:29.118Z"}
{"level":"info","message":"⌛ Building environment","timeElapsed":193,"timestamp":"2026-05-13T22:35:29.885Z"}
{"level":"info","message":"⌛ Building environment","timeElapsed":284,"timestamp":"2026-05-13T22:35:30.227Z"}
{"level":"error","message":"✘ Completions for node Send ([3:5, 3:20] - src/example.wlk) failed: Error: [Send]{606bdf} at src/example.wlk:3 exhausted all cases without a match [Send]{606bdf} at src/example.wlk:3 exhausted all cases without a match","stack":"Error: [Send]{606bdf} at src/example.wlk:3 exhausted all cases without a match\n    at c:\\Users\\estudiante\\.vscode\\extensions\\uqbar.wollok-lsp-ide-0.5.4\\out\\server\\src\\server.js:38:6142\n    at L2 (c:\\Users\\estudiante\\.vscode\\extensions\\uqbar.wollok-lsp-ide-0.5.4\\out\\server\\src\\server.js:2389:42)\n    at Jh (c:\\Users\\estudiante\\.vscode\\extensions\\uqbar.wollok-lsp-ide-0.5.4\\out\\server\\src\\server.js:2389:1092)\n    at M5n (c:\\Users\\estudiante\\.vscode\\extensions\\uqbar.wollok-lsp-ide-0.5.4\\out\\server\\src\\server.js:2389:1248)\n    at c:\\Users\\estudiante\\.vscode\\extensions\\uqbar.wollok-lsp-ide-0.5.4\\out\\server\\src\\server.js:38:6131\n    at L2 (c:\\Users\\estudiante\\.vscode\\extensions\\uqbar.wollok-lsp-ide-0.5.4\\out\\server\\src\\server.js:2389:42)\n    at c:\\Users\\estudiante\\.vscode\\extensions\\uqbar.wollok-lsp-ide-0.5.4\\out\\server\\src\\server.js:2389:2988\n    at c:\\Users\\estudiante\\.vscode\\extensions\\uqbar.wollok-lsp-ide-0.5.4\\out\\server\\src\\server.js:2398:8440\n    at c:\\Users\\estudiante\\.vscode\\extensions\\uqbar.wollok-lsp-ide-0.5.4\\out\\server\\src\\server.js:37:74872\n    at Ke (c:\\Users\\estudiante\\.vscode\\extensions\\uqbar.wollok-lsp-ide-0.5.4\\out\\server\\src\\server.js:7:8527)","timestamp":"2026-05-13T22:35:30.326Z"}
{"level":"error","message":"✘ Completions for node Send ([3:2, 3:21] - src/example.wlk) failed: Error: [Send]{d3c1f4} at src/example.wlk:3 exhausted all cases without a match [Send]{d3c1f4} at src/example.wlk:3 exhausted all cases without a match","stack":"Error: [Send]{d3c1f4} at src/example.wlk:3 exhausted all cases without a match\n    at c:\\Users\\estudiante\\.vscode\\extensions\\uqbar.wollok-lsp-ide-0.5.4\\out\\server\\src\\server.js:38:6142\n    at L2 (c:\\Users\\estudiante\\.vscode\\extensions\\uqbar.wollok-lsp-ide-0.5.4\\out\\server\\src\\server.js:2389:42)\n    at Jh (c:\\Users\\estudiante\\.vscode\\extensions\\uqbar.wollok-lsp-ide-0.5.4\\out\\server\\src\\server.js:2389:1092)\n    at L2 (c:\\Users\\estudiante\\.vscode\\extensions\\uqbar.wollok-lsp-ide-0.5.4\\out\\server\\src\\server.js:2389:544)\n    at Jh (c:\\Users\\estudiante\\.vscode\\extensions\\uqbar.wollok-lsp-ide-0.5.4\\out\\server\\src\\server.js:2389:1092)\n    at M5n (c:\\Users\\estudiante\\.vscode\\extensions\\uqbar.wollok-lsp-ide-0.5.4\\out\\server\\src\\server.js:2389:1248)\n    at c:\\Users\\estudiante\\.vscode\\extensions\\uqbar.wollok-lsp-ide-0.5.4\\out\\server\\src\\server.js:38:6131\n    at L2 (c:\\Users\\estudiante\\.vscode\\extensions\\uqbar.wollok-lsp-ide-0.5.4\\out\\server\\src\\server.js:2389:42)\n    at c:\\Users\\estudiante\\.vscode\\extensions\\uqbar.wollok-lsp-ide-0.5.4\\out\\server\\src\\server.js:2389:2988\n    at c:\\Users\\estudiante\\.vscode\\extensions\\uqbar.wollok-lsp-ide-0.5.4\\out\\server\\src\\server.js:2398:8440","timestamp":"2026-05-13T22:35:30.327Z"}
{"level":"info","message":"⌛ Building environment","timeElapsed":208,"timestamp":"2026-05-13T22:35:30.542Z"}
{"level":"info","message":"⌛ Validating src/example.wlk","timeElapsed":422,"timestamp":"2026-05-13T22:35:30.969Z"}
{"level":"info","message":"⌛ Building environment","timeElapsed":189,"timestamp":"2026-05-13T22:35:31.249Z"}
{"level":"info","message":"⌛ Building environment","timeElapsed":200,"timestamp":"2026-05-13T22:35:31.453Z"}
{"level":"info","message":"⌛ Validating src/example.wlk","timeElapsed":187,"timestamp":"2026-05-13T22:35:31.643Z"}
{"level":"info","message":"⌛ Building environment","timeElapsed":175,"timestamp":"2026-05-13T22:35:31.835Z"}
{"level":"info","message":"⌛ Validating src/example.wlk","timeElapsed":151,"timestamp":"2026-05-13T22:35:31.995Z"}
{"level":"info","message":"⌛ Validating src/example.wlk","timeElapsed":199,"timestamp":"2026-05-13T22:35:32.197Z"}
{"level":"info","message":"⌛ Building environment","timeElapsed":151,"timestamp":"2026-05-13T22:35:32.350Z"}
{"level":"info","message":"⌛ Validating src/example.wlk","timeElapsed":214,"timestamp":"2026-05-13T22:35:32.570Z"}
{"level":"info","message":"⌛ Validating src/example.wlk","timeElapsed":126,"timestamp":"2026-05-13T22:35:32.698Z"}
{"level":"info","message":"⌛ Validating src/example.wlk","timeElapsed":224,"timestamp":"2026-05-13T22:35:32.925Z"}
{"level":"info","message":"⌛ Validating src/example.wlk","timeElapsed":136,"timestamp":"2026-05-13T22:35:33.066Z"}
{"level":"info","message":"⌛ Building environment","timeElapsed":113,"timestamp":"2026-05-13T22:35:33.183Z"}
{"level":"info","message":"⌛ Building environment","timeElapsed":108,"timestamp":"2026-05-13T22:35:33.294Z"}
{"level":"info","message":"⌛ Validating src/example.wlk","timeElapsed":136,"timestamp":"2026-05-13T22:35:33.440Z"}
{"level":"info","message":"⌛ Validating src/example.wlk","timeElapsed":133,"timestamp":"2026-05-13T22:35:33.575Z"}
{"level":"info","message":"⌛ Building environment","timeElapsed":169,"timestamp":"2026-05-13T22:35:36.187Z"}
{"level":"info","message":"⌛ Building environment","timeElapsed":197,"timestamp":"2026-05-13T22:35:36.385Z"}
{"level":"error","message":"✘ Completions for node If ([3:2, 5:3] - src/example.wlk) failed: Error: [If]{5d57ff} at src/example.wlk:3 exhausted all cases without a match [If]{5d57ff} at src/example.wlk:3 exhausted all cases without a match","stack":"Error: [If]{5d57ff} at src/example.wlk:3 exhausted all cases without a match\n    at c:\\Users\\estudiante\\.vscode\\extensions\\uqbar.wollok-lsp-ide-0.5.4\\out\\server\\src\\server.js:38:6142\n    at L2 (c:\\Users\\estudiante\\.vscode\\extensions\\uqbar.wollok-lsp-ide-0.5.4\\out\\server\\src\\server.js:2389:42)\n    at Jh (c:\\Users\\estudiante\\.vscode\\extensions\\uqbar.wollok-lsp-ide-0.5.4\\out\\server\\src\\server.js:2389:1092)\n    at v5n (c:\\Users\\estudiante\\.vscode\\extensions\\uqbar.wollok-lsp-ide-0.5.4\\out\\server\\src\\server.js:2389:818)\n    at c:\\Users\\estudiante\\.vscode\\extensions\\uqbar.wollok-lsp-ide-0.5.4\\out\\server\\src\\server.js:38:6131\n    at L2 (c:\\Users\\estudiante\\.vscode\\extensions\\uqbar.wollok-lsp-ide-0.5.4\\out\\server\\src\\server.js:2389:42)\n    at Jh (c:\\Users\\estudiante\\.vscode\\extensions\\uqbar.wollok-lsp-ide-0.5.4\\out\\server\\src\\server.js:2389:1092)\n    at M5n (c:\\Users\\estudiante\\.vscode\\extensions\\uqbar.wollok-lsp-ide-0.5.4\\out\\server\\src\\server.js:2389:1248)\n    at c:\\Users\\estudiante\\.vscode\\extensions\\uqbar.wollok-lsp-ide-0.5.4\\out\\server\\src\\server.js:38:6131\n    at L2 (c:\\Users\\estudiante\\.vscode\\extensions\\uqbar.wollok-lsp-ide-0.5.4\\out\\server\\src\\server.js:2389:42)","timestamp":"2026-05-13T22:35:36.465Z"}
{"level":"info","message":"⌛ Validating src/example.wlk","timeElapsed":149,"timestamp":"2026-05-13T22:35:36.616Z"}
{"level":"info","message":"⌛ Building environment","timeElapsed":277,"timestamp":"2026-05-13T22:35:36.895Z"}
{"level":"info","message":"⌛ Building environment","timeElapsed":155,"timestamp":"2026-05-13T22:35:37.057Z"}
{"level":"info","message":"⌛ Validating src/example.wlk","timeElapsed":151,"timestamp":"2026-05-13T22:35:37.210Z"}
{"level":"info","message":"⌛ Validating src/example.wlk","timeElapsed":169,"timestamp":"2026-05-13T22:35:37.462Z"}
{"level":"info","message":"⌛ Validating src/example.wlk","timeElapsed":355,"timestamp":"2026-05-13T22:35:37.823Z"}
{"level":"info","message":"⌛ Building environment","timeElapsed":144,"timestamp":"2026-05-13T22:35:37.990Z"}
{"level":"info","message":"⌛ Building environment","timeElapsed":149,"timestamp":"2026-05-13T22:35:38.220Z"}
{"level":"info","message":"⌛ Building environment","timeElapsed":136,"timestamp":"2026-05-13T22:35:38.357Z"}
{"level":"info","message":"⌛ Building environment","timeElapsed":162,"timestamp":"2026-05-13T22:35:38.523Z"}
{"level":"info","message":"⌛ Validating src/example.wlk","timeElapsed":148,"timestamp":"2026-05-13T22:35:38.678Z"}
{"level":"info","message":"⌛ Building environment","timeElapsed":107,"timestamp":"2026-05-13T22:35:38.885Z"}
{"level":"info","message":"⌛ Validating src/example.wlk","timeElapsed":200,"timestamp":"2026-05-13T22:35:39.089Z"}
{"level":"info","message":"⌛ Validating src/example.wlk","timeElapsed":147,"timestamp":"2026-05-13T22:35:39.238Z"}
{"level":"info","message":"⌛ Validating src/example.wlk","timeElapsed":201,"timestamp":"2026-05-13T22:35:39.447Z"}
{"level":"info","message":"⌛ Validating src/example.wlk","timeElapsed":129,"timestamp":"2026-05-13T22:35:39.579Z"}
{"level":"info","message":"⌛ Validating src/example.wlk","timeElapsed":128,"timestamp":"2026-05-13T22:35:39.722Z"}
{"level":"info","message":"⌛ Building environment","timeElapsed":192,"timestamp":"2026-05-13T22:35:39.919Z"}
{"level":"info","message":"⌛ Validating src/example.wlk","timeElapsed":216,"timestamp":"2026-05-13T22:35:40.275Z"}
{"level":"info","message":"⌛ Validating src/example.wlk","timeElapsed":179,"timestamp":"2026-05-13T22:35:40.456Z"}
{"level":"info","message":"⌛ Building environment","timeElapsed":109,"timestamp":"2026-05-13T22:35:40.579Z"}
{"level":"info","message":"⌛ Building environment","timeElapsed":110,"timestamp":"2026-05-13T22:35:40.692Z"}
{"level":"info","message":"⌛ Validating src/example.wlk","timeElapsed":232,"timestamp":"2026-05-13T22:35:40.932Z"}
{"level":"info","message":"⌛ Validating src/example.wlk","timeElapsed":236,"timestamp":"2026-05-13T22:35:41.176Z"}
{"level":"info","message":"⌛ Building environment","timeElapsed":205,"timestamp":"2026-05-13T22:36:19.425Z"}
{"level":"error","message":"✘ Completions for node Literal ([4:14, 4:17] - src/example.wlk) failed: Error: E [Literal]{c1f4c0} at src/example.wlk:4 exhausted all cases without a match E [Literal]{c1f4c0} at src/example.wlk:4 exhausted all cases without a match","stack":"Error: E [Literal]{c1f4c0} at src/example.wlk:4 exhausted all cases without a match\n    at c:\\Users\\estudiante\\.vscode\\extensions\\uqbar.wollok-lsp-ide-0.5.4\\out\\server\\src\\server.js:38:6142\n    at L2 (c:\\Users\\estudiante\\.vscode\\extensions\\uqbar.wollok-lsp-ide-0.5.4\\out\\server\\src\\server.js:2389:42)\n    at c:\\Users\\estudiante\\.vscode\\extensions\\uqbar.wollok-lsp-ide-0.5.4\\out\\server\\src\\server.js:2389:2988\n    at c:\\Users\\estudiante\\.vscode\\extensions\\uqbar.wollok-lsp-ide-0.5.4\\out\\server\\src\\server.js:2398:8440\n    at c:\\Users\\estudiante\\.vscode\\extensions\\uqbar.wollok-lsp-ide-0.5.4\\out\\server\\src\\server.js:37:74872\n    at Ke (c:\\Users\\estudiante\\.vscode\\extensions\\uqbar.wollok-lsp-ide-0.5.4\\out\\server\\src\\server.js:7:8527)\n    at Lt (c:\\Users\\estudiante\\.vscode\\extensions\\uqbar.wollok-lsp-ide-0.5.4\\out\\server\\src\\server.js:7:6189)\n    at ct (c:\\Users\\estudiante\\.vscode\\extensions\\uqbar.wollok-lsp-ide-0.5.4\\out\\server\\src\\server.js:7:6378)\n    at Immediate._onImmediate (c:\\Users\\estudiante\\.vscode\\extensions\\uqbar.wollok-lsp-ide-0.5.4\\out\\server\\src\\server.js:7:6142)\n    at process.processImmediate (node:internal/timers:484:21)","timestamp":"2026-05-13T22:36:19.506Z"}
{"level":"error","message":"✘ Completions for node Send ([4:3, 4:18] - src/example.wlk) failed: Error: [Send]{8520b4} at src/example.wlk:4 exhausted all cases without a match [Send]{8520b4} at src/example.wlk:4 exhausted all cases without a match","stack":"Error: [Send]{8520b4} at src/example.wlk:4 exhausted all cases without a match\n    at c:\\Users\\estudiante\\.vscode\\extensions\\uqbar.wollok-lsp-ide-0.5.4\\out\\server\\src\\server.js:38:6142\n    at L2 (c:\\Users\\estudiante\\.vscode\\extensions\\uqbar.wollok-lsp-ide-0.5.4\\out\\server\\src\\server.js:2389:42)\n    at Jh (c:\\Users\\estudiante\\.vscode\\extensions\\uqbar.wollok-lsp-ide-0.5.4\\out\\server\\src\\server.js:2389:1092)\n    at L2 (c:\\Users\\estudiante\\.vscode\\extensions\\uqbar.wollok-lsp-ide-0.5.4\\out\\server\\src\\server.js:2389:544)\n    at c:\\Users\\estudiante\\.vscode\\extensions\\uqbar.wollok-lsp-ide-0.5.4\\out\\server\\src\\server.js:2389:2988\n    at c:\\Users\\estudiante\\.vscode\\extensions\\uqbar.wollok-lsp-ide-0.5.4\\out\\server\\src\\server.js:2398:8440\n    at c:\\Users\\estudiante\\.vscode\\extensions\\uqbar.wollok-lsp-ide-0.5.4\\out\\server\\src\\server.js:37:74872\n    at Ke (c:\\Users\\estudiante\\.vscode\\extensions\\uqbar.wollok-lsp-ide-0.5.4\\out\\server\\src\\server.js:7:8527)\n    at Lt (c:\\Users\\estudiante\\.vscode\\extensions\\uqbar.wollok-lsp-ide-0.5.4\\out\\server\\src\\server.js:7:6189)\n    at ct (c:\\Users\\estudiante\\.vscode\\extensions\\uqbar.wollok-lsp-ide-0.5.4\\out\\server\\src\\server.js:7:6378)","timestamp":"2026-05-13T22:36:19.506Z"}
{"level":"error","message":"✘ Completions for node If ([3:2, 5:3] - src/example.wlk) failed: Error: [If]{3828c1} at src/example.wlk:3 exhausted all cases without a match [If]{3828c1} at src/example.wlk:3 exhausted all cases without a match","stack":"Error: [If]{3828c1} at src/example.wlk:3 exhausted all cases without a match\n    at c:\\Users\\estudiante\\.vscode\\extensions\\uqbar.wollok-lsp-ide-0.5.4\\out\\server\\src\\server.js:38:6142\n    at L2 (c:\\Users\\estudiante\\.vscode\\extensions\\uqbar.wollok-lsp-ide-0.5.4\\out\\server\\src\\server.js:2389:42)\n    at Jh (c:\\Users\\estudiante\\.vscode\\extensions\\uqbar.wollok-lsp-ide-0.5.4\\out\\server\\src\\server.js:2389:1092)\n    at v5n (c:\\Users\\estudiante\\.vscode\\extensions\\uqbar.wollok-lsp-ide-0.5.4\\out\\server\\src\\server.js:2389:818)\n    at c:\\Users\\estudiante\\.vscode\\extensions\\uqbar.wollok-lsp-ide-0.5.4\\out\\server\\src\\server.js:38:6131\n    at L2 (c:\\Users\\estudiante\\.vscode\\extensions\\uqbar.wollok-lsp-ide-0.5.4\\out\\server\\src\\server.js:2389:42)\n    at Jh (c:\\Users\\estudiante\\.vscode\\extensions\\uqbar.wollok-lsp-ide-0.5.4\\out\\server\\src\\server.js:2389:1092)\n    at L2 (c:\\Users\\estudiante\\.vscode\\extensions\\uqbar.wollok-lsp-ide-0.5.4\\out\\server\\src\\server.js:2389:544)\n    at Jh (c:\\Users\\estudiante\\.vscode\\extensions\\uqbar.wollok-lsp-ide-0.5.4\\out\\server\\src\\server.js:2389:1092)\n    at L2 (c:\\Users\\estudiante\\.vscode\\extensions\\uqbar.wollok-lsp-ide-0.5.4\\out\\server\\src\\server.js:2389:544)","timestamp":"2026-05-13T22:36:19.506Z"}
{"level":"info","message":"⌛ Building environment","timeElapsed":231,"timestamp":"2026-05-13T22:36:19.756Z"}
{"level":"info","message":"⌛ Validating src/example.wlk","timeElapsed":172,"timestamp":"2026-05-13T22:36:19.931Z"}
{"level":"info","message":"⌛ Validating src/example.wlk","timeElapsed":117,"timestamp":"2026-05-13T22:36:20.053Z"}
{"level":"info","message":"⌛ Validating src/example.wlk","timeElapsed":142,"timestamp":"2026-05-13T22:36:20.300Z"}
{"level":"error","message":"✘ Completions for node Literal ([4:14, 4:18] - src/example.wlk) failed: Error: Es [Literal]{83ae23} at src/example.wlk:4 exhausted all cases without a match Es [Literal]{83ae23} at src/example.wlk:4 exhausted all cases without a match","stack":"Error: Es [Literal]{83ae23} at src/example.wlk:4 exhausted all cases without a match\n    at c:\\Users\\estudiante\\.vscode\\extensions\\uqbar.wollok-lsp-ide-0.5.4\\out\\server\\src\\server.js:38:6142\n    at L2 (c:\\Users\\estudiante\\.vscode\\extensions\\uqbar.wollok-lsp-ide-0.5.4\\out\\server\\src\\server.js:2389:42)\n    at c:\\Users\\estudiante\\.vscode\\extensions\\uqbar.wollok-lsp-ide-0.5.4\\out\\server\\src\\server.js:2389:2988\n    at c:\\Users\\estudiante\\.vscode\\extensions\\uqbar.wollok-lsp-ide-0.5.4\\out\\server\\src\\server.js:2398:8440\n    at c:\\Users\\estudiante\\.vscode\\extensions\\uqbar.wollok-lsp-ide-0.5.4\\out\\server\\src\\server.js:37:74872\n    at Ke (c:\\Users\\estudiante\\.vscode\\extensions\\uqbar.wollok-lsp-ide-0.5.4\\out\\server\\src\\server.js:7:8527)\n    at Lt (c:\\Users\\estudiante\\.vscode\\extensions\\uqbar.wollok-lsp-ide-0.5.4\\out\\server\\src\\server.js:7:6189)\n    at ct (c:\\Users\\estudiante\\.vscode\\extensions\\uqbar.wollok-lsp-ide-0.5.4\\out\\server\\src\\server.js:7:6378)\n    at Immediate._onImmediate (c:\\Users\\estudiante\\.vscode\\extensions\\uqbar.wollok-lsp-ide-0.5.4\\out\\server\\src\\server.js:7:6142)\n    at process.processImmediate (node:internal/timers:484:21)","timestamp":"2026-05-13T22:36:20.438Z"}
{"level":"error","message":"✘ Completions for node Send ([4:3, 4:19] - src/example.wlk) failed: Error: [Send]{d0a57a} at src/example.wlk:4 exhausted all cases without a match [Send]{d0a57a} at src/example.wlk:4 exhausted all cases without a match","stack":"Error: [Send]{d0a57a} at src/example.wlk:4 exhausted all cases without a match\n    at c:\\Users\\estudiante\\.vscode\\extensions\\uqbar.wollok-lsp-ide-0.5.4\\out\\server\\src\\server.js:38:6142\n    at L2 (c:\\Users\\estudiante\\.vscode\\extensions\\uqbar.wollok-lsp-ide-0.5.4\\out\\server\\src\\server.js:2389:42)\n    at Jh (c:\\Users\\estudiante\\.vscode\\extensions\\uqbar.wollok-lsp-ide-0.5.4\\out\\server\\src\\server.js:2389:1092)\n    at L2 (c:\\Users\\estudiante\\.vscode\\extensions\\uqbar.wollok-lsp-ide-0.5.4\\out\\server\\src\\server.js:2389:544)\n    at c:\\Users\\estudiante\\.vscode\\extensions\\uqbar.wollok-lsp-ide-0.5.4\\out\\server\\src\\server.js:2389:2988\n    at c:\\Users\\estudiante\\.vscode\\extensions\\uqbar.wollok-lsp-ide-0.5.4\\out\\server\\src\\server.js:2398:8440\n    at c:\\Users\\estudiante\\.vscode\\extensions\\uqbar.wollok-lsp-ide-0.5.4\\out\\server\\src\\server.js:37:74872\n    at Ke (c:\\Users\\estudiante\\.vscode\\extensions\\uqbar.wollok-lsp-ide-0.5.4\\out\\server\\src\\server.js:7:8527)\n    at Lt (c:\\Users\\estudiante\\.vscode\\extensions\\uqbar.wollok-lsp-ide-0.5.4\\out\\server\\src\\server.js:7:6189)\n    at ct (c:\\Users\\estudiante\\.vscode\\extensions\\uqbar.wollok-lsp-ide-0.5.4\\out\\server\\src\\server.js:7:6378)","timestamp":"2026-05-13T22:36:20.438Z"}
{"level":"error","message":"✘ Completions for node If ([3:2, 5:3] - src/example.wlk) failed: Error: [If]{c1e6c3} at src/example.wlk:3 exhausted all cases without a match [If]{c1e6c3} at src/example.wlk:3 exhausted all cases without a match","stack":"Error: [If]{c1e6c3} at src/example.wlk:3 exhausted all cases without a match\n    at c:\\Users\\estudiante\\.vscode\\extensions\\uqbar.wollok-lsp-ide-0.5.4\\out\\server\\src\\server.js:38:6142\n    at L2 (c:\\Users\\estudiante\\.vscode\\extensions\\uqbar.wollok-lsp-ide-0.5.4\\out\\server\\src\\server.js:2389:42)\n    at Jh (c:\\Users\\estudiante\\.vscode\\extensions\\uqbar.wollok-lsp-ide-0.5.4\\out\\server\\src\\server.js:2389:1092)\n    at v5n (c:\\Users\\estudiante\\.vscode\\extensions\\uqbar.wollok-lsp-ide-0.5.4\\out\\server\\src\\server.js:2389:818)\n    at c:\\Users\\estudiante\\.vscode\\extensions\\uqbar.wollok-lsp-ide-0.5.4\\out\\server\\src\\server.js:38:6131\n    at L2 (c:\\Users\\estudiante\\.vscode\\extensions\\uqbar.wollok-lsp-ide-0.5.4\\out\\server\\src\\server.js:2389:42)\n    at Jh (c:\\Users\\estudiante\\.vscode\\extensions\\uqbar.wollok-lsp-ide-0.5.4\\out\\server\\src\\server.js:2389:1092)\n    at L2 (c:\\Users\\estudiante\\.vscode\\extensions\\uqbar.wollok-lsp-ide-0.5.4\\out\\server\\src\\server.js:2389:544)\n    at Jh (c:\\Users\\estudiante\\.vscode\\extensions\\uqbar.wollok-lsp-ide-0.5.4\\out\\server\\src\\server.js:2389:1092)\n    at L2 (c:\\Users\\estudiante\\.vscode\\extensions\\uqbar.wollok-lsp-ide-0.5.4\\out\\server\\src\\server.js:2389:544)","timestamp":"2026-05-13T22:36:20.439Z"}
{"level":"info","message":"⌛ Validating src/example.wlk","timeElapsed":155,"timestamp":"2026-05-13T22:36:20.597Z"}
{"level":"info","message":"⌛ Building environment","timeElapsed":310,"timestamp":"2026-05-13T22:36:20.908Z"}
{"level":"error","message":"✘ Completions for node Literal ([4:14, 4:19] - src/example.wlk) failed: Error: Est [Literal]{180f00} at src/example.wlk:4 exhausted all cases without a match Est [Literal]{180f00} at src/example.wlk:4 exhausted all cases without a match","stack":"Error: Est [Literal]{180f00} at src/example.wlk:4 exhausted all cases without a match\n    at c:\\Users\\estudiante\\.vscode\\extensions\\uqbar.wollok-lsp-ide-0.5.4\\out\\server\\src\\server.js:38:6142\n    at L2 (c:\\Users\\estudiante\\.vscode\\extensions\\uqbar.wollok-lsp-ide-0.5.4\\out\\server\\src\\server.js:2389:42)\n    at c:\\Users\\estudiante\\.vscode\\extensions\\uqbar.wollok-lsp-ide-0.5.4\\out\\server\\src\\server.js:2389:2988\n    at c:\\Users\\estudiante\\.vscode\\extensions\\uqbar.wollok-lsp-ide-0.5.4\\out\\server\\src\\server.js:2398:8440\n    at c:\\Users\\estudiante\\.vscode\\extensions\\uqbar.wollok-lsp-ide-0.5.4\\out\\server\\src\\server.js:37:74872\n    at Ke (c:\\Users\\estudiante\\.vscode\\extensions\\uqbar.wollok-lsp-ide-0.5.4\\out\\server\\src\\server.js:7:8527)\n    at Lt (c:\\Users\\estudiante\\.vscode\\extensions\\uqbar.wollok-lsp-ide-0.5.4\\out\\server\\src\\server.js:7:6189)\n    at ct (c:\\Users\\estudiante\\.vscode\\extensions\\uqbar.wollok-lsp-ide-0.5.4\\out\\server\\src\\server.js:7:6378)\n    at Immediate._onImmediate (c:\\Users\\estudiante\\.vscode\\extensions\\uqbar.wollok-lsp-ide-0.5.4\\out\\server\\src\\server.js:7:6142)\n    at process.processImmediate (node:internal/timers:484:21)","timestamp":"2026-05-13T22:36:20.936Z"}
{"level":"error","message":"✘ Completions for node Send ([4:3, 4:20] - src/example.wlk) failed: Error: [Send]{78b017} at src/example.wlk:4 exhausted all cases without a match [Send]{78b017} at src/example.wlk:4 exhausted all cases without a match","stack":"Error: [Send]{78b017} at src/example.wlk:4 exhausted all cases without a match\n    at c:\\Users\\estudiante\\.vscode\\extensions\\uqbar.wollok-lsp-ide-0.5.4\\out\\server\\src\\server.js:38:6142\n    at L2 (c:\\Users\\estudiante\\.vscode\\extensions\\uqbar.wollok-lsp-ide-0.5.4\\out\\server\\src\\server.js:2389:42)\n    at Jh (c:\\Users\\estudiante\\.vscode\\extensions\\uqbar.wollok-lsp-ide-0.5.4\\out\\server\\src\\server.js:2389:1092)\n    at L2 (c:\\Users\\estudiante\\.vscode\\extensions\\uqbar.wollok-lsp-ide-0.5.4\\out\\server\\src\\server.js:2389:544)\n    at c:\\Users\\estudiante\\.vscode\\extensions\\uqbar.wollok-lsp-ide-0.5.4\\out\\server\\src\\server.js:2389:2988\n    at c:\\Users\\estudiante\\.vscode\\extensions\\uqbar.wollok-lsp-ide-0.5.4\\out\\server\\src\\server.js:2398:8440\n    at c:\\Users\\estudiante\\.vscode\\extensions\\uqbar.wollok-lsp-ide-0.5.4\\out\\server\\src\\server.js:37:74872\n    at Ke (c:\\Users\\estudiante\\.vscode\\extensions\\uqbar.wollok-lsp-ide-0.5.4\\out\\server\\src\\server.js:7:8527)\n    at Lt (c:\\Users\\estudiante\\.vscode\\extensions\\uqbar.wollok-lsp-ide-0.5.4\\out\\server\\src\\server.js:7:6189)\n    at ct (c:\\Users\\estudiante\\.vscode\\extensions\\uqbar.wollok-lsp-ide-0.5.4\\out\\server\\src\\server.js:7:6378)","timestamp":"2026-05-13T22:36:20.936Z"}
{"level":"error","message":"✘ Completions for node If ([3:2, 5:3] - src/example.wlk) failed: Error: [If]{f94aff} at src/example.wlk:3 exhausted all cases without a match [If]{f94aff} at src/example.wlk:3 exhausted all cases without a match","stack":"Error: [If]{f94aff} at src/example.wlk:3 exhausted all cases without a match\n    at c:\\Users\\estudiante\\.vscode\\extensions\\uqbar.wollok-lsp-ide-0.5.4\\out\\server\\src\\server.js:38:6142\n    at L2 (c:\\Users\\estudiante\\.vscode\\extensions\\uqbar.wollok-lsp-ide-0.5.4\\out\\server\\src\\server.js:2389:42)\n    at Jh (c:\\Users\\estudiante\\.vscode\\extensions\\uqbar.wollok-lsp-ide-0.5.4\\out\\server\\src\\server.js:2389:1092)\n    at v5n (c:\\Users\\estudiante\\.vscode\\extensions\\uqbar.wollok-lsp-ide-0.5.4\\out\\server\\src\\server.js:2389:818)\n    at c:\\Users\\estudiante\\.vscode\\extensions\\uqbar.wollok-lsp-ide-0.5.4\\out\\server\\src\\server.js:38:6131\n    at L2 (c:\\Users\\estudiante\\.vscode\\extensions\\uqbar.wollok-lsp-ide-0.5.4\\out\\server\\src\\server.js:2389:42)\n    at Jh (c:\\Users\\estudiante\\.vscode\\extensions\\uqbar.wollok-lsp-ide-0.5.4\\out\\server\\src\\server.js:2389:1092)\n    at L2 (c:\\Users\\estudiante\\.vscode\\extensions\\uqbar.wollok-lsp-ide-0.5.4\\out\\server\\src\\server.js:2389:544)\n    at Jh (c:\\Users\\estudiante\\.vscode\\extensions\\uqbar.wollok-lsp-ide-0.5.4\\out\\server\\src\\server.js:2389:1092)\n    at L2 (c:\\Users\\estudiante\\.vscode\\extensions\\uqbar.wollok-lsp-ide-0.5.4\\out\\server\\src\\server.js:2389:544)","timestamp":"2026-05-13T22:36:20.936Z"}
{"level":"info","message":"⌛ Building environment","timeElapsed":152,"timestamp":"2026-05-13T22:36:21.092Z"}
{"level":"info","message":"⌛ Building environment","timeElapsed":105,"timestamp":"2026-05-13T22:36:21.200Z"}
{"level":"info","message":"⌛ Building environment","timeElapsed":231,"timestamp":"2026-05-13T22:36:21.433Z"}
{"level":"info","message":"⌛ Validating src/example.wlk","timeElapsed":189,"timestamp":"2026-05-13T22:36:21.624Z"}
{"level":"info","message":"⌛ Building environment","timeElapsed":110,"timestamp":"2026-05-13T22:36:21.735Z"}
{"level":"info","message":"⌛ Validating src/example.wlk","timeElapsed":274,"timestamp":"2026-05-13T22:36:22.017Z"}
{"level":"error","message":"✘ Completions for node Literal ([4:14, 4:23] - src/example.wlk) failed: Error: Este es [Literal]{ead1f4} at src/example.wlk:4 exhausted all cases without a match Este es [Literal]{ead1f4} at src/example.wlk:4 exhausted all cases without a match","stack":"Error: Este es [Literal]{ead1f4} at src/example.wlk:4 exhausted all cases without a match\n    at c:\\Users\\estudiante\\.vscode\\extensions\\uqbar.wollok-lsp-ide-0.5.4\\out\\server\\src\\server.js:38:6142\n    at L2 (c:\\Users\\estudiante\\.vscode\\extensions\\uqbar.wollok-lsp-ide-0.5.4\\out\\server\\src\\server.js:2389:42)\n    at c:\\Users\\estudiante\\.vscode\\extensions\\uqbar.wollok-lsp-ide-0.5.4\\out\\server\\src\\server.js:2389:2988\n    at c:\\Users\\estudiante\\.vscode\\extensions\\uqbar.wollok-lsp-ide-0.5.4\\out\\server\\src\\server.js:2398:8440\n    at c:\\Users\\estudiante\\.vscode\\extensions\\uqbar.wollok-lsp-ide-0.5.4\\out\\server\\src\\server.js:37:74872\n    at Ke (c:\\Users\\estudiante\\.vscode\\extensions\\uqbar.wollok-lsp-ide-0.5.4\\out\\server\\src\\server.js:7:8527)\n    at Lt (c:\\Users\\estudiante\\.vscode\\extensions\\uqbar.wollok-lsp-ide-0.5.4\\out\\server\\src\\server.js:7:6189)\n    at ct (c:\\Users\\estudiante\\.vscode\\extensions\\uqbar.wollok-lsp-ide-0.5.4\\out\\server\\src\\server.js:7:6378)\n    at Immediate._onImmediate (c:\\Users\\estudiante\\.vscode\\extensions\\uqbar.wollok-lsp-ide-0.5.4\\out\\server\\src\\server.js:7:6142)\n    at process.processImmediate (node:internal/timers:484:21)","timestamp":"2026-05-13T22:36:22.064Z"}
{"level":"error","message":"✘ Completions for node Send ([4:3, 4:24] - src/example.wlk) failed: Error: [Send]{951853} at src/example.wlk:4 exhausted all cases without a match [Send]{951853} at src/example.wlk:4 exhausted all cases without a match","stack":"Error: [Send]{951853} at src/example.wlk:4 exhausted all cases without a match\n    at c:\\Users\\estudiante\\.vscode\\extensions\\uqbar.wollok-lsp-ide-0.5.4\\out\\server\\src\\server.js:38:6142\n    at L2 (c:\\Users\\estudiante\\.vscode\\extensions\\uqbar.wollok-lsp-ide-0.5.4\\out\\server\\src\\server.js:2389:42)\n    at Jh (c:\\Users\\estudiante\\.vscode\\extensions\\uqbar.wollok-lsp-ide-0.5.4\\out\\server\\src\\server.js:2389:1092)\n    at L2 (c:\\Users\\estudiante\\.vscode\\extensions\\uqbar.wollok-lsp-ide-0.5.4\\out\\server\\src\\server.js:2389:544)\n    at c:\\Users\\estudiante\\.vscode\\extensions\\uqbar.wollok-lsp-ide-0.5.4\\out\\server\\src\\server.js:2389:2988\n    at c:\\Users\\estudiante\\.vscode\\extensions\\uqbar.wollok-lsp-ide-0.5.4\\out\\server\\src\\server.js:2398:8440\n    at c:\\Users\\estudiante\\.vscode\\extensions\\uqbar.wollok-lsp-ide-0.5.4\\out\\server\\src\\server.js:37:74872\n    at Ke (c:\\Users\\estudiante\\.vscode\\extensions\\uqbar.wollok-lsp-ide-0.5.4\\out\\server\\src\\server.js:7:8527)\n    at Lt (c:\\Users\\estudiante\\.vscode\\extensions\\uqbar.wollok-lsp-ide-0.5.4\\out\\server\\src\\server.js:7:6189)\n    at ct (c:\\Users\\estudiante\\.vscode\\extensions\\uqbar.wollok-lsp-ide-0.5.4\\out\\server\\src\\server.js:7:6378)","timestamp":"2026-05-13T22:36:22.065Z"}
{"level":"error","message":"✘ Completions for node If ([3:2, 5:3] - src/example.wlk) failed: Error: [If]{57f5e1} at src/example.wlk:3 exhausted all cases without a match [If]{57f5e1} at src/example.wlk:3 exhausted all cases without a match","stack":"Error: [If]{57f5e1} at src/example.wlk:3 exhausted all cases without a match\n    at c:\\Users\\estudiante\\.vscode\\extensions\\uqbar.wollok-lsp-ide-0.5.4\\out\\server\\src\\server.js:38:6142\n    at L2 (c:\\Users\\estudiante\\.vscode\\extensions\\uqbar.wollok-lsp-ide-0.5.4\\out\\server\\src\\server.js:2389:42)\n    at Jh (c:\\Users\\estudiante\\.vscode\\extensions\\uqbar.wollok-lsp-ide-0.5.4\\out\\server\\src\\server.js:2389:1092)\n    at v5n (c:\\Users\\estudiante\\.vscode\\extensions\\uqbar.wollok-lsp-ide-0.5.4\\out\\server\\src\\server.js:2389:818)\n    at c:\\Users\\estudiante\\.vscode\\extensions\\uqbar.wollok-lsp-ide-0.5.4\\out\\server\\src\\server.js:38:6131\n    at L2 (c:\\Users\\estudiante\\.vscode\\extensions\\uqbar.wollok-lsp-ide-0.5.4\\out\\server\\src\\server.js:2389:42)\n    at Jh (c:\\Users\\estudiante\\.vscode\\extensions\\uqbar.wollok-lsp-ide-0.5.4\\out\\server\\src\\server.js:2389:1092)\n    at L2 (c:\\Users\\estudiante\\.vscode\\extensions\\uqbar.wollok-lsp-ide-0.5.4\\out\\server\\src\\server.js:2389:544)\n    at Jh (c:\\Users\\estudiante\\.vscode\\extensions\\uqbar.wollok-lsp-ide-0.5.4\\out\\server\\src\\server.js:2389:1092)\n    at L2 (c:\\Users\\estudiante\\.vscode\\extensions\\uqbar.wollok-lsp-ide-0.5.4\\out\\server\\src\\server.js:2389:544)","timestamp":"2026-05-13T22:36:22.065Z"}
{"level":"info","message":"⌛ Validating src/example.wlk","timeElapsed":257,"timestamp":"2026-05-13T22:36:22.401Z"}
{"level":"info","message":"⌛ Building environment","timeElapsed":173,"timestamp":"2026-05-13T22:36:22.595Z"}
{"level":"info","message":"⌛ Validating src/example.wlk","timeElapsed":148,"timestamp":"2026-05-13T22:36:22.847Z"}
{"level":"info","message":"⌛ Building environment","timeElapsed":106,"timestamp":"2026-05-13T22:36:23.038Z"}
{"level":"info","message":"⌛ Building environment","timeElapsed":246,"timestamp":"2026-05-13T22:36:23.285Z"}
{"level":"info","message":"⌛ Validating src/example.wlk","timeElapsed":127,"timestamp":"2026-05-13T22:36:23.412Z"}
{"level":"info","message":"⌛ Building environment","timeElapsed":135,"timestamp":"2026-05-13T22:36:23.555Z"}
{"level":"info","message":"⌛ Building environment","timeElapsed":262,"timestamp":"2026-05-13T22:36:23.891Z"}
{"level":"info","message":"⌛ Validating src/example.wlk","timeElapsed":304,"timestamp":"2026-05-13T22:36:24.201Z"}
{"level":"info","message":"⌛ Building environment","timeElapsed":114,"timestamp":"2026-05-13T22:36:24.399Z"}
{"level":"error","message":"✘ Completions for node Literal ([4:14, 4:34] - src/example.wlk) failed: Error: Este estudiante ya [Literal]{97f961} at src/example.wlk:4 exhausted all cases without a match Este estudiante ya [Literal]{97f961} at src/example.wlk:4 exhausted all cases without a match","stack":"Error: Este estudiante ya [Literal]{97f961} at src/example.wlk:4 exhausted all cases without a match\n    at c:\\Users\\estudiante\\.vscode\\extensions\\uqbar.wollok-lsp-ide-0.5.4\\out\\server\\src\\server.js:38:6142\n    at L2 (c:\\Users\\estudiante\\.vscode\\extensions\\uqbar.wollok-lsp-ide-0.5.4\\out\\server\\src\\server.js:2389:42)\n    at c:\\Users\\estudiante\\.vscode\\extensions\\uqbar.wollok-lsp-ide-0.5.4\\out\\server\\src\\server.js:2389:2988\n    at c:\\Users\\estudiante\\.vscode\\extensions\\uqbar.wollok-lsp-ide-0.5.4\\out\\server\\src\\server.js:2398:8440\n    at c:\\Users\\estudiante\\.vscode\\extensions\\uqbar.wollok-lsp-ide-0.5.4\\out\\server\\src\\server.js:37:74872\n    at Ke (c:\\Users\\estudiante\\.vscode\\extensions\\uqbar.wollok-lsp-ide-0.5.4\\out\\server\\src\\server.js:7:8527)\n    at Lt (c:\\Users\\estudiante\\.vscode\\extensions\\uqbar.wollok-lsp-ide-0.5.4\\out\\server\\src\\server.js:7:6189)\n    at ct (c:\\Users\\estudiante\\.vscode\\extensions\\uqbar.wollok-lsp-ide-0.5.4\\out\\server\\src\\server.js:7:6378)\n    at Immediate._onImmediate (c:\\Users\\estudiante\\.vscode\\extensions\\uqbar.wollok-lsp-ide-0.5.4\\out\\server\\src\\server.js:7:6142)\n    at process.processImmediate (node:internal/timers:484:21)","timestamp":"2026-05-13T22:36:24.424Z"}
{"level":"error","message":"✘ Completions for node Send ([4:3, 4:35] - src/example.wlk) failed: Error: [Send]{2417af} at src/example.wlk:4 exhausted all cases without a match [Send]{2417af} at src/example.wlk:4 exhausted all cases without a match","stack":"Error: [Send]{2417af} at src/example.wlk:4 exhausted all cases without a match\n    at c:\\Users\\estudiante\\.vscode\\extensions\\uqbar.wollok-lsp-ide-0.5.4\\out\\server\\src\\server.js:38:6142\n    at L2 (c:\\Users\\estudiante\\.vscode\\extensions\\uqbar.wollok-lsp-ide-0.5.4\\out\\server\\src\\server.js:2389:42)\n    at Jh (c:\\Users\\estudiante\\.vscode\\extensions\\uqbar.wollok-lsp-ide-0.5.4\\out\\server\\src\\server.js:2389:1092)\n    at L2 (c:\\Users\\estudiante\\.vscode\\extensions\\uqbar.wollok-lsp-ide-0.5.4\\out\\server\\src\\server.js:2389:544)\n    at c:\\Users\\estudiante\\.vscode\\extensions\\uqbar.wollok-lsp-ide-0.5.4\\out\\server\\src\\server.js:2389:2988\n    at c:\\Users\\estudiante\\.vscode\\extensions\\uqbar.wollok-lsp-ide-0.5.4\\out\\server\\src\\server.js:2398:8440\n    at c:\\Users\\estudiante\\.vscode\\extensions\\uqbar.wollok-lsp-ide-0.5.4\\out\\server\\src\\server.js:37:74872\n    at Ke (c:\\Users\\estudiante\\.vscode\\extensions\\uqbar.wollok-lsp-ide-0.5.4\\out\\server\\src\\server.js:7:8527)\n    at Lt (c:\\Users\\estudiante\\.vscode\\extensions\\uqbar.wollok-lsp-ide-0.5.4\\out\\server\\src\\server.js:7:6189)\n    at ct (c:\\Users\\estudiante\\.vscode\\extensions\\uqbar.wollok-lsp-ide-0.5.4\\out\\server\\src\\server.js:7:6378)","timestamp":"2026-05-13T22:36:24.424Z"}
{"level":"error","message":"✘ Completions for node If ([3:2, 5:3] - src/example.wlk) failed: Error: [If]{dc4c82} at src/example.wlk:3 exhausted all cases without a match [If]{dc4c82} at src/example.wlk:3 exhausted all cases without a match","stack":"Error: [If]{dc4c82} at src/example.wlk:3 exhausted all cases without a match\n    at c:\\Users\\estudiante\\.vscode\\extensions\\uqbar.wollok-lsp-ide-0.5.4\\out\\server\\src\\server.js:38:6142\n    at L2 (c:\\Users\\estudiante\\.vscode\\extensions\\uqbar.wollok-lsp-ide-0.5.4\\out\\server\\src\\server.js:2389:42)\n    at Jh (c:\\Users\\estudiante\\.vscode\\extensions\\uqbar.wollok-lsp-ide-0.5.4\\out\\server\\src\\server.js:2389:1092)\n    at v5n (c:\\Users\\estudiante\\.vscode\\extensions\\uqbar.wollok-lsp-ide-0.5.4\\out\\server\\src\\server.js:2389:818)\n    at c:\\Users\\estudiante\\.vscode\\extensions\\uqbar.wollok-lsp-ide-0.5.4\\out\\server\\src\\server.js:38:6131\n    at L2 (c:\\Users\\estudiante\\.vscode\\extensions\\uqbar.wollok-lsp-ide-0.5.4\\out\\server\\src\\server.js:2389:42)\n    at Jh (c:\\Users\\estudiante\\.vscode\\extensions\\uqbar.wollok-lsp-ide-0.5.4\\out\\server\\src\\server.js:2389:1092)\n    at L2 (c:\\Users\\estudiante\\.vscode\\extensions\\uqbar.wollok-lsp-ide-0.5.4\\out\\server\\src\\server.js:2389:544)\n    at Jh (c:\\Users\\estudiante\\.vscode\\extensions\\uqbar.wollok-lsp-ide-0.5.4\\out\\server\\src\\server.js:2389:1092)\n    at L2 (c:\\Users\\estudiante\\.vscode\\extensions\\uqbar.wollok-lsp-ide-0.5.4\\out\\server\\src\\server.js:2389:544)","timestamp":"2026-05-13T22:36:24.425Z"}
{"level":"info","message":"⌛ Building environment","timeElapsed":240,"timestamp":"2026-05-13T22:36:24.673Z"}
{"level":"info","message":"⌛ Building environment","timeElapsed":119,"timestamp":"2026-05-13T22:36:24.819Z"}
{"level":"info","message":"⌛ Validating src/example.wlk","timeElapsed":153,"timestamp":"2026-05-13T22:36:24.973Z"}
{"level":"info","message":"⌛ Validating src/example.wlk","timeElapsed":178,"timestamp":"2026-05-13T22:36:25.152Z"}
{"level":"info","message":"⌛ Validating src/example.wlk","timeElapsed":277,"timestamp":"2026-05-13T22:36:25.436Z"}
{"level":"info","message":"⌛ Building environment","timeElapsed":190,"timestamp":"2026-05-13T22:36:25.627Z"}
{"level":"info","message":"⌛ Validating src/example.wlk","timeElapsed":136,"timestamp":"2026-05-13T22:36:25.764Z"}
{"level":"info","message":"⌛ Building environment","timeElapsed":268,"timestamp":"2026-05-13T22:36:26.033Z"}
{"level":"info","message":"⌛ Building environment","timeElapsed":134,"timestamp":"2026-05-13T22:36:26.170Z"}
{"level":"info","message":"⌛ Validating src/example.wlk","timeElapsed":164,"timestamp":"2026-05-13T22:36:26.364Z"}
{"level":"info","message":"⌛ Validating src/example.wlk","timeElapsed":217,"timestamp":"2026-05-13T22:36:26.586Z"}
{"level":"info","message":"⌛ Validating src/example.wlk","timeElapsed":119,"timestamp":"2026-05-13T22:36:26.706Z"}
{"level":"info","message":"⌛ Validating src/example.wlk","timeElapsed":216,"timestamp":"2026-05-13T22:36:26.923Z"}
{"level":"info","message":"⌛ Building environment","timeElapsed":104,"timestamp":"2026-05-13T22:36:27.031Z"}
{"level":"info","message":"⌛ Building environment","timeElapsed":107,"timestamp":"2026-05-13T22:36:27.140Z"}
{"level":"info","message":"⌛ Validating src/example.wlk","timeElapsed":194,"timestamp":"2026-05-13T22:36:27.335Z"}
{"level":"info","message":"⌛ Validating src/example.wlk","timeElapsed":144,"timestamp":"2026-05-13T22:36:27.567Z"}
{"level":"info","message":"⌛ Validating src/example.wlk","timeElapsed":132,"timestamp":"2026-05-13T22:36:27.709Z"}
{"level":"info","message":"⌛ Building environment","timeElapsed":104,"timestamp":"2026-05-13T22:36:27.814Z"}
{"level":"error","message":"✘ Completions for node Literal ([4:14, 4:37] - src/example.wlk) failed: Error: Este estudiante ya ar [Literal]{a80266} at src/example.wlk:4 exhausted all cases without a match Este estudiante ya ar [Literal]{a80266} at src/example.wlk:4 exhausted all cases without a match","stack":"Error: Este estudiante ya ar [Literal]{a80266} at src/example.wlk:4 exhausted all cases without a match\n    at c:\\Users\\estudiante\\.vscode\\extensions\\uqbar.wollok-lsp-ide-0.5.4\\out\\server\\src\\server.js:38:6142\n    at L2 (c:\\Users\\estudiante\\.vscode\\extensions\\uqbar.wollok-lsp-ide-0.5.4\\out\\server\\src\\server.js:2389:42)\n    at c:\\Users\\estudiante\\.vscode\\extensions\\uqbar.wollok-lsp-ide-0.5.4\\out\\server\\src\\server.js:2389:2988\n    at c:\\Users\\estudiante\\.vscode\\extensions\\uqbar.wollok-lsp-ide-0.5.4\\out\\server\\src\\server.js:2398:8440\n    at c:\\Users\\estudiante\\.vscode\\extensions\\uqbar.wollok-lsp-ide-0.5.4\\out\\server\\src\\server.js:37:74872\n    at Ke (c:\\Users\\estudiante\\.vscode\\extensions\\uqbar.wollok-lsp-ide-0.5.4\\out\\server\\src\\server.js:7:8527)\n    at Lt (c:\\Users\\estudiante\\.vscode\\extensions\\uqbar.wollok-lsp-ide-0.5.4\\out\\server\\src\\server.js:7:6189)\n    at ct (c:\\Users\\estudiante\\.vscode\\extensions\\uqbar.wollok-lsp-ide-0.5.4\\out\\server\\src\\server.js:7:6378)\n    at Immediate._onImmediate (c:\\Users\\estudiante\\.vscode\\extensions\\uqbar.wollok-lsp-ide-0.5.4\\out\\server\\src\\server.js:7:6142)\n    at process.processImmediate (node:internal/timers:484:21)","timestamp":"2026-05-13T22:36:27.895Z"}
{"level":"error","message":"✘ Completions for node Send ([4:3, 4:38] - src/example.wlk) failed: Error: [Send]{6957c7} at src/example.wlk:4 exhausted all cases without a match [Send]{6957c7} at src/example.wlk:4 exhausted all cases without a match","stack":"Error: [Send]{6957c7} at src/example.wlk:4 exhausted all cases without a match\n    at c:\\Users\\estudiante\\.vscode\\extensions\\uqbar.wollok-lsp-ide-0.5.4\\out\\server\\src\\server.js:38:6142\n    at L2 (c:\\Users\\estudiante\\.vscode\\extensions\\uqbar.wollok-lsp-ide-0.5.4\\out\\server\\src\\server.js:2389:42)\n    at Jh (c:\\Users\\estudiante\\.vscode\\extensions\\uqbar.wollok-lsp-ide-0.5.4\\out\\server\\src\\server.js:2389:1092)\n    at L2 (c:\\Users\\estudiante\\.vscode\\extensions\\uqbar.wollok-lsp-ide-0.5.4\\out\\server\\src\\server.js:2389:544)\n    at c:\\Users\\estudiante\\.vscode\\extensions\\uqbar.wollok-lsp-ide-0.5.4\\out\\server\\src\\server.js:2389:2988\n    at c:\\Users\\estudiante\\.vscode\\extensions\\uqbar.wollok-lsp-ide-0.5.4\\out\\server\\src\\server.js:2398:8440\n    at c:\\Users\\estudiante\\.vscode\\extensions\\uqbar.wollok-lsp-ide-0.5.4\\out\\server\\src\\server.js:37:74872\n    at Ke (c:\\Users\\estudiante\\.vscode\\extensions\\uqbar.wollok-lsp-ide-0.5.4\\out\\server\\src\\server.js:7:8527)\n    at Lt (c:\\Users\\estudiante\\.vscode\\extensions\\uqbar.wollok-lsp-ide-0.5.4\\out\\server\\src\\server.js:7:6189)\n    at ct (c:\\Users\\estudiante\\.vscode\\extensions\\uqbar.wollok-lsp-ide-0.5.4\\out\\server\\src\\server.js:7:6378)","timestamp":"2026-05-13T22:36:27.896Z"}
{"level":"error","message":"✘ Completions for node If ([3:2, 5:3] - src/example.wlk) failed: Error: [If]{1c6345} at src/example.wlk:3 exhausted all cases without a match [If]{1c6345} at src/example.wlk:3 exhausted all cases without a match","stack":"Error: [If]{1c6345} at src/example.wlk:3 exhausted all cases without a match\n    at c:\\Users\\estudiante\\.vscode\\extensions\\uqbar.wollok-lsp-ide-0.5.4\\out\\server\\src\\server.js:38:6142\n    at L2 (c:\\Users\\estudiante\\.vscode\\extensions\\uqbar.wollok-lsp-ide-0.5.4\\out\\server\\src\\server.js:2389:42)\n    at Jh (c:\\Users\\estudiante\\.vscode\\extensions\\uqbar.wollok-lsp-ide-0.5.4\\out\\server\\src\\server.js:2389:1092)\n    at v5n (c:\\Users\\estudiante\\.vscode\\extensions\\uqbar.wollok-lsp-ide-0.5.4\\out\\server\\src\\server.js:2389:818)\n    at c:\\Users\\estudiante\\.vscode\\extensions\\uqbar.wollok-lsp-ide-0.5.4\\out\\server\\src\\server.js:38:6131\n    at L2 (c:\\Users\\estudiante\\.vscode\\extensions\\uqbar.wollok-lsp-ide-0.5.4\\out\\server\\src\\server.js:2389:42)\n    at Jh (c:\\Users\\estudiante\\.vscode\\extensions\\uqbar.wollok-lsp-ide-0.5.4\\out\\server\\src\\server.js:2389:1092)\n    at L2 (c:\\Users\\estudiante\\.vscode\\extensions\\uqbar.wollok-lsp-ide-0.5.4\\out\\server\\src\\server.js:2389:544)\n    at Jh (c:\\Users\\estudiante\\.vscode\\extensions\\uqbar.wollok-lsp-ide-0.5.4\\out\\server\\src\\server.js:2389:1092)\n    at L2 (c:\\Users\\estudiante\\.vscode\\extensions\\uqbar.wollok-lsp-ide-0.5.4\\out\\server\\src\\server.js:2389:544)","timestamp":"2026-05-13T22:36:27.897Z"}
{"level":"info","message":"⌛ Building environment","timeElapsed":187,"timestamp":"2026-05-13T22:36:28.135Z"}
{"level":"info","message":"⌛ Validating src/example.wlk","timeElapsed":218,"timestamp":"2026-05-13T22:36:28.354Z"}
{"level":"info","message":"⌛ Building environment","timeElapsed":124,"timestamp":"2026-05-13T22:36:28.480Z"}
{"level":"info","message":"⌛ Building environment","timeElapsed":245,"timestamp":"2026-05-13T22:36:28.801Z"}
{"level":"info","message":"⌛ Validating src/example.wlk","timeElapsed":126,"timestamp":"2026-05-13T22:36:28.935Z"}
{"level":"info","message":"⌛ Building environment","timeElapsed":175,"timestamp":"2026-05-13T22:36:29.361Z"}
{"level":"info","message":"⌛ Validating src/example.wlk","timeElapsed":245,"timestamp":"2026-05-13T22:36:29.615Z"}
{"level":"info","message":"⌛ Validating src/example.wlk","timeElapsed":130,"timestamp":"2026-05-13T22:36:29.859Z"}
{"level":"info","message":"⌛ Building environment","timeElapsed":225,"timestamp":"2026-05-13T22:36:30.090Z"}
{"level":"error","message":"✘ Completions for node Literal ([4:14, 4:36] - src/example.wlk) failed: Error: Este estudiante ya a [Literal]{49f418} at src/example.wlk:4 exhausted all cases without a match Este estudiante ya a [Literal]{49f418} at src/example.wlk:4 exhausted all cases without a match","stack":"Error: Este estudiante ya a [Literal]{49f418} at src/example.wlk:4 exhausted all cases without a match\n    at c:\\Users\\estudiante\\.vscode\\extensions\\uqbar.wollok-lsp-ide-0.5.4\\out\\server\\src\\server.js:38:6142\n    at L2 (c:\\Users\\estudiante\\.vscode\\extensions\\uqbar.wollok-lsp-ide-0.5.4\\out\\server\\src\\server.js:2389:42)\n    at c:\\Users\\estudiante\\.vscode\\extensions\\uqbar.wollok-lsp-ide-0.5.4\\out\\server\\src\\server.js:2389:2988\n    at c:\\Users\\estudiante\\.vscode\\extensions\\uqbar.wollok-lsp-ide-0.5.4\\out\\server\\src\\server.js:2398:8440\n    at c:\\Users\\estudiante\\.vscode\\extensions\\uqbar.wollok-lsp-ide-0.5.4\\out\\server\\src\\server.js:37:74872\n    at Ke (c:\\Users\\estudiante\\.vscode\\extensions\\uqbar.wollok-lsp-ide-0.5.4\\out\\server\\src\\server.js:7:8527)\n    at Lt (c:\\Users\\estudiante\\.vscode\\extensions\\uqbar.wollok-lsp-ide-0.5.4\\out\\server\\src\\server.js:7:6189)\n    at ct (c:\\Users\\estudiante\\.vscode\\extensions\\uqbar.wollok-lsp-ide-0.5.4\\out\\server\\src\\server.js:7:6378)\n    at Immediate._onImmediate (c:\\Users\\estudiante\\.vscode\\extensions\\uqbar.wollok-lsp-ide-0.5.4\\out\\server\\src\\server.js:7:6142)\n    at process.processImmediate (node:internal/timers:484:21)","timestamp":"2026-05-13T22:36:30.132Z"}
{"level":"error","message":"✘ Completions for node Send ([4:3, 4:37] - src/example.wlk) failed: Error: [Send]{470e84} at src/example.wlk:4 exhausted all cases without a match [Send]{470e84} at src/example.wlk:4 exhausted all cases without a match","stack":"Error: [Send]{470e84} at src/example.wlk:4 exhausted all cases without a match\n    at c:\\Users\\estudiante\\.vscode\\extensions\\uqbar.wollok-lsp-ide-0.5.4\\out\\server\\src\\server.js:38:6142\n    at L2 (c:\\Users\\estudiante\\.vscode\\extensions\\uqbar.wollok-lsp-ide-0.5.4\\out\\server\\src\\server.js:2389:42)\n    at Jh (c:\\Users\\estudiante\\.vscode\\extensions\\uqbar.wollok-lsp-ide-0.5.4\\out\\server\\src\\server.js:2389:1092)\n    at L2 (c:\\Users\\estudiante\\.vscode\\extensions\\uqbar.wollok-lsp-ide-0.5.4\\out\\server\\src\\server.js:2389:544)\n    at c:\\Users\\estudiante\\.vscode\\extensions\\uqbar.wollok-lsp-ide-0.5.4\\out\\server\\src\\server.js:2389:2988\n    at c:\\Users\\estudiante\\.vscode\\extensions\\uqbar.wollok-lsp-ide-0.5.4\\out\\server\\src\\server.js:2398:8440\n    at c:\\Users\\estudiante\\.vscode\\extensions\\uqbar.wollok-lsp-ide-0.5.4\\out\\server\\src\\server.js:37:74872\n    at Ke (c:\\Users\\estudiante\\.vscode\\extensions\\uqbar.wollok-lsp-ide-0.5.4\\out\\server\\src\\server.js:7:8527)\n    at Lt (c:\\Users\\estudiante\\.vscode\\extensions\\uqbar.wollok-lsp-ide-0.5.4\\out\\server\\src\\server.js:7:6189)\n    at ct (c:\\Users\\estudiante\\.vscode\\extensions\\uqbar.wollok-lsp-ide-0.5.4\\out\\server\\src\\server.js:7:6378)","timestamp":"2026-05-13T22:36:30.132Z"}
{"level":"error","message":"✘ Completions for node If ([3:2, 5:3] - src/example.wlk) failed: Error: [If]{9b1ebd} at src/example.wlk:3 exhausted all cases without a match [If]{9b1ebd} at src/example.wlk:3 exhausted all cases without a match","stack":"Error: [If]{9b1ebd} at src/example.wlk:3 exhausted all cases without a match\n    at c:\\Users\\estudiante\\.vscode\\extensions\\uqbar.wollok-lsp-ide-0.5.4\\out\\server\\src\\server.js:38:6142\n    at L2 (c:\\Users\\estudiante\\.vscode\\extensions\\uqbar.wollok-lsp-ide-0.5.4\\out\\server\\src\\server.js:2389:42)\n    at Jh (c:\\Users\\estudiante\\.vscode\\extensions\\uqbar.wollok-lsp-ide-0.5.4\\out\\server\\src\\server.js:2389:1092)\n    at v5n (c:\\Users\\estudiante\\.vscode\\extensions\\uqbar.wollok-lsp-ide-0.5.4\\out\\server\\src\\server.js:2389:818)\n    at c:\\Users\\estudiante\\.vscode\\extensions\\uqbar.wollok-lsp-ide-0.5.4\\out\\server\\src\\server.js:38:6131\n    at L2 (c:\\Users\\estudiante\\.vscode\\extensions\\uqbar.wollok-lsp-ide-0.5.4\\out\\server\\src\\server.js:2389:42)\n    at Jh (c:\\Users\\estudiante\\.vscode\\extensions\\uqbar.wollok-lsp-ide-0.5.4\\out\\server\\src\\server.js:2389:1092)\n    at L2 (c:\\Users\\estudiante\\.vscode\\extensions\\uqbar.wollok-lsp-ide-0.5.4\\out\\server\\src\\server.js:2389:544)\n    at Jh (c:\\Users\\estudiante\\.vscode\\extensions\\uqbar.wollok-lsp-ide-0.5.4\\out\\server\\src\\server.js:2389:1092)\n    at L2 (c:\\Users\\estudiante\\.vscode\\extensions\\uqbar.wollok-lsp-ide-0.5.4\\out\\server\\src\\server.js:2389:544)","timestamp":"2026-05-13T22:36:30.133Z"}
{"level":"info","message":"⌛ Building environment","timeElapsed":220,"timestamp":"2026-05-13T22:36:30.455Z"}
{"level":"info","message":"⌛ Building environment","timeElapsed":395,"timestamp":"2026-05-13T22:36:30.852Z"}
{"level":"info","message":"⌛ Validating src/example.wlk","timeElapsed":275,"timestamp":"2026-05-13T22:36:31.167Z"}
{"level":"info","message":"⌛ Validating src/example.wlk","timeElapsed":255,"timestamp":"2026-05-13T22:36:31.423Z"}
{"level":"info","message":"⌛ Building environment","timeElapsed":228,"timestamp":"2026-05-13T22:36:31.658Z"}
{"level":"info","message":"⌛ Building environment","timeElapsed":197,"timestamp":"2026-05-13T22:36:31.868Z"}
{"level":"info","message":"⌛ Validating src/example.wlk","timeElapsed":123,"timestamp":"2026-05-13T22:36:31.991Z"}
{"level":"info","message":"⌛ Building environment","timeElapsed":179,"timestamp":"2026-05-13T22:36:32.179Z"}
{"level":"info","message":"⌛ Building environment","timeElapsed":124,"timestamp":"2026-05-13T22:36:32.311Z"}
{"level":"info","message":"⌛ Validating src/example.wlk","timeElapsed":153,"timestamp":"2026-05-13T22:36:32.465Z"}
{"level":"info","message":"⌛ Building environment","timeElapsed":134,"timestamp":"2026-05-13T22:36:32.682Z"}
{"level":"info","message":"⌛ Validating src/example.wlk","timeElapsed":161,"timestamp":"2026-05-13T22:36:32.857Z"}
{"level":"info","message":"⌛ Building environment","timeElapsed":389,"timestamp":"2026-05-13T22:36:33.252Z"}
{"level":"info","message":"⌛ Building environment","timeElapsed":117,"timestamp":"2026-05-13T22:36:33.551Z"}
{"level":"info","message":"⌛ Validating src/example.wlk","timeElapsed":129,"timestamp":"2026-05-13T22:36:33.681Z"}
{"level":"info","message":"⌛ Validating src/example.wlk","timeElapsed":362,"timestamp":"2026-05-13T22:36:34.070Z"}
{"level":"info","message":"⌛ Validating src/example.wlk","timeElapsed":140,"timestamp":"2026-05-13T22:36:34.221Z"}
{"level":"info","message":"⌛ Validating src/example.wlk","timeElapsed":111,"timestamp":"2026-05-13T22:36:34.333Z"}
{"level":"info","message":"⌛ Validating src/example.wlk","timeElapsed":429,"timestamp":"2026-05-13T22:36:34.762Z"}
{"level":"info","message":"⌛ Validating src/example.wlk","timeElapsed":144,"timestamp":"2026-05-13T22:36:34.908Z"}
{"level":"info","message":"⌛ Validating src/example.wlk","timeElapsed":215,"timestamp":"2026-05-13T22:36:35.127Z"}
{"level":"info","message":"⌛ Validating src/example.wlk","timeElapsed":164,"timestamp":"2026-05-13T22:36:35.294Z"}
{"level":"info","message":"⌛ Validating src/example.wlk","timeElapsed":163,"timestamp":"2026-05-13T22:36:35.464Z"}
{"level":"info","message":"⌛ Validating src/example.wlk","timeElapsed":316,"timestamp":"2026-05-13T22:36:35.786Z"}
{"level":"info","message":"⌛ Validating src/example.wlk","timeElapsed":262,"timestamp":"2026-05-13T22:36:36.051Z"}
{"level":"info","message":"⌛ Validating src/example.wlk","timeElapsed":210,"timestamp":"2026-05-13T22:36:36.263Z"}
{"level":"info","message":"⌛ Validating src/example.wlk","timeElapsed":251,"timestamp":"2026-05-13T22:36:36.515Z"}
{"level":"info","message":"⌛ Validating src/example.wlk","timeElapsed":490,"timestamp":"2026-05-13T22:36:37.007Z"}
{"level":"info","message":"⌛ Validating src/example.wlk","timeElapsed":134,"timestamp":"2026-05-13T22:36:37.153Z"}
{"level":"info","message":"⌛ Validating src/example.wlk","timeElapsed":181,"timestamp":"2026-05-13T22:36:37.336Z"}
{"level":"info","message":"⌛ Validating src/example.wlk","timeElapsed":127,"timestamp":"2026-05-13T22:36:37.463Z"}
{"level":"info","message":"⌛ Validating src/example.wlk","timeElapsed":228,"timestamp":"2026-05-13T22:36:37.693Z"}
{"level":"info","message":"⌛ Validating src/example.wlk","timeElapsed":109,"timestamp":"2026-05-13T22:36:37.804Z"}
{"level":"info","message":"⌛ Validating src/example.wlk","timeElapsed":142,"timestamp":"2026-05-13T22:36:37.947Z"}
{"level":"info","message":"⌛ Validating src/example.wlk","timeElapsed":286,"timestamp":"2026-05-13T22:36:38.236Z"}
{"level":"info","message":"⌛ Building environment","timeElapsed":246,"timestamp":"2026-05-13T22:36:46.638Z"}
{"level":"error","message":"✘ Completions for node Literal ([4:14, 4:17] - src/example.wlk) failed: Error: Y [Literal]{56a982} at src/example.wlk:4 exhausted all cases without a match Y [Literal]{56a982} at src/example.wlk:4 exhausted all cases without a match","stack":"Error: Y [Literal]{56a982} at src/example.wlk:4 exhausted all cases without a match\n    at c:\\Users\\estudiante\\.vscode\\extensions\\uqbar.wollok-lsp-ide-0.5.4\\out\\server\\src\\server.js:38:6142\n    at L2 (c:\\Users\\estudiante\\.vscode\\extensions\\uqbar.wollok-lsp-ide-0.5.4\\out\\server\\src\\server.js:2389:42)\n    at c:\\Users\\estudiante\\.vscode\\extensions\\uqbar.wollok-lsp-ide-0.5.4\\out\\server\\src\\server.js:2389:2988\n    at c:\\Users\\estudiante\\.vscode\\extensions\\uqbar.wollok-lsp-ide-0.5.4\\out\\server\\src\\server.js:2398:8440\n    at c:\\Users\\estudiante\\.vscode\\extensions\\uqbar.wollok-lsp-ide-0.5.4\\out\\server\\src\\server.js:37:74872\n    at Ke (c:\\Users\\estudiante\\.vscode\\extensions\\uqbar.wollok-lsp-ide-0.5.4\\out\\server\\src\\server.js:7:8527)\n    at Lt (c:\\Users\\estudiante\\.vscode\\extensions\\uqbar.wollok-lsp-ide-0.5.4\\out\\server\\src\\server.js:7:6189)\n    at ct (c:\\Users\\estudiante\\.vscode\\extensions\\uqbar.wollok-lsp-ide-0.5.4\\out\\server\\src\\server.js:7:6378)\n    at Immediate._onImmediate (c:\\Users\\estudiante\\.vscode\\extensions\\uqbar.wollok-lsp-ide-0.5.4\\out\\server\\src\\server.js:7:6142)\n    at process.processImmediate (node:internal/timers:484:21)","timestamp":"2026-05-13T22:36:46.664Z"}
{"level":"error","message":"✘ Completions for node Send ([4:3, 4:18] - src/example.wlk) failed: Error: [Send]{2bdb03} at src/example.wlk:4 exhausted all cases without a match [Send]{2bdb03} at src/example.wlk:4 exhausted all cases without a match","stack":"Error: [Send]{2bdb03} at src/example.wlk:4 exhausted all cases without a match\n    at c:\\Users\\estudiante\\.vscode\\extensions\\uqbar.wollok-lsp-ide-0.5.4\\out\\server\\src\\server.js:38:6142\n    at L2 (c:\\Users\\estudiante\\.vscode\\extensions\\uqbar.wollok-lsp-ide-0.5.4\\out\\server\\src\\server.js:2389:42)\n    at Jh (c:\\Users\\estudiante\\.vscode\\extensions\\uqbar.wollok-lsp-ide-0.5.4\\out\\server\\src\\server.js:2389:1092)\n    at L2 (c:\\Users\\estudiante\\.vscode\\extensions\\uqbar.wollok-lsp-ide-0.5.4\\out\\server\\src\\server.js:2389:544)\n    at c:\\Users\\estudiante\\.vscode\\extensions\\uqbar.wollok-lsp-ide-0.5.4\\out\\server\\src\\server.js:2389:2988\n    at c:\\Users\\estudiante\\.vscode\\extensions\\uqbar.wollok-lsp-ide-0.5.4\\out\\server\\src\\server.js:2398:8440\n    at c:\\Users\\estudiante\\.vscode\\extensions\\uqbar.wollok-lsp-ide-0.5.4\\out\\server\\src\\server.js:37:74872\n    at Ke (c:\\Users\\estudiante\\.vscode\\extensions\\uqbar.wollok-lsp-ide-0.5.4\\out\\server\\src\\server.js:7:8527)\n    at Lt (c:\\Users\\estudiante\\.vscode\\extensions\\uqbar.wollok-lsp-ide-0.5.4\\out\\server\\src\\server.js:7:6189)\n    at ct (c:\\Users\\estudiante\\.vscode\\extensions\\uqbar.wollok-lsp-ide-0.5.4\\out\\server\\src\\server.js:7:6378)","timestamp":"2026-05-13T22:36:46.664Z"}
{"level":"error","message":"✘ Completions for node If ([3:2, 5:3] - src/example.wlk) failed: Error: [If]{9103f0} at src/example.wlk:3 exhausted all cases without a match [If]{9103f0} at src/example.wlk:3 exhausted all cases without a match","stack":"Error: [If]{9103f0} at src/example.wlk:3 exhausted all cases without a match\n    at c:\\Users\\estudiante\\.vscode\\extensions\\uqbar.wollok-lsp-ide-0.5.4\\out\\server\\src\\server.js:38:6142\n    at L2 (c:\\Users\\estudiante\\.vscode\\extensions\\uqbar.wollok-lsp-ide-0.5.4\\out\\server\\src\\server.js:2389:42)\n    at Jh (c:\\Users\\estudiante\\.vscode\\extensions\\uqbar.wollok-lsp-ide-0.5.4\\out\\server\\src\\server.js:2389:1092)\n    at v5n (c:\\Users\\estudiante\\.vscode\\extensions\\uqbar.wollok-lsp-ide-0.5.4\\out\\server\\src\\server.js:2389:818)\n    at c:\\Users\\estudiante\\.vscode\\extensions\\uqbar.wollok-lsp-ide-0.5.4\\out\\server\\src\\server.js:38:6131\n    at L2 (c:\\Users\\estudiante\\.vscode\\extensions\\uqbar.wollok-lsp-ide-0.5.4\\out\\server\\src\\server.js:2389:42)\n    at Jh (c:\\Users\\estudiante\\.vscode\\extensions\\uqbar.wollok-lsp-ide-0.5.4\\out\\server\\src\\server.js:2389:1092)\n    at L2 (c:\\Users\\estudiante\\.vscode\\extensions\\uqbar.wollok-lsp-ide-0.5.4\\out\\server\\src\\server.js:2389:544)\n    at Jh (c:\\Users\\estudiante\\.vscode\\extensions\\uqbar.wollok-lsp-ide-0.5.4\\out\\server\\src\\server.js:2389:1092)\n    at L2 (c:\\Users\\estudiante\\.vscode\\extensions\\uqbar.wollok-lsp-ide-0.5.4\\out\\server\\src\\server.js:2389:544)","timestamp":"2026-05-13T22:36:46.664Z"}
{"level":"info","message":"⌛ Building environment","timeElapsed":121,"timestamp":"2026-05-13T22:36:46.790Z"}
{"level":"info","message":"⌛ Validating src/example.wlk","timeElapsed":155,"timestamp":"2026-05-13T22:36:46.982Z"}
{"level":"info","message":"⌛ Building environment","timeElapsed":124,"timestamp":"2026-05-13T22:36:47.107Z"}
{"level":"info","message":"⌛ Validating src/example.wlk","timeElapsed":180,"timestamp":"2026-05-13T22:36:47.287Z"}
{"level":"info","message":"⌛ Building environment","timeElapsed":217,"timestamp":"2026-05-13T22:36:47.506Z"}
{"level":"info","message":"⌛ Validating src/example.wlk","timeElapsed":161,"timestamp":"2026-05-13T22:36:47.667Z"}
{"level":"info","message":"⌛ Building environment","timeElapsed":118,"timestamp":"2026-05-13T22:36:47.881Z"}
{"level":"info","message":"⌛ Building environment","timeElapsed":162,"timestamp":"2026-05-13T22:36:48.044Z"}
{"level":"info","message":"⌛ Building environment","timeElapsed":154,"timestamp":"2026-05-13T22:36:48.207Z"}
{"level":"info","message":"⌛ Validating src/example.wlk","timeElapsed":240,"timestamp":"2026-05-13T22:36:48.449Z"}
{"level":"info","message":"⌛ Building environment","timeElapsed":109,"timestamp":"2026-05-13T22:36:48.562Z"}
{"level":"error","message":"✘ Completions for node Literal ([4:14, 4:21] - src/example.wlk) failed: Error: Ya se [Literal]{a7d517} at src/example.wlk:4 exhausted all cases without a match Ya se [Literal]{a7d517} at src/example.wlk:4 exhausted all cases without a match","stack":"Error: Ya se [Literal]{a7d517} at src/example.wlk:4 exhausted all cases without a match\n    at c:\\Users\\estudiante\\.vscode\\extensions\\uqbar.wollok-lsp-ide-0.5.4\\out\\server\\src\\server.js:38:6142\n    at L2 (c:\\Users\\estudiante\\.vscode\\extensions\\uqbar.wollok-lsp-ide-0.5.4\\out\\server\\src\\server.js:2389:42)\n    at c:\\Users\\estudiante\\.vscode\\extensions\\uqbar.wollok-lsp-ide-0.5.4\\out\\server\\src\\server.js:2389:2988\n    at c:\\Users\\estudiante\\.vscode\\extensions\\uqbar.wollok-lsp-ide-0.5.4\\out\\server\\src\\server.js:2398:8440\n    at c:\\Users\\estudiante\\.vscode\\extensions\\uqbar.wollok-lsp-ide-0.5.4\\out\\server\\src\\server.js:37:74872\n    at Ke (c:\\Users\\estudiante\\.vscode\\extensions\\uqbar.wollok-lsp-ide-0.5.4\\out\\server\\src\\server.js:7:8527)\n    at Lt (c:\\Users\\estudiante\\.vscode\\extensions\\uqbar.wollok-lsp-ide-0.5.4\\out\\server\\src\\server.js:7:6189)\n    at ct (c:\\Users\\estudiante\\.vscode\\extensions\\uqbar.wollok-lsp-ide-0.5.4\\out\\server\\src\\server.js:7:6378)\n    at Immediate._onImmediate (c:\\Users\\estudiante\\.vscode\\extensions\\uqbar.wollok-lsp-ide-0.5.4\\out\\server\\src\\server.js:7:6142)\n    at process.processImmediate (node:internal/timers:484:21)","timestamp":"2026-05-13T22:36:48.613Z"}
{"level":"error","message":"✘ Completions for node Send ([4:3, 4:22] - src/example.wlk) failed: Error: [Send]{8c0378} at src/example.wlk:4 exhausted all cases without a match [Send]{8c0378} at src/example.wlk:4 exhausted all cases without a match","stack":"Error: [Send]{8c0378} at src/example.wlk:4 exhausted all cases without a match\n    at c:\\Users\\estudiante\\.vscode\\extensions\\uqbar.wollok-lsp-ide-0.5.4\\out\\server\\src\\server.js:38:6142\n    at L2 (c:\\Users\\estudiante\\.vscode\\extensions\\uqbar.wollok-lsp-ide-0.5.4\\out\\server\\src\\server.js:2389:42)\n    at Jh (c:\\Users\\estudiante\\.vscode\\extensions\\uqbar.wollok-lsp-ide-0.5.4\\out\\server\\src\\server.js:2389:1092)\n    at L2 (c:\\Users\\estudiante\\.vscode\\extensions\\uqbar.wollok-lsp-ide-0.5.4\\out\\server\\src\\server.js:2389:544)\n    at c:\\Users\\estudiante\\.vscode\\extensions\\uqbar.wollok-lsp-ide-0.5.4\\out\\server\\src\\server.js:2389:2988\n    at c:\\Users\\estudiante\\.vscode\\extensions\\uqbar.wollok-lsp-ide-0.5.4\\out\\server\\src\\server.js:2398:8440\n    at c:\\Users\\estudiante\\.vscode\\extensions\\uqbar.wollok-lsp-ide-0.5.4\\out\\server\\src\\server.js:37:74872\n    at Ke (c:\\Users\\estudiante\\.vscode\\extensions\\uqbar.wollok-lsp-ide-0.5.4\\out\\server\\src\\server.js:7:8527)\n    at Lt (c:\\Users\\estudiante\\.vscode\\extensions\\uqbar.wollok-lsp-ide-0.5.4\\out\\server\\src\\server.js:7:6189)\n    at ct (c:\\Users\\estudiante\\.vscode\\extensions\\uqbar.wollok-lsp-ide-0.5.4\\out\\server\\src\\server.js:7:6378)","timestamp":"2026-05-13T22:36:48.613Z"}
{"level":"error","message":"✘ Completions for node If ([3:2, 5:3] - src/example.wlk) failed: Error: [If]{5d1030} at src/example.wlk:3 exhausted all cases without a match [If]{5d1030} at src/example.wlk:3 exhausted all cases without a match","stack":"Error: [If]{5d1030} at src/example.wlk:3 exhausted all cases without a match\n    at c:\\Users\\estudiante\\.vscode\\extensions\\uqbar.wollok-lsp-ide-0.5.4\\out\\server\\src\\server.js:38:6142\n    at L2 (c:\\Users\\estudiante\\.vscode\\extensions\\uqbar.wollok-lsp-ide-0.5.4\\out\\server\\src\\server.js:2389:42)\n    at Jh (c:\\Users\\estudiante\\.vscode\\extensions\\uqbar.wollok-lsp-ide-0.5.4\\out\\server\\src\\server.js:2389:1092)\n    at v5n (c:\\Users\\estudiante\\.vscode\\extensions\\uqbar.wollok-lsp-ide-0.5.4\\out\\server\\src\\server.js:2389:818)\n    at c:\\Users\\estudiante\\.vscode\\extensions\\uqbar.wollok-lsp-ide-0.5.4\\out\\server\\src\\server.js:38:6131\n    at L2 (c:\\Users\\estudiante\\.vscode\\extensions\\uqbar.wollok-lsp-ide-0.5.4\\out\\server\\src\\server.js:2389:42)\n    at Jh (c:\\Users\\estudiante\\.vscode\\extensions\\uqbar.wollok-lsp-ide-0.5.4\\out\\server\\src\\server.js:2389:1092)\n    at L2 (c:\\Users\\estudiante\\.vscode\\extensions\\uqbar.wollok-lsp-ide-0.5.4\\out\\server\\src\\server.js:2389:544)\n    at Jh (c:\\Users\\estudiante\\.vscode\\extensions\\uqbar.wollok-lsp-ide-0.5.4\\out\\server\\src\\server.js:2389:1092)\n    at L2 (c:\\Users\\estudiante\\.vscode\\extensions\\uqbar.wollok-lsp-ide-0.5.4\\out\\server\\src\\server.js:2389:544)","timestamp":"2026-05-13T22:36:48.613Z"}
{"level":"info","message":"⌛ Validating src/example.wlk","timeElapsed":156,"timestamp":"2026-05-13T22:36:48.861Z"}
{"level":"info","message":"⌛ Validating src/example.wlk","timeElapsed":156,"timestamp":"2026-05-13T22:36:49.199Z"}
{"level":"info","message":"⌛ Validating src/example.wlk","timeElapsed":299,"timestamp":"2026-05-13T22:36:49.585Z"}
{"level":"info","message":"⌛ Building environment","timeElapsed":217,"timestamp":"2026-05-13T22:36:49.806Z"}
{"level":"info","message":"⌛ Validating src/example.wlk","timeElapsed":218,"timestamp":"2026-05-13T22:36:50.026Z"}
{"level":"info","message":"⌛ Building environment","timeElapsed":205,"timestamp":"2026-05-13T22:36:50.337Z"}
{"level":"info","message":"⌛ Building environment","timeElapsed":114,"timestamp":"2026-05-13T22:36:50.452Z"}
{"level":"info","message":"⌛ Validating src/example.wlk","timeElapsed":136,"timestamp":"2026-05-13T22:36:50.589Z"}
{"level":"info","message":"⌛ Validating src/example.wlk","timeElapsed":160,"timestamp":"2026-05-13T22:36:50.823Z"}
{"level":"info","message":"⌛ Building environment","timeElapsed":237,"timestamp":"2026-05-13T22:36:51.127Z"}
{"level":"info","message":"⌛ Validating src/example.wlk","timeElapsed":187,"timestamp":"2026-05-13T22:36:51.318Z"}
{"level":"info","message":"⌛ Validating src/example.wlk","timeElapsed":191,"timestamp":"2026-05-13T22:36:51.519Z"}
{"level":"info","message":"⌛ Validating src/example.wlk","timeElapsed":202,"timestamp":"2026-05-13T22:36:51.726Z"}
{"level":"info","message":"⌛ Validating src/example.wlk","timeElapsed":161,"timestamp":"2026-05-13T22:36:51.900Z"}
{"level":"info","message":"⌛ Building environment","timeElapsed":101,"timestamp":"2026-05-13T22:36:52.005Z"}
{"level":"error","message":"✘ Completions for node Literal ([4:14, 4:32] - src/example.wlk) failed: Error: Ya se registro l [Literal]{d91423} at src/example.wlk:4 exhausted all cases without a match Ya se registro l [Literal]{d91423} at src/example.wlk:4 exhausted all cases without a match","stack":"Error: Ya se registro l [Literal]{d91423} at src/example.wlk:4 exhausted all cases without a match\n    at c:\\Users\\estudiante\\.vscode\\extensions\\uqbar.wollok-lsp-ide-0.5.4\\out\\server\\src\\server.js:38:6142\n    at L2 (c:\\Users\\estudiante\\.vscode\\extensions\\uqbar.wollok-lsp-ide-0.5.4\\out\\server\\src\\server.js:2389:42)\n    at c:\\Users\\estudiante\\.vscode\\extensions\\uqbar.wollok-lsp-ide-0.5.4\\out\\server\\src\\server.js:2389:2988\n    at c:\\Users\\estudiante\\.vscode\\extensions\\uqbar.wollok-lsp-ide-0.5.4\\out\\server\\src\\server.js:2398:8440\n    at c:\\Users\\estudiante\\.vscode\\extensions\\uqbar.wollok-lsp-ide-0.5.4\\out\\server\\src\\server.js:37:74872\n    at Ke (c:\\Users\\estudiante\\.vscode\\extensions\\uqbar.wollok-lsp-ide-0.5.4\\out\\server\\src\\server.js:7:8527)\n    at Lt (c:\\Users\\estudiante\\.vscode\\extensions\\uqbar.wollok-lsp-ide-0.5.4\\out\\server\\src\\server.js:7:6189)\n    at ct (c:\\Users\\estudiante\\.vscode\\extensions\\uqbar.wollok-lsp-ide-0.5.4\\out\\server\\src\\server.js:7:6378)\n    at Immediate._onImmediate (c:\\Users\\estudiante\\.vscode\\extensions\\uqbar.wollok-lsp-ide-0.5.4\\out\\server\\src\\server.js:7:6142)\n    at process.processImmediate (node:internal/timers:484:21)","timestamp":"2026-05-13T22:36:52.031Z"}
{"level":"error","message":"✘ Completions for node Send ([4:3, 4:33] - src/example.wlk) failed: Error: [Send]{b3bd4e} at src/example.wlk:4 exhausted all cases without a match [Send]{b3bd4e} at src/example.wlk:4 exhausted all cases without a match","stack":"Error: [Send]{b3bd4e} at src/example.wlk:4 exhausted all cases without a match\n    at c:\\Users\\estudiante\\.vscode\\extensions\\uqbar.wollok-lsp-ide-0.5.4\\out\\server\\src\\server.js:38:6142\n    at L2 (c:\\Users\\estudiante\\.vscode\\extensions\\uqbar.wollok-lsp-ide-0.5.4\\out\\server\\src\\server.js:2389:42)\n    at Jh (c:\\Users\\estudiante\\.vscode\\extensions\\uqbar.wollok-lsp-ide-0.5.4\\out\\server\\src\\server.js:2389:1092)\n    at L2 (c:\\Users\\estudiante\\.vscode\\extensions\\uqbar.wollok-lsp-ide-0.5.4\\out\\server\\src\\server.js:2389:544)\n    at c:\\Users\\estudiante\\.vscode\\extensions\\uqbar.wollok-lsp-ide-0.5.4\\out\\server\\src\\server.js:2389:2988\n    at c:\\Users\\estudiante\\.vscode\\extensions\\uqbar.wollok-lsp-ide-0.5.4\\out\\server\\src\\server.js:2398:8440\n    at c:\\Users\\estudiante\\.vscode\\extensions\\uqbar.wollok-lsp-ide-0.5.4\\out\\server\\src\\server.js:37:74872\n    at Ke (c:\\Users\\estudiante\\.vscode\\extensions\\uqbar.wollok-lsp-ide-0.5.4\\out\\server\\src\\server.js:7:8527)\n    at Lt (c:\\Users\\estudiante\\.vscode\\extensions\\uqbar.wollok-lsp-ide-0.5.4\\out\\server\\src\\server.js:7:6189)\n    at ct (c:\\Users\\estudiante\\.vscode\\extensions\\uqbar.wollok-lsp-ide-0.5.4\\out\\server\\src\\server.js:7:6378)","timestamp":"2026-05-13T22:36:52.031Z"}
{"level":"error","message":"✘ Completions for node If ([3:2, 5:3] - src/example.wlk) failed: Error: [If]{0af25f} at src/example.wlk:3 exhausted all cases without a match [If]{0af25f} at src/example.wlk:3 exhausted all cases without a match","stack":"Error: [If]{0af25f} at src/example.wlk:3 exhausted all cases without a match\n    at c:\\Users\\estudiante\\.vscode\\extensions\\uqbar.wollok-lsp-ide-0.5.4\\out\\server\\src\\server.js:38:6142\n    at L2 (c:\\Users\\estudiante\\.vscode\\extensions\\uqbar.wollok-lsp-ide-0.5.4\\out\\server\\src\\server.js:2389:42)\n    at Jh (c:\\Users\\estudiante\\.vscode\\extensions\\uqbar.wollok-lsp-ide-0.5.4\\out\\server\\src\\server.js:2389:1092)\n    at v5n (c:\\Users\\estudiante\\.vscode\\extensions\\uqbar.wollok-lsp-ide-0.5.4\\out\\server\\src\\server.js:2389:818)\n    at c:\\Users\\estudiante\\.vscode\\extensions\\uqbar.wollok-lsp-ide-0.5.4\\out\\server\\src\\server.js:38:6131\n    at L2 (c:\\Users\\estudiante\\.vscode\\extensions\\uqbar.wollok-lsp-ide-0.5.4\\out\\server\\src\\server.js:2389:42)\n    at Jh (c:\\Users\\estudiante\\.vscode\\extensions\\uqbar.wollok-lsp-ide-0.5.4\\out\\server\\src\\server.js:2389:1092)\n    at L2 (c:\\Users\\estudiante\\.vscode\\extensions\\uqbar.wollok-lsp-ide-0.5.4\\out\\server\\src\\server.js:2389:544)\n    at Jh (c:\\Users\\estudiante\\.vscode\\extensions\\uqbar.wollok-lsp-ide-0.5.4\\out\\server\\src\\server.js:2389:1092)\n    at L2 (c:\\Users\\estudiante\\.vscode\\extensions\\uqbar.wollok-lsp-ide-0.5.4\\out\\server\\src\\server.js:2389:544)","timestamp":"2026-05-13T22:36:52.031Z"}
{"level":"info","message":"⌛ Building environment","timeElapsed":108,"timestamp":"2026-05-13T22:36:52.143Z"}
{"level":"info","message":"⌛ Validating src/example.wlk","timeElapsed":151,"timestamp":"2026-05-13T22:36:52.382Z"}
{"level":"info","message":"⌛ Building environment","timeElapsed":125,"timestamp":"2026-05-13T22:36:52.603Z"}
{"level":"info","message":"⌛ Validating src/example.wlk","timeElapsed":326,"timestamp":"2026-05-13T22:36:52.931Z"}
{"level":"info","message":"⌛ Building environment","timeElapsed":211,"timestamp":"2026-05-13T22:36:53.143Z"}
{"level":"info","message":"⌛ Validating src/example.wlk","timeElapsed":143,"timestamp":"2026-05-13T22:36:53.287Z"}
{"level":"info","message":"⌛ Building environment","timeElapsed":156,"timestamp":"2026-05-13T22:36:53.448Z"}
{"level":"info","message":"⌛ Validating src/example.wlk","timeElapsed":144,"timestamp":"2026-05-13T22:36:53.593Z"}
{"level":"info","message":"⌛ Validating src/example.wlk","timeElapsed":129,"timestamp":"2026-05-13T22:36:53.821Z"}
{"level":"info","message":"⌛ Building environment","timeElapsed":130,"timestamp":"2026-05-13T22:36:54.053Z"}
{"level":"info","message":"⌛ Building environment","timeElapsed":370,"timestamp":"2026-05-13T22:36:54.424Z"}
{"level":"info","message":"⌛ Validating src/example.wlk","timeElapsed":236,"timestamp":"2026-05-13T22:36:54.759Z"}
{"level":"info","message":"⌛ Building environment","timeElapsed":140,"timestamp":"2026-05-13T22:36:54.901Z"}
{"level":"error","message":"✘ Completions for node Literal ([4:14, 4:36] - src/example.wlk) failed: Error: Ya se registro la ap [Literal]{195db2} at src/example.wlk:4 exhausted all cases without a match Ya se registro la ap [Literal]{195db2} at src/example.wlk:4 exhausted all cases without a match","stack":"Error: Ya se registro la ap [Literal]{195db2} at src/example.wlk:4 exhausted all cases without a match\n    at c:\\Users\\estudiante\\.vscode\\extensions\\uqbar.wollok-lsp-ide-0.5.4\\out\\server\\src\\server.js:38:6142\n    at L2 (c:\\Users\\estudiante\\.vscode\\extensions\\uqbar.wollok-lsp-ide-0.5.4\\out\\server\\src\\server.js:2389:42)\n    at c:\\Users\\estudiante\\.vscode\\extensions\\uqbar.wollok-lsp-ide-0.5.4\\out\\server\\src\\server.js:2389:2988\n    at c:\\Users\\estudiante\\.vscode\\extensions\\uqbar.wollok-lsp-ide-0.5.4\\out\\server\\src\\server.js:2398:8440\n    at c:\\Users\\estudiante\\.vscode\\extensions\\uqbar.wollok-lsp-ide-0.5.4\\out\\server\\src\\server.js:37:74872\n    at Ke (c:\\Users\\estudiante\\.vscode\\extensions\\uqbar.wollok-lsp-ide-0.5.4\\out\\server\\src\\server.js:7:8527)\n    at Lt (c:\\Users\\estudiante\\.vscode\\extensions\\uqbar.wollok-lsp-ide-0.5.4\\out\\server\\src\\server.js:7:6189)\n    at ct (c:\\Users\\estudiante\\.vscode\\extensions\\uqbar.wollok-lsp-ide-0.5.4\\out\\server\\src\\server.js:7:6378)\n    at Immediate._onImmediate (c:\\Users\\estudiante\\.vscode\\extensions\\uqbar.wollok-lsp-ide-0.5.4\\out\\server\\src\\server.js:7:6142)\n    at process.processImmediate (node:internal/timers:484:21)","timestamp":"2026-05-13T22:36:54.927Z"}
{"level":"error","message":"✘ Completions for node Send ([4:3, 4:37] - src/example.wlk) failed: Error: [Send]{31269b} at src/example.wlk:4 exhausted all cases without a match [Send]{31269b} at src/example.wlk:4 exhausted all cases without a match","stack":"Error: [Send]{31269b} at src/example.wlk:4 exhausted all cases without a match\n    at c:\\Users\\estudiante\\.vscode\\extensions\\uqbar.wollok-lsp-ide-0.5.4\\out\\server\\src\\server.js:38:6142\n    at L2 (c:\\Users\\estudiante\\.vscode\\extensions\\uqbar.wollok-lsp-ide-0.5.4\\out\\server\\src\\server.js:2389:42)\n    at Jh (c:\\Users\\estudiante\\.vscode\\extensions\\uqbar.wollok-lsp-ide-0.5.4\\out\\server\\src\\server.js:2389:1092)\n    at L2 (c:\\Users\\estudiante\\.vscode\\extensions\\uqbar.wollok-lsp-ide-0.5.4\\out\\server\\src\\server.js:2389:544)\n    at c:\\Users\\estudiante\\.vscode\\extensions\\uqbar.wollok-lsp-ide-0.5.4\\out\\server\\src\\server.js:2389:2988\n    at c:\\Users\\estudiante\\.vscode\\extensions\\uqbar.wollok-lsp-ide-0.5.4\\out\\server\\src\\server.js:2398:8440\n    at c:\\Users\\estudiante\\.vscode\\extensions\\uqbar.wollok-lsp-ide-0.5.4\\out\\server\\src\\server.js:37:74872\n    at Ke (c:\\Users\\estudiante\\.vscode\\extensions\\uqbar.wollok-lsp-ide-0.5.4\\out\\server\\src\\server.js:7:8527)\n    at Lt (c:\\Users\\estudiante\\.vscode\\extensions\\uqbar.wollok-lsp-ide-0.5.4\\out\\server\\src\\server.js:7:6189)\n    at ct (c:\\Users\\estudiante\\.vscode\\extensions\\uqbar.wollok-lsp-ide-0.5.4\\out\\server\\src\\server.js:7:6378)","timestamp":"2026-05-13T22:36:54.928Z"}
{"level":"error","message":"✘ Completions for node If ([3:2, 5:3] - src/example.wlk) failed: Error: [If]{4d9a76} at src/example.wlk:3 exhausted all cases without a match [If]{4d9a76} at src/example.wlk:3 exhausted all cases without a match","stack":"Error: [If]{4d9a76} at src/example.wlk:3 exhausted all cases without a match\n    at c:\\Users\\estudiante\\.vscode\\extensions\\uqbar.wollok-lsp-ide-0.5.4\\out\\server\\src\\server.js:38:6142\n    at L2 (c:\\Users\\estudiante\\.vscode\\extensions\\uqbar.wollok-lsp-ide-0.5.4\\out\\server\\src\\server.js:2389:42)\n    at Jh (c:\\Users\\estudiante\\.vscode\\extensions\\uqbar.wollok-lsp-ide-0.5.4\\out\\server\\src\\server.js:2389:1092)\n    at v5n (c:\\Users\\estudiante\\.vscode\\extensions\\uqbar.wollok-lsp-ide-0.5.4\\out\\server\\src\\server.js:2389:818)\n    at c:\\Users\\estudiante\\.vscode\\extensions\\uqbar.wollok-lsp-ide-0.5.4\\out\\server\\src\\server.js:38:6131\n    at L2 (c:\\Users\\estudiante\\.vscode\\extensions\\uqbar.wollok-lsp-ide-0.5.4\\out\\server\\src\\server.js:2389:42)\n    at Jh (c:\\Users\\estudiante\\.vscode\\extensions\\uqbar.wollok-lsp-ide-0.5.4\\out\\server\\src\\server.js:2389:1092)\n    at L2 (c:\\Users\\estudiante\\.vscode\\extensions\\uqbar.wollok-lsp-ide-0.5.4\\out\\server\\src\\server.js:2389:544)\n    at Jh (c:\\Users\\estudiante\\.vscode\\extensions\\uqbar.wollok-lsp-ide-0.5.4\\out\\server\\src\\server.js:2389:1092)\n    at L2 (c:\\Users\\estudiante\\.vscode\\extensions\\uqbar.wollok-lsp-ide-0.5.4\\out\\server\\src\\server.js:2389:544)","timestamp":"2026-05-13T22:36:54.928Z"}
{"level":"info","message":"⌛ Validating src/example.wlk","timeElapsed":164,"timestamp":"2026-05-13T22:36:55.096Z"}
{"level":"info","message":"⌛ Building environment","timeElapsed":234,"timestamp":"2026-05-13T22:36:55.330Z"}
{"level":"info","message":"⌛ Validating src/example.wlk","timeElapsed":148,"timestamp":"2026-05-13T22:36:55.492Z"}
{"level":"info","message":"⌛ Building environment","timeElapsed":203,"timestamp":"2026-05-13T22:36:55.700Z"}
{"level":"info","message":"⌛ Validating src/example.wlk","timeElapsed":301,"timestamp":"2026-05-13T22:36:56.105Z"}
{"level":"info","message":"⌛ Validating src/example.wlk","timeElapsed":108,"timestamp":"2026-05-13T22:36:56.215Z"}
{"level":"info","message":"⌛ Building environment","timeElapsed":108,"timestamp":"2026-05-13T22:36:56.589Z"}
{"level":"info","message":"⌛ Validating src/example.wlk","timeElapsed":158,"timestamp":"2026-05-13T22:36:56.748Z"}
{"level":"info","message":"⌛ Validating src/example.wlk","timeElapsed":177,"timestamp":"2026-05-13T22:36:57.018Z"}
{"level":"info","message":"⌛ Building environment","timeElapsed":106,"timestamp":"2026-05-13T22:36:57.206Z"}
{"level":"info","message":"⌛ Validating src/example.wlk","timeElapsed":121,"timestamp":"2026-05-13T22:36:57.327Z"}
{"level":"info","message":"⌛ Validating src/example.wlk","timeElapsed":133,"timestamp":"2026-05-13T22:36:57.603Z"}
{"level":"info","message":"⌛ Building environment","timeElapsed":101,"timestamp":"2026-05-13T22:36:57.705Z"}
{"level":"info","message":"⌛ Building environment","timeElapsed":348,"timestamp":"2026-05-13T22:36:58.066Z"}
{"level":"info","message":"⌛ Validating src/example.wlk","timeElapsed":263,"timestamp":"2026-05-13T22:36:58.330Z"}
{"level":"info","message":"⌛ Building environment","timeElapsed":106,"timestamp":"2026-05-13T22:36:58.438Z"}
{"level":"info","message":"⌛ Building environment","timeElapsed":201,"timestamp":"2026-05-13T22:36:58.817Z"}
{"level":"info","message":"⌛ Validating src/example.wlk","timeElapsed":129,"timestamp":"2026-05-13T22:36:58.947Z"}
{"level":"info","message":"⌛ Validating src/example.wlk","timeElapsed":160,"timestamp":"2026-05-13T22:36:59.114Z"}
{"level":"info","message":"⌛ Building environment","timeElapsed":578,"timestamp":"2026-05-13T22:36:59.693Z"}
{"level":"info","message":"⌛ Building environment","timeElapsed":214,"timestamp":"2026-05-13T22:36:59.909Z"}
{"level":"info","message":"⌛ Building environment","timeElapsed":147,"timestamp":"2026-05-13T22:37:00.060Z"}
{"level":"info","message":"⌛ Validating src/example.wlk","timeElapsed":162,"timestamp":"2026-05-13T22:37:00.223Z"}
{"level":"info","message":"⌛ Building environment","timeElapsed":153,"timestamp":"2026-05-13T22:37:00.469Z"}
{"level":"error","message":"✘ Completions for node Literal ([4:14, 4:54] - src/example.wlk) failed: Error: Ya se registro la aprobacion de esta m [Literal]{05ced8} at src/example.wlk:4 exhausted all cases without a match Ya se registro la aprobacion de esta m [Literal]{05ced8} at src/example.wlk:4 exhausted all cases without a match","stack":"Error: Ya se registro la aprobacion de esta m [Literal]{05ced8} at src/example.wlk:4 exhausted all cases without a match\n    at c:\\Users\\estudiante\\.vscode\\extensions\\uqbar.wollok-lsp-ide-0.5.4\\out\\server\\src\\server.js:38:6142\n    at L2 (c:\\Users\\estudiante\\.vscode\\extensions\\uqbar.wollok-lsp-ide-0.5.4\\out\\server\\src\\server.js:2389:42)\n    at c:\\Users\\estudiante\\.vscode\\extensions\\uqbar.wollok-lsp-ide-0.5.4\\out\\server\\src\\server.js:2389:2988\n    at c:\\Users\\estudiante\\.vscode\\extensions\\uqbar.wollok-lsp-ide-0.5.4\\out\\server\\src\\server.js:2398:8440\n    at c:\\Users\\estudiante\\.vscode\\extensions\\uqbar.wollok-lsp-ide-0.5.4\\out\\server\\src\\server.js:37:74872\n    at Ke (c:\\Users\\estudiante\\.vscode\\extensions\\uqbar.wollok-lsp-ide-0.5.4\\out\\server\\src\\server.js:7:8527)\n    at Lt (c:\\Users\\estudiante\\.vscode\\extensions\\uqbar.wollok-lsp-ide-0.5.4\\out\\server\\src\\server.js:7:6189)\n    at ct (c:\\Users\\estudiante\\.vscode\\extensions\\uqbar.wollok-lsp-ide-0.5.4\\out\\server\\src\\server.js:7:6378)\n    at Immediate._onImmediate (c:\\Users\\estudiante\\.vscode\\extensions\\uqbar.wollok-lsp-ide-0.5.4\\out\\server\\src\\server.js:7:6142)\n    at process.processImmediate (node:internal/timers:484:21)","timestamp":"2026-05-13T22:37:00.602Z"}
{"level":"error","message":"✘ Completions for node Send ([4:3, 4:55] - src/example.wlk) failed: Error: [Send]{dbb7d8} at src/example.wlk:4 exhausted all cases without a match [Send]{dbb7d8} at src/example.wlk:4 exhausted all cases without a match","stack":"Error: [Send]{dbb7d8} at src/example.wlk:4 exhausted all cases without a match\n    at c:\\Users\\estudiante\\.vscode\\extensions\\uqbar.wollok-lsp-ide-0.5.4\\out\\server\\src\\server.js:38:6142\n    at L2 (c:\\Users\\estudiante\\.vscode\\extensions\\uqbar.wollok-lsp-ide-0.5.4\\out\\server\\src\\server.js:2389:42)\n    at Jh (c:\\Users\\estudiante\\.vscode\\extensions\\uqbar.wollok-lsp-ide-0.5.4\\out\\server\\src\\server.js:2389:1092)\n    at L2 (c:\\Users\\estudiante\\.vscode\\extensions\\uqbar.wollok-lsp-ide-0.5.4\\out\\server\\src\\server.js:2389:544)\n    at c:\\Users\\estudiante\\.vscode\\extensions\\uqbar.wollok-lsp-ide-0.5.4\\out\\server\\src\\server.js:2389:2988\n    at c:\\Users\\estudiante\\.vscode\\extensions\\uqbar.wollok-lsp-ide-0.5.4\\out\\server\\src\\server.js:2398:8440\n    at c:\\Users\\estudiante\\.vscode\\extensions\\uqbar.wollok-lsp-ide-0.5.4\\out\\server\\src\\server.js:37:74872\n    at Ke (c:\\Users\\estudiante\\.vscode\\extensions\\uqbar.wollok-lsp-ide-0.5.4\\out\\server\\src\\server.js:7:8527)\n    at Lt (c:\\Users\\estudiante\\.vscode\\extensions\\uqbar.wollok-lsp-ide-0.5.4\\out\\server\\src\\server.js:7:6189)\n    at ct (c:\\Users\\estudiante\\.vscode\\extensions\\uqbar.wollok-lsp-ide-0.5.4\\out\\server\\src\\server.js:7:6378)","timestamp":"2026-05-13T22:37:00.603Z"}
{"level":"error","message":"✘ Completions for node If ([3:2, 5:3] - src/example.wlk) failed: Error: [If]{e00f41} at src/example.wlk:3 exhausted all cases without a match [If]{e00f41} at src/example.wlk:3 exhausted all cases without a match","stack":"Error: [If]{e00f41} at src/example.wlk:3 exhausted all cases without a match\n    at c:\\Users\\estudiante\\.vscode\\extensions\\uqbar.wollok-lsp-ide-0.5.4\\out\\server\\src\\server.js:38:6142\n    at L2 (c:\\Users\\estudiante\\.vscode\\extensions\\uqbar.wollok-lsp-ide-0.5.4\\out\\server\\src\\server.js:2389:42)\n    at Jh (c:\\Users\\estudiante\\.vscode\\extensions\\uqbar.wollok-lsp-ide-0.5.4\\out\\server\\src\\server.js:2389:1092)\n    at v5n (c:\\Users\\estudiante\\.vscode\\extensions\\uqbar.wollok-lsp-ide-0.5.4\\out\\server\\src\\server.js:2389:818)\n    at c:\\Users\\estudiante\\.vscode\\extensions\\uqbar.wollok-lsp-ide-0.5.4\\out\\server\\src\\server.js:38:6131\n    at L2 (c:\\Users\\estudiante\\.vscode\\extensions\\uqbar.wollok-lsp-ide-0.5.4\\out\\server\\src\\server.js:2389:42)\n    at Jh (c:\\Users\\estudiante\\.vscode\\extensions\\uqbar.wollok-lsp-ide-0.5.4\\out\\server\\src\\server.js:2389:1092)\n    at L2 (c:\\Users\\estudiante\\.vscode\\extensions\\uqbar.wollok-lsp-ide-0.5.4\\out\\server\\src\\server.js:2389:544)\n    at Jh (c:\\Users\\estudiante\\.vscode\\extensions\\uqbar.wollok-lsp-ide-0.5.4\\out\\server\\src\\server.js:2389:1092)\n    at L2 (c:\\Users\\estudiante\\.vscode\\extensions\\uqbar.wollok-lsp-ide-0.5.4\\out\\server\\src\\server.js:2389:544)","timestamp":"2026-05-13T22:37:00.603Z"}
{"level":"info","message":"⌛ Validating src/example.wlk","timeElapsed":144,"timestamp":"2026-05-13T22:37:00.913Z"}
{"level":"info","message":"⌛ Building environment","timeElapsed":173,"timestamp":"2026-05-13T22:37:01.088Z"}
{"level":"info","message":"⌛ Building environment","timeElapsed":152,"timestamp":"2026-05-13T22:37:01.262Z"}
{"level":"info","message":"⌛ Validating src/example.wlk","timeElapsed":107,"timestamp":"2026-05-13T22:37:01.470Z"}
{"level":"info","message":"⌛ Validating src/example.wlk","timeElapsed":118,"timestamp":"2026-05-13T22:37:01.684Z"}
{"level":"info","message":"⌛ Validating src/example.wlk","timeElapsed":220,"timestamp":"2026-05-13T22:37:01.912Z"}
{"level":"info","message":"⌛ Validating src/example.wlk","timeElapsed":264,"timestamp":"2026-05-13T22:37:02.175Z"}
{"level":"info","message":"⌛ Validating src/example.wlk","timeElapsed":165,"timestamp":"2026-05-13T22:37:02.345Z"}
{"level":"info","message":"⌛ Validating src/example.wlk","timeElapsed":117,"timestamp":"2026-05-13T22:37:02.463Z"}
{"level":"info","message":"⌛ Validating src/example.wlk","timeElapsed":121,"timestamp":"2026-05-13T22:37:02.584Z"}
{"level":"info","message":"⌛ Validating src/example.wlk","timeElapsed":165,"timestamp":"2026-05-13T22:37:02.752Z"}
{"level":"info","message":"⌛ Validating src/example.wlk","timeElapsed":111,"timestamp":"2026-05-13T22:37:02.864Z"}
{"level":"info","message":"⌛ Validating src/example.wlk","timeElapsed":102,"timestamp":"2026-05-13T22:37:02.969Z"}
{"level":"info","message":"⌛ Validating src/example.wlk","timeElapsed":250,"timestamp":"2026-05-13T22:37:03.221Z"}
{"level":"info","message":"⌛ Validating src/example.wlk","timeElapsed":173,"timestamp":"2026-05-13T22:37:03.403Z"}
{"level":"info","message":"⌛ Validating src/example.wlk","timeElapsed":149,"timestamp":"2026-05-13T22:37:03.555Z"}
{"level":"info","message":"⌛ Validating src/example.wlk","timeElapsed":138,"timestamp":"2026-05-13T22:37:03.693Z"}
{"level":"info","message":"⌛ Validating src/example.wlk","timeElapsed":163,"timestamp":"2026-05-13T22:37:03.857Z"}
{"level":"info","message":"⌛ Validating src/example.wlk","timeElapsed":105,"timestamp":"2026-05-13T22:37:03.963Z"}
{"level":"info","message":"⌛ Validating src/example.wlk","timeElapsed":303,"timestamp":"2026-05-13T22:37:04.270Z"}
{"level":"info","message":"⌛ Validating src/example.wlk","timeElapsed":160,"timestamp":"2026-05-13T22:37:04.432Z"}
{"level":"info","message":"⌛ Validating src/example.wlk","timeElapsed":232,"timestamp":"2026-05-13T22:37:04.664Z"}
{"level":"info","message":"⌛ Validating src/example.wlk","timeElapsed":171,"timestamp":"2026-05-13T22:37:04.836Z"}
{"level":"info","message":"⌛ Validating src/example.wlk","timeElapsed":117,"timestamp":"2026-05-13T22:37:04.954Z"}
{"level":"info","message":"⌛ Validating src/example.wlk","timeElapsed":139,"timestamp":"2026-05-13T22:37:05.095Z"}
{"level":"info","message":"⌛ Validating src/example.wlk","timeElapsed":120,"timestamp":"2026-05-13T22:37:05.215Z"}
{"level":"info","message":"⌛ Validating src/example.wlk","timeElapsed":268,"timestamp":"2026-05-13T22:37:05.484Z"}
{"level":"info","message":"⌛ Validating src/example.wlk","timeElapsed":145,"timestamp":"2026-05-13T22:37:05.628Z"}
{"level":"info","message":"⌛ Validating src/example.wlk","timeElapsed":139,"timestamp":"2026-05-13T22:37:05.775Z"}
{"level":"info","message":"⌛ Validating src/example.wlk","timeElapsed":199,"timestamp":"2026-05-13T22:37:06.045Z"}
{"level":"info","message":"⌛ Validating src/example.wlk","timeElapsed":157,"timestamp":"2026-05-13T22:37:06.207Z"}
{"level":"info","message":"⌛ Validating src/example.wlk","timeElapsed":124,"timestamp":"2026-05-13T22:37:06.340Z"}
{"level":"info","message":"⌛ Building environment","timeElapsed":139,"timestamp":"2026-05-13T22:37:06.481Z"}
{"level":"info","message":"⌛ Building environment","timeElapsed":153,"timestamp":"2026-05-13T22:37:06.683Z"}
{"level":"info","message":"⌛ Building environment","timeElapsed":176,"timestamp":"2026-05-13T22:37:06.861Z"}
{"level":"info","message":"⌛ Building environment","timeElapsed":216,"timestamp":"2026-05-13T22:37:07.080Z"}
{"level":"info","message":"⌛ Building environment","timeElapsed":209,"timestamp":"2026-05-13T22:37:07.317Z"}
{"level":"info","message":"⌛ Building environment","timeElapsed":139,"timestamp":"2026-05-13T22:37:07.547Z"}
{"level":"info","message":"⌛ Building environment","timeElapsed":217,"timestamp":"2026-05-13T22:37:07.765Z"}
{"level":"info","message":"⌛ Validating src/example.wlk","timeElapsed":146,"timestamp":"2026-05-13T22:37:08.094Z"}
{"level":"info","message":"⌛ Validating src/example.wlk","timeElapsed":215,"timestamp":"2026-05-13T22:37:08.326Z"}
{"level":"info","message":"⌛ Validating src/example.wlk","timeElapsed":194,"timestamp":"2026-05-13T22:37:08.616Z"}
{"level":"info","message":"⌛ Validating src/example.wlk","timeElapsed":137,"timestamp":"2026-05-13T22:37:08.755Z"}
{"level":"info","message":"⌛ Validating src/example.wlk","timeElapsed":191,"timestamp":"2026-05-13T22:37:08.949Z"}
{"level":"info","message":"⌛ Building environment","timeElapsed":259,"timestamp":"2026-05-13T22:37:09.260Z"}
{"level":"info","message":"⌛ Validating src/example.wlk","timeElapsed":192,"timestamp":"2026-05-13T22:37:09.516Z"}
{"level":"info","message":"⌛ Validating src/example.wlk","timeElapsed":166,"timestamp":"2026-05-13T22:37:09.683Z"}
{"level":"info","message":"⌛ Validating src/example.wlk","timeElapsed":201,"timestamp":"2026-05-13T22:37:09.888Z"}
{"level":"info","message":"⌛ Validating src/example.wlk","timeElapsed":200,"timestamp":"2026-05-13T22:37:10.173Z"}
{"level":"info","message":"⌛ Validating src/example.wlk","timeElapsed":142,"timestamp":"2026-05-13T22:37:10.329Z"}
{"level":"info","message":"⌛ Building environment","timeElapsed":109,"timestamp":"2026-05-13T22:37:10.438Z"}
{"level":"info","message":"⌛ Building environment","timeElapsed":150,"timestamp":"2026-05-13T22:37:10.603Z"}
{"level":"info","message":"⌛ Building environment","timeElapsed":237,"timestamp":"2026-05-13T22:37:11.001Z"}
{"level":"info","message":"⌛ Building environment","timeElapsed":205,"timestamp":"2026-05-13T22:37:11.211Z"}
{"level":"info","message":"⌛ Building environment","timeElapsed":284,"timestamp":"2026-05-13T22:37:11.598Z"}
{"level":"info","message":"⌛ Validating src/example.wlk","timeElapsed":133,"timestamp":"2026-05-13T22:37:11.734Z"}
{"level":"info","message":"⌛ Building environment","timeElapsed":130,"timestamp":"2026-05-13T22:37:11.870Z"}
{"level":"info","message":"⌛ Autocomplete - Body","timeElapsed":142,"timestamp":"2026-05-13T22:37:12.020Z"}
{"level":"info","message":"⌛ Validating src/example.wlk","timeElapsed":161,"timestamp":"2026-05-13T22:37:12.183Z"}
{"level":"info","message":"⌛ Validating src/example.wlk","timeElapsed":154,"timestamp":"2026-05-13T22:37:12.345Z"}
{"level":"info","message":"⌛ Validating src/example.wlk","timeElapsed":171,"timestamp":"2026-05-13T22:37:12.518Z"}
{"level":"info","message":"⌛ Validating src/example.wlk","timeElapsed":202,"timestamp":"2026-05-13T22:37:12.721Z"}
{"level":"info","message":"⌛ Validating src/example.wlk","timeElapsed":152,"timestamp":"2026-05-13T22:37:12.874Z"}
{"level":"info","message":"⌛ Building environment","timeElapsed":102,"timestamp":"2026-05-13T22:37:12.978Z"}
{"level":"info","message":"⌛ Validating src/example.wlk","timeElapsed":135,"timestamp":"2026-05-13T22:37:13.116Z"}
{"level":"info","message":"⌛ Building environment","timeElapsed":538,"timestamp":"2026-05-13T22:37:13.655Z"}
{"level":"info","message":"⌛ Validating src/example.wlk","timeElapsed":301,"timestamp":"2026-05-13T22:37:13.961Z"}
{"level":"info","message":"⌛ Building environment","timeElapsed":106,"timestamp":"2026-05-13T22:37:14.068Z"}
{"level":"info","message":"⌛ Validating src/example.wlk","timeElapsed":134,"timestamp":"2026-05-13T22:37:14.202Z"}
{"level":"info","message":"⌛ Validating src/example.wlk","timeElapsed":175,"timestamp":"2026-05-13T22:37:14.387Z"}
{"level":"info","message":"⌛ Validating src/example.wlk","timeElapsed":222,"timestamp":"2026-05-13T22:37:14.616Z"}
{"level":"info","message":"⌛ Building environment","timeElapsed":101,"timestamp":"2026-05-13T22:37:14.718Z"}
{"level":"info","message":"⌛ Building environment","timeElapsed":138,"timestamp":"2026-05-13T22:37:14.860Z"}
{"level":"info","message":"⌛ Validating src/example.wlk","timeElapsed":111,"timestamp":"2026-05-13T22:37:15.058Z"}
{"level":"info","message":"⌛ Validating src/example.wlk","timeElapsed":271,"timestamp":"2026-05-13T22:37:15.332Z"}
{"level":"info","message":"⌛ Validating src/example.wlk","timeElapsed":126,"timestamp":"2026-05-13T22:37:15.460Z"}
{"level":"info","message":"⌛ Validating src/example.wlk","timeElapsed":117,"timestamp":"2026-05-13T22:37:15.580Z"}
{"level":"info","message":"⌛ Validating src/example.wlk","timeElapsed":157,"timestamp":"2026-05-13T22:37:15.739Z"}
{"level":"info","message":"⌛ Building environment","timeElapsed":309,"timestamp":"2026-05-13T22:37:17.738Z"}
{"level":"info","message":"⌛ Validating src/example.wlk","timeElapsed":127,"timestamp":"2026-05-13T22:37:17.873Z"}
{"level":"info","message":"⌛ Building environment","timeElapsed":245,"timestamp":"2026-05-13T22:37:18.978Z"}
{"level":"info","message":"⌛ Validating src/example.wlk","timeElapsed":136,"timestamp":"2026-05-13T22:37:19.505Z"}
{"level":"info","message":"⌛ Building environment","timeElapsed":115,"timestamp":"2026-05-13T22:37:19.623Z"}
{"level":"info","message":"⌛ Validating src/example.wlk","timeElapsed":170,"timestamp":"2026-05-13T22:37:19.793Z"}
{"level":"info","message":"⌛ Validating src/example.wlk","timeElapsed":110,"timestamp":"2026-05-13T22:37:19.904Z"}
{"level":"info","message":"⌛ Validating src/example.wlk","timeElapsed":145,"timestamp":"2026-05-13T22:37:20.049Z"}
{"level":"info","message":"⌛ Validating src/example.wlk","timeElapsed":170,"timestamp":"2026-05-13T22:37:20.243Z"}
{"level":"info","message":"⌛ Building environment","timeElapsed":185,"timestamp":"2026-05-13T22:37:20.433Z"}
{"level":"info","message":"⌛ Validating src/example.wlk","timeElapsed":212,"timestamp":"2026-05-13T22:37:20.647Z"}
{"level":"info","message":"⌛ Building environment","timeElapsed":114,"timestamp":"2026-05-13T22:37:20.865Z"}
{"level":"info","message":"⌛ Autocomplete - Field","timeElapsed":109,"timestamp":"2026-05-13T22:37:20.976Z"}
{"level":"info","message":"⌛ Validating src/example.wlk","timeElapsed":212,"timestamp":"2026-05-13T22:37:21.189Z"}
{"level":"info","message":"⌛ Validating src/example.wlk","timeElapsed":148,"timestamp":"2026-05-13T22:37:21.350Z"}
{"level":"info","message":"⌛ Building environment","timeElapsed":111,"timestamp":"2026-05-13T22:37:21.462Z"}
{"level":"info","message":"⌛ Building environment","timeElapsed":159,"timestamp":"2026-05-13T22:37:21.650Z"}
{"level":"info","message":"⌛ Building environment","timeElapsed":246,"timestamp":"2026-05-13T22:37:21.908Z"}
{"level":"info","message":"⌛ Building environment","timeElapsed":112,"timestamp":"2026-05-13T22:37:22.023Z"}
{"level":"info","message":"⌛ Validating src/example.wlk","timeElapsed":175,"timestamp":"2026-05-13T22:37:22.198Z"}
{"level":"info","message":"⌛ Building environment","timeElapsed":170,"timestamp":"2026-05-13T22:37:22.462Z"}
{"level":"info","message":"⌛ Validating src/example.wlk","timeElapsed":127,"timestamp":"2026-05-13T22:37:22.615Z"}
{"level":"info","message":"⌛ Building environment","timeElapsed":115,"timestamp":"2026-05-13T22:37:22.733Z"}
{"level":"info","message":"⌛ Validating src/example.wlk","timeElapsed":156,"timestamp":"2026-05-13T22:37:22.891Z"}
{"level":"info","message":"⌛ Validating src/example.wlk","timeElapsed":153,"timestamp":"2026-05-13T22:37:23.049Z"}
{"level":"info","message":"⌛ Validating src/example.wlk","timeElapsed":268,"timestamp":"2026-05-13T22:37:23.513Z"}
{"level":"info","message":"⌛ Building environment","timeElapsed":168,"timestamp":"2026-05-13T22:37:23.714Z"}
{"level":"info","message":"⌛ Validating src/example.wlk","timeElapsed":198,"timestamp":"2026-05-13T22:37:23.913Z"}
{"level":"info","message":"⌛ Building environment","timeElapsed":205,"timestamp":"2026-05-13T22:37:24.119Z"}
{"level":"info","message":"⌛ Validating src/example.wlk","timeElapsed":111,"timestamp":"2026-05-13T22:37:24.266Z"}
{"level":"info","message":"⌛ Building environment","timeElapsed":107,"timestamp":"2026-05-13T22:37:24.375Z"}
{"level":"info","message":"⌛ Building environment","timeElapsed":140,"timestamp":"2026-05-13T22:37:24.610Z"}
{"level":"info","message":"⌛ Validating src/example.wlk","timeElapsed":210,"timestamp":"2026-05-13T22:37:24.822Z"}
{"level":"info","message":"⌛ Validating src/example.wlk","timeElapsed":168,"timestamp":"2026-05-13T22:37:25.085Z"}
{"level":"info","message":"⌛ Validating src/example.wlk","timeElapsed":148,"timestamp":"2026-05-13T22:37:25.252Z"}
{"level":"info","message":"⌛ Validating src/example.wlk","timeElapsed":116,"timestamp":"2026-05-13T22:37:25.374Z"}
{"level":"info","message":"⌛ Validating src/example.wlk","timeElapsed":116,"timestamp":"2026-05-13T22:37:25.493Z"}
{"level":"info","message":"⌛ Validating src/example.wlk","timeElapsed":149,"timestamp":"2026-05-13T22:37:25.645Z"}
{"level":"info","message":"⌛ Validating src/example.wlk","timeElapsed":159,"timestamp":"2026-05-13T22:37:25.807Z"}
{"level":"info","message":"⌛ Validating src/example.wlk","timeElapsed":140,"timestamp":"2026-05-13T22:37:25.950Z"}
{"level":"info","message":"⌛ Building environment","timeElapsed":214,"timestamp":"2026-05-13T22:37:26.404Z"}
{"level":"info","message":"⌛ Validating src/example.wlk","timeElapsed":167,"timestamp":"2026-05-13T22:37:26.572Z"}
{"level":"info","message":"⌛ Building environment","timeElapsed":103,"timestamp":"2026-05-13T22:37:26.684Z"}
{"level":"info","message":"⌛ Building environment","timeElapsed":141,"timestamp":"2026-05-13T22:37:26.833Z"}
{"level":"info","message":"⌛ Validating src/example.wlk","timeElapsed":234,"timestamp":"2026-05-13T22:37:27.068Z"}
{"level":"info","message":"⌛ Validating src/example.wlk","timeElapsed":147,"timestamp":"2026-05-13T22:37:27.216Z"}
{"level":"info","message":"⌛ Building environment","timeElapsed":181,"timestamp":"2026-05-13T22:37:30.190Z"}
{"level":"info","message":"⌛ Validating src/example.wlk","timeElapsed":216,"timestamp":"2026-05-13T22:37:30.410Z"}
{"level":"info","message":"⌛ Building environment","timeElapsed":137,"timestamp":"2026-05-13T22:37:30.550Z"}
{"level":"info","message":"⌛ Validating src/example.wlk","timeElapsed":118,"timestamp":"2026-05-13T22:37:30.674Z"}
{"level":"info","message":"⌛ Building environment","timeElapsed":285,"timestamp":"2026-05-13T22:37:57.608Z"}
{"level":"error","message":"✘ Completions for node Send ([7:1, 7:26] - src/example.wlk) failed: Error: [Send]{2f0974} at src/example.wlk:7 exhausted all cases without a match [Send]{2f0974} at src/example.wlk:7 exhausted all cases without a match","stack":"Error: [Send]{2f0974} at src/example.wlk:7 exhausted all cases without a match\n    at c:\\Users\\estudiante\\.vscode\\extensions\\uqbar.wollok-lsp-ide-0.5.4\\out\\server\\src\\server.js:38:6142\n    at L2 (c:\\Users\\estudiante\\.vscode\\extensions\\uqbar.wollok-lsp-ide-0.5.4\\out\\server\\src\\server.js:2389:42)\n    at Jh (c:\\Users\\estudiante\\.vscode\\extensions\\uqbar.wollok-lsp-ide-0.5.4\\out\\server\\src\\server.js:2389:1092)\n    at M5n (c:\\Users\\estudiante\\.vscode\\extensions\\uqbar.wollok-lsp-ide-0.5.4\\out\\server\\src\\server.js:2389:1248)\n    at c:\\Users\\estudiante\\.vscode\\extensions\\uqbar.wollok-lsp-ide-0.5.4\\out\\server\\src\\server.js:38:6131\n    at L2 (c:\\Users\\estudiante\\.vscode\\extensions\\uqbar.wollok-lsp-ide-0.5.4\\out\\server\\src\\server.js:2389:42)\n    at c:\\Users\\estudiante\\.vscode\\extensions\\uqbar.wollok-lsp-ide-0.5.4\\out\\server\\src\\server.js:2389:2988\n    at c:\\Users\\estudiante\\.vscode\\extensions\\uqbar.wollok-lsp-ide-0.5.4\\out\\server\\src\\server.js:2398:8440\n    at c:\\Users\\estudiante\\.vscode\\extensions\\uqbar.wollok-lsp-ide-0.5.4\\out\\server\\src\\server.js:37:74872\n    at Ke (c:\\Users\\estudiante\\.vscode\\extensions\\uqbar.wollok-lsp-ide-0.5.4\\out\\server\\src\\server.js:7:8527)","timestamp":"2026-05-13T22:37:57.651Z"}
{"level":"info","message":"⌛ Validating src/example.wlk","timeElapsed":329,"timestamp":"2026-05-13T22:37:57.985Z"}
{"level":"info","message":"⌛ Building environment","timeElapsed":106,"timestamp":"2026-05-13T22:37:58.199Z"}
{"level":"info","message":"⌛ Validating src/example.wlk","timeElapsed":265,"timestamp":"2026-05-13T22:37:58.553Z"}
{"level":"info","message":"⌛ Validating src/example.wlk","timeElapsed":147,"timestamp":"2026-05-13T22:37:58.707Z"}
{"level":"info","message":"⌛ Validating src/example.wlk","timeElapsed":130,"timestamp":"2026-05-13T22:37:58.839Z"}
{"level":"info","message":"⌛ Building environment","timeElapsed":106,"timestamp":"2026-05-13T22:38:00.419Z"}
{"level":"info","message":"⌛ Validating src/example.wlk","timeElapsed":183,"timestamp":"2026-05-13T22:38:00.668Z"}
{"level":"info","message":"⌛ Validating src/example.wlk","timeElapsed":139,"timestamp":"2026-05-13T22:38:00.895Z"}
{"level":"info","message":"⌛ Building environment","timeElapsed":106,"timestamp":"2026-05-13T22:38:01.263Z"}
{"level":"info","message":"⌛ Building environment","timeElapsed":139,"timestamp":"2026-05-13T22:38:01.411Z"}
{"level":"info","message":"⌛ Validating src/example.wlk","timeElapsed":178,"timestamp":"2026-05-13T22:38:01.591Z"}
{"level":"info","message":"⌛ Building environment","timeElapsed":123,"timestamp":"2026-05-13T22:38:01.764Z"}
{"level":"info","message":"⌛ Validating src/example.wlk","timeElapsed":154,"timestamp":"2026-05-13T22:38:01.920Z"}
{"level":"info","message":"⌛ Building environment","timeElapsed":108,"timestamp":"2026-05-13T22:38:02.031Z"}
{"level":"info","message":"⌛ Validating src/example.wlk","timeElapsed":152,"timestamp":"2026-05-13T22:38:02.292Z"}
{"level":"info","message":"⌛ Validating src/example.wlk","timeElapsed":213,"timestamp":"2026-05-13T22:38:02.541Z"}
{"level":"info","message":"⌛ Validating src/example.wlk","timeElapsed":140,"timestamp":"2026-05-13T22:38:02.681Z"}
{"level":"info","message":"⌛ Validating src/example.wlk","timeElapsed":206,"timestamp":"2026-05-13T22:38:02.976Z"}
{"level":"info","message":"⌛ Building environment","timeElapsed":201,"timestamp":"2026-05-13T22:38:03.386Z"}
{"level":"info","message":"⌛ Validating src/example.wlk","timeElapsed":160,"timestamp":"2026-05-13T22:38:03.631Z"}
{"level":"info","message":"⌛ Building environment","timeElapsed":195,"timestamp":"2026-05-13T22:38:03.827Z"}
{"level":"info","message":"⌛ Validating src/example.wlk","timeElapsed":130,"timestamp":"2026-05-13T22:38:03.957Z"}
{"level":"info","message":"⌛ Building environment","timeElapsed":245,"timestamp":"2026-05-13T22:38:04.208Z"}
{"level":"info","message":"⌛ Validating src/example.wlk","timeElapsed":175,"timestamp":"2026-05-13T22:38:04.386Z"}
{"level":"info","message":"⌛ Validating src/example.wlk","timeElapsed":224,"timestamp":"2026-05-13T22:38:04.782Z"}
{"level":"info","message":"⌛ Validating src/example.wlk","timeElapsed":209,"timestamp":"2026-05-13T22:38:05.001Z"}
{"level":"info","message":"⌛ Validating src/example.wlk","timeElapsed":292,"timestamp":"2026-05-13T22:38:05.294Z"}
{"level":"info","message":"⌛ Building environment","timeElapsed":133,"timestamp":"2026-05-13T22:38:05.428Z"}
{"level":"info","message":"⌛ Validating src/example.wlk","timeElapsed":366,"timestamp":"2026-05-13T22:38:05.798Z"}
{"level":"info","message":"⌛ Building environment","timeElapsed":165,"timestamp":"2026-05-13T22:38:06.313Z"}
{"level":"info","message":"⌛ Validating src/example.wlk","timeElapsed":166,"timestamp":"2026-05-13T22:38:06.562Z"}
{"level":"info","message":"⌛ Validating src/example.wlk","timeElapsed":162,"timestamp":"2026-05-13T22:38:06.725Z"}
{"level":"info","message":"⌛ Building environment","timeElapsed":142,"timestamp":"2026-05-13T22:38:08.874Z"}
{"level":"info","message":"⌛ Building environment","timeElapsed":119,"timestamp":"2026-05-13T22:38:09.004Z"}
{"level":"info","message":"⌛ Building environment","timeElapsed":109,"timestamp":"2026-05-13T22:38:09.115Z"}
{"level":"info","message":"⌛ Validating src/example.wlk","timeElapsed":165,"timestamp":"2026-05-13T22:38:09.368Z"}
{"level":"info","message":"⌛ Validating src/example.wlk","timeElapsed":265,"timestamp":"2026-05-13T22:38:09.645Z"}
{"level":"info","message":"⌛ Validating src/example.wlk","timeElapsed":299,"timestamp":"2026-05-13T22:38:09.945Z"}
{"level":"info","message":"⌛ Validating src/example.wlk","timeElapsed":197,"timestamp":"2026-05-13T22:38:10.147Z"}
{"level":"info","message":"⌛ Building environment","timeElapsed":154,"timestamp":"2026-05-13T22:38:10.303Z"}
{"level":"info","message":"⌛ Building environment","timeElapsed":105,"timestamp":"2026-05-13T22:38:10.410Z"}
{"level":"info","message":"⌛ Building environment","timeElapsed":122,"timestamp":"2026-05-13T22:38:10.763Z"}
{"level":"info","message":"⌛ Validating src/example.wlk","timeElapsed":135,"timestamp":"2026-05-13T22:38:10.899Z"}
{"level":"info","message":"⌛ Validating src/example.wlk","timeElapsed":280,"timestamp":"2026-05-13T22:38:11.258Z"}
{"level":"info","message":"⌛ Validating src/example.wlk","timeElapsed":138,"timestamp":"2026-05-13T22:38:11.396Z"}
{"level":"info","message":"⌛ Building environment","timeElapsed":119,"timestamp":"2026-05-13T22:38:11.519Z"}
{"level":"info","message":"⌛ Validating src/example.wlk","timeElapsed":217,"timestamp":"2026-05-13T22:38:11.828Z"}
{"level":"info","message":"⌛ Building environment","timeElapsed":280,"timestamp":"2026-05-13T22:38:12.218Z"}
{"level":"info","message":"⌛ Validating src/example.wlk","timeElapsed":179,"timestamp":"2026-05-13T22:38:12.411Z"}
{"level":"info","message":"⌛ Building environment","timeElapsed":193,"timestamp":"2026-05-13T22:38:12.643Z"}
{"level":"info","message":"⌛ Validating src/example.wlk","timeElapsed":217,"timestamp":"2026-05-13T22:38:12.862Z"}
{"level":"info","message":"⌛ Building environment","timeElapsed":159,"timestamp":"2026-05-13T22:38:13.116Z"}
{"level":"info","message":"⌛ Building environment","timeElapsed":159,"timestamp":"2026-05-13T22:38:13.278Z"}
{"level":"info","message":"⌛ Validating src/example.wlk","timeElapsed":295,"timestamp":"2026-05-13T22:38:13.645Z"}
{"level":"info","message":"⌛ Validating src/example.wlk","timeElapsed":246,"timestamp":"2026-05-13T22:38:13.910Z"}
{"level":"info","message":"⌛ Validating src/example.wlk","timeElapsed":235,"timestamp":"2026-05-13T22:38:14.158Z"}
{"level":"error","message":"✘ Failed to get type description: Error: Failed to print, found malformed node Failed to print, found malformed node","node":{"id":"ed6ff422-ed97-4775-9546-12a6319e511b","metadata":[],"problems":[{"code":"malformedSentence","sourceMap":{"end":{"column":44,"line":7,"offset":223},"start":{"column":19,"line":7,"offset":198}}}],"scope":{"containerScope":{"containerScope":{"containerScope":{"containerScope":{"containerScope":{"contributions":{},"includedScopes":[]},"contributions":{},"includedScopes":[]},"contributions":{},"includedScopes":[]},"contributions":{},"includedScopes":[{"containerScope":{"containerScope":{"containerScope":{"contributions":{},"includedScopes":[]},"contributions":{},"includedScopes":[]},"contributions":{},"includedScopes":[]},"contributions":{},"includedScopes":[]}]},"contributions":{},"includedScopes":[]},"contributions":{},"includedScopes":[]},"sentences":[{"condition":{"args":[{"id":"36ebd0ce-c695-4948-89e5-3865a362c7a8","metadata":[],"name":"materia","scope":{"containerScope":{"containerScope":{"containerScope":{"containerScope":{"containerScope":{"containerScope":{"containerScope":{"containerScope":{"contributions":{},"includedScopes":[]},"contributions":{},"includedScopes":[]},"contributions":{},"includedScopes":[]},"contributions":{},"includedScopes":[{"containerScope":{"containerScope":{"containerScope":{"contributions":{},"includedScopes":[]},"contributions":{},"includedScopes":[]},"contributions":{},"includedScopes":[]},"contributions":{},"includedScopes":[]}]},"contributions":{},"includedScopes":[]},"contributions":{},"includedScopes":[]},"contributions":{},"includedScopes":[]},"contributions":{},"includedScopes":[]},"contributions":{},"includedScopes":[]},"sourceMap":{"end":{"column":24,"line":4,"offset":109},"start":{"column":17,"line":4,"offset":102}}}],"id":"baf24c35-91ba-4c5a-884e-956e25a33a37","message":"aprobo","metadata":[],"receiver":{"id":"49674163-efb8-4feb-92e1-b1aa1003a393","metadata":[],"scope":{"containerScope":{"containerScope":{"containerScope":{"containerScope":{"containerScope":{"containerScope":{"containerScope":{"containerScope":{"contributions":{},"includedScopes":[]},"contributions":{},"includedScopes":[]},"contributions":{},"includedScopes":[]},"contributions":{},"includedScopes":[{"containerScope":{"containerScope":{"containerScope":{"contributions":{},"includedScopes":[]},"contributions":{},"includedScopes":[]},"contributions":{},"includedScopes":[]},"contributions":{},"includedScopes":[]}]},"contributions":{},"includedScopes":[]},"contributions":{},"includedScopes":[]},"contributions":{},"includedScopes":[]},"contributions":{},"includedScopes":[]},"contributions":{},"includedScopes":[]},"sourceMap":{"end":{"column":9,"line":4,"offset":94},"start":{"column":5,"line":4,"offset":90}}},"scope":{"containerScope":{"containerScope":{"containerScope":{"containerScope":{"containerScope":{"containerScope":{"containerScope":{"contributions":{},"includedScopes":[]},"contributions":{},"includedScopes":[]},"contributions":{},"includedScopes":[]},"contributions":{},"includedScopes":[{"containerScope":{"containerScope":{"containerScope":{"contributions":{},"includedScopes":[]},"contributions":{},"includedScopes":[]},"contributions":{},"includedScopes":[]},"contributions":{},"includedScopes":[]}]},"contributions":{},"includedScopes":[]},"contributions":{},"includedScopes":[]},"contributions":{},"includedScopes":[]},"contributions":{},"includedScopes":[]},"sourceMap":{"end":{"column":25,"line":4,"offset":110},"start":{"column":5,"line":4,"offset":90}}},"elseBody":{"id":"eedf675f-e885-4d6a-afd1-209048b20248","metadata":[],"scope":{"containerScope":{"containerScope":{"containerScope":{"containerScope":{"containerScope":{"containerScope":{"containerScope":{"contributions":{},"includedScopes":[]},"contributions":{},"includedScopes":[]},"contributions":{},"includedScopes":[]},"contributions":{},"includedScopes":[{"containerScope":{"containerScope":{"containerScope":{"contributions":{},"includedScopes":[]},"contributions":{},"includedScopes":[]},"contributions":{},"includedScopes":[]},"contributions":{},"includedScopes":[]}]},"contributions":{},"includedScopes":[]},"contributions":{},"includedScopes":[]},"contributions":{},"includedScopes":[]},"contributions":{},"includedScopes":[]},"sentences":[]},"id":"d9552071-9e4d-4fa6-b57f-5ad961016323","metadata":[],"scope":{"containerScope":{"containerScope":{"containerScope":{"containerScope":{"containerScope":{"containerScope":{"contributions":{},"includedScopes":[]},"contributions":{},"includedScopes":[]},"contributions":{},"includedScopes":[]},"contributions":{},"includedScopes":[{"containerScope":{"containerScope":{"containerScope":{"contributions":{},"includedScopes":[]},"contributions":{},"includedScopes":[]},"contributions":{},"includedScopes":[]},"contributions":{},"includedScopes":[]}]},"contributions":{},"includedScopes":[]},"contributions":{},"includedScopes":[]},"contributions":{},"includedScopes":[]},"sourceMap":{"end":{"column":3,"line":6,"offset":178},"start":{"column":2,"line":4,"offset":87}},"thenBody":{"id":"6e2b41a7-b884-4251-a0dc-05d55e1b10b3","metadata":[],"problems":[],"scope":{"containerScope":{"containerScope":{"containerScope":{"containerScope":{"containerScope":{"containerScope":{"containerScope":{"contributions":{},"includedScopes":[]},"contributions":{},"includedScopes":[]},"contributions":{},"includedScopes":[]},"contributions":{},"includedScopes":[{"containerScope":{"containerScope":{"containerScope":{"contributions":{},"includedScopes":[]},"contributions":{},"includedScopes":[]},"contributions":{},"includedScopes":[]},"contributions":{},"includedScopes":[]}]},"contributions":{},"includedScopes":[]},"contributions":{},"includedScopes":[]},"contributions":{},"includedScopes":[]},"contributions":{},"includedScopes":[]},"sentences":[{"args":[{"id":"a81e931c-09c0-4697-915c-a53eae758021","metadata":[],"scope":{"containerScope":{"containerScope":{"containerScope":{"containerScope":{"containerScope":{"containerScope":{"containerScope":{"containerScope":{"containerScope":{"contributions":{},"includedScopes":[]},"contributions":{},"includedScopes":[]},"contributions":{},"includedScopes":[]},"contributions":{},"includedScopes":[{"containerScope":{"containerScope":{"containerScope":{"contributions":{},"includedScopes":[]},"contributions":{},"includedScopes":[]},"contributions":{},"includedScopes":[]},"contributions":{},"includedScopes":[]}]},"contributions":{},"includedScopes":[]},"contributions":{},"includedScopes":[]},"contributions":{},"includedScopes":[]},"contributions":{},"includedScopes":[]},"contributions":{},"includedScopes":[]},"contributions":{},"includedScopes":[]},"sourceMap":{"end":{"column":60,"line":5,"offset":173},"start":{"column":14,"line":5,"offset":127}},"value":"Ya se registro la aprobacion de esta materia"}],"id":"0e99fec9-5537-4435-82a9-69f06b6fb283","message":"error","metadata":[],"receiver":{"id":"a8b20180-0b78-4470-acd9-816713fd19ea","metadata":[],"scope":{"containerScope":{"containerScope":{"containerScope":{"containerScope":{"containerScope":{"containerScope":{"containerScope":{"containerScope":{"containerScope":{"contributions":{},"includedScopes":[]},"contributions":{},"includedScopes":[]},"contributions":{},"includedScopes":[]},"contributions":{},"includedScopes":[{"containerScope":{"containerScope":{"containerScope":{"contributions":{},"includedScopes":[]},"contributions":{},"includedScopes":[]},"contributions":{},"includedScopes":[]},"contributions":{},"includedScopes":[]}]},"contributions":{},"includedScopes":[]},"contributions":{},"includedScopes":[]},"contributions":{},"includedScopes":[]},"contributions":{},"includedScopes":[]},"contributions":{},"includedScopes":[]},"contributions":{},"includedScopes":[]},"sourceMap":{"end":{"column":7,"line":5,"offset":120},"start":{"column":3,"line":5,"offset":116}}},"scope":{"containerScope":{"containerScope":{"containerScope":{"containerScope":{"containerScope":{"containerScope":{"containerScope":{"containerScope":{"contributions":{},"includedScopes":[]},"contributions":{},"includedScopes":[]},"contributions":{},"includedScopes":[]},"contributions":{},"includedScopes":[{"containerScope":{"containerScope":{"containerScope":{"contributions":{},"includedScopes":[]},"contributions":{},"includedScopes":[]},"contributions":{},"includedScopes":[]},"contributions":{},"includedScopes":[]}]},"contributions":{},"includedScopes":[]},"contributions":{},"includedScopes":[]},"contributions":{},"includedScopes":[]},"contributions":{},"includedScopes":[]},"contributions":{},"includedScopes":[]},"sourceMap":{"end":{"column":61,"line":5,"offset":174},"start":{"column":3,"line":5,"offset":116}}}],"sourceMap":{"end":{"column":3,"line":6,"offset":178},"start":{"column":26,"line":4,"offset":111}}}},{"id":"d591fb1a-02f3-4f7a-a372-d06e36e68429","metadata":[],"name":"materiasAprobadas","scope":{"containerScope":{"containerScope":{"containerScope":{"containerScope":{"containerScope":{"containerScope":{"contributions":{},"includedScopes":[]},"contributions":{},"includedScopes":[]},"contributions":{},"includedScopes":[]},"contributions":{},"includedScopes":[{"containerScope":{"containerScope":{"containerScope":{"contributions":{},"includedScopes":[]},"contributions":{},"includedScopes":[]},"contributions":{},"includedScopes":[]},"contributions":{},"includedScopes":[]}]},"contributions":{},"includedScopes":[]},"contributions":{},"includedScopes":[]},"contributions":{},"includedScopes":[]},"sourceMap":{"end":{"column":19,"line":7,"offset":198},"start":{"column":2,"line":7,"offset":181}}}],"sourceMap":{"end":{"column":4,"line":8,"offset":228},"start":{"column":33,"line":3,"offset":83}}},"stack":"Error: Failed to print, found malformed node\n    at c:\\Users\\estudiante\\.vscode\\extensions\\uqbar.wollok-lsp-ide-0.5.4\\out\\server\\src\\server.js:68:3585\n    at c:\\Users\\estudiante\\.vscode\\extensions\\uqbar.wollok-lsp-ide-0.5.4\\out\\server\\src\\server.js:68:5370\n    at c:\\Users\\estudiante\\.vscode\\extensions\\uqbar.wollok-lsp-ide-0.5.4\\out\\server\\src\\server.js:38:6131\n    at c:\\Users\\estudiante\\.vscode\\extensions\\uqbar.wollok-lsp-ide-0.5.4\\out\\server\\src\\server.js:68:3664\n    at Kbn (c:\\Users\\estudiante\\.vscode\\extensions\\uqbar.wollok-lsp-ide-0.5.4\\out\\server\\src\\server.js:68:3396)\n    at c:\\Users\\estudiante\\.vscode\\extensions\\uqbar.wollok-lsp-ide-0.5.4\\out\\server\\src\\server.js:2398:847\n    at c:\\Users\\estudiante\\.vscode\\extensions\\uqbar.wollok-lsp-ide-0.5.4\\out\\server\\src\\server.js:2398:8440\n    at c:\\Users\\estudiante\\.vscode\\extensions\\uqbar.wollok-lsp-ide-0.5.4\\out\\server\\src\\server.js:37:74770\n    at Ke (c:\\Users\\estudiante\\.vscode\\extensions\\uqbar.wollok-lsp-ide-0.5.4\\out\\server\\src\\server.js:7:8527)\n    at Lt (c:\\Users\\estudiante\\.vscode\\extensions\\uqbar.wollok-lsp-ide-0.5.4\\out\\server\\src\\server.js:7:6189)","timestamp":"2026-05-13T22:38:14.201Z"}
{"level":"info","message":"⌛ Validating src/example.wlk","timeElapsed":146,"timestamp":"2026-05-13T22:38:14.349Z"}
{"level":"info","message":"⌛ Validating src/example.wlk","timeElapsed":176,"timestamp":"2026-05-13T22:38:14.528Z"}
{"level":"info","message":"⌛ Validating src/example.wlk","timeElapsed":208,"timestamp":"2026-05-13T22:38:14.739Z"}
{"level":"info","message":"⌛ Validating src/example.wlk","timeElapsed":216,"timestamp":"2026-05-13T22:38:14.960Z"}
{"level":"info","message":"⌛ Validating src/example.wlk","timeElapsed":147,"timestamp":"2026-05-13T22:38:15.110Z"}
{"level":"info","message":"⌛ Building environment","timeElapsed":229,"timestamp":"2026-05-13T22:38:15.341Z"}
{"level":"error","message":"✘ Failed to get type description: Error: Failed to print, found malformed node Failed to print, found malformed node","node":{"id":"d918bbd9-101b-4647-8077-fceebcfcd4db","metadata":[],"problems":[{"code":"malformedSentence","sourceMap":{"end":{"column":44,"line":7,"offset":223},"start":{"column":19,"line":7,"offset":198}}}],"scope":{"containerScope":{"containerScope":{"containerScope":{"containerScope":{"containerScope":{"contributions":{},"includedScopes":[]},"contributions":{},"includedScopes":[]},"contributions":{},"includedScopes":[]},"contributions":{},"includedScopes":[{"containerScope":{"containerScope":{"containerScope":{"contributions":{},"includedScopes":[]},"contributions":{},"includedScopes":[]},"contributions":{},"includedScopes":[]},"contributions":{},"includedScopes":[]}]},"contributions":{},"includedScopes":[]},"contributions":{},"includedScopes":[]},"sentences":[{"condition":{"args":[{"id":"5a1f0be0-ac63-4829-a224-b3016af8b086","metadata":[],"name":"materia","scope":{"containerScope":{"containerScope":{"containerScope":{"containerScope":{"containerScope":{"containerScope":{"containerScope":{"containerScope":{"contributions":{},"includedScopes":[]},"contributions":{},"includedScopes":[]},"contributions":{},"includedScopes":[]},"contributions":{},"includedScopes":[{"containerScope":{"containerScope":{"containerScope":{"contributions":{},"includedScopes":[]},"contributions":{},"includedScopes":[]},"contributions":{},"includedScopes":[]},"contributions":{},"includedScopes":[]}]},"contributions":{},"includedScopes":[]},"contributions":{},"includedScopes":[]},"contributions":{},"includedScopes":[]},"contributions":{},"includedScopes":[]},"contributions":{},"includedScopes":[]},"sourceMap":{"end":{"column":24,"line":4,"offset":109},"start":{"column":17,"line":4,"offset":102}}}],"id":"9be388a8-c8c6-4625-b8e5-9aabbc1588d2","message":"aprobo","metadata":[],"receiver":{"id":"b1835e6c-5270-40f3-93a0-3c4f310d6936","metadata":[],"scope":{"containerScope":{"containerScope":{"containerScope":{"containerScope":{"containerScope":{"containerScope":{"containerScope":{"containerScope":{"contributions":{},"includedScopes":[]},"contributions":{},"includedScopes":[]},"contributions":{},"includedScopes":[]},"contributions":{},"includedScopes":[{"containerScope":{"containerScope":{"containerScope":{"contributions":{},"includedScopes":[]},"contributions":{},"includedScopes":[]},"contributions":{},"includedScopes":[]},"contributions":{},"includedScopes":[]}]},"contributions":{},"includedScopes":[]},"contributions":{},"includedScopes":[]},"contributions":{},"includedScopes":[]},"contributions":{},"includedScopes":[]},"contributions":{},"includedScopes":[]},"sourceMap":{"end":{"column":9,"line":4,"offset":94},"start":{"column":5,"line":4,"offset":90}}},"scope":{"containerScope":{"containerScope":{"containerScope":{"containerScope":{"containerScope":{"containerScope":{"containerScope":{"contributions":{},"includedScopes":[]},"contributions":{},"includedScopes":[]},"contributions":{},"includedScopes":[]},"contributions":{},"includedScopes":[{"containerScope":{"containerScope":{"containerScope":{"contributions":{},"includedScopes":[]},"contributions":{},"includedScopes":[]},"contributions":{},"includedScopes":[]},"contributions":{},"includedScopes":[]}]},"contributions":{},"includedScopes":[]},"contributions":{},"includedScopes":[]},"contributions":{},"includedScopes":[]},"contributions":{},"includedScopes":[]},"sourceMap":{"end":{"column":25,"line":4,"offset":110},"start":{"column":5,"line":4,"offset":90}}},"elseBody":{"id":"1622e0de-0180-48d0-8ec8-c082d7c1e7f0","metadata":[],"scope":{"containerScope":{"containerScope":{"containerScope":{"containerScope":{"containerScope":{"containerScope":{"containerScope":{"contributions":{},"includedScopes":[]},"contributions":{},"includedScopes":[]},"contributions":{},"includedScopes":[]},"contributions":{},"includedScopes":[{"containerScope":{"containerScope":{"containerScope":{"contributions":{},"includedScopes":[]},"contributions":{},"includedScopes":[]},"contributions":{},"includedScopes":[]},"contributions":{},"includedScopes":[]}]},"contributions":{},"includedScopes":[]},"contributions":{},"includedScopes":[]},"contributions":{},"includedScopes":[]},"contributions":{},"includedScopes":[]},"sentences":[]},"id":"bd383450-e777-44df-bb99-04a16768e7ea","metadata":[],"scope":{"containerScope":{"containerScope":{"containerScope":{"containerScope":{"containerScope":{"containerScope":{"contributions":{},"includedScopes":[]},"contributions":{},"includedScopes":[]},"contributions":{},"includedScopes":[]},"contributions":{},"includedScopes":[{"containerScope":{"containerScope":{"containerScope":{"contributions":{},"includedScopes":[]},"contributions":{},"includedScopes":[]},"contributions":{},"includedScopes":[]},"contributions":{},"includedScopes":[]}]},"contributions":{},"includedScopes":[]},"contributions":{},"includedScopes":[]},"contributions":{},"includedScopes":[]},"sourceMap":{"end":{"column":3,"line":6,"offset":178},"start":{"column":2,"line":4,"offset":87}},"thenBody":{"id":"24e618e0-5270-4058-b62e-fa97e4448c3a","metadata":[],"problems":[],"scope":{"containerScope":{"containerScope":{"containerScope":{"containerScope":{"containerScope":{"containerScope":{"containerScope":{"contributions":{},"includedScopes":[]},"contributions":{},"includedScopes":[]},"contributions":{},"includedScopes":[]},"contributions":{},"includedScopes":[{"containerScope":{"containerScope":{"containerScope":{"contributions":{},"includedScopes":[]},"contributions":{},"includedScopes":[]},"contributions":{},"includedScopes":[]},"contributions":{},"includedScopes":[]}]},"contributions":{},"includedScopes":[]},"contributions":{},"includedScopes":[]},"contributions":{},"includedScopes":[]},"contributions":{},"includedScopes":[]},"sentences":[{"args":[{"id":"15ccb96c-e0c0-4cd6-bb28-def21751b389","metadata":[],"scope":{"containerScope":{"containerScope":{"containerScope":{"containerScope":{"containerScope":{"containerScope":{"containerScope":{"containerScope":{"containerScope":{"contributions":{},"includedScopes":[]},"contributions":{},"includedScopes":[]},"contributions":{},"includedScopes":[]},"contributions":{},"includedScopes":[{"containerScope":{"containerScope":{"containerScope":{"contributions":{},"includedScopes":[]},"contributions":{},"includedScopes":[]},"contributions":{},"includedScopes":[]},"contributions":{},"includedScopes":[]}]},"contributions":{},"includedScopes":[]},"contributions":{},"includedScopes":[]},"contributions":{},"includedScopes":[]},"contributions":{},"includedScopes":[]},"contributions":{},"includedScopes":[]},"contributions":{},"includedScopes":[]},"sourceMap":{"end":{"column":60,"line":5,"offset":173},"start":{"column":14,"line":5,"offset":127}},"value":"Ya se registro la aprobacion de esta materia"}],"id":"861ffdfa-a2a2-41fe-803c-b6f62f5e60b6","message":"error","metadata":[],"receiver":{"id":"d8eb8f3f-3519-43cb-a28d-808e8e90760d","metadata":[],"scope":{"containerScope":{"containerScope":{"containerScope":{"containerScope":{"containerScope":{"containerScope":{"containerScope":{"containerScope":{"containerScope":{"contributions":{},"includedScopes":[]},"contributions":{},"includedScopes":[]},"contributions":{},"includedScopes":[]},"contributions":{},"includedScopes":[{"containerScope":{"containerScope":{"containerScope":{"contributions":{},"includedScopes":[]},"contributions":{},"includedScopes":[]},"contributions":{},"includedScopes":[]},"contributions":{},"includedScopes":[]}]},"contributions":{},"includedScopes":[]},"contributions":{},"includedScopes":[]},"contributions":{},"includedScopes":[]},"contributions":{},"includedScopes":[]},"contributions":{},"includedScopes":[]},"contributions":{},"includedScopes":[]},"sourceMap":{"end":{"column":7,"line":5,"offset":120},"start":{"column":3,"line":5,"offset":116}}},"scope":{"containerScope":{"containerScope":{"containerScope":{"containerScope":{"containerScope":{"containerScope":{"containerScope":{"containerScope":{"contributions":{},"includedScopes":[]},"contributions":{},"includedScopes":[]},"contributions":{},"includedScopes":[]},"contributions":{},"includedScopes":[{"containerScope":{"containerScope":{"containerScope":{"contributions":{},"includedScopes":[]},"contributions":{},"includedScopes":[]},"contributions":{},"includedScopes":[]},"contributions":{},"includedScopes":[]}]},"contributions":{},"includedScopes":[]},"contributions":{},"includedScopes":[]},"contributions":{},"includedScopes":[]},"contributions":{},"includedScopes":[]},"contributions":{},"includedScopes":[]},"sourceMap":{"end":{"column":61,"line":5,"offset":174},"start":{"column":3,"line":5,"offset":116}}}],"sourceMap":{"end":{"column":3,"line":6,"offset":178},"start":{"column":26,"line":4,"offset":111}}}},{"id":"337b00a7-1c37-42eb-85aa-11df5244e734","metadata":[],"name":"materiasAprobadas","scope":{"containerScope":{"containerScope":{"containerScope":{"containerScope":{"containerScope":{"containerScope":{"contributions":{},"includedScopes":[]},"contributions":{},"includedScopes":[]},"contributions":{},"includedScopes":[]},"contributions":{},"includedScopes":[{"containerScope":{"containerScope":{"containerScope":{"contributions":{},"includedScopes":[]},"contributions":{},"includedScopes":[]},"contributions":{},"includedScopes":[]},"contributions":{},"includedScopes":[]}]},"contributions":{},"includedScopes":[]},"contributions":{},"includedScopes":[]},"contributions":{},"includedScopes":[]},"sourceMap":{"end":{"column":19,"line":7,"offset":198},"start":{"column":2,"line":7,"offset":181}}}],"sourceMap":{"end":{"column":4,"line":8,"offset":228},"start":{"column":33,"line":3,"offset":83}}},"stack":"Error: Failed to print, found malformed node\n    at c:\\Users\\estudiante\\.vscode\\extensions\\uqbar.wollok-lsp-ide-0.5.4\\out\\server\\src\\server.js:68:3585\n    at c:\\Users\\estudiante\\.vscode\\extensions\\uqbar.wollok-lsp-ide-0.5.4\\out\\server\\src\\server.js:68:5370\n    at c:\\Users\\estudiante\\.vscode\\extensions\\uqbar.wollok-lsp-ide-0.5.4\\out\\server\\src\\server.js:38:6131\n    at c:\\Users\\estudiante\\.vscode\\extensions\\uqbar.wollok-lsp-ide-0.5.4\\out\\server\\src\\server.js:68:3664\n    at Kbn (c:\\Users\\estudiante\\.vscode\\extensions\\uqbar.wollok-lsp-ide-0.5.4\\out\\server\\src\\server.js:68:3396)\n    at c:\\Users\\estudiante\\.vscode\\extensions\\uqbar.wollok-lsp-ide-0.5.4\\out\\server\\src\\server.js:2398:847\n    at c:\\Users\\estudiante\\.vscode\\extensions\\uqbar.wollok-lsp-ide-0.5.4\\out\\server\\src\\server.js:2398:8440\n    at c:\\Users\\estudiante\\.vscode\\extensions\\uqbar.wollok-lsp-ide-0.5.4\\out\\server\\src\\server.js:37:74770\n    at Ke (c:\\Users\\estudiante\\.vscode\\extensions\\uqbar.wollok-lsp-ide-0.5.4\\out\\server\\src\\server.js:7:8527)\n    at Lt (c:\\Users\\estudiante\\.vscode\\extensions\\uqbar.wollok-lsp-ide-0.5.4\\out\\server\\src\\server.js:7:6189)","timestamp":"2026-05-13T22:38:15.496Z"}
{"level":"info","message":"⌛ Validating src/example.wlk","timeElapsed":295,"timestamp":"2026-05-13T22:38:15.794Z"}
{"level":"info","message":"⌛ Validating src/example.wlk","timeElapsed":308,"timestamp":"2026-05-13T22:38:16.138Z"}
{"level":"info","message":"⌛ Building environment","timeElapsed":168,"timestamp":"2026-05-13T22:38:18.132Z"}
{"level":"info","message":"⌛ Validating src/example.wlk","timeElapsed":186,"timestamp":"2026-05-13T22:38:18.410Z"}
{"level":"info","message":"⌛ Validating src/example.wlk","timeElapsed":104,"timestamp":"2026-05-13T22:38:18.515Z"}
{"level":"info","message":"⌛ Building environment","timeElapsed":228,"timestamp":"2026-05-13T22:38:19.282Z"}
{"level":"info","message":"⌛ Building environment","timeElapsed":178,"timestamp":"2026-05-13T22:38:19.464Z"}
{"level":"info","message":"⌛ Building environment","timeElapsed":147,"timestamp":"2026-05-13T22:38:19.655Z"}
{"level":"info","message":"⌛ Validating src/example.wlk","timeElapsed":290,"timestamp":"2026-05-13T22:38:19.977Z"}
{"level":"info","message":"⌛ Building environment","timeElapsed":285,"timestamp":"2026-05-13T22:38:20.266Z"}
{"level":"info","message":"⌛ Validating src/example.wlk","timeElapsed":150,"timestamp":"2026-05-13T22:38:20.497Z"}
{"level":"info","message":"⌛ Building environment","timeElapsed":223,"timestamp":"2026-05-13T22:38:20.723Z"}
{"level":"info","message":"⌛ Building environment","timeElapsed":123,"timestamp":"2026-05-13T22:38:20.848Z"}
{"level":"info","message":"⌛ Validating src/example.wlk","timeElapsed":173,"timestamp":"2026-05-13T22:38:21.022Z"}
{"level":"info","message":"⌛ Validating src/example.wlk","timeElapsed":137,"timestamp":"2026-05-13T22:38:21.277Z"}
{"level":"info","message":"⌛ Validating src/example.wlk","timeElapsed":279,"timestamp":"2026-05-13T22:38:21.567Z"}
{"level":"info","message":"⌛ Building environment","timeElapsed":156,"timestamp":"2026-05-13T22:38:21.726Z"}
{"level":"info","message":"⌛ Building environment","timeElapsed":250,"timestamp":"2026-05-13T22:38:21.980Z"}
{"level":"info","message":"⌛ Validating src/example.wlk","timeElapsed":281,"timestamp":"2026-05-13T22:38:22.262Z"}
{"level":"info","message":"⌛ Validating src/example.wlk","timeElapsed":210,"timestamp":"2026-05-13T22:38:22.489Z"}
{"level":"info","message":"⌛ Validating src/example.wlk","timeElapsed":121,"timestamp":"2026-05-13T22:38:22.614Z"}
{"level":"info","message":"⌛ Validating src/example.wlk","timeElapsed":102,"timestamp":"2026-05-13T22:38:22.719Z"}
{"level":"info","message":"⌛ Building environment","timeElapsed":200,"timestamp":"2026-05-13T22:38:23.408Z"}
{"level":"info","message":"⌛ Building environment","timeElapsed":104,"timestamp":"2026-05-13T22:38:23.513Z"}
{"level":"info","message":"⌛ Validating src/example.wlk","timeElapsed":189,"timestamp":"2026-05-13T22:38:23.704Z"}
{"level":"info","message":"⌛ Validating src/example.wlk","timeElapsed":120,"timestamp":"2026-05-13T22:38:23.825Z"}
{"level":"info","message":"⌛ Building environment","timeElapsed":123,"timestamp":"2026-05-13T22:38:23.951Z"}
{"level":"info","message":"⌛ Validating src/example.wlk","timeElapsed":120,"timestamp":"2026-05-13T22:38:24.073Z"}
{"level":"info","message":"⌛ Building environment","timeElapsed":156,"timestamp":"2026-05-13T22:38:24.672Z"}
{"level":"info","message":"⌛ Validating src/example.wlk","timeElapsed":142,"timestamp":"2026-05-13T22:38:24.822Z"}
{"level":"info","message":"⌛ Validating src/example.wlk","timeElapsed":165,"timestamp":"2026-05-13T22:38:25.173Z"}
{"level":"info","message":"⌛ Building environment","timeElapsed":134,"timestamp":"2026-05-13T22:38:28.675Z"}
{"level":"error","message":"✘ Completions for node NamedArgument ([7:44, 7:56] - src/example.wlk) failed: Error: [NamedArgument]{1f8df6} at src/example.wlk:7 exhausted all cases without a match [NamedArgument]{1f8df6} at src/example.wlk:7 exhausted all cases without a match","stack":"Error: [NamedArgument]{1f8df6} at src/example.wlk:7 exhausted all cases without a match\n    at c:\\Users\\estudiante\\.vscode\\extensions\\uqbar.wollok-lsp-ide-0.5.4\\out\\server\\src\\server.js:38:6142\n    at L2 (c:\\Users\\estudiante\\.vscode\\extensions\\uqbar.wollok-lsp-ide-0.5.4\\out\\server\\src\\server.js:2389:42)\n    at Jh (c:\\Users\\estudiante\\.vscode\\extensions\\uqbar.wollok-lsp-ide-0.5.4\\out\\server\\src\\server.js:2389:1092)\n    at M5n (c:\\Users\\estudiante\\.vscode\\extensions\\uqbar.wollok-lsp-ide-0.5.4\\out\\server\\src\\server.js:2389:1248)\n    at c:\\Users\\estudiante\\.vscode\\extensions\\uqbar.wollok-lsp-ide-0.5.4\\out\\server\\src\\server.js:38:6131\n    at L2 (c:\\Users\\estudiante\\.vscode\\extensions\\uqbar.wollok-lsp-ide-0.5.4\\out\\server\\src\\server.js:2389:42)\n    at c:\\Users\\estudiante\\.vscode\\extensions\\uqbar.wollok-lsp-ide-0.5.4\\out\\server\\src\\server.js:2389:2988\n    at c:\\Users\\estudiante\\.vscode\\extensions\\uqbar.wollok-lsp-ide-0.5.4\\out\\server\\src\\server.js:2398:8440\n    at c:\\Users\\estudiante\\.vscode\\extensions\\uqbar.wollok-lsp-ide-0.5.4\\out\\server\\src\\server.js:37:74872\n    at Ke (c:\\Users\\estudiante\\.vscode\\extensions\\uqbar.wollok-lsp-ide-0.5.4\\out\\server\\src\\server.js:7:8527)","timestamp":"2026-05-13T22:38:28.814Z"}
{"level":"info","message":"⌛ Validating src/example.wlk","timeElapsed":187,"timestamp":"2026-05-13T22:38:29.004Z"}
{"level":"info","message":"⌛ Building environment","timeElapsed":108,"timestamp":"2026-05-13T22:38:29.198Z"}
{"level":"info","message":"⌛ Validating src/example.wlk","timeElapsed":165,"timestamp":"2026-05-13T22:38:29.364Z"}
{"level":"info","message":"⌛ Building environment","timeElapsed":107,"timestamp":"2026-05-13T22:38:29.580Z"}
{"level":"info","message":"⌛ Building environment","timeElapsed":125,"timestamp":"2026-05-13T22:38:29.708Z"}
{"level":"info","message":"⌛ Validating src/example.wlk","timeElapsed":132,"timestamp":"2026-05-13T22:38:29.842Z"}
{"level":"error","message":"✘ Completions for node NamedArgument ([7:44, 7:61] - src/example.wlk) failed: Error: [NamedArgument]{c9bc5f} at src/example.wlk:7 exhausted all cases without a match [NamedArgument]{c9bc5f} at src/example.wlk:7 exhausted all cases without a match","stack":"Error: [NamedArgument]{c9bc5f} at src/example.wlk:7 exhausted all cases without a match\n    at c:\\Users\\estudiante\\.vscode\\extensions\\uqbar.wollok-lsp-ide-0.5.4\\out\\server\\src\\server.js:38:6142\n    at L2 (c:\\Users\\estudiante\\.vscode\\extensions\\uqbar.wollok-lsp-ide-0.5.4\\out\\server\\src\\server.js:2389:42)\n    at Jh (c:\\Users\\estudiante\\.vscode\\extensions\\uqbar.wollok-lsp-ide-0.5.4\\out\\server\\src\\server.js:2389:1092)\n    at M5n (c:\\Users\\estudiante\\.vscode\\extensions\\uqbar.wollok-lsp-ide-0.5.4\\out\\server\\src\\server.js:2389:1248)\n    at c:\\Users\\estudiante\\.vscode\\extensions\\uqbar.wollok-lsp-ide-0.5.4\\out\\server\\src\\server.js:38:6131\n    at L2 (c:\\Users\\estudiante\\.vscode\\extensions\\uqbar.wollok-lsp-ide-0.5.4\\out\\server\\src\\server.js:2389:42)\n    at c:\\Users\\estudiante\\.vscode\\extensions\\uqbar.wollok-lsp-ide-0.5.4\\out\\server\\src\\server.js:2389:2988\n    at c:\\Users\\estudiante\\.vscode\\extensions\\uqbar.wollok-lsp-ide-0.5.4\\out\\server\\src\\server.js:2398:8440\n    at c:\\Users\\estudiante\\.vscode\\extensions\\uqbar.wollok-lsp-ide-0.5.4\\out\\server\\src\\server.js:37:74872\n    at Ke (c:\\Users\\estudiante\\.vscode\\extensions\\uqbar.wollok-lsp-ide-0.5.4\\out\\server\\src\\server.js:7:8527)","timestamp":"2026-05-13T22:38:29.966Z"}
{"level":"info","message":"⌛ Validating src/example.wlk","timeElapsed":112,"timestamp":"2026-05-13T22:38:30.080Z"}
{"level":"info","message":"⌛ Validating src/example.wlk","timeElapsed":116,"timestamp":"2026-05-13T22:38:30.198Z"}
{"level":"info","message":"⌛ Validating src/example.wlk","timeElapsed":133,"timestamp":"2026-05-13T22:38:30.334Z"}
{"level":"info","message":"⌛ Validating src/example.wlk","timeElapsed":146,"timestamp":"2026-05-13T22:38:30.480Z"}
{"level":"info","message":"⌛ Building environment","timeElapsed":157,"timestamp":"2026-05-13T22:38:31.995Z"}
{"level":"info","message":"⌛ Validating src/example.wlk","timeElapsed":146,"timestamp":"2026-05-13T22:38:32.230Z"}
{"level":"info","message":"⌛ Validating src/example.wlk","timeElapsed":135,"timestamp":"2026-05-13T22:38:32.366Z"}
{"level":"info","message":"⌛ Building environment","timeElapsed":297,"timestamp":"2026-05-13T22:38:37.431Z"}
{"level":"info","message":"⌛ Building environment","timeElapsed":103,"timestamp":"2026-05-13T22:38:37.534Z"}
{"level":"info","message":"⌛ Building environment","timeElapsed":262,"timestamp":"2026-05-13T22:38:37.962Z"}
{"level":"info","message":"⌛ Validating src/example.wlk","timeElapsed":150,"timestamp":"2026-05-13T22:38:38.114Z"}
{"level":"info","message":"⌛ Validating src/example.wlk","timeElapsed":186,"timestamp":"2026-05-13T22:38:38.300Z"}
{"level":"info","message":"⌛ Validating src/example.wlk","timeElapsed":195,"timestamp":"2026-05-13T22:38:38.496Z"}
{"level":"info","message":"⌛ Building environment","timeElapsed":152,"timestamp":"2026-05-13T22:38:38.668Z"}
{"level":"info","message":"⌛ Building environment","timeElapsed":130,"timestamp":"2026-05-13T22:38:38.801Z"}
{"level":"info","message":"⌛ Validating src/example.wlk","timeElapsed":145,"timestamp":"2026-05-13T22:38:38.988Z"}
{"level":"info","message":"⌛ Building environment","timeElapsed":142,"timestamp":"2026-05-13T22:38:39.154Z"}
{"level":"info","message":"⌛ Validating src/example.wlk","timeElapsed":220,"timestamp":"2026-05-13T22:38:39.462Z"}
{"level":"info","message":"⌛ Validating src/example.wlk","timeElapsed":112,"timestamp":"2026-05-13T22:38:39.667Z"}
{"level":"info","message":"⌛ Validating src/example.wlk","timeElapsed":141,"timestamp":"2026-05-13T22:38:39.864Z"}
{"level":"info","message":"⌛ Validating src/example.wlk","timeElapsed":192,"timestamp":"2026-05-13T22:38:40.061Z"}
{"level":"info","message":"⌛ Validating src/example.wlk","timeElapsed":121,"timestamp":"2026-05-13T22:38:40.188Z"}
{"level":"info","message":"⌛ Building environment","timeElapsed":244,"timestamp":"2026-05-13T22:38:42.870Z"}
{"level":"error","message":"✘ Completions for node NamedArgument ([7:63, 7:71] - src/example.wlk) failed: Error: [NamedArgument]{4faa8e} at src/example.wlk:7 exhausted all cases without a match [NamedArgument]{4faa8e} at src/example.wlk:7 exhausted all cases without a match","stack":"Error: [NamedArgument]{4faa8e} at src/example.wlk:7 exhausted all cases without a match\n    at c:\\Users\\estudiante\\.vscode\\extensions\\uqbar.wollok-lsp-ide-0.5.4\\out\\server\\src\\server.js:38:6142\n    at L2 (c:\\Users\\estudiante\\.vscode\\extensions\\uqbar.wollok-lsp-ide-0.5.4\\out\\server\\src\\server.js:2389:42)\n    at Jh (c:\\Users\\estudiante\\.vscode\\extensions\\uqbar.wollok-lsp-ide-0.5.4\\out\\server\\src\\server.js:2389:1092)\n    at M5n (c:\\Users\\estudiante\\.vscode\\extensions\\uqbar.wollok-lsp-ide-0.5.4\\out\\server\\src\\server.js:2389:1248)\n    at c:\\Users\\estudiante\\.vscode\\extensions\\uqbar.wollok-lsp-ide-0.5.4\\out\\server\\src\\server.js:38:6131\n    at L2 (c:\\Users\\estudiante\\.vscode\\extensions\\uqbar.wollok-lsp-ide-0.5.4\\out\\server\\src\\server.js:2389:42)\n    at c:\\Users\\estudiante\\.vscode\\extensions\\uqbar.wollok-lsp-ide-0.5.4\\out\\server\\src\\server.js:2389:2988\n    at c:\\Users\\estudiante\\.vscode\\extensions\\uqbar.wollok-lsp-ide-0.5.4\\out\\server\\src\\server.js:2398:8440\n    at c:\\Users\\estudiante\\.vscode\\extensions\\uqbar.wollok-lsp-ide-0.5.4\\out\\server\\src\\server.js:37:74872\n    at Ke (c:\\Users\\estudiante\\.vscode\\extensions\\uqbar.wollok-lsp-ide-0.5.4\\out\\server\\src\\server.js:7:8527)","timestamp":"2026-05-13T22:38:43.004Z"}
{"level":"info","message":"⌛ Building environment","timeElapsed":255,"timestamp":"2026-05-13T22:38:43.304Z"}
{"level":"info","message":"⌛ Building environment","timeElapsed":111,"timestamp":"2026-05-13T22:38:43.417Z"}
{"level":"info","message":"⌛ Validating src/example.wlk","timeElapsed":118,"timestamp":"2026-05-13T22:38:43.555Z"}
{"level":"info","message":"⌛ Building environment","timeElapsed":109,"timestamp":"2026-05-13T22:38:43.667Z"}
{"level":"info","message":"⌛ Validating src/example.wlk","timeElapsed":170,"timestamp":"2026-05-13T22:38:43.845Z"}
{"level":"info","message":"⌛ Validating src/example.wlk","timeElapsed":201,"timestamp":"2026-05-13T22:38:44.048Z"}
{"level":"info","message":"⌛ Validating src/example.wlk","timeElapsed":310,"timestamp":"2026-05-13T22:38:44.358Z"}
{"level":"info","message":"⌛ Building environment","timeElapsed":182,"timestamp":"2026-05-13T22:38:51.519Z"}
{"level":"info","message":"⌛ Validating src/example.wlk","timeElapsed":132,"timestamp":"2026-05-13T22:38:51.738Z"}
{"level":"info","message":"⌛ Validating src/example.wlk","timeElapsed":105,"timestamp":"2026-05-13T22:38:51.844Z"}
{"level":"info","message":"⌛ Validating src/example.wlk","timeElapsed":122,"timestamp":"2026-05-13T22:38:52.075Z"}
{"level":"info","message":"⌛ Building environment","timeElapsed":134,"timestamp":"2026-05-13T22:38:52.299Z"}
{"level":"info","message":"⌛ Validating src/example.wlk","timeElapsed":174,"timestamp":"2026-05-13T22:38:52.591Z"}
{"level":"info","message":"⌛ Building environment","timeElapsed":141,"timestamp":"2026-05-13T22:38:52.732Z"}
{"level":"info","message":"⌛ Validating src/example.wlk","timeElapsed":148,"timestamp":"2026-05-13T22:38:53.012Z"}
{"level":"info","message":"⌛ Building environment","timeElapsed":157,"timestamp":"2026-05-13T22:38:53.169Z"}
{"level":"info","message":"⌛ Validating src/example.wlk","timeElapsed":123,"timestamp":"2026-05-13T22:38:53.292Z"}
{"level":"info","message":"⌛ Building environment","timeElapsed":182,"timestamp":"2026-05-13T22:38:53.476Z"}
{"level":"info","message":"⌛ Validating src/example.wlk","timeElapsed":216,"timestamp":"2026-05-13T22:38:53.715Z"}
{"level":"info","message":"⌛ Building environment","timeElapsed":110,"timestamp":"2026-05-13T22:38:53.828Z"}
{"level":"info","message":"⌛ Validating src/example.wlk","timeElapsed":151,"timestamp":"2026-05-13T22:38:54.069Z"}
{"level":"info","message":"⌛ Building environment","timeElapsed":108,"timestamp":"2026-05-13T22:38:54.239Z"}
{"level":"info","message":"⌛ Validating src/example.wlk","timeElapsed":105,"timestamp":"2026-05-13T22:38:54.345Z"}
{"level":"info","message":"⌛ Validating src/example.wlk","timeElapsed":118,"timestamp":"2026-05-13T22:38:54.465Z"}
{"level":"info","message":"⌛ Validating src/example.wlk","timeElapsed":131,"timestamp":"2026-05-13T22:38:54.605Z"}
{"level":"info","message":"⌛ Building environment","timeElapsed":153,"timestamp":"2026-05-13T22:38:56.735Z"}
{"level":"info","message":"⌛ Validating src/example.wlk","timeElapsed":145,"timestamp":"2026-05-13T22:38:56.906Z"}
{"level":"info","message":"⌛ Validating src/example.wlk","timeElapsed":166,"timestamp":"2026-05-13T22:38:57.205Z"}
{"level":"info","message":"⌛ Validating src/example.wlk","timeElapsed":224,"timestamp":"2026-05-13T22:38:57.556Z"}
{"level":"info","message":"⌛ Building environment","timeElapsed":135,"timestamp":"2026-05-13T22:38:57.692Z"}
{"level":"info","message":"⌛ Building environment","timeElapsed":102,"timestamp":"2026-05-13T22:38:57.799Z"}
{"level":"info","message":"⌛ Validating src/example.wlk","timeElapsed":167,"timestamp":"2026-05-13T22:38:58.091Z"}
{"level":"info","message":"⌛ Validating src/example.wlk","timeElapsed":194,"timestamp":"2026-05-13T22:38:58.382Z"}
{"level":"info","message":"⌛ Validating src/example.wlk","timeElapsed":112,"timestamp":"2026-05-13T22:38:58.495Z"}
{"level":"info","message":"⌛ Building environment","timeElapsed":197,"timestamp":"2026-05-13T22:38:58.694Z"}
{"level":"info","message":"⌛ Validating src/example.wlk","timeElapsed":187,"timestamp":"2026-05-13T22:38:58.919Z"}
{"level":"info","message":"⌛ Building environment","timeElapsed":160,"timestamp":"2026-05-13T22:38:59.149Z"}
{"level":"info","message":"⌛ Building environment","timeElapsed":181,"timestamp":"2026-05-13T22:38:59.462Z"}
{"level":"info","message":"⌛ Validating src/example.wlk","timeElapsed":129,"timestamp":"2026-05-13T22:38:59.617Z"}
{"level":"info","message":"⌛ Building environment","timeElapsed":135,"timestamp":"2026-05-13T22:38:59.766Z"}
{"level":"info","message":"⌛ Building environment","timeElapsed":115,"timestamp":"2026-05-13T22:38:59.885Z"}
{"level":"info","message":"⌛ Validating src/example.wlk","timeElapsed":174,"timestamp":"2026-05-13T22:39:00.060Z"}
{"level":"info","message":"⌛ Validating src/example.wlk","timeElapsed":147,"timestamp":"2026-05-13T22:39:00.208Z"}
{"level":"info","message":"⌛ Building environment","timeElapsed":221,"timestamp":"2026-05-13T22:39:00.440Z"}
{"level":"info","message":"⌛ Autocomplete - Package","timeElapsed":174,"timestamp":"2026-05-13T22:39:00.616Z"}
{"level":"info","message":"⌛ Building environment","timeElapsed":188,"timestamp":"2026-05-13T22:39:00.813Z"}
{"level":"info","message":"⌛ Validating src/example.wlk","timeElapsed":137,"timestamp":"2026-05-13T22:39:00.951Z"}
{"level":"info","message":"⌛ Validating src/example.wlk","timeElapsed":124,"timestamp":"2026-05-13T22:39:01.169Z"}
{"level":"info","message":"⌛ Validating src/example.wlk","timeElapsed":159,"timestamp":"2026-05-13T22:39:01.409Z"}
{"level":"info","message":"⌛ Building environment","timeElapsed":244,"timestamp":"2026-05-13T22:39:01.654Z"}
{"level":"info","message":"⌛ Building environment","timeElapsed":145,"timestamp":"2026-05-13T22:39:01.817Z"}
{"level":"info","message":"⌛ Validating src/example.wlk","timeElapsed":246,"timestamp":"2026-05-13T22:39:02.070Z"}
{"level":"info","message":"⌛ Validating src/example.wlk","timeElapsed":116,"timestamp":"2026-05-13T22:39:02.189Z"}
{"level":"info","message":"⌛ Validating src/example.wlk","timeElapsed":213,"timestamp":"2026-05-13T22:39:02.402Z"}
{"level":"info","message":"⌛ Validating src/example.wlk","timeElapsed":183,"timestamp":"2026-05-13T22:39:02.589Z"}
{"level":"info","message":"⌛ Building environment","timeElapsed":138,"timestamp":"2026-05-13T22:39:02.732Z"}
{"level":"info","message":"⌛ Building environment","timeElapsed":104,"timestamp":"2026-05-13T22:39:02.885Z"}
{"level":"info","message":"⌛ Validating src/example.wlk","timeElapsed":158,"timestamp":"2026-05-13T22:39:03.045Z"}
{"level":"info","message":"⌛ Validating src/example.wlk","timeElapsed":167,"timestamp":"2026-05-13T22:39:03.213Z"}
{"level":"info","message":"⌛ Validating src/example.wlk","timeElapsed":141,"timestamp":"2026-05-13T22:39:03.560Z"}
{"level":"info","message":"⌛ Validating src/example.wlk","timeElapsed":235,"timestamp":"2026-05-13T22:39:03.795Z"}
{"level":"info","message":"⌛ Building environment","timeElapsed":125,"timestamp":"2026-05-13T22:39:03.928Z"}
{"level":"info","message":"⌛ Validating src/example.wlk","timeElapsed":142,"timestamp":"2026-05-13T22:39:04.071Z"}
{"level":"info","message":"⌛ Validating src/example.wlk","timeElapsed":125,"timestamp":"2026-05-13T22:39:04.196Z"}
{"level":"info","message":"⌛ Building environment","timeElapsed":200,"timestamp":"2026-05-13T22:39:04.410Z"}
{"level":"info","message":"⌛ Validating src/example.wlk","timeElapsed":130,"timestamp":"2026-05-13T22:39:04.540Z"}
{"level":"info","message":"⌛ Validating src/example.wlk","timeElapsed":280,"timestamp":"2026-05-13T22:39:04.826Z"}
{"level":"info","message":"⌛ Building environment","timeElapsed":313,"timestamp":"2026-05-13T22:39:06.289Z"}
{"level":"info","message":"⌛ Validating src/example.wlk","timeElapsed":159,"timestamp":"2026-05-13T22:39:06.452Z"}
{"level":"info","message":"⌛ Validating src/example.wlk","timeElapsed":194,"timestamp":"2026-05-13T22:39:06.753Z"}
{"level":"info","message":"⌛ Building environment","timeElapsed":160,"timestamp":"2026-05-13T22:39:07.663Z"}
{"level":"info","message":"⌛ Building environment","timeElapsed":226,"timestamp":"2026-05-13T22:39:07.889Z"}
{"level":"info","message":"⌛ Validating src/example.wlk","timeElapsed":152,"timestamp":"2026-05-13T22:39:08.098Z"}
{"level":"info","message":"⌛ Building environment","timeElapsed":159,"timestamp":"2026-05-13T22:39:08.261Z"}
{"level":"info","message":"⌛ Building environment","timeElapsed":191,"timestamp":"2026-05-13T22:39:08.461Z"}
{"level":"info","message":"⌛ Validating src/example.wlk","timeElapsed":133,"timestamp":"2026-05-13T22:39:08.595Z"}
{"level":"info","message":"⌛ Validating src/example.wlk","timeElapsed":141,"timestamp":"2026-05-13T22:39:08.846Z"}
{"level":"info","message":"⌛ Building environment","timeElapsed":173,"timestamp":"2026-05-13T22:39:09.022Z"}
{"level":"info","message":"⌛ Building environment","timeElapsed":116,"timestamp":"2026-05-13T22:39:09.185Z"}
{"level":"info","message":"⌛ Validating src/example.wlk","timeElapsed":253,"timestamp":"2026-05-13T22:39:09.438Z"}
{"level":"info","message":"⌛ Validating src/example.wlk","timeElapsed":159,"timestamp":"2026-05-13T22:39:09.636Z"}
{"level":"info","message":"⌛ Validating src/example.wlk","timeElapsed":356,"timestamp":"2026-05-13T22:39:10.108Z"}
{"level":"info","message":"⌛ Building environment","timeElapsed":166,"timestamp":"2026-05-13T22:39:10.278Z"}
{"level":"info","message":"⌛ Validating src/example.wlk","timeElapsed":155,"timestamp":"2026-05-13T22:39:10.434Z"}
{"level":"info","message":"⌛ Building environment","timeElapsed":128,"timestamp":"2026-05-13T22:39:10.578Z"}
{"level":"info","message":"⌛ Validating src/example.wlk","timeElapsed":316,"timestamp":"2026-05-13T22:39:10.907Z"}
{"level":"info","message":"⌛ Validating src/example.wlk","timeElapsed":158,"timestamp":"2026-05-13T22:39:11.068Z"}
{"level":"info","message":"⌛ Validating src/example.wlk","timeElapsed":123,"timestamp":"2026-05-13T22:39:11.194Z"}
{"level":"info","message":"⌛ Building environment","timeElapsed":179,"timestamp":"2026-05-13T22:39:11.456Z"}
{"level":"info","message":"⌛ Validating src/example.wlk","timeElapsed":218,"timestamp":"2026-05-13T22:39:11.679Z"}
{"level":"info","message":"⌛ Building environment","timeElapsed":197,"timestamp":"2026-05-13T22:39:12.106Z"}
{"level":"info","message":"⌛ Validating src/example.wlk","timeElapsed":189,"timestamp":"2026-05-13T22:39:12.297Z"}
{"level":"info","message":"⌛ Building environment","timeElapsed":117,"timestamp":"2026-05-13T22:39:12.421Z"}
{"level":"info","message":"⌛ Building environment","timeElapsed":113,"timestamp":"2026-05-13T22:39:12.535Z"}
{"level":"info","message":"⌛ Validating src/example.wlk","timeElapsed":165,"timestamp":"2026-05-13T22:39:12.701Z"}
{"level":"info","message":"⌛ Validating src/example.wlk","timeElapsed":384,"timestamp":"2026-05-13T22:39:13.160Z"}
{"level":"info","message":"⌛ Building environment","timeElapsed":207,"timestamp":"2026-05-13T22:39:13.393Z"}
{"level":"info","message":"⌛ Validating src/example.wlk","timeElapsed":187,"timestamp":"2026-05-13T22:39:13.582Z"}
{"level":"info","message":"⌛ Building environment","timeElapsed":120,"timestamp":"2026-05-13T22:39:13.717Z"}
{"level":"info","message":"⌛ Building environment","timeElapsed":134,"timestamp":"2026-05-13T22:39:13.877Z"}
{"level":"info","message":"⌛ Building environment","timeElapsed":147,"timestamp":"2026-05-13T22:39:14.028Z"}
{"level":"info","message":"⌛ Validating src/example.wlk","timeElapsed":143,"timestamp":"2026-05-13T22:39:14.172Z"}
{"level":"info","message":"⌛ Validating src/example.wlk","timeElapsed":123,"timestamp":"2026-05-13T22:39:14.381Z"}
{"level":"info","message":"⌛ Validating src/example.wlk","timeElapsed":203,"timestamp":"2026-05-13T22:39:14.587Z"}
{"level":"info","message":"⌛ Validating src/example.wlk","timeElapsed":181,"timestamp":"2026-05-13T22:39:14.769Z"}
{"level":"info","message":"⌛ Validating src/example.wlk","timeElapsed":230,"timestamp":"2026-05-13T22:39:15.000Z"}
{"level":"info","message":"⌛ Building environment","timeElapsed":248,"timestamp":"2026-05-13T22:39:18.642Z"}
{"level":"info","message":"⌛ Validating src/example.wlk","timeElapsed":133,"timestamp":"2026-05-13T22:39:18.868Z"}
{"level":"info","message":"⌛ Validating src/example.wlk","timeElapsed":116,"timestamp":"2026-05-13T22:39:18.985Z"}
{"level":"error","message":"✘ Failed to get type description: Error: Failed to print, found malformed node Failed to print, found malformed node","node":{"fileName":"src/example.wlk","id":"4c28c6d9-20b5-4726-9028-52f5dedfe34f","imports":[],"members":[{"id":"949c05ae-f759-4085-9908-495bb903d8bf","members":[{"id":"14810469-3725-4500-801d-324d6b808eaf","isConstant":true,"isProperty":false,"metadata":[],"name":"materiasAprobadas","scope":{"containerScope":{"containerScope":{"containerScope":{"containerScope":{"contributions":{},"includedScopes":[]},"contributions":{},"includedScopes":[]},"contributions":{},"includedScopes":[]},"contributions":{},"includedScopes":[{"containerScope":{"containerScope":{"containerScope":{"contributions":{},"includedScopes":[]},"contributions":{},"includedScopes":[]},"contributions":{},"includedScopes":[]},"contributions":{},"includedScopes":[]}]},"contributions":{},"includedScopes":[]},"sourceMap":{"end":{"column":30,"line":2,"offset":49},"start":{"column":2,"line":2,"offset":21}},"value":{"id":"b38dd31d-2501-4ed1-a7d3-6e586945ac3e","metadata":[],"scope":{"containerScope":{"containerScope":{"containerScope":{"containerScope":{"containerScope":{"contributions":{},"includedScopes":[]},"contributions":{},"includedScopes":[]},"contributions":{},"includedScopes":[]},"contributions":{},"includedScopes":[{"containerScope":{"containerScope":{"containerScope":{"contributions":{},"includedScopes":[]},"contributions":{},"includedScopes":[]},"contributions":{},"includedScopes":[]},"contributions":{},"includedScopes":[]}]},"contributions":{},"includedScopes":[]},"contributions":{},"includedScopes":[]},"sourceMap":{"end":{"column":30,"line":2,"offset":49},"start":{"column":28,"line":2,"offset":47}},"value":[{"id":"f191dddc-c9f1-43a1-a361-9c127c805905","metadata":[],"name":"wollok.lang.List","scope":{"containerScope":{"containerScope":{"containerScope":{"containerScope":{"containerScope":{"containerScope":{"contributions":{},"includedScopes":[]},"contributions":{},"includedScopes":[]},"contributions":{},"includedScopes":[]},"contributions":{},"includedScopes":[{"containerScope":{"containerScope":{"containerScope":{"contributions":{},"includedScopes":[]},"contributions":{},"includedScopes":[]},"contributions":{},"includedScopes":[]},"contributions":{},"includedScopes":[]}]},"contributions":{},"includedScopes":[]},"contributions":{},"includedScopes":[]},"contributions":{},"includedScopes":[]}},[]]}},{"body":{"id":"e2710e1b-f738-4413-bd5d-6ec94b7365b7","metadata":[],"problems":[],"scope":{"containerScope":{"containerScope":{"containerScope":{"containerScope":{"containerScope":{"contributions":{},"includedScopes":[]},"contributions":{},"includedScopes":[]},"contributions":{},"includedScopes":[]},"contributions":{},"includedScopes":[{"containerScope":{"containerScope":{"containerScope":{"contributions":{},"includedScopes":[]},"contributions":{},"includedScopes":[]},"contributions":{},"includedScopes":[]},"contributions":{},"includedScopes":[]}]},"contributions":{},"includedScopes":[]},"contributions":{},"includedScopes":[]},"sentences":[{"condition":{"args":[{"id":"96d12f27-865e-4caa-93b9-e204b1535297","metadata":[],"name":"materia","scope":{"containerScope":{"containerScope":{"containerScope":{"containerScope":{"containerScope":{"containerScope":{"containerScope":{"containerScope":{"contributions":{},"includedScopes":[]},"contributions":{},"includedScopes":[]},"contributions":{},"includedScopes":[]},"contributions":{},"includedScopes":[{"containerScope":{"containerScope":{"containerScope":{"contributions":{},"includedScopes":[]},"contributions":{},"includedScopes":[]},"contributions":{},"includedScopes":[]},"contributions":{},"includedScopes":[]}]},"contributions":{},"includedScopes":[]},"contributions":{},"includedScopes":[]},"contributions":{},"includedScopes":[]},"contributions":{},"includedScopes":[]},"contributions":{},"includedScopes":[]},"sourceMap":{"end":{"column":24,"line":6,"offset":114},"start":{"column":17,"line":6,"offset":107}}}],"id":"1f94ad6c-90b7-4d61-a5fd-3f9af7b68132","message":"aprobo","metadata":[],"receiver":{"id":"17311a8e-1be6-4771-8667-8f87ce83ca00","metadata":[],"scope":{"containerScope":{"containerScope":{"containerScope":{"containerScope":{"containerScope":{"containerScope":{"containerScope":{"containerScope":{"contributions":{},"includedScopes":[]},"contributions":{},"includedScopes":[]},"contributions":{},"includedScopes":[]},"contributions":{},"includedScopes":[{"containerScope":{"containerScope":{"containerScope":{"contributions":{},"includedScopes":[]},"contributions":{},"includedScopes":[]},"contributions":{},"includedScopes":[]},"contributions":{},"includedScopes":[]}]},"contributions":{},"includedScopes":[]},"contributions":{},"includedScopes":[]},"contributions":{},"includedScopes":[]},"contributions":{},"includedScopes":[]},"contributions":{},"includedScopes":[]},"sourceMap":{"end":{"column":9,"line":6,"offset":99},"start":{"column":5,"line":6,"offset":95}}},"scope":{"containerScope":{"containerScope":{"containerScope":{"containerScope":{"containerScope":{"containerScope":{"containerScope":{"contributions":{},"includedScopes":[]},"contributions":{},"includedScopes":[]},"contributions":{},"includedScopes":[]},"contributions":{},"includedScopes":[{"containerScope":{"containerScope":{"containerScope":{"contributions":{},"includedScopes":[]},"contributions":{},"includedScopes":[]},"contributions":{},"includedScopes":[]},"contributions":{},"includedScopes":[]}]},"contributions":{},"includedScopes":[]},"contributions":{},"includedScopes":[]},"contributions":{},"includedScopes":[]},"contributions":{},"includedScopes":[]},"sourceMap":{"end":{"column":25,"line":6,"offset":115},"start":{"column":5,"line":6,"offset":95}}},"elseBody":{"id":"ab6294aa-f834-4597-a4f6-6931029875ed","metadata":[],"scope":{"containerScope":{"containerScope":{"containerScope":{"containerScope":{"containerScope":{"containerScope":{"containerScope":{"contributions":{},"includedScopes":[]},"contributions":{},"includedScopes":[]},"contributions":{},"includedScopes":[]},"contributions":{},"includedScopes":[{"containerScope":{"containerScope":{"containerScope":{"contributions":{},"includedScopes":[]},"contributions":{},"includedScopes":[]},"contributions":{},"includedScopes":[]},"contributions":{},"includedScopes":[]}]},"contributions":{},"includedScopes":[]},"contributions":{},"includedScopes":[]},"contributions":{},"includedScopes":[]},"contributions":{},"includedScopes":[]},"sentences":[]},"id":"5790293f-d49d-4aa0-921f-407d3259df6d","metadata":[],"scope":{"containerScope":{"containerScope":{"containerScope":{"containerScope":{"containerScope":{"containerScope":{"contributions":{},"includedScopes":[]},"contributions":{},"includedScopes":[]},"contributions":{},"includedScopes":[]},"contributions":{},"includedScopes":[{"containerScope":{"containerScope":{"containerScope":{"contributions":{},"includedScopes":[]},"contributions":{},"includedScopes":[]},"contributions":{},"includedScopes":[]},"contributions":{},"includedScopes":[]}]},"contributions":{},"includedScopes":[]},"contributions":{},"includedScopes":[]},"contributions":{},"includedScopes":[]},"sourceMap":{"end":{"column":3,"line":8,"offset":183},"start":{"column":2,"line":6,"offset":92}},"thenBody":{"id":"04550404-3f28-4c57-951a-d4e6b7492bd3","metadata":[],"problems":[],"scope":{"containerScope":{"containerScope":{"containerScope":{"containerScope":{"containerScope":{"containerScope":{"containerScope":{"contributions":{},"includedScopes":[]},"contributions":{},"includedScopes":[]},"contributions":{},"includedScopes":[]},"contributions":{},"includedScopes":[{"containerScope":{"containerScope":{"containerScope":{"contributions":{},"includedScopes":[]},"contributions":{},"includedScopes":[]},"contributions":{},"includedScopes":[]},"contributions":{},"includedScopes":[]}]},"contributions":{},"includedScopes":[]},"contributions":{},"includedScopes":[]},"contributions":{},"includedScopes":[]},"contributions":{},"includedScopes":[]},"sentences":[{"args":[{"id":"e65e9340-e59e-4995-b82d-c6da3aa594e6","metadata":[],"scope":{"containerScope":{"containerScope":{"containerScope":{"containerScope":{"containerScope":{"containerScope":{"containerScope":{"containerScope":{"containerScope":{"contributions":{},"includedScopes":[]},"contributions":{},"includedScopes":[]},"contributions":{},"includedScopes":[]},"contributions":{},"includedScopes":[{"containerScope":{"containerScope":{"containerScope":{"contributions":{},"includedScopes":[]},"contributions":{},"includedScopes":[]},"contributions":{},"includedScopes":[]},"contributions":{},"includedScopes":[]}]},"contributions":{},"includedScopes":[]},"contributions":{},"includedScopes":[]},"contributions":{},"includedScopes":[]},"contributions":{},"includedScopes":[]},"contributions":{},"includedScopes":[]},"contributions":{},"includedScopes":[]},"sourceMap":{"end":{"column":60,"line":7,"offset":178},"start":{"column":14,"line":7,"offset":132}},"value":"Ya se registro la aprobacion de esta materia"}],"id":"43ae8e0d-2657-45bc-98ac-ecbe3d33d02a","message":"error","metadata":[],"receiver":{"id":"8386f1d1-200f-40e6-bc70-5b61bfa458ee","metadata":[],"scope":{"containerScope":{"containerScope":{"containerScope":{"containerScope":{"containerScope":{"containerScope":{"containerScope":{"containerScope":{"containerScope":{"contributions":{},"includedScopes":[]},"contributions":{},"includedScopes":[]},"contributions":{},"includedScopes":[]},"contributions":{},"includedScopes":[{"containerScope":{"containerScope":{"containerScope":{"contributions":{},"includedScopes":[]},"contributions":{},"includedScopes":[]},"contributions":{},"includedScopes":[]},"contributions":{},"includedScopes":[]}]},"contributions":{},"includedScopes":[]},"contributions":{},"includedScopes":[]},"contributions":{},"includedScopes":[]},"contributions":{},"includedScopes":[]},"contributions":{},"includedScopes":[]},"contributions":{},"includedScopes":[]},"sourceMap":{"end":{"column":7,"line":7,"offset":125},"start":{"column":3,"line":7,"offset":121}}},"scope":{"containerScope":{"containerScope":{"containerScope":{"containerScope":{"containerScope":{"containerScope":{"containerScope":{"containerScope":{"contributions":{},"includedScopes":[]},"contributions":{},"includedScopes":[]},"contributions":{},"includedScopes":[]},"contributions":{},"includedScopes":[{"containerScope":{"containerScope":{"containerScope":{"contributions":{},"includedScopes":[]},"contributions":{},"includedScopes":[]},"contributions":{},"includedScopes":[]},"contributions":{},"includedScopes":[]}]},"contributions":{},"includedScopes":[]},"contributions":{},"includedScopes":[]},"contributions":{},"includedScopes":[]},"contributions":{},"includedScopes":[]},"contributions":{},"includedScopes":[]},"sourceMap":{"end":{"column":61,"line":7,"offset":179},"start":{"column":3,"line":7,"offset":121}}}],"sourceMap":{"end":{"column":3,"line":8,"offset":183},"start":{"column":26,"line":6,"offset":116}}}},{"args":[{"args":[{"id":"f3675b1c-4c57-41bc-831d-bb21a4109cb7","metadata":[],"name":"materia","scope":{"containerScope":{"containerScope":{"containerScope":{"containerScope":{"containerScope":{"containerScope":{"containerScope":{"containerScope":{"contributions":{},"includedScopes":[]},"contributions":{},"includedScopes":[]},"contributions":{},"includedScopes":[]},"contributions":{},"includedScopes":[{"containerScope":{"containerScope":{"containerScope":{"contributions":{},"includedScopes":[]},"contributions":{},"includedScopes":[]},"contributions":{},"includedScopes":[]},"contributions":{},"includedScopes":[]}]},"contributions":{},"includedScopes":[]},"contributions":{},"includedScopes":[]},"contributions":{},"includedScopes":[]},"contributions":{},"includedScopes":[]},"contributions":{},"includedScopes":[]},"sourceMap":{"end":{"column":61,"line":9,"offset":245},"start":{"column":44,"line":9,"offset":228}},"value":{"id":"c0682d7b-16f6-4eb9-9255-9c897354c854","metadata":[],"name":"materia","scope":{"containerScope":{"containerScope":{"containerScope":{"containerScope":{"containerScope":{"containerScope":{"containerScope":{"containerScope":{"containerScope":{"contributions":{},"includedScopes":[]},"contributions":{},"includedScopes":[]},"contributions":{},"includedScopes":[]},"contributions":{},"includedScopes":[{"containerScope":{"containerScope":{"containerScope":{"contributions":{},"includedScopes":[]},"contributions":{},"includedScopes":[]},"contributions":{},"includedScopes":[]},"contributions":{},"includedScopes":[]}]},"contributions":{},"includedScopes":[]},"contributions":{},"includedScopes":[]},"contributions":{},"includedScopes":[]},"contributions":{},"includedScopes":[]},"contributions":{},"includedScopes":[]},"contributions":{},"includedScopes":[]},"sourceMap":{"end":{"column":61,"line":9,"offset":245},"start":{"column":54,"line":9,"offset":238}}}},{"id":"096177d8-ae13-41e3-af88-8eda44328a11","metadata":[],"name":"nota","scope":{"containerScope":{"containerScope":{"containerScope":{"containerScope":{"containerScope":{"containerScope":{"containerScope":{"containerScope":{"contributions":{},"includedScopes":[]},"contributions":{},"includedScopes":[]},"contributions":{},"includedScopes":[]},"contributions":{},"includedScopes":[{"containerScope":{"containerScope":{"containerScope":{"contributions":{},"includedScopes":[]},"contributions":{},"includedScopes":[]},"contributions":{},"includedScopes":[]},"contributions":{},"includedScopes":[]}]},"contributions":{},"includedScopes":[]},"contributions":{},"includedScopes":[]},"contributions":{},"includedScopes":[]},"contributions":{},"includedScopes":[]},"contributions":{},"includedScopes":[]},"sourceMap":{"end":{"column":74,"line":9,"offset":258},"start":{"column":63,"line":9,"offset":247}},"value":{"id":"30e18eaa-4303-427b-81ce-b0fe435a8fb4","metadata":[],"name":"nota","scope":{"containerScope":{"containerScope":{"containerScope":{"containerScope":{"containerScope":{"containerScope":{"containerScope":{"containerScope":{"containerScope":{"contributions":{},"includedScopes":[]},"contributions":{},"includedScopes":[]},"contributions":{},"includedScopes":[]},"contributions":{},"includedScopes":[{"containerScope":{"containerScope":{"containerScope":{"contributions":{},"includedScopes":[]},"contributions":{},"includedScopes":[]},"contributions":{},"includedScopes":[]},"contributions":{},"includedScopes":[]}]},"contributions":{},"includedScopes":[]},"contributions":{},"includedScopes":[]},"contributions":{},"includedScopes":[]},"contributions":{},"includedScopes":[]},"contributions":{},"includedScopes":[]},"contributions":{},"includedScopes":[]},"sourceMap":{"end":{"column":74,"line":9,"offset":258},"start":{"column":70,"line":9,"offset":254}}}}],"id":"9553bacb-c1aa-408d-8315-995532187249","instantiated":{"id":"690a66da-c543-400a-a8ec-55ce2a0bb6d3","metadata":[],"name":"materiaAprobada","scope":{"containerScope":{"containerScope":{"containerScope":{"containerScope":{"containerScope":{"containerScope":{"containerScope":{"containerScope":{"contributions":{},"includedScopes":[]},"contributions":{},"includedScopes":[]},"contributions":{},"includedScopes":[]},"contributions":{},"includedScopes":[{"containerScope":{"containerScope":{"containerScope":{"contributions":{},"includedScopes":[]},"contributions":{},"includedScopes":[]},"contributions":{},"includedScopes":[]},"contributions":{},"includedScopes":[]}]},"contributions":{},"includedScopes":[]},"contributions":{},"includedScopes":[]},"contributions":{},"includedScopes":[]},"contributions":{},"includedScopes":[]},"contributions":{},"includedScopes":[]},"sourceMap":{"end":{"column":43,"line":9,"offset":227},"start":{"column":28,"line":9,"offset":212}}},"metadata":[],"scope":{"containerScope":{"containerScope":{"containerScope":{"containerScope":{"containerScope":{"containerScope":{"containerScope":{"contributions":{},"includedScopes":[]},"contributions":{},"includedScopes":[]},"contributions":{},"includedScopes":[]},"contributions":{},"includedScopes":[{"containerScope":{"containerScope":{"containerScope":{"contributions":{},"includedScopes":[]},"contributions":{},"includedScopes":[]},"contributions":{},"includedScopes":[]},"contributions":{},"includedScopes":[]}]},"contributions":{},"includedScopes":[]},"contributions":{},"includedScopes":[]},"contributions":{},"includedScopes":[]},"contributions":{},"includedScopes":[]},"sourceMap":{"end":{"column":75,"line":9,"offset":259},"start":{"column":24,"line":9,"offset":208}}}],"id":"abc6c79a-b777-4a82-b6ce-631c99c12063","message":"add","metadata":[],"receiver":{"id":"78055c60-3d80-46fb-bcde-1067c0114144","metadata":[],"name":"materiasAprobadas","scope":{"containerScope":{"containerScope":{"containerScope":{"containerScope":{"containerScope":{"containerScope":{"containerScope":{"contributions":{},"includedScopes":[]},"contributions":{},"includedScopes":[]},"contributions":{},"includedScopes":[]},"contributions":{},"includedScopes":[{"containerScope":{"containerScope":{"containerScope":{"contributions":{},"includedScopes":[]},"contributions":{},"includedScopes":[]},"contributions":{},"includedScopes":[]},"contributions":{},"includedScopes":[]}]},"contributions":{},"includedScopes":[]},"contributions":{},"includedScopes":[]},"contributions":{},"includedScopes":[]},"contributions":{},"includedScopes":[]},"sourceMap":{"end":{"column":19,"line":9,"offset":203},"start":{"column":2,"line":9,"offset":186}}},"scope":{"containerScope":{"containerScope":{"containerScope":{"containerScope":{"containerScope":{"containerScope":{"contributions":{},"includedScopes":[]},"contributions":{},"includedScopes":[]},"contributions":{},"includedScopes":[]},"contributions":{},"includedScopes":[{"containerScope":{"containerScope":{"containerScope":{"contributions":{},"includedScopes":[]},"contributions":{},"includedScopes":[]},"contributions":{},"includedScopes":[]},"contributions":{},"includedScopes":[]}]},"contributions":{},"includedScopes":[]},"contributions":{},"includedScopes":[]},"contributions":{},"includedScopes":[]},"sourceMap":{"end":{"column":76,"line":9,"offset":260},"start":{"column":1,"line":9,"offset":186}}}],"sourceMap":{"end":{"column":4,"line":10,"offset":265},"start":{"column":33,"line":5,"offset":88}}},"compiled":false,"id":"1ec2cc30-a0b0-4636-a27c-599fcc6664fc","isOverride":false,"metadata":[],"name":"aprobar","parameters":[{"id":"add12a51-8270-4329-81bc-468321db7704","isVarArg":false,"metadata":[],"name":"materia","scope":{"containerScope":{"containerScope":{"containerScope":{"containerScope":{"containerScope":{"contributions":{},"includedScopes":[]},"contributions":{},"includedScopes":[]},"contributions":{},"includedScopes":[]},"contributions":{},"includedScopes":[{"containerScope":{"containerScope":{"containerScope":{"contributions":{},"includedScopes":[]},"contributions":{},"includedScopes":[]},"contributions":{},"includedScopes":[]},"contributions":{},"includedScopes":[]}]},"contributions":{},"includedScopes":[]},"contributions":{},"includedScopes":[]},"sourceMap":{"end":{"column":25,"line":5,"offset":80},"start":{"column":18,"line":5,"offset":73}}},{"id":"63a9e861-9795-4387-b149-d5d315b62ec9","isVarArg":false,"metadata":[],"name":"nota","scope":{"containerScope":{"containerScope":{"containerScope":{"containerScope":{"containerScope":{"contributions":{},"includedScopes":[]},"contributions":{},"includedScopes":[]},"contributions":{},"includedScopes":[]},"contributions":{},"includedScopes":[{"containerScope":{"containerScope":{"containerScope":{"contributions":{},"includedScopes":[]},"contributions":{},"includedScopes":[]},"contributions":{},"includedScopes":[]},"contributions":{},"includedScopes":[]}]},"contributions":{},"includedScopes":[]},"contributions":{},"includedScopes":[]},"sourceMap":{"end":{"column":31,"line":5,"offset":86},"start":{"column":27,"line":5,"offset":82}}}],"problems":[],"scope":{"containerScope":{"containerScope":{"containerScope":{"containerScope":{"contributions":{},"includedScopes":[]},"contributions":{},"includedScopes":[]},"contributions":{},"includedScopes":[]},"contributions":{},"includedScopes":[{"containerScope":{"containerScope":{"containerScope":{"contributions":{},"includedScopes":[]},"contributions":{},"includedScopes":[]},"contributions":{},"includedScopes":[]},"contributions":{},"includedScopes":[]}]},"contributions":{},"includedScopes":[]},"sourceMap":{"end":{"column":4,"line":10,"offset":265},"start":{"column":3,"line":5,"offset":58}}}],"metadata":[],"name":"Estudiante","problems":[],"scope":{"containerScope":{"containerScope":{"containerScope":{"contributions":{},"includedScopes":[]},"contributions":{},"includedScopes":[]},"contributions":{},"includedScopes":[]},"contributions":{},"includedScopes":[{"containerScope":{"containerScope":{"containerScope":{"contributions":{},"includedScopes":[]},"contributions":{},"includedScopes":[]},"contributions":{},"includedScopes":[]},"contributions":{},"includedScopes":[]}]},"sourceMap":{"end":{"column":2,"line":11,"offset":268},"start":{"column":1,"line":1,"offset":0}},"supertypes":[]}],"metadata":[],"name":"example","problems":[{"code":"malformedEntity","sourceMap":{"end":{"column":2,"line":16,"offset":302},"start":{"column":1,"line":14,"offset":274}}}],"scope":{"containerScope":{"containerScope":{"contributions":{},"includedScopes":[]},"contributions":{},"includedScopes":[]},"contributions":{},"includedScopes":[]}},"stack":"Error: Failed to print, found malformed node\n    at c:\\Users\\estudiante\\.vscode\\extensions\\uqbar.wollok-lsp-ide-0.5.4\\out\\server\\src\\server.js:68:3585\n    at Kbn (c:\\Users\\estudiante\\.vscode\\extensions\\uqbar.wollok-lsp-ide-0.5.4\\out\\server\\src\\server.js:68:3396)\n    at c:\\Users\\estudiante\\.vscode\\extensions\\uqbar.wollok-lsp-ide-0.5.4\\out\\server\\src\\server.js:2398:847\n    at c:\\Users\\estudiante\\.vscode\\extensions\\uqbar.wollok-lsp-ide-0.5.4\\out\\server\\src\\server.js:2398:8440\n    at c:\\Users\\estudiante\\.vscode\\extensions\\uqbar.wollok-lsp-ide-0.5.4\\out\\server\\src\\server.js:37:74770\n    at Ke (c:\\Users\\estudiante\\.vscode\\extensions\\uqbar.wollok-lsp-ide-0.5.4\\out\\server\\src\\server.js:7:8527)\n    at Lt (c:\\Users\\estudiante\\.vscode\\extensions\\uqbar.wollok-lsp-ide-0.5.4\\out\\server\\src\\server.js:7:6189)\n    at ct (c:\\Users\\estudiante\\.vscode\\extensions\\uqbar.wollok-lsp-ide-0.5.4\\out\\server\\src\\server.js:7:6378)\n    at Immediate._onImmediate (c:\\Users\\estudiante\\.vscode\\extensions\\uqbar.wollok-lsp-ide-0.5.4\\out\\server\\src\\server.js:7:6142)\n    at process.processImmediate (node:internal/timers:484:21)","timestamp":"2026-05-13T22:39:21.113Z"}
{"level":"info","message":"⌛ Building environment","timeElapsed":126,"timestamp":"2026-05-13T22:39:24.724Z"}
{"level":"info","message":"⌛ Validating src/example.wlk","timeElapsed":228,"timestamp":"2026-05-13T22:39:24.959Z"}
{"level":"info","message":"⌛ Building environment","timeElapsed":148,"timestamp":"2026-05-13T22:39:25.114Z"}
{"level":"info","message":"⌛ Validating src/example.wlk","timeElapsed":155,"timestamp":"2026-05-13T22:39:25.312Z"}
{"level":"info","message":"⌛ Building environment","timeElapsed":270,"timestamp":"2026-05-13T22:39:26.259Z"}
{"level":"info","message":"⌛ Validating src/example.wlk","timeElapsed":134,"timestamp":"2026-05-13T22:39:26.410Z"}
{"level":"info","message":"⌛ Building environment","timeElapsed":179,"timestamp":"2026-05-13T22:39:26.760Z"}
{"level":"info","message":"⌛ Validating src/example.wlk","timeElapsed":149,"timestamp":"2026-05-13T22:39:26.942Z"}
{"level":"info","message":"⌛ Building environment","timeElapsed":252,"timestamp":"2026-05-13T22:39:36.364Z"}
{"level":"info","message":"⌛ Building environment","timeElapsed":158,"timestamp":"2026-05-13T22:39:36.527Z"}
{"level":"info","message":"⌛ Validating src/example.wlk","timeElapsed":212,"timestamp":"2026-05-13T22:39:36.767Z"}
{"level":"info","message":"⌛ Building environment","timeElapsed":142,"timestamp":"2026-05-13T22:39:37.009Z"}
{"level":"info","message":"⌛ Validating src/example.wlk","timeElapsed":203,"timestamp":"2026-05-13T22:39:37.214Z"}
{"level":"info","message":"⌛ Validating src/example.wlk","timeElapsed":172,"timestamp":"2026-05-13T22:39:37.393Z"}
{"level":"info","message":"⌛ Validating src/example.wlk","timeElapsed":200,"timestamp":"2026-05-13T22:39:37.593Z"}
{"level":"info","message":"⌛ Building environment","timeElapsed":168,"timestamp":"2026-05-13T22:40:18.380Z"}
{"level":"info","message":"⌛ Building environment","timeElapsed":195,"timestamp":"2026-05-13T22:40:18.576Z"}
{"level":"info","message":"⌛ Validating src/example.wlk","timeElapsed":139,"timestamp":"2026-05-13T22:40:18.746Z"}
{"level":"info","message":"⌛ Building environment","timeElapsed":101,"timestamp":"2026-05-13T22:40:18.847Z"}
{"level":"info","message":"⌛ Building environment","timeElapsed":171,"timestamp":"2026-05-13T22:40:19.035Z"}
{"level":"info","message":"⌛ Validating src/example.wlk","timeElapsed":347,"timestamp":"2026-05-13T22:40:19.385Z"}
{"level":"info","message":"⌛ Building environment","timeElapsed":111,"timestamp":"2026-05-13T22:40:19.499Z"}
{"level":"info","message":"⌛ Building environment","timeElapsed":389,"timestamp":"2026-05-13T22:40:19.996Z"}
{"level":"info","message":"⌛ Validating src/example.wlk","timeElapsed":202,"timestamp":"2026-05-13T22:40:20.303Z"}
{"level":"info","message":"⌛ Building environment","timeElapsed":104,"timestamp":"2026-05-13T22:40:20.414Z"}
{"level":"info","message":"⌛ Validating src/example.wlk","timeElapsed":160,"timestamp":"2026-05-13T22:40:20.575Z"}
{"level":"info","message":"⌛ Validating src/example.wlk","timeElapsed":248,"timestamp":"2026-05-13T22:40:20.831Z"}
{"level":"info","message":"⌛ Validating src/example.wlk","timeElapsed":147,"timestamp":"2026-05-13T22:40:20.986Z"}
{"level":"info","message":"⌛ Building environment","timeElapsed":104,"timestamp":"2026-05-13T22:40:21.091Z"}
{"level":"info","message":"⌛ Validating src/example.wlk","timeElapsed":230,"timestamp":"2026-05-13T22:40:21.328Z"}
{"level":"info","message":"⌛ Building environment","timeElapsed":108,"timestamp":"2026-05-13T22:40:21.438Z"}
{"level":"info","message":"⌛ Validating src/example.wlk","timeElapsed":175,"timestamp":"2026-05-13T22:40:21.615Z"}
{"level":"info","message":"⌛ Building environment","timeElapsed":164,"timestamp":"2026-05-13T22:40:21.795Z"}
{"level":"info","message":"⌛ Building environment","timeElapsed":111,"timestamp":"2026-05-13T22:40:21.912Z"}
{"level":"info","message":"⌛ Building environment","timeElapsed":137,"timestamp":"2026-05-13T22:40:22.050Z"}
{"level":"info","message":"⌛ Validating src/example.wlk","timeElapsed":225,"timestamp":"2026-05-13T22:40:22.382Z"}
{"level":"info","message":"⌛ Validating src/example.wlk","timeElapsed":208,"timestamp":"2026-05-13T22:40:22.768Z"}
{"level":"info","message":"⌛ Building environment","timeElapsed":158,"timestamp":"2026-05-13T22:40:22.949Z"}
{"level":"info","message":"⌛ Validating src/example.wlk","timeElapsed":237,"timestamp":"2026-05-13T22:40:23.313Z"}
{"level":"info","message":"⌛ Building environment","timeElapsed":207,"timestamp":"2026-05-13T22:40:23.553Z"}
{"level":"info","message":"⌛ Validating src/example.wlk","timeElapsed":160,"timestamp":"2026-05-13T22:40:23.715Z"}
{"level":"info","message":"⌛ Validating src/example.wlk","timeElapsed":156,"timestamp":"2026-05-13T22:40:23.964Z"}
{"level":"info","message":"⌛ Validating src/example.wlk","timeElapsed":131,"timestamp":"2026-05-13T22:40:24.098Z"}
{"level":"info","message":"⌛ Building environment","timeElapsed":261,"timestamp":"2026-05-13T22:40:24.369Z"}
{"level":"info","message":"⌛ Building environment","timeElapsed":111,"timestamp":"2026-05-13T22:40:24.485Z"}
{"level":"info","message":"⌛ Validating src/example.wlk","timeElapsed":332,"timestamp":"2026-05-13T22:40:24.818Z"}
{"level":"info","message":"⌛ Building environment","timeElapsed":138,"timestamp":"2026-05-13T22:40:24.957Z"}
{"level":"info","message":"⌛ Validating src/example.wlk","timeElapsed":146,"timestamp":"2026-05-13T22:40:25.104Z"}
{"level":"info","message":"⌛ Building environment","timeElapsed":122,"timestamp":"2026-05-13T22:40:25.227Z"}
{"level":"info","message":"⌛ Validating src/example.wlk","timeElapsed":119,"timestamp":"2026-05-13T22:40:25.351Z"}
{"level":"info","message":"⌛ Validating src/example.wlk","timeElapsed":296,"timestamp":"2026-05-13T22:40:25.731Z"}
{"level":"info","message":"⌛ Building environment","timeElapsed":379,"timestamp":"2026-05-13T22:40:26.116Z"}
{"level":"info","message":"⌛ Validating src/example.wlk","timeElapsed":269,"timestamp":"2026-05-13T22:40:26.416Z"}
{"level":"info","message":"⌛ Building environment","timeElapsed":104,"timestamp":"2026-05-13T22:40:26.533Z"}
{"level":"info","message":"⌛ Validating src/example.wlk","timeElapsed":164,"timestamp":"2026-05-13T22:40:26.698Z"}
{"level":"info","message":"⌛ Building environment","timeElapsed":682,"timestamp":"2026-05-13T22:40:27.390Z"}
{"level":"info","message":"⌛ Validating src/example.wlk","timeElapsed":1179,"timestamp":"2026-05-13T22:40:28.605Z"}
{"level":"info","message":"⌛ Validating src/example.wlk","timeElapsed":113,"timestamp":"2026-05-13T22:40:28.724Z"}
{"level":"info","message":"⌛ Building environment","timeElapsed":227,"timestamp":"2026-05-13T22:40:29.112Z"}
{"level":"info","message":"⌛ Building environment","timeElapsed":114,"timestamp":"2026-05-13T22:40:29.304Z"}
{"level":"info","message":"⌛ Building environment","timeElapsed":282,"timestamp":"2026-05-13T22:40:29.674Z"}
{"level":"info","message":"⌛ Building environment","timeElapsed":129,"timestamp":"2026-05-13T22:40:29.848Z"}
{"level":"info","message":"⌛ Building environment","timeElapsed":196,"timestamp":"2026-05-13T22:40:30.544Z"}
{"level":"info","message":"⌛ Validating src/example.wlk","timeElapsed":147,"timestamp":"2026-05-13T22:40:30.692Z"}
{"level":"info","message":"⌛ Building environment","timeElapsed":197,"timestamp":"2026-05-13T22:40:30.890Z"}
{"level":"info","message":"⌛ Validating src/example.wlk","timeElapsed":214,"timestamp":"2026-05-13T22:40:31.106Z"}
{"level":"info","message":"⌛ Validating src/example.wlk","timeElapsed":253,"timestamp":"2026-05-13T22:40:31.450Z"}
{"level":"info","message":"⌛ Validating src/example.wlk","timeElapsed":173,"timestamp":"2026-05-13T22:40:31.623Z"}
{"level":"info","message":"⌛ Validating src/example.wlk","timeElapsed":159,"timestamp":"2026-05-13T22:40:31.782Z"}
{"level":"info","message":"⌛ Validating src/example.wlk","timeElapsed":143,"timestamp":"2026-05-13T22:40:31.925Z"}
{"level":"info","message":"⌛ Validating src/example.wlk","timeElapsed":184,"timestamp":"2026-05-13T22:40:32.111Z"}
{"level":"info","message":"⌛ Validating src/example.wlk","timeElapsed":282,"timestamp":"2026-05-13T22:40:32.394Z"}
{"level":"info","message":"⌛ Validating src/example.wlk","timeElapsed":118,"timestamp":"2026-05-13T22:40:32.512Z"}
{"level":"info","message":"⌛ Validating src/example.wlk","timeElapsed":229,"timestamp":"2026-05-13T22:40:32.746Z"}
{"level":"info","message":"⌛ Validating src/example.wlk","timeElapsed":127,"timestamp":"2026-05-13T22:40:32.875Z"}
{"level":"info","message":"⌛ Validating src/example.wlk","timeElapsed":166,"timestamp":"2026-05-13T22:40:33.061Z"}
{"level":"info","message":"⌛ Validating src/example.wlk","timeElapsed":328,"timestamp":"2026-05-13T22:40:33.389Z"}
{"level":"info","message":"⌛ Validating src/example.wlk","timeElapsed":201,"timestamp":"2026-05-13T22:40:33.591Z"}
{"level":"info","message":"⌛ Validating src/example.wlk","timeElapsed":157,"timestamp":"2026-05-13T22:40:33.754Z"}
{"level":"info","message":"⌛ Validating src/example.wlk","timeElapsed":209,"timestamp":"2026-05-13T22:40:33.964Z"}
{"level":"info","message":"⌛ Validating src/example.wlk","timeElapsed":154,"timestamp":"2026-05-13T22:40:34.119Z"}
{"level":"info","message":"⌛ Validating src/example.wlk","timeElapsed":146,"timestamp":"2026-05-13T22:40:34.266Z"}
{"level":"info","message":"⌛ Building environment","timeElapsed":188,"timestamp":"2026-05-13T22:40:34.455Z"}
{"level":"info","message":"⌛ Building environment","timeElapsed":165,"timestamp":"2026-05-13T22:40:34.701Z"}
{"level":"info","message":"⌛ Building environment","timeElapsed":162,"timestamp":"2026-05-13T22:40:34.865Z"}
{"level":"info","message":"⌛ Building environment","timeElapsed":459,"timestamp":"2026-05-13T22:40:35.362Z"}
{"level":"info","message":"⌛ Building environment","timeElapsed":267,"timestamp":"2026-05-13T22:40:35.643Z"}
{"level":"info","message":"⌛ Building environment","timeElapsed":397,"timestamp":"2026-05-13T22:40:36.044Z"}
{"level":"info","message":"⌛ Building environment","timeElapsed":232,"timestamp":"2026-05-13T22:40:36.327Z"}
{"level":"info","message":"⌛ Building environment","timeElapsed":206,"timestamp":"2026-05-13T22:40:36.534Z"}
{"level":"info","message":"⌛ Validating src/example.wlk","timeElapsed":153,"timestamp":"2026-05-13T22:40:36.700Z"}
{"level":"info","message":"⌛ Validating src/example.wlk","timeElapsed":156,"timestamp":"2026-05-13T22:40:36.857Z"}
{"level":"info","message":"⌛ Validating src/example.wlk","timeElapsed":1363,"timestamp":"2026-05-13T22:40:38.227Z"}
{"level":"info","message":"⌛ Validating src/example.wlk","timeElapsed":633,"timestamp":"2026-05-13T22:40:38.864Z"}
{"level":"info","message":"⌛ Validating src/example.wlk","timeElapsed":631,"timestamp":"2026-05-13T22:40:39.526Z"}
{"level":"info","message":"⌛ Validating src/example.wlk","timeElapsed":137,"timestamp":"2026-05-13T22:40:39.663Z"}
{"level":"info","message":"⌛ Validating src/example.wlk","timeElapsed":279,"timestamp":"2026-05-13T22:40:39.944Z"}
{"level":"info","message":"⌛ Validating src/example.wlk","timeElapsed":351,"timestamp":"2026-05-13T22:40:40.297Z"}
{"level":"info","message":"⌛ Building environment","timeElapsed":244,"timestamp":"2026-05-13T22:40:43.998Z"}
{"level":"info","message":"⌛ Building environment","timeElapsed":165,"timestamp":"2026-05-13T22:40:44.164Z"}
{"level":"info","message":"⌛ Validating src/example.wlk","timeElapsed":161,"timestamp":"2026-05-13T22:40:44.327Z"}
{"level":"info","message":"⌛ Validating src/example.wlk","timeElapsed":118,"timestamp":"2026-05-13T22:40:44.448Z"}
{"level":"info","message":"⌛ Building environment","timeElapsed":310,"timestamp":"2026-05-13T22:40:48.388Z"}
{"level":"info","message":"⌛ Validating src/example.wlk","timeElapsed":258,"timestamp":"2026-05-13T22:40:48.711Z"}
{"level":"info","message":"⌛ Building environment","timeElapsed":135,"timestamp":"2026-05-13T22:40:48.949Z"}
{"level":"info","message":"⌛ Validating src/example.wlk","timeElapsed":196,"timestamp":"2026-05-13T22:40:49.146Z"}
{"level":"info","message":"⌛ Validating src/example.wlk","timeElapsed":246,"timestamp":"2026-05-13T22:40:49.392Z"}
{"level":"info","message":"⌛ Building environment","timeElapsed":126,"timestamp":"2026-05-13T22:40:49.523Z"}
{"level":"info","message":"⌛ Building environment","timeElapsed":143,"timestamp":"2026-05-13T22:40:49.668Z"}
{"level":"info","message":"⌛ Building environment","timeElapsed":140,"timestamp":"2026-05-13T22:40:49.814Z"}
{"level":"info","message":"⌛ Validating src/example.wlk","timeElapsed":141,"timestamp":"2026-05-13T22:40:49.956Z"}
{"level":"info","message":"⌛ Building environment","timeElapsed":136,"timestamp":"2026-05-13T22:40:50.134Z"}
{"level":"info","message":"⌛ Validating src/example.wlk","timeElapsed":137,"timestamp":"2026-05-13T22:40:50.272Z"}
{"level":"info","message":"⌛ Building environment","timeElapsed":252,"timestamp":"2026-05-13T22:40:50.526Z"}
{"level":"info","message":"⌛ Validating src/example.wlk","timeElapsed":164,"timestamp":"2026-05-13T22:40:50.698Z"}
{"level":"info","message":"⌛ Building environment","timeElapsed":103,"timestamp":"2026-05-13T22:40:50.804Z"}
{"level":"info","message":"⌛ Validating src/example.wlk","timeElapsed":154,"timestamp":"2026-05-13T22:40:50.958Z"}
{"level":"info","message":"⌛ Building environment","timeElapsed":132,"timestamp":"2026-05-13T22:40:51.091Z"}
{"level":"info","message":"⌛ Building environment","timeElapsed":134,"timestamp":"2026-05-13T22:40:51.232Z"}
{"level":"info","message":"⌛ Validating src/example.wlk","timeElapsed":231,"timestamp":"2026-05-13T22:40:51.464Z"}
{"level":"info","message":"⌛ Building environment","timeElapsed":137,"timestamp":"2026-05-13T22:40:51.602Z"}
{"level":"info","message":"⌛ Validating src/example.wlk","timeElapsed":276,"timestamp":"2026-05-13T22:40:51.879Z"}
{"level":"info","message":"⌛ Validating src/example.wlk","timeElapsed":148,"timestamp":"2026-05-13T22:40:52.043Z"}
{"level":"info","message":"⌛ Validating src/example.wlk","timeElapsed":158,"timestamp":"2026-05-13T22:40:52.202Z"}
{"level":"info","message":"⌛ Validating src/example.wlk","timeElapsed":151,"timestamp":"2026-05-13T22:40:52.356Z"}
{"level":"info","message":"⌛ Building environment","timeElapsed":213,"timestamp":"2026-05-13T22:41:00.988Z"}
{"level":"info","message":"⌛ Validating src/example.wlk","timeElapsed":151,"timestamp":"2026-05-13T22:41:01.147Z"}
{"level":"info","message":"⌛ Validating src/example.wlk","timeElapsed":227,"timestamp":"2026-05-13T22:41:01.530Z"}
{"level":"info","message":"⌛ Building environment","timeElapsed":341,"timestamp":"2026-05-13T22:41:01.975Z"}
{"level":"info","message":"⌛ Validating src/example.wlk","timeElapsed":131,"timestamp":"2026-05-13T22:41:02.109Z"}
{"level":"info","message":"⌛ Building environment","timeElapsed":213,"timestamp":"2026-05-13T22:41:07.181Z"}
{"level":"info","message":"⌛ Validating src/example.wlk","timeElapsed":203,"timestamp":"2026-05-13T22:41:07.394Z"}
{"level":"info","message":"⌛ Building environment","timeElapsed":120,"timestamp":"2026-05-13T22:41:07.523Z"}
{"level":"info","message":"⌛ Validating src/example.wlk","timeElapsed":143,"timestamp":"2026-05-13T22:41:07.672Z"}
{"level":"info","message":"⌛ Building environment","timeElapsed":210,"timestamp":"2026-05-13T22:41:26.258Z"}
{"level":"info","message":"⌛ Validating src/example.wlk","timeElapsed":182,"timestamp":"2026-05-13T22:41:26.448Z"}
{"level":"info","message":"⌛ Building environment","timeElapsed":189,"timestamp":"2026-05-13T22:41:26.712Z"}
{"level":"info","message":"⌛ Validating src/example.wlk","timeElapsed":149,"timestamp":"2026-05-13T22:41:26.863Z"}
{"level":"info","message":"⌛ Validating src/example.wlk","timeElapsed":249,"timestamp":"2026-05-13T22:41:27.117Z"}
{"level":"info","message":"⌛ Building environment","timeElapsed":223,"timestamp":"2026-05-13T22:41:28.619Z"}
{"level":"info","message":"⌛ Building environment","timeElapsed":143,"timestamp":"2026-05-13T22:41:28.768Z"}
{"level":"info","message":"⌛ Validating src/example.wlk","timeElapsed":186,"timestamp":"2026-05-13T22:41:28.955Z"}
{"level":"info","message":"⌛ Validating src/example.wlk","timeElapsed":157,"timestamp":"2026-05-13T22:41:29.145Z"}
{"level":"info","message":"⌛ Building environment","timeElapsed":234,"timestamp":"2026-05-13T22:41:29.517Z"}
{"level":"info","message":"⌛ Building environment","timeElapsed":175,"timestamp":"2026-05-13T22:41:29.721Z"}
{"level":"info","message":"⌛ Validating src/example.wlk","timeElapsed":168,"timestamp":"2026-05-13T22:41:29.891Z"}
{"level":"info","message":"⌛ Validating src/example.wlk","timeElapsed":234,"timestamp":"2026-05-13T22:41:30.131Z"}
{"level":"info","message":"⌛ Validating src/example.wlk","timeElapsed":157,"timestamp":"2026-05-13T22:41:30.393Z"}
{"level":"info","message":"⌛ Building environment","timeElapsed":136,"timestamp":"2026-05-13T22:41:30.529Z"}
{"level":"info","message":"⌛ Validating src/example.wlk","timeElapsed":226,"timestamp":"2026-05-13T22:41:30.785Z"}
{"level":"error","message":"✘ Failed to rebuild document Failed to parse src/example.wlk: \n-- PARSING FAILED --------------------------------------------------\n\n  11 |   }\n  12 | \n> 13 | \tmethod () {\n     |         ^\n  14 | \t  \n  15 | \t}\n\nExpected one of the following: \n\n'!=', '!==', '%', '&&', '*', '**', '+', '-', '->', '..', '..<', '/', '<', '<<', '<<<', '<=', '<=>', '<>', '==', '===', '>', '>..', '>=', '>>', '>>>', '?:', 'and', 'invert', 'negate', 'or', 'plus', '||', identifier, whitespace\n","stack":"Error: Failed to parse src/example.wlk: \n-- PARSING FAILED --------------------------------------------------\n\n  11 |   }\n  12 | \n> 13 | \tmethod () {\n     |         ^\n  14 | \t  \n  15 | \t}\n\nExpected one of the following: \n\n'!=', '!==', '%', '&&', '*', '**', '+', '-', '->', '..', '..<', '/', '<', '<<', '<<<', '<=', '<=>', '<>', '==', '===', '>', '>..', '>=', '>>', '>>>', '?:', 'and', 'invert', 'negate', 'or', 'plus', '||', identifier, whitespace\n\n    at c:\\Users\\estudiante\\.vscode\\extensions\\uqbar.wollok-lsp-ide-0.5.4\\out\\server\\src\\server.js:2353:13026\n    at Array.map (<anonymous>)\n    at U1n (c:\\Users\\estudiante\\.vscode\\extensions\\uqbar.wollok-lsp-ide-0.5.4\\out\\server\\src\\server.js:2353:12950)\n    at H2.buildEnvironmentFrom (c:\\Users\\estudiante\\.vscode\\extensions\\uqbar.wollok-lsp-ide-0.5.4\\out\\server\\src\\server.js:2398:5254)\n    at H2.updateEnvironmentWith (c:\\Users\\estudiante\\.vscode\\extensions\\uqbar.wollok-lsp-ide-0.5.4\\out\\server\\src\\server.js:2398:4989)\n    at GF (c:\\Users\\estudiante\\.vscode\\extensions\\uqbar.wollok-lsp-ide-0.5.4\\out\\server\\src\\server.js:2398:7383)\n    at V3.invoke (c:\\Users\\estudiante\\.vscode\\extensions\\uqbar.wollok-lsp-ide-0.5.4\\out\\server\\src\\server.js:3:157328)\n    at o.fire (c:\\Users\\estudiante\\.vscode\\extensions\\uqbar.wollok-lsp-ide-0.5.4\\out\\server\\src\\server.js:3:158098)\n    at c:\\Users\\estudiante\\.vscode\\extensions\\uqbar.wollok-lsp-ide-0.5.4\\out\\server\\src\\server.js:37:57871\n    at nd (c:\\Users\\estudiante\\.vscode\\extensions\\uqbar.wollok-lsp-ide-0.5.4\\out\\server\\src\\server.js:8:1561)","timestamp":"2026-05-13T22:41:31.066Z"}
{"level":"info","message":"⌛ Building environment","timeElapsed":182,"timestamp":"2026-05-13T22:41:32.522Z"}
{"level":"info","message":"⌛ Building environment","timeElapsed":241,"timestamp":"2026-05-13T22:41:32.795Z"}
{"level":"info","message":"⌛ Validating src/example.wlk","timeElapsed":125,"timestamp":"2026-05-13T22:41:32.922Z"}
{"level":"info","message":"⌛ Validating src/example.wlk","timeElapsed":323,"timestamp":"2026-05-13T22:41:33.252Z"}
{"level":"info","message":"⌛ Building environment","timeElapsed":160,"timestamp":"2026-05-13T22:41:33.510Z"}
{"level":"info","message":"⌛ Validating src/example.wlk","timeElapsed":141,"timestamp":"2026-05-13T22:41:33.651Z"}
{"level":"info","message":"⌛ Building environment","timeElapsed":173,"timestamp":"2026-05-13T22:41:33.827Z"}
{"level":"info","message":"⌛ Validating src/example.wlk","timeElapsed":121,"timestamp":"2026-05-13T22:41:33.950Z"}
{"level":"info","message":"⌛ Building environment","timeElapsed":127,"timestamp":"2026-05-13T22:41:34.079Z"}
{"level":"info","message":"⌛ Building environment","timeElapsed":126,"timestamp":"2026-05-13T22:41:34.213Z"}
{"level":"info","message":"⌛ Building environment","timeElapsed":121,"timestamp":"2026-05-13T22:41:34.335Z"}
{"level":"info","message":"⌛ Validating src/example.wlk","timeElapsed":184,"timestamp":"2026-05-13T22:41:34.528Z"}
{"level":"info","message":"⌛ Validating src/example.wlk","timeElapsed":126,"timestamp":"2026-05-13T22:41:34.693Z"}
{"level":"info","message":"⌛ Validating src/example.wlk","timeElapsed":174,"timestamp":"2026-05-13T22:41:34.873Z"}
{"level":"info","message":"⌛ Validating src/example.wlk","timeElapsed":157,"timestamp":"2026-05-13T22:41:35.034Z"}
{"level":"info","message":"⌛ Building environment","timeElapsed":226,"timestamp":"2026-05-13T22:41:38.759Z"}
{"level":"info","message":"⌛ Building environment","timeElapsed":135,"timestamp":"2026-05-13T22:41:38.895Z"}
{"level":"error","message":"✘ Completions for node Parameter ([13:16, 13:18] - src/example.wlk) failed: Error: [Parameter]{ebfe77} at src/example.wlk:13 exhausted all cases without a match [Parameter]{ebfe77} at src/example.wlk:13 exhausted all cases without a match","stack":"Error: [Parameter]{ebfe77} at src/example.wlk:13 exhausted all cases without a match\n    at c:\\Users\\estudiante\\.vscode\\extensions\\uqbar.wollok-lsp-ide-0.5.4\\out\\server\\src\\server.js:38:6142\n    at L2 (c:\\Users\\estudiante\\.vscode\\extensions\\uqbar.wollok-lsp-ide-0.5.4\\out\\server\\src\\server.js:2389:42)\n    at c:\\Users\\estudiante\\.vscode\\extensions\\uqbar.wollok-lsp-ide-0.5.4\\out\\server\\src\\server.js:2389:2988\n    at c:\\Users\\estudiante\\.vscode\\extensions\\uqbar.wollok-lsp-ide-0.5.4\\out\\server\\src\\server.js:2398:8440\n    at c:\\Users\\estudiante\\.vscode\\extensions\\uqbar.wollok-lsp-ide-0.5.4\\out\\server\\src\\server.js:37:74872\n    at Ke (c:\\Users\\estudiante\\.vscode\\extensions\\uqbar.wollok-lsp-ide-0.5.4\\out\\server\\src\\server.js:7:8527)\n    at Lt (c:\\Users\\estudiante\\.vscode\\extensions\\uqbar.wollok-lsp-ide-0.5.4\\out\\server\\src\\server.js:7:6189)\n    at ct (c:\\Users\\estudiante\\.vscode\\extensions\\uqbar.wollok-lsp-ide-0.5.4\\out\\server\\src\\server.js:7:6378)\n    at Immediate._onImmediate (c:\\Users\\estudiante\\.vscode\\extensions\\uqbar.wollok-lsp-ide-0.5.4\\out\\server\\src\\server.js:7:6142)\n    at process.processImmediate (node:internal/timers:484:21)","timestamp":"2026-05-13T22:41:38.941Z"}
{"level":"info","message":"⌛ Building environment","timeElapsed":176,"timestamp":"2026-05-13T22:41:39.121Z"}
{"level":"info","message":"⌛ Validating src/example.wlk","timeElapsed":191,"timestamp":"2026-05-13T22:41:39.328Z"}
{"level":"info","message":"⌛ Building environment","timeElapsed":138,"timestamp":"2026-05-13T22:41:39.468Z"}
{"level":"info","message":"⌛ Validating src/example.wlk","timeElapsed":190,"timestamp":"2026-05-13T22:41:39.659Z"}
{"level":"info","message":"⌛ Building environment","timeElapsed":132,"timestamp":"2026-05-13T22:41:39.793Z"}
{"level":"info","message":"⌛ Validating src/example.wlk","timeElapsed":253,"timestamp":"2026-05-13T22:41:40.055Z"}
{"level":"info","message":"⌛ Building environment","timeElapsed":117,"timestamp":"2026-05-13T22:41:40.185Z"}
{"level":"info","message":"⌛ Building environment","timeElapsed":112,"timestamp":"2026-05-13T22:41:40.300Z"}
{"level":"info","message":"⌛ Validating src/example.wlk","timeElapsed":108,"timestamp":"2026-05-13T22:41:40.414Z"}
{"level":"info","message":"⌛ Building environment","timeElapsed":191,"timestamp":"2026-05-13T22:41:40.616Z"}
{"level":"info","message":"⌛ Validating src/example.wlk","timeElapsed":147,"timestamp":"2026-05-13T22:41:40.883Z"}
{"level":"info","message":"⌛ Building environment","timeElapsed":127,"timestamp":"2026-05-13T22:41:41.011Z"}
{"level":"info","message":"⌛ Building environment","timeElapsed":116,"timestamp":"2026-05-13T22:41:41.134Z"}
{"level":"info","message":"⌛ Validating src/example.wlk","timeElapsed":278,"timestamp":"2026-05-13T22:41:41.415Z"}
{"level":"info","message":"⌛ Validating src/example.wlk","timeElapsed":261,"timestamp":"2026-05-13T22:41:41.682Z"}
{"level":"info","message":"⌛ Validating src/example.wlk","timeElapsed":126,"timestamp":"2026-05-13T22:41:41.825Z"}
{"level":"info","message":"⌛ Validating src/example.wlk","timeElapsed":104,"timestamp":"2026-05-13T22:41:42.134Z"}
{"level":"info","message":"⌛ Building environment","timeElapsed":318,"timestamp":"2026-05-13T22:41:42.730Z"}
{"level":"info","message":"⌛ Building environment","timeElapsed":124,"timestamp":"2026-05-13T22:41:42.863Z"}
{"level":"info","message":"⌛ Validating src/example.wlk","timeElapsed":130,"timestamp":"2026-05-13T22:41:42.995Z"}
{"level":"info","message":"⌛ Validating src/example.wlk","timeElapsed":122,"timestamp":"2026-05-13T22:41:43.118Z"}
{"level":"info","message":"⌛ Building environment","timeElapsed":155,"timestamp":"2026-05-13T22:41:43.435Z"}
{"level":"info","message":"⌛ Building environment","timeElapsed":127,"timestamp":"2026-05-13T22:41:43.563Z"}
{"level":"info","message":"⌛ Validating src/example.wlk","timeElapsed":216,"timestamp":"2026-05-13T22:41:43.811Z"}
{"level":"info","message":"⌛ Building environment","timeElapsed":163,"timestamp":"2026-05-13T22:41:43.974Z"}
{"level":"info","message":"⌛ Validating src/example.wlk","timeElapsed":247,"timestamp":"2026-05-13T22:41:44.316Z"}
{"level":"info","message":"⌛ Building environment","timeElapsed":252,"timestamp":"2026-05-13T22:41:44.568Z"}
{"level":"error","message":"✘ Completions for node Return ([14:3, 14:9] - src/example.wlk) failed: Error: [Return]{f3a5d1} at src/example.wlk:14 exhausted all cases without a match [Return]{f3a5d1} at src/example.wlk:14 exhausted all cases without a match","stack":"Error: [Return]{f3a5d1} at src/example.wlk:14 exhausted all cases without a match\n    at c:\\Users\\estudiante\\.vscode\\extensions\\uqbar.wollok-lsp-ide-0.5.4\\out\\server\\src\\server.js:38:6142\n    at L2 (c:\\Users\\estudiante\\.vscode\\extensions\\uqbar.wollok-lsp-ide-0.5.4\\out\\server\\src\\server.js:2389:42)\n    at c:\\Users\\estudiante\\.vscode\\extensions\\uqbar.wollok-lsp-ide-0.5.4\\out\\server\\src\\server.js:2389:2988\n    at c:\\Users\\estudiante\\.vscode\\extensions\\uqbar.wollok-lsp-ide-0.5.4\\out\\server\\src\\server.js:2398:8440\n    at c:\\Users\\estudiante\\.vscode\\extensions\\uqbar.wollok-lsp-ide-0.5.4\\out\\server\\src\\server.js:37:74872\n    at Ke (c:\\Users\\estudiante\\.vscode\\extensions\\uqbar.wollok-lsp-ide-0.5.4\\out\\server\\src\\server.js:7:8527)\n    at Lt (c:\\Users\\estudiante\\.vscode\\extensions\\uqbar.wollok-lsp-ide-0.5.4\\out\\server\\src\\server.js:7:6189)\n    at ct (c:\\Users\\estudiante\\.vscode\\extensions\\uqbar.wollok-lsp-ide-0.5.4\\out\\server\\src\\server.js:7:6378)\n    at Immediate._onImmediate (c:\\Users\\estudiante\\.vscode\\extensions\\uqbar.wollok-lsp-ide-0.5.4\\out\\server\\src\\server.js:7:6142)\n    at process.processImmediate (node:internal/timers:484:21)","timestamp":"2026-05-13T22:41:44.692Z"}
{"level":"info","message":"⌛ Building environment","timeElapsed":260,"timestamp":"2026-05-13T22:41:44.958Z"}
{"level":"info","message":"⌛ Validating src/example.wlk","timeElapsed":185,"timestamp":"2026-05-13T22:41:45.146Z"}
{"level":"info","message":"⌛ Validating src/example.wlk","timeElapsed":177,"timestamp":"2026-05-13T22:41:45.356Z"}
{"level":"info","message":"⌛ Validating src/example.wlk","timeElapsed":174,"timestamp":"2026-05-13T22:41:45.537Z"}
{"level":"info","message":"⌛ Validating src/example.wlk","timeElapsed":136,"timestamp":"2026-05-13T22:41:45.674Z"}
{"level":"info","message":"⌛ Validating src/example.wlk","timeElapsed":206,"timestamp":"2026-05-13T22:41:45.881Z"}
{"level":"info","message":"⌛ Building environment","timeElapsed":229,"timestamp":"2026-05-13T22:41:56.981Z"}
{"level":"info","message":"⌛ Building environment","timeElapsed":114,"timestamp":"2026-05-13T22:41:57.095Z"}
{"level":"error","message":"✘ Completions for node Return ([14:3, 14:12] - src/example.wlk) failed: Error: [Return]{d85df4} at src/example.wlk:14 exhausted all cases without a match [Return]{d85df4} at src/example.wlk:14 exhausted all cases without a match","stack":"Error: [Return]{d85df4} at src/example.wlk:14 exhausted all cases without a match\n    at c:\\Users\\estudiante\\.vscode\\extensions\\uqbar.wollok-lsp-ide-0.5.4\\out\\server\\src\\server.js:38:6142\n    at L2 (c:\\Users\\estudiante\\.vscode\\extensions\\uqbar.wollok-lsp-ide-0.5.4\\out\\server\\src\\server.js:2389:42)\n    at Jh (c:\\Users\\estudiante\\.vscode\\extensions\\uqbar.wollok-lsp-ide-0.5.4\\out\\server\\src\\server.js:2389:1092)\n    at M5n (c:\\Users\\estudiante\\.vscode\\extensions\\uqbar.wollok-lsp-ide-0.5.4\\out\\server\\src\\server.js:2389:1248)\n    at c:\\Users\\estudiante\\.vscode\\extensions\\uqbar.wollok-lsp-ide-0.5.4\\out\\server\\src\\server.js:38:6131\n    at L2 (c:\\Users\\estudiante\\.vscode\\extensions\\uqbar.wollok-lsp-ide-0.5.4\\out\\server\\src\\server.js:2389:42)\n    at c:\\Users\\estudiante\\.vscode\\extensions\\uqbar.wollok-lsp-ide-0.5.4\\out\\server\\src\\server.js:2389:2988\n    at c:\\Users\\estudiante\\.vscode\\extensions\\uqbar.wollok-lsp-ide-0.5.4\\out\\server\\src\\server.js:2398:8440\n    at c:\\Users\\estudiante\\.vscode\\extensions\\uqbar.wollok-lsp-ide-0.5.4\\out\\server\\src\\server.js:37:74872\n    at Ke (c:\\Users\\estudiante\\.vscode\\extensions\\uqbar.wollok-lsp-ide-0.5.4\\out\\server\\src\\server.js:7:8527)","timestamp":"2026-05-13T22:41:57.128Z"}
{"level":"info","message":"⌛ Building environment","timeElapsed":117,"timestamp":"2026-05-13T22:41:57.248Z"}
{"level":"info","message":"⌛ Validating src/example.wlk","timeElapsed":170,"timestamp":"2026-05-13T22:41:57.430Z"}
{"level":"info","message":"⌛ Validating src/example.wlk","timeElapsed":216,"timestamp":"2026-05-13T22:41:57.742Z"}
{"level":"info","message":"⌛ Building environment","timeElapsed":131,"timestamp":"2026-05-13T22:41:57.874Z"}
{"level":"info","message":"⌛ Validating src/example.wlk","timeElapsed":256,"timestamp":"2026-05-13T22:41:58.137Z"}
{"level":"info","message":"⌛ Building environment","timeElapsed":236,"timestamp":"2026-05-13T22:41:58.379Z"}
{"level":"info","message":"⌛ Building environment","timeElapsed":197,"timestamp":"2026-05-13T22:41:58.578Z"}
{"level":"info","message":"⌛ Validating src/example.wlk","timeElapsed":390,"timestamp":"2026-05-13T22:41:59.068Z"}
{"level":"info","message":"⌛ Validating src/example.wlk","timeElapsed":160,"timestamp":"2026-05-13T22:41:59.247Z"}
{"level":"info","message":"⌛ Validating src/example.wlk","timeElapsed":126,"timestamp":"2026-05-13T22:41:59.376Z"}
{"level":"info","message":"⌛ Validating src/example.wlk","timeElapsed":171,"timestamp":"2026-05-13T22:41:59.549Z"}
{"level":"info","message":"⌛ Validating src/example.wlk","timeElapsed":205,"timestamp":"2026-05-13T22:41:59.797Z"}
{"level":"info","message":"⌛ Building environment","timeElapsed":170,"timestamp":"2026-05-13T22:42:02.078Z"}
{"level":"info","message":"⌛ Validating src/example.wlk","timeElapsed":133,"timestamp":"2026-05-13T22:42:02.211Z"}
{"level":"info","message":"⌛ Building environment","timeElapsed":258,"timestamp":"2026-05-13T22:42:08.719Z"}
{"level":"info","message":"⌛ Validating src/example.wlk","timeElapsed":158,"timestamp":"2026-05-13T22:42:08.931Z"}
{"level":"info","message":"⌛ Building environment","timeElapsed":183,"timestamp":"2026-05-13T22:42:11.936Z"}
{"level":"info","message":"⌛ Building environment","timeElapsed":112,"timestamp":"2026-05-13T22:42:12.049Z"}
{"level":"info","message":"⌛ Building environment","timeElapsed":107,"timestamp":"2026-05-13T22:42:12.157Z"}
{"level":"info","message":"⌛ Validating src/example.wlk","timeElapsed":149,"timestamp":"2026-05-13T22:42:12.310Z"}
{"level":"info","message":"⌛ Validating src/example.wlk","timeElapsed":102,"timestamp":"2026-05-13T22:42:12.412Z"}
{"level":"info","message":"⌛ Validating src/example.wlk","timeElapsed":351,"timestamp":"2026-05-13T22:42:12.764Z"}
{"level":"info","message":"⌛ Building environment","timeElapsed":103,"timestamp":"2026-05-13T22:42:12.878Z"}
{"level":"info","message":"⌛ Validating src/example.wlk","timeElapsed":151,"timestamp":"2026-05-13T22:42:13.117Z"}
{"level":"info","message":"⌛ Validating src/example.wlk","timeElapsed":164,"timestamp":"2026-05-13T22:42:13.379Z"}
{"level":"info","message":"⌛ Building environment","timeElapsed":134,"timestamp":"2026-05-13T22:42:13.567Z"}
{"level":"info","message":"⌛ Validating src/example.wlk","timeElapsed":126,"timestamp":"2026-05-13T22:42:13.694Z"}
{"level":"info","message":"⌛ Validating src/example.wlk","timeElapsed":110,"timestamp":"2026-05-13T22:42:13.811Z"}
{"level":"info","message":"⌛ Building environment","timeElapsed":170,"timestamp":"2026-05-13T22:42:14.380Z"}
{"level":"info","message":"⌛ Validating src/example.wlk","timeElapsed":138,"timestamp":"2026-05-13T22:42:14.523Z"}
{"level":"info","message":"⌛ Building environment","timeElapsed":181,"timestamp":"2026-05-13T22:42:15.942Z"}
{"level":"info","message":"⌛ Building environment","timeElapsed":125,"timestamp":"2026-05-13T22:42:16.070Z"}
{"level":"error","message":"✘ Completions for node Send ([14:10, 14:40] - src/example.wlk) failed: Error: [Send]{03bc66} at src/example.wlk:14 exhausted all cases without a match [Send]{03bc66} at src/example.wlk:14 exhausted all cases without a match","stack":"Error: [Send]{03bc66} at src/example.wlk:14 exhausted all cases without a match\n    at c:\\Users\\estudiante\\.vscode\\extensions\\uqbar.wollok-lsp-ide-0.5.4\\out\\server\\src\\server.js:38:6142\n    at L2 (c:\\Users\\estudiante\\.vscode\\extensions\\uqbar.wollok-lsp-ide-0.5.4\\out\\server\\src\\server.js:2389:42)\n    at Jh (c:\\Users\\estudiante\\.vscode\\extensions\\uqbar.wollok-lsp-ide-0.5.4\\out\\server\\src\\server.js:2389:1092)\n    at M5n (c:\\Users\\estudiante\\.vscode\\extensions\\uqbar.wollok-lsp-ide-0.5.4\\out\\server\\src\\server.js:2389:1248)\n    at c:\\Users\\estudiante\\.vscode\\extensions\\uqbar.wollok-lsp-ide-0.5.4\\out\\server\\src\\server.js:38:6131\n    at L2 (c:\\Users\\estudiante\\.vscode\\extensions\\uqbar.wollok-lsp-ide-0.5.4\\out\\server\\src\\server.js:2389:42)\n    at c:\\Users\\estudiante\\.vscode\\extensions\\uqbar.wollok-lsp-ide-0.5.4\\out\\server\\src\\server.js:2389:2988\n    at c:\\Users\\estudiante\\.vscode\\extensions\\uqbar.wollok-lsp-ide-0.5.4\\out\\server\\src\\server.js:2398:8440\n    at c:\\Users\\estudiante\\.vscode\\extensions\\uqbar.wollok-lsp-ide-0.5.4\\out\\server\\src\\server.js:37:74872\n    at Ke (c:\\Users\\estudiante\\.vscode\\extensions\\uqbar.wollok-lsp-ide-0.5.4\\out\\server\\src\\server.js:7:8527)","timestamp":"2026-05-13T22:42:16.125Z"}
{"level":"error","message":"✘ Completions for node Return ([14:3, 14:40] - src/example.wlk) failed: Error: [Return]{c30e5b} at src/example.wlk:14 exhausted all cases without a match [Return]{c30e5b} at src/example.wlk:14 exhausted all cases without a match","stack":"Error: [Return]{c30e5b} at src/example.wlk:14 exhausted all cases without a match\n    at c:\\Users\\estudiante\\.vscode\\extensions\\uqbar.wollok-lsp-ide-0.5.4\\out\\server\\src\\server.js:38:6142\n    at L2 (c:\\Users\\estudiante\\.vscode\\extensions\\uqbar.wollok-lsp-ide-0.5.4\\out\\server\\src\\server.js:2389:42)\n    at Jh (c:\\Users\\estudiante\\.vscode\\extensions\\uqbar.wollok-lsp-ide-0.5.4\\out\\server\\src\\server.js:2389:1092)\n    at L2 (c:\\Users\\estudiante\\.vscode\\extensions\\uqbar.wollok-lsp-ide-0.5.4\\out\\server\\src\\server.js:2389:544)\n    at Jh (c:\\Users\\estudiante\\.vscode\\extensions\\uqbar.wollok-lsp-ide-0.5.4\\out\\server\\src\\server.js:2389:1092)\n    at M5n (c:\\Users\\estudiante\\.vscode\\extensions\\uqbar.wollok-lsp-ide-0.5.4\\out\\server\\src\\server.js:2389:1248)\n    at c:\\Users\\estudiante\\.vscode\\extensions\\uqbar.wollok-lsp-ide-0.5.4\\out\\server\\src\\server.js:38:6131\n    at L2 (c:\\Users\\estudiante\\.vscode\\extensions\\uqbar.wollok-lsp-ide-0.5.4\\out\\server\\src\\server.js:2389:42)\n    at c:\\Users\\estudiante\\.vscode\\extensions\\uqbar.wollok-lsp-ide-0.5.4\\out\\server\\src\\server.js:2389:2988\n    at c:\\Users\\estudiante\\.vscode\\extensions\\uqbar.wollok-lsp-ide-0.5.4\\out\\server\\src\\server.js:2398:8440","timestamp":"2026-05-13T22:42:16.125Z"}
{"level":"info","message":"⌛ Validating src/example.wlk","timeElapsed":221,"timestamp":"2026-05-13T22:42:16.350Z"}
{"level":"info","message":"⌛ Building environment","timeElapsed":193,"timestamp":"2026-05-13T22:42:16.543Z"}
{"level":"info","message":"⌛ Validating src/example.wlk","timeElapsed":181,"timestamp":"2026-05-13T22:42:16.725Z"}
{"level":"info","message":"⌛ Building environment","timeElapsed":110,"timestamp":"2026-05-13T22:42:16.836Z"}
{"level":"info","message":"⌛ Building environment","timeElapsed":193,"timestamp":"2026-05-13T22:42:17.112Z"}
{"level":"info","message":"⌛ Building environment","timeElapsed":157,"timestamp":"2026-05-13T22:42:17.277Z"}
{"level":"info","message":"⌛ Validating src/example.wlk","timeElapsed":128,"timestamp":"2026-05-13T22:42:17.427Z"}
{"level":"info","message":"⌛ Validating src/example.wlk","timeElapsed":116,"timestamp":"2026-05-13T22:42:17.560Z"}
{"level":"info","message":"⌛ Validating src/example.wlk","timeElapsed":217,"timestamp":"2026-05-13T22:42:17.786Z"}
{"level":"info","message":"⌛ Validating src/example.wlk","timeElapsed":243,"timestamp":"2026-05-13T22:42:18.033Z"}
{"level":"info","message":"⌛ Validating src/example.wlk","timeElapsed":391,"timestamp":"2026-05-13T22:42:18.425Z"}
{"level":"info","message":"⌛ Building environment","timeElapsed":363,"timestamp":"2026-05-13T22:42:42.776Z"}
{"level":"error","message":"✘ Completions for node Send ([14:10, 14:38] - src/example.wlk) failed: Error: [Send]{8c7878} at src/example.wlk:14 exhausted all cases without a match [Send]{8c7878} at src/example.wlk:14 exhausted all cases without a match","stack":"Error: [Send]{8c7878} at src/example.wlk:14 exhausted all cases without a match\n    at c:\\Users\\estudiante\\.vscode\\extensions\\uqbar.wollok-lsp-ide-0.5.4\\out\\server\\src\\server.js:38:6142\n    at L2 (c:\\Users\\estudiante\\.vscode\\extensions\\uqbar.wollok-lsp-ide-0.5.4\\out\\server\\src\\server.js:2389:42)\n    at c:\\Users\\estudiante\\.vscode\\extensions\\uqbar.wollok-lsp-ide-0.5.4\\out\\server\\src\\server.js:2389:2988\n    at c:\\Users\\estudiante\\.vscode\\extensions\\uqbar.wollok-lsp-ide-0.5.4\\out\\server\\src\\server.js:2398:8440\n    at c:\\Users\\estudiante\\.vscode\\extensions\\uqbar.wollok-lsp-ide-0.5.4\\out\\server\\src\\server.js:37:74872\n    at Ke (c:\\Users\\estudiante\\.vscode\\extensions\\uqbar.wollok-lsp-ide-0.5.4\\out\\server\\src\\server.js:7:8527)\n    at Lt (c:\\Users\\estudiante\\.vscode\\extensions\\uqbar.wollok-lsp-ide-0.5.4\\out\\server\\src\\server.js:7:6189)\n    at ct (c:\\Users\\estudiante\\.vscode\\extensions\\uqbar.wollok-lsp-ide-0.5.4\\out\\server\\src\\server.js:7:6378)\n    at Immediate._onImmediate (c:\\Users\\estudiante\\.vscode\\extensions\\uqbar.wollok-lsp-ide-0.5.4\\out\\server\\src\\server.js:7:6142)\n    at process.processImmediate (node:internal/timers:484:21)","timestamp":"2026-05-13T22:42:42.825Z"}
{"level":"error","message":"✘ Completions for node Return ([14:3, 14:38] - src/example.wlk) failed: Error: [Return]{6c5ed8} at src/example.wlk:14 exhausted all cases without a match [Return]{6c5ed8} at src/example.wlk:14 exhausted all cases without a match","stack":"Error: [Return]{6c5ed8} at src/example.wlk:14 exhausted all cases without a match\n    at c:\\Users\\estudiante\\.vscode\\extensions\\uqbar.wollok-lsp-ide-0.5.4\\out\\server\\src\\server.js:38:6142\n    at L2 (c:\\Users\\estudiante\\.vscode\\extensions\\uqbar.wollok-lsp-ide-0.5.4\\out\\server\\src\\server.js:2389:42)\n    at Jh (c:\\Users\\estudiante\\.vscode\\extensions\\uqbar.wollok-lsp-ide-0.5.4\\out\\server\\src\\server.js:2389:1092)\n    at L2 (c:\\Users\\estudiante\\.vscode\\extensions\\uqbar.wollok-lsp-ide-0.5.4\\out\\server\\src\\server.js:2389:544)\n    at c:\\Users\\estudiante\\.vscode\\extensions\\uqbar.wollok-lsp-ide-0.5.4\\out\\server\\src\\server.js:2389:2988\n    at c:\\Users\\estudiante\\.vscode\\extensions\\uqbar.wollok-lsp-ide-0.5.4\\out\\server\\src\\server.js:2398:8440\n    at c:\\Users\\estudiante\\.vscode\\extensions\\uqbar.wollok-lsp-ide-0.5.4\\out\\server\\src\\server.js:37:74872\n    at Ke (c:\\Users\\estudiante\\.vscode\\extensions\\uqbar.wollok-lsp-ide-0.5.4\\out\\server\\src\\server.js:7:8527)\n    at Lt (c:\\Users\\estudiante\\.vscode\\extensions\\uqbar.wollok-lsp-ide-0.5.4\\out\\server\\src\\server.js:7:6189)\n    at ct (c:\\Users\\estudiante\\.vscode\\extensions\\uqbar.wollok-lsp-ide-0.5.4\\out\\server\\src\\server.js:7:6378)","timestamp":"2026-05-13T22:42:42.826Z"}
{"level":"info","message":"⌛ Building environment","timeElapsed":113,"timestamp":"2026-05-13T22:42:43.030Z"}
{"level":"info","message":"⌛ Validating src/example.wlk","timeElapsed":184,"timestamp":"2026-05-13T22:42:43.215Z"}
{"level":"info","message":"⌛ Validating src/example.wlk","timeElapsed":141,"timestamp":"2026-05-13T22:42:43.355Z"}
{"level":"info","message":"⌛ Validating src/example.wlk","timeElapsed":123,"timestamp":"2026-05-13T22:42:43.485Z"}
{"level":"info","message":"⌛ Building environment","timeElapsed":312,"timestamp":"2026-05-13T22:42:44.368Z"}
{"level":"info","message":"⌛ Validating src/example.wlk","timeElapsed":163,"timestamp":"2026-05-13T22:42:44.545Z"}
{"level":"info","message":"⌛ Validating src/example.wlk","timeElapsed":127,"timestamp":"2026-05-13T22:42:44.775Z"}
{"level":"info","message":"⌛ Building environment","timeElapsed":159,"timestamp":"2026-05-13T22:44:03.770Z"}
{"level":"info","message":"⌛ Building environment","timeElapsed":130,"timestamp":"2026-05-13T22:44:03.903Z"}
{"level":"info","message":"⌛ Validating src/example.wlk","timeElapsed":202,"timestamp":"2026-05-13T22:44:04.107Z"}
{"level":"info","message":"⌛ Building environment","timeElapsed":109,"timestamp":"2026-05-13T22:44:04.217Z"}
{"level":"info","message":"⌛ Validating src/example.wlk","timeElapsed":316,"timestamp":"2026-05-13T22:44:04.537Z"}
{"level":"info","message":"⌛ Validating src/example.wlk","timeElapsed":140,"timestamp":"2026-05-13T22:44:04.692Z"}
{"level":"info","message":"⌛ Building environment","timeElapsed":265,"timestamp":"2026-05-13T22:44:05.312Z"}
{"level":"info","message":"⌛ Validating src/example.wlk","timeElapsed":154,"timestamp":"2026-05-13T22:44:05.472Z"}
{"level":"info","message":"⌛ Building environment","timeElapsed":237,"timestamp":"2026-05-13T22:44:07.661Z"}
{"level":"error","message":"✘ Completions for node Send ([14:10, 14:33] - src/example.wlk) failed: Error: [Send]{736cd0} at src/example.wlk:14 exhausted all cases without a match [Send]{736cd0} at src/example.wlk:14 exhausted all cases without a match","stack":"Error: [Send]{736cd0} at src/example.wlk:14 exhausted all cases without a match\n    at c:\\Users\\estudiante\\.vscode\\extensions\\uqbar.wollok-lsp-ide-0.5.4\\out\\server\\src\\server.js:38:6142\n    at L2 (c:\\Users\\estudiante\\.vscode\\extensions\\uqbar.wollok-lsp-ide-0.5.4\\out\\server\\src\\server.js:2389:42)\n    at c:\\Users\\estudiante\\.vscode\\extensions\\uqbar.wollok-lsp-ide-0.5.4\\out\\server\\src\\server.js:2389:2988\n    at c:\\Users\\estudiante\\.vscode\\extensions\\uqbar.wollok-lsp-ide-0.5.4\\out\\server\\src\\server.js:2398:8440\n    at c:\\Users\\estudiante\\.vscode\\extensions\\uqbar.wollok-lsp-ide-0.5.4\\out\\server\\src\\server.js:37:74872\n    at Ke (c:\\Users\\estudiante\\.vscode\\extensions\\uqbar.wollok-lsp-ide-0.5.4\\out\\server\\src\\server.js:7:8527)\n    at Lt (c:\\Users\\estudiante\\.vscode\\extensions\\uqbar.wollok-lsp-ide-0.5.4\\out\\server\\src\\server.js:7:6189)\n    at ct (c:\\Users\\estudiante\\.vscode\\extensions\\uqbar.wollok-lsp-ide-0.5.4\\out\\server\\src\\server.js:7:6378)\n    at Immediate._onImmediate (c:\\Users\\estudiante\\.vscode\\extensions\\uqbar.wollok-lsp-ide-0.5.4\\out\\server\\src\\server.js:7:6142)\n    at process.processImmediate (node:internal/timers:484:21)","timestamp":"2026-05-13T22:44:07.911Z"}
{"level":"error","message":"✘ Completions for node Return ([14:3, 14:33] - src/example.wlk) failed: Error: [Return]{cd8aae} at src/example.wlk:14 exhausted all cases without a match [Return]{cd8aae} at src/example.wlk:14 exhausted all cases without a match","stack":"Error: [Return]{cd8aae} at src/example.wlk:14 exhausted all cases without a match\n    at c:\\Users\\estudiante\\.vscode\\extensions\\uqbar.wollok-lsp-ide-0.5.4\\out\\server\\src\\server.js:38:6142\n    at L2 (c:\\Users\\estudiante\\.vscode\\extensions\\uqbar.wollok-lsp-ide-0.5.4\\out\\server\\src\\server.js:2389:42)\n    at Jh (c:\\Users\\estudiante\\.vscode\\extensions\\uqbar.wollok-lsp-ide-0.5.4\\out\\server\\src\\server.js:2389:1092)\n    at L2 (c:\\Users\\estudiante\\.vscode\\extensions\\uqbar.wollok-lsp-ide-0.5.4\\out\\server\\src\\server.js:2389:544)\n    at c:\\Users\\estudiante\\.vscode\\extensions\\uqbar.wollok-lsp-ide-0.5.4\\out\\server\\src\\server.js:2389:2988\n    at c:\\Users\\estudiante\\.vscode\\extensions\\uqbar.wollok-lsp-ide-0.5.4\\out\\server\\src\\server.js:2398:8440\n    at c:\\Users\\estudiante\\.vscode\\extensions\\uqbar.wollok-lsp-ide-0.5.4\\out\\server\\src\\server.js:37:74872\n    at Ke (c:\\Users\\estudiante\\.vscode\\extensions\\uqbar.wollok-lsp-ide-0.5.4\\out\\server\\src\\server.js:7:8527)\n    at Lt (c:\\Users\\estudiante\\.vscode\\extensions\\uqbar.wollok-lsp-ide-0.5.4\\out\\server\\src\\server.js:7:6189)\n    at ct (c:\\Users\\estudiante\\.vscode\\extensions\\uqbar.wollok-lsp-ide-0.5.4\\out\\server\\src\\server.js:7:6378)","timestamp":"2026-05-13T22:44:07.911Z"}
{"level":"info","message":"⌛ Validating src/example.wlk","timeElapsed":132,"timestamp":"2026-05-13T22:44:08.046Z"}
{"level":"info","message":"⌛ Validating src/example.wlk","timeElapsed":115,"timestamp":"2026-05-13T22:44:08.163Z"}
{"level":"info","message":"⌛ Validating src/example.wlk","timeElapsed":112,"timestamp":"2026-05-13T22:44:08.277Z"}
{"level":"info","message":"⌛ Building environment","timeElapsed":167,"timestamp":"2026-05-13T22:44:09.932Z"}
{"level":"error","message":"✘ Completions for node Send ([14:10, 14:34] - src/example.wlk) failed: Error: [Send]{359d9c} at src/example.wlk:14 exhausted all cases without a match [Send]{359d9c} at src/example.wlk:14 exhausted all cases without a match","stack":"Error: [Send]{359d9c} at src/example.wlk:14 exhausted all cases without a match\n    at c:\\Users\\estudiante\\.vscode\\extensions\\uqbar.wollok-lsp-ide-0.5.4\\out\\server\\src\\server.js:38:6142\n    at L2 (c:\\Users\\estudiante\\.vscode\\extensions\\uqbar.wollok-lsp-ide-0.5.4\\out\\server\\src\\server.js:2389:42)\n    at Jh (c:\\Users\\estudiante\\.vscode\\extensions\\uqbar.wollok-lsp-ide-0.5.4\\out\\server\\src\\server.js:2389:1092)\n    at M5n (c:\\Users\\estudiante\\.vscode\\extensions\\uqbar.wollok-lsp-ide-0.5.4\\out\\server\\src\\server.js:2389:1248)\n    at c:\\Users\\estudiante\\.vscode\\extensions\\uqbar.wollok-lsp-ide-0.5.4\\out\\server\\src\\server.js:38:6131\n    at L2 (c:\\Users\\estudiante\\.vscode\\extensions\\uqbar.wollok-lsp-ide-0.5.4\\out\\server\\src\\server.js:2389:42)\n    at c:\\Users\\estudiante\\.vscode\\extensions\\uqbar.wollok-lsp-ide-0.5.4\\out\\server\\src\\server.js:2389:2988\n    at c:\\Users\\estudiante\\.vscode\\extensions\\uqbar.wollok-lsp-ide-0.5.4\\out\\server\\src\\server.js:2398:8440\n    at c:\\Users\\estudiante\\.vscode\\extensions\\uqbar.wollok-lsp-ide-0.5.4\\out\\server\\src\\server.js:37:74872\n    at Ke (c:\\Users\\estudiante\\.vscode\\extensions\\uqbar.wollok-lsp-ide-0.5.4\\out\\server\\src\\server.js:7:8527)","timestamp":"2026-05-13T22:44:09.984Z"}
{"level":"error","message":"✘ Completions for node Return ([14:3, 14:34] - src/example.wlk) failed: Error: [Return]{a31ff1} at src/example.wlk:14 exhausted all cases without a match [Return]{a31ff1} at src/example.wlk:14 exhausted all cases without a match","stack":"Error: [Return]{a31ff1} at src/example.wlk:14 exhausted all cases without a match\n    at c:\\Users\\estudiante\\.vscode\\extensions\\uqbar.wollok-lsp-ide-0.5.4\\out\\server\\src\\server.js:38:6142\n    at L2 (c:\\Users\\estudiante\\.vscode\\extensions\\uqbar.wollok-lsp-ide-0.5.4\\out\\server\\src\\server.js:2389:42)\n    at Jh (c:\\Users\\estudiante\\.vscode\\extensions\\uqbar.wollok-lsp-ide-0.5.4\\out\\server\\src\\server.js:2389:1092)\n    at L2 (c:\\Users\\estudiante\\.vscode\\extensions\\uqbar.wollok-lsp-ide-0.5.4\\out\\server\\src\\server.js:2389:544)\n    at Jh (c:\\Users\\estudiante\\.vscode\\extensions\\uqbar.wollok-lsp-ide-0.5.4\\out\\server\\src\\server.js:2389:1092)\n    at M5n (c:\\Users\\estudiante\\.vscode\\extensions\\uqbar.wollok-lsp-ide-0.5.4\\out\\server\\src\\server.js:2389:1248)\n    at c:\\Users\\estudiante\\.vscode\\extensions\\uqbar.wollok-lsp-ide-0.5.4\\out\\server\\src\\server.js:38:6131\n    at L2 (c:\\Users\\estudiante\\.vscode\\extensions\\uqbar.wollok-lsp-ide-0.5.4\\out\\server\\src\\server.js:2389:42)\n    at c:\\Users\\estudiante\\.vscode\\extensions\\uqbar.wollok-lsp-ide-0.5.4\\out\\server\\src\\server.js:2389:2988\n    at c:\\Users\\estudiante\\.vscode\\extensions\\uqbar.wollok-lsp-ide-0.5.4\\out\\server\\src\\server.js:2398:8440","timestamp":"2026-05-13T22:44:09.984Z"}
{"level":"info","message":"⌛ Building environment","timeElapsed":160,"timestamp":"2026-05-13T22:44:10.149Z"}
{"level":"info","message":"⌛ Validating src/example.wlk","timeElapsed":230,"timestamp":"2026-05-13T22:44:10.403Z"}
{"level":"info","message":"⌛ Building environment","timeElapsed":159,"timestamp":"2026-05-13T22:44:10.646Z"}
{"level":"info","message":"⌛ Validating src/example.wlk","timeElapsed":136,"timestamp":"2026-05-13T22:44:10.785Z"}
{"level":"info","message":"⌛ Building environment","timeElapsed":273,"timestamp":"2026-05-13T22:44:11.225Z"}
{"level":"info","message":"⌛ Validating src/example.wlk","timeElapsed":141,"timestamp":"2026-05-13T22:44:11.368Z"}
{"level":"info","message":"⌛ Validating src/example.wlk","timeElapsed":184,"timestamp":"2026-05-13T22:44:11.563Z"}
{"level":"info","message":"⌛ Validating src/example.wlk","timeElapsed":212,"timestamp":"2026-05-13T22:44:11.782Z"}
{"level":"info","message":"⌛ Validating src/example.wlk","timeElapsed":166,"timestamp":"2026-05-13T22:44:11.953Z"}
{"level":"info","message":"⌛ Validating src/example.wlk","timeElapsed":131,"timestamp":"2026-05-13T22:44:12.098Z"}
{"level":"info","message":"⌛ Building environment","timeElapsed":203,"timestamp":"2026-05-13T22:46:28.331Z"}
{"level":"info","message":"⌛ Validating src/example.wlk","timeElapsed":191,"timestamp":"2026-05-13T22:46:28.549Z"}
{"level":"info","message":"⌛ Building environment","timeElapsed":214,"timestamp":"2026-05-13T22:47:53.631Z"}
{"level":"info","message":"⌛ Validating src/example.wlk","timeElapsed":167,"timestamp":"2026-05-13T22:47:53.801Z"}
{"level":"info","message":"⌛ Building environment","timeElapsed":263,"timestamp":"2026-05-13T22:47:55.479Z"}
{"level":"info","message":"⌛ Building environment","timeElapsed":115,"timestamp":"2026-05-13T22:47:55.611Z"}
{"level":"info","message":"⌛ Building environment","timeElapsed":129,"timestamp":"2026-05-13T22:47:55.743Z"}
{"level":"error","message":"✘ Completions for node Return (undefined - src/example.wlk) failed: Error: [Return]{74f616} at src/example.wlk:-- exhausted all cases without a match [Return]{74f616} at src/example.wlk:-- exhausted all cases without a match","stack":"Error: [Return]{74f616} at src/example.wlk:-- exhausted all cases without a match\n    at c:\\Users\\estudiante\\.vscode\\extensions\\uqbar.wollok-lsp-ide-0.5.4\\out\\server\\src\\server.js:38:6142\n    at L2 (c:\\Users\\estudiante\\.vscode\\extensions\\uqbar.wollok-lsp-ide-0.5.4\\out\\server\\src\\server.js:2389:42)\n    at Jh (c:\\Users\\estudiante\\.vscode\\extensions\\uqbar.wollok-lsp-ide-0.5.4\\out\\server\\src\\server.js:2389:1092)\n    at M5n (c:\\Users\\estudiante\\.vscode\\extensions\\uqbar.wollok-lsp-ide-0.5.4\\out\\server\\src\\server.js:2389:1248)\n    at c:\\Users\\estudiante\\.vscode\\extensions\\uqbar.wollok-lsp-ide-0.5.4\\out\\server\\src\\server.js:38:6131\n    at L2 (c:\\Users\\estudiante\\.vscode\\extensions\\uqbar.wollok-lsp-ide-0.5.4\\out\\server\\src\\server.js:2389:42)\n    at c:\\Users\\estudiante\\.vscode\\extensions\\uqbar.wollok-lsp-ide-0.5.4\\out\\server\\src\\server.js:2389:2988\n    at c:\\Users\\estudiante\\.vscode\\extensions\\uqbar.wollok-lsp-ide-0.5.4\\out\\server\\src\\server.js:2398:8440\n    at c:\\Users\\estudiante\\.vscode\\extensions\\uqbar.wollok-lsp-ide-0.5.4\\out\\server\\src\\server.js:37:74872\n    at Ke (c:\\Users\\estudiante\\.vscode\\extensions\\uqbar.wollok-lsp-ide-0.5.4\\out\\server\\src\\server.js:7:8527)","timestamp":"2026-05-13T22:47:55.792Z"}
{"level":"info","message":"⌛ Validating src/example.wlk","timeElapsed":149,"timestamp":"2026-05-13T22:47:55.944Z"}
{"level":"info","message":"⌛ Building environment","timeElapsed":286,"timestamp":"2026-05-13T22:47:56.264Z"}
{"level":"info","message":"⌛ Validating src/example.wlk","timeElapsed":365,"timestamp":"2026-05-13T22:47:56.653Z"}
{"level":"info","message":"⌛ Validating src/example.wlk","timeElapsed":237,"timestamp":"2026-05-13T22:47:56.891Z"}
{"level":"info","message":"⌛ Building environment","timeElapsed":117,"timestamp":"2026-05-13T22:47:57.031Z"}
{"level":"info","message":"⌛ Validating src/example.wlk","timeElapsed":139,"timestamp":"2026-05-13T22:47:57.171Z"}
{"level":"info","message":"⌛ Building environment","timeElapsed":124,"timestamp":"2026-05-13T22:47:57.296Z"}
{"level":"error","message":"✘ Completions for node Return (undefined - src/example.wlk) failed: Error: [Return]{527a12} at src/example.wlk:-- exhausted all cases without a match [Return]{527a12} at src/example.wlk:-- exhausted all cases without a match","stack":"Error: [Return]{527a12} at src/example.wlk:-- exhausted all cases without a match\n    at c:\\Users\\estudiante\\.vscode\\extensions\\uqbar.wollok-lsp-ide-0.5.4\\out\\server\\src\\server.js:38:6142\n    at L2 (c:\\Users\\estudiante\\.vscode\\extensions\\uqbar.wollok-lsp-ide-0.5.4\\out\\server\\src\\server.js:2389:42)\n    at Jh (c:\\Users\\estudiante\\.vscode\\extensions\\uqbar.wollok-lsp-ide-0.5.4\\out\\server\\src\\server.js:2389:1092)\n    at M5n (c:\\Users\\estudiante\\.vscode\\extensions\\uqbar.wollok-lsp-ide-0.5.4\\out\\server\\src\\server.js:2389:1248)\n    at c:\\Users\\estudiante\\.vscode\\extensions\\uqbar.wollok-lsp-ide-0.5.4\\out\\server\\src\\server.js:38:6131\n    at L2 (c:\\Users\\estudiante\\.vscode\\extensions\\uqbar.wollok-lsp-ide-0.5.4\\out\\server\\src\\server.js:2389:42)\n    at c:\\Users\\estudiante\\.vscode\\extensions\\uqbar.wollok-lsp-ide-0.5.4\\out\\server\\src\\server.js:2389:2988\n    at c:\\Users\\estudiante\\.vscode\\extensions\\uqbar.wollok-lsp-ide-0.5.4\\out\\server\\src\\server.js:2398:8440\n    at c:\\Users\\estudiante\\.vscode\\extensions\\uqbar.wollok-lsp-ide-0.5.4\\out\\server\\src\\server.js:37:74872\n    at Ke (c:\\Users\\estudiante\\.vscode\\extensions\\uqbar.wollok-lsp-ide-0.5.4\\out\\server\\src\\server.js:7:8527)","timestamp":"2026-05-13T22:47:57.337Z"}
{"level":"info","message":"⌛ Validating src/example.wlk","timeElapsed":254,"timestamp":"2026-05-13T22:47:57.597Z"}
{"level":"info","message":"⌛ Building environment","timeElapsed":147,"timestamp":"2026-05-13T22:47:57.837Z"}
{"level":"error","message":"✘ Completions for node Return (undefined - src/example.wlk) failed: Error: [Return]{2625de} at src/example.wlk:-- exhausted all cases without a match [Return]{2625de} at src/example.wlk:-- exhausted all cases without a match","stack":"Error: [Return]{2625de} at src/example.wlk:-- exhausted all cases without a match\n    at c:\\Users\\estudiante\\.vscode\\extensions\\uqbar.wollok-lsp-ide-0.5.4\\out\\server\\src\\server.js:38:6142\n    at L2 (c:\\Users\\estudiante\\.vscode\\extensions\\uqbar.wollok-lsp-ide-0.5.4\\out\\server\\src\\server.js:2389:42)\n    at Jh (c:\\Users\\estudiante\\.vscode\\extensions\\uqbar.wollok-lsp-ide-0.5.4\\out\\server\\src\\server.js:2389:1092)\n    at M5n (c:\\Users\\estudiante\\.vscode\\extensions\\uqbar.wollok-lsp-ide-0.5.4\\out\\server\\src\\server.js:2389:1248)\n    at c:\\Users\\estudiante\\.vscode\\extensions\\uqbar.wollok-lsp-ide-0.5.4\\out\\server\\src\\server.js:38:6131\n    at L2 (c:\\Users\\estudiante\\.vscode\\extensions\\uqbar.wollok-lsp-ide-0.5.4\\out\\server\\src\\server.js:2389:42)\n    at c:\\Users\\estudiante\\.vscode\\extensions\\uqbar.wollok-lsp-ide-0.5.4\\out\\server\\src\\server.js:2389:2988\n    at c:\\Users\\estudiante\\.vscode\\extensions\\uqbar.wollok-lsp-ide-0.5.4\\out\\server\\src\\server.js:2398:8440\n    at c:\\Users\\estudiante\\.vscode\\extensions\\uqbar.wollok-lsp-ide-0.5.4\\out\\server\\src\\server.js:37:74872\n    at Ke (c:\\Users\\estudiante\\.vscode\\extensions\\uqbar.wollok-lsp-ide-0.5.4\\out\\server\\src\\server.js:7:8527)","timestamp":"2026-05-13T22:47:57.893Z"}
{"level":"info","message":"⌛ Validating src/example.wlk","timeElapsed":150,"timestamp":"2026-05-13T22:47:58.047Z"}
{"level":"info","message":"⌛ Building environment","timeElapsed":156,"timestamp":"2026-05-13T22:47:58.207Z"}
{"level":"info","message":"⌛ Building environment","timeElapsed":162,"timestamp":"2026-05-13T22:47:58.371Z"}
{"level":"info","message":"⌛ Building environment","timeElapsed":222,"timestamp":"2026-05-13T22:47:58.595Z"}
{"level":"info","message":"⌛ Validating src/example.wlk","timeElapsed":232,"timestamp":"2026-05-13T22:47:58.828Z"}
{"level":"info","message":"⌛ Validating src/example.wlk","timeElapsed":126,"timestamp":"2026-05-13T22:47:58.999Z"}
{"level":"info","message":"⌛ Validating src/example.wlk","timeElapsed":283,"timestamp":"2026-05-13T22:47:59.284Z"}
{"level":"info","message":"⌛ Validating src/example.wlk","timeElapsed":183,"timestamp":"2026-05-13T22:47:59.473Z"}
{"level":"info","message":"⌛ Building environment","timeElapsed":289,"timestamp":"2026-05-13T22:49:38.416Z"}
{"level":"info","message":"⌛ Validating src/example.wlk","timeElapsed":158,"timestamp":"2026-05-13T22:49:38.582Z"}
{"level":"info","message":"⌛ Building environment","timeElapsed":108,"timestamp":"2026-05-13T22:49:38.732Z"}
{"level":"error","message":"✘ Completions for node Return (undefined - src/example.wlk) failed: Error: [Return]{cacd6c} at src/example.wlk:-- exhausted all cases without a match [Return]{cacd6c} at src/example.wlk:-- exhausted all cases without a match","stack":"Error: [Return]{cacd6c} at src/example.wlk:-- exhausted all cases without a match\n    at c:\\Users\\estudiante\\.vscode\\extensions\\uqbar.wollok-lsp-ide-0.5.4\\out\\server\\src\\server.js:38:6142\n    at L2 (c:\\Users\\estudiante\\.vscode\\extensions\\uqbar.wollok-lsp-ide-0.5.4\\out\\server\\src\\server.js:2389:42)\n    at Jh (c:\\Users\\estudiante\\.vscode\\extensions\\uqbar.wollok-lsp-ide-0.5.4\\out\\server\\src\\server.js:2389:1092)\n    at M5n (c:\\Users\\estudiante\\.vscode\\extensions\\uqbar.wollok-lsp-ide-0.5.4\\out\\server\\src\\server.js:2389:1248)\n    at c:\\Users\\estudiante\\.vscode\\extensions\\uqbar.wollok-lsp-ide-0.5.4\\out\\server\\src\\server.js:38:6131\n    at L2 (c:\\Users\\estudiante\\.vscode\\extensions\\uqbar.wollok-lsp-ide-0.5.4\\out\\server\\src\\server.js:2389:42)\n    at c:\\Users\\estudiante\\.vscode\\extensions\\uqbar.wollok-lsp-ide-0.5.4\\out\\server\\src\\server.js:2389:2988\n    at c:\\Users\\estudiante\\.vscode\\extensions\\uqbar.wollok-lsp-ide-0.5.4\\out\\server\\src\\server.js:2398:8440\n    at c:\\Users\\estudiante\\.vscode\\extensions\\uqbar.wollok-lsp-ide-0.5.4\\out\\server\\src\\server.js:37:74872\n    at Ke (c:\\Users\\estudiante\\.vscode\\extensions\\uqbar.wollok-lsp-ide-0.5.4\\out\\server\\src\\server.js:7:8527)","timestamp":"2026-05-13T22:49:38.760Z"}
{"level":"info","message":"⌛ Validating src/example.wlk","timeElapsed":171,"timestamp":"2026-05-13T22:49:38.936Z"}
{"level":"info","message":"⌛ Building environment","timeElapsed":110,"timestamp":"2026-05-13T22:49:39.048Z"}
{"level":"error","message":"✘ Completions for node Return (undefined - src/example.wlk) failed: Error: [Return]{2d6eac} at src/example.wlk:-- exhausted all cases without a match [Return]{2d6eac} at src/example.wlk:-- exhausted all cases without a match","stack":"Error: [Return]{2d6eac} at src/example.wlk:-- exhausted all cases without a match\n    at c:\\Users\\estudiante\\.vscode\\extensions\\uqbar.wollok-lsp-ide-0.5.4\\out\\server\\src\\server.js:38:6142\n    at L2 (c:\\Users\\estudiante\\.vscode\\extensions\\uqbar.wollok-lsp-ide-0.5.4\\out\\server\\src\\server.js:2389:42)\n    at Jh (c:\\Users\\estudiante\\.vscode\\extensions\\uqbar.wollok-lsp-ide-0.5.4\\out\\server\\src\\server.js:2389:1092)\n    at M5n (c:\\Users\\estudiante\\.vscode\\extensions\\uqbar.wollok-lsp-ide-0.5.4\\out\\server\\src\\server.js:2389:1248)\n    at c:\\Users\\estudiante\\.vscode\\extensions\\uqbar.wollok-lsp-ide-0.5.4\\out\\server\\src\\server.js:38:6131\n    at L2 (c:\\Users\\estudiante\\.vscode\\extensions\\uqbar.wollok-lsp-ide-0.5.4\\out\\server\\src\\server.js:2389:42)\n    at c:\\Users\\estudiante\\.vscode\\extensions\\uqbar.wollok-lsp-ide-0.5.4\\out\\server\\src\\server.js:2389:2988\n    at c:\\Users\\estudiante\\.vscode\\extensions\\uqbar.wollok-lsp-ide-0.5.4\\out\\server\\src\\server.js:2398:8440\n    at c:\\Users\\estudiante\\.vscode\\extensions\\uqbar.wollok-lsp-ide-0.5.4\\out\\server\\src\\server.js:37:74872\n    at Ke (c:\\Users\\estudiante\\.vscode\\extensions\\uqbar.wollok-lsp-ide-0.5.4\\out\\server\\src\\server.js:7:8527)","timestamp":"2026-05-13T22:49:39.108Z"}
{"level":"info","message":"⌛ Building environment","timeElapsed":142,"timestamp":"2026-05-13T22:49:39.259Z"}
{"level":"info","message":"⌛ Validating src/example.wlk","timeElapsed":220,"timestamp":"2026-05-13T22:49:39.480Z"}
{"level":"info","message":"⌛ Building environment","timeElapsed":115,"timestamp":"2026-05-13T22:49:39.597Z"}
{"level":"error","message":"✘ Completions for node Return (undefined - src/example.wlk) failed: Error: [Return]{cd03bf} at src/example.wlk:-- exhausted all cases without a match [Return]{cd03bf} at src/example.wlk:-- exhausted all cases without a match","stack":"Error: [Return]{cd03bf} at src/example.wlk:-- exhausted all cases without a match\n    at c:\\Users\\estudiante\\.vscode\\extensions\\uqbar.wollok-lsp-ide-0.5.4\\out\\server\\src\\server.js:38:6142\n    at L2 (c:\\Users\\estudiante\\.vscode\\extensions\\uqbar.wollok-lsp-ide-0.5.4\\out\\server\\src\\server.js:2389:42)\n    at Jh (c:\\Users\\estudiante\\.vscode\\extensions\\uqbar.wollok-lsp-ide-0.5.4\\out\\server\\src\\server.js:2389:1092)\n    at M5n (c:\\Users\\estudiante\\.vscode\\extensions\\uqbar.wollok-lsp-ide-0.5.4\\out\\server\\src\\server.js:2389:1248)\n    at c:\\Users\\estudiante\\.vscode\\extensions\\uqbar.wollok-lsp-ide-0.5.4\\out\\server\\src\\server.js:38:6131\n    at L2 (c:\\Users\\estudiante\\.vscode\\extensions\\uqbar.wollok-lsp-ide-0.5.4\\out\\server\\src\\server.js:2389:42)\n    at c:\\Users\\estudiante\\.vscode\\extensions\\uqbar.wollok-lsp-ide-0.5.4\\out\\server\\src\\server.js:2389:2988\n    at c:\\Users\\estudiante\\.vscode\\extensions\\uqbar.wollok-lsp-ide-0.5.4\\out\\server\\src\\server.js:2398:8440\n    at c:\\Users\\estudiante\\.vscode\\extensions\\uqbar.wollok-lsp-ide-0.5.4\\out\\server\\src\\server.js:37:74872\n    at Ke (c:\\Users\\estudiante\\.vscode\\extensions\\uqbar.wollok-lsp-ide-0.5.4\\out\\server\\src\\server.js:7:8527)","timestamp":"2026-05-13T22:49:39.633Z"}
{"level":"info","message":"⌛ Validating src/example.wlk","timeElapsed":186,"timestamp":"2026-05-13T22:49:39.821Z"}
{"level":"info","message":"⌛ Validating src/example.wlk","timeElapsed":179,"timestamp":"2026-05-13T22:49:40.005Z"}
{"level":"info","message":"⌛ Building environment","timeElapsed":179,"timestamp":"2026-05-13T22:49:40.184Z"}
{"level":"info","message":"⌛ Building environment","timeElapsed":164,"timestamp":"2026-05-13T22:49:40.350Z"}
{"level":"error","message":"✘ Completions for node Return (undefined - src/example.wlk) failed: Error: [Return]{85c089} at src/example.wlk:-- exhausted all cases without a match [Return]{85c089} at src/example.wlk:-- exhausted all cases without a match","stack":"Error: [Return]{85c089} at src/example.wlk:-- exhausted all cases without a match\n    at c:\\Users\\estudiante\\.vscode\\extensions\\uqbar.wollok-lsp-ide-0.5.4\\out\\server\\src\\server.js:38:6142\n    at L2 (c:\\Users\\estudiante\\.vscode\\extensions\\uqbar.wollok-lsp-ide-0.5.4\\out\\server\\src\\server.js:2389:42)\n    at Jh (c:\\Users\\estudiante\\.vscode\\extensions\\uqbar.wollok-lsp-ide-0.5.4\\out\\server\\src\\server.js:2389:1092)\n    at M5n (c:\\Users\\estudiante\\.vscode\\extensions\\uqbar.wollok-lsp-ide-0.5.4\\out\\server\\src\\server.js:2389:1248)\n    at c:\\Users\\estudiante\\.vscode\\extensions\\uqbar.wollok-lsp-ide-0.5.4\\out\\server\\src\\server.js:38:6131\n    at L2 (c:\\Users\\estudiante\\.vscode\\extensions\\uqbar.wollok-lsp-ide-0.5.4\\out\\server\\src\\server.js:2389:42)\n    at c:\\Users\\estudiante\\.vscode\\extensions\\uqbar.wollok-lsp-ide-0.5.4\\out\\server\\src\\server.js:2389:2988\n    at c:\\Users\\estudiante\\.vscode\\extensions\\uqbar.wollok-lsp-ide-0.5.4\\out\\server\\src\\server.js:2398:8440\n    at c:\\Users\\estudiante\\.vscode\\extensions\\uqbar.wollok-lsp-ide-0.5.4\\out\\server\\src\\server.js:37:74872\n    at Ke (c:\\Users\\estudiante\\.vscode\\extensions\\uqbar.wollok-lsp-ide-0.5.4\\out\\server\\src\\server.js:7:8527)","timestamp":"2026-05-13T22:49:40.467Z"}
{"level":"info","message":"⌛ Building environment","timeElapsed":344,"timestamp":"2026-05-13T22:49:40.819Z"}
{"level":"info","message":"⌛ Building environment","timeElapsed":200,"timestamp":"2026-05-13T22:49:41.022Z"}
{"level":"info","message":"⌛ Building environment","timeElapsed":120,"timestamp":"2026-05-13T22:49:41.143Z"}
{"level":"info","message":"⌛ Validating src/example.wlk","timeElapsed":189,"timestamp":"2026-05-13T22:49:41.349Z"}
{"level":"info","message":"⌛ Validating src/example.wlk","timeElapsed":168,"timestamp":"2026-05-13T22:49:41.519Z"}
{"level":"info","message":"⌛ Validating src/example.wlk","timeElapsed":129,"timestamp":"2026-05-13T22:49:41.698Z"}
{"level":"info","message":"⌛ Building environment","timeElapsed":149,"timestamp":"2026-05-13T22:49:41.850Z"}
{"level":"info","message":"⌛ Validating src/example.wlk","timeElapsed":166,"timestamp":"2026-05-13T22:49:42.018Z"}
{"level":"info","message":"⌛ Validating src/example.wlk","timeElapsed":158,"timestamp":"2026-05-13T22:49:42.183Z"}
{"level":"info","message":"⌛ Validating src/example.wlk","timeElapsed":223,"timestamp":"2026-05-13T22:49:42.502Z"}
{"level":"info","message":"⌛ Building environment","timeElapsed":951,"timestamp":"2026-05-13T22:49:43.456Z"}
{"level":"info","message":"⌛ Validating src/example.wlk","timeElapsed":226,"timestamp":"2026-05-13T22:49:43.692Z"}
{"level":"info","message":"⌛ Validating src/example.wlk","timeElapsed":162,"timestamp":"2026-05-13T22:49:43.858Z"}
{"level":"info","message":"⌛ Building environment","timeElapsed":204,"timestamp":"2026-05-13T22:50:26.479Z"}
{"level":"error","message":"✘ Completions for node Return (undefined - src/example.wlk) failed: Error: [Return]{69513f} at src/example.wlk:-- exhausted all cases without a match [Return]{69513f} at src/example.wlk:-- exhausted all cases without a match","stack":"Error: [Return]{69513f} at src/example.wlk:-- exhausted all cases without a match\n    at c:\\Users\\estudiante\\.vscode\\extensions\\uqbar.wollok-lsp-ide-0.5.4\\out\\server\\src\\server.js:38:6142\n    at L2 (c:\\Users\\estudiante\\.vscode\\extensions\\uqbar.wollok-lsp-ide-0.5.4\\out\\server\\src\\server.js:2389:42)\n    at Jh (c:\\Users\\estudiante\\.vscode\\extensions\\uqbar.wollok-lsp-ide-0.5.4\\out\\server\\src\\server.js:2389:1092)\n    at M5n (c:\\Users\\estudiante\\.vscode\\extensions\\uqbar.wollok-lsp-ide-0.5.4\\out\\server\\src\\server.js:2389:1248)\n    at c:\\Users\\estudiante\\.vscode\\extensions\\uqbar.wollok-lsp-ide-0.5.4\\out\\server\\src\\server.js:38:6131\n    at L2 (c:\\Users\\estudiante\\.vscode\\extensions\\uqbar.wollok-lsp-ide-0.5.4\\out\\server\\src\\server.js:2389:42)\n    at c:\\Users\\estudiante\\.vscode\\extensions\\uqbar.wollok-lsp-ide-0.5.4\\out\\server\\src\\server.js:2389:2988\n    at c:\\Users\\estudiante\\.vscode\\extensions\\uqbar.wollok-lsp-ide-0.5.4\\out\\server\\src\\server.js:2398:8440\n    at c:\\Users\\estudiante\\.vscode\\extensions\\uqbar.wollok-lsp-ide-0.5.4\\out\\server\\src\\server.js:37:74872\n    at Ke (c:\\Users\\estudiante\\.vscode\\extensions\\uqbar.wollok-lsp-ide-0.5.4\\out\\server\\src\\server.js:7:8527)","timestamp":"2026-05-13T22:50:26.524Z"}
{"level":"info","message":"⌛ Validating src/example.wlk","timeElapsed":334,"timestamp":"2026-05-13T22:50:26.862Z"}
{"level":"info","message":"⌛ Building environment","timeElapsed":143,"timestamp":"2026-05-13T22:50:27.011Z"}
{"level":"info","message":"⌛ Building environment","timeElapsed":112,"timestamp":"2026-05-13T22:50:27.128Z"}
{"level":"info","message":"⌛ Building environment","timeElapsed":128,"timestamp":"2026-05-13T22:50:27.309Z"}
{"level":"info","message":"⌛ Validating src/example.wlk","timeElapsed":161,"timestamp":"2026-05-13T22:50:27.471Z"}
{"level":"info","message":"⌛ Building environment","timeElapsed":204,"timestamp":"2026-05-13T22:50:27.676Z"}
{"level":"info","message":"⌛ Validating src/example.wlk","timeElapsed":180,"timestamp":"2026-05-13T22:50:27.859Z"}
{"level":"info","message":"⌛ Building environment","timeElapsed":122,"timestamp":"2026-05-13T22:50:27.985Z"}
{"level":"info","message":"⌛ Building environment","timeElapsed":101,"timestamp":"2026-05-13T22:50:28.086Z"}
{"level":"info","message":"⌛ Validating src/example.wlk","timeElapsed":165,"timestamp":"2026-05-13T22:50:28.284Z"}
{"level":"info","message":"⌛ Building environment","timeElapsed":195,"timestamp":"2026-05-13T22:50:28.484Z"}
{"level":"info","message":"⌛ Validating src/example.wlk","timeElapsed":186,"timestamp":"2026-05-13T22:50:28.673Z"}
{"level":"info","message":"⌛ Building environment","timeElapsed":205,"timestamp":"2026-05-13T22:50:28.879Z"}
{"level":"info","message":"⌛ Validating src/example.wlk","timeElapsed":385,"timestamp":"2026-05-13T22:50:29.268Z"}
{"level":"info","message":"⌛ Validating src/example.wlk","timeElapsed":186,"timestamp":"2026-05-13T22:50:29.455Z"}
{"level":"info","message":"⌛ Validating src/example.wlk","timeElapsed":137,"timestamp":"2026-05-13T22:50:29.679Z"}
{"level":"info","message":"⌛ Validating src/example.wlk","timeElapsed":228,"timestamp":"2026-05-13T22:50:29.956Z"}
{"level":"info","message":"⌛ Validating src/example.wlk","timeElapsed":151,"timestamp":"2026-05-13T22:50:30.118Z"}
{"level":"info","message":"⌛ Building environment","timeElapsed":141,"timestamp":"2026-05-13T22:50:30.266Z"}
{"level":"info","message":"⌛ Validating src/example.wlk","timeElapsed":166,"timestamp":"2026-05-13T22:50:30.479Z"}
{"level":"info","message":"⌛ Building environment","timeElapsed":157,"timestamp":"2026-05-13T22:50:30.946Z"}
{"level":"info","message":"⌛ Building environment","timeElapsed":317,"timestamp":"2026-05-13T22:50:31.265Z"}
{"level":"info","message":"⌛ Validating src/example.wlk","timeElapsed":139,"timestamp":"2026-05-13T22:50:31.433Z"}
{"level":"info","message":"⌛ Building environment","timeElapsed":151,"timestamp":"2026-05-13T22:50:31.635Z"}
{"level":"info","message":"⌛ Building environment","timeElapsed":168,"timestamp":"2026-05-13T22:50:31.813Z"}
{"level":"info","message":"⌛ Building environment","timeElapsed":154,"timestamp":"2026-05-13T22:50:32.009Z"}
{"level":"info","message":"⌛ Validating src/example.wlk","timeElapsed":110,"timestamp":"2026-05-13T22:50:32.133Z"}
{"level":"info","message":"⌛ Building environment","timeElapsed":130,"timestamp":"2026-05-13T22:50:32.279Z"}
{"level":"error","message":"✘ Completions for node Return (undefined - src/example.wlk) failed: Error: [Return]{cc956f} at src/example.wlk:-- exhausted all cases without a match [Return]{cc956f} at src/example.wlk:-- exhausted all cases without a match","stack":"Error: [Return]{cc956f} at src/example.wlk:-- exhausted all cases without a match\n    at c:\\Users\\estudiante\\.vscode\\extensions\\uqbar.wollok-lsp-ide-0.5.4\\out\\server\\src\\server.js:38:6142\n    at L2 (c:\\Users\\estudiante\\.vscode\\extensions\\uqbar.wollok-lsp-ide-0.5.4\\out\\server\\src\\server.js:2389:42)\n    at Jh (c:\\Users\\estudiante\\.vscode\\extensions\\uqbar.wollok-lsp-ide-0.5.4\\out\\server\\src\\server.js:2389:1092)\n    at M5n (c:\\Users\\estudiante\\.vscode\\extensions\\uqbar.wollok-lsp-ide-0.5.4\\out\\server\\src\\server.js:2389:1248)\n    at c:\\Users\\estudiante\\.vscode\\extensions\\uqbar.wollok-lsp-ide-0.5.4\\out\\server\\src\\server.js:38:6131\n    at L2 (c:\\Users\\estudiante\\.vscode\\extensions\\uqbar.wollok-lsp-ide-0.5.4\\out\\server\\src\\server.js:2389:42)\n    at c:\\Users\\estudiante\\.vscode\\extensions\\uqbar.wollok-lsp-ide-0.5.4\\out\\server\\src\\server.js:2389:2988\n    at c:\\Users\\estudiante\\.vscode\\extensions\\uqbar.wollok-lsp-ide-0.5.4\\out\\server\\src\\server.js:2398:8440\n    at c:\\Users\\estudiante\\.vscode\\extensions\\uqbar.wollok-lsp-ide-0.5.4\\out\\server\\src\\server.js:37:74872\n    at Ke (c:\\Users\\estudiante\\.vscode\\extensions\\uqbar.wollok-lsp-ide-0.5.4\\out\\server\\src\\server.js:7:8527)","timestamp":"2026-05-13T22:50:32.323Z"}
{"level":"info","message":"⌛ Building environment","timeElapsed":102,"timestamp":"2026-05-13T22:50:32.431Z"}
{"level":"info","message":"⌛ Validating src/example.wlk","timeElapsed":215,"timestamp":"2026-05-13T22:50:32.647Z"}
{"level":"info","message":"⌛ Validating src/example.wlk","timeElapsed":124,"timestamp":"2026-05-13T22:50:32.785Z"}
{"level":"info","message":"⌛ Validating src/example.wlk","timeElapsed":149,"timestamp":"2026-05-13T22:50:32.937Z"}
{"level":"info","message":"⌛ Validating src/example.wlk","timeElapsed":192,"timestamp":"2026-05-13T22:50:33.133Z"}
{"level":"info","message":"⌛ Validating src/example.wlk","timeElapsed":167,"timestamp":"2026-05-13T22:50:33.318Z"}
{"level":"info","message":"⌛ Building environment","timeElapsed":206,"timestamp":"2026-05-13T22:50:34.212Z"}
{"level":"info","message":"⌛ Validating src/example.wlk","timeElapsed":145,"timestamp":"2026-05-13T22:50:34.367Z"}
{"level":"info","message":"⌛ Building environment","timeElapsed":310,"timestamp":"2026-05-13T22:50:41.476Z"}
{"level":"info","message":"⌛ Validating src/example.wlk","timeElapsed":189,"timestamp":"2026-05-13T22:50:41.672Z"}
{"level":"info","message":"⌛ Building environment","timeElapsed":202,"timestamp":"2026-05-13T22:51:09.812Z"}
{"level":"info","message":"⌛ Building environment","timeElapsed":130,"timestamp":"2026-05-13T22:51:09.946Z"}
{"level":"info","message":"⌛ Validating src/example.wlk","timeElapsed":179,"timestamp":"2026-05-13T22:51:10.128Z"}
{"level":"info","message":"⌛ Validating src/example.wlk","timeElapsed":128,"timestamp":"2026-05-13T22:51:10.258Z"}
{"level":"info","message":"⌛ Building environment","timeElapsed":161,"timestamp":"2026-05-13T22:51:10.947Z"}
{"level":"info","message":"⌛ Validating src/example.wlk","timeElapsed":132,"timestamp":"2026-05-13T22:51:11.089Z"}
{"level":"info","message":"⌛ Building environment","timeElapsed":193,"timestamp":"2026-05-13T22:51:12.758Z"}
{"level":"info","message":"⌛ Building environment","timeElapsed":125,"timestamp":"2026-05-13T22:51:12.885Z"}
{"level":"info","message":"⌛ Validating src/example.wlk","timeElapsed":243,"timestamp":"2026-05-13T22:51:13.130Z"}
{"level":"info","message":"⌛ Validating src/example.wlk","timeElapsed":183,"timestamp":"2026-05-13T22:51:13.318Z"}
{"level":"info","message":"⌛ Building environment","timeElapsed":117,"timestamp":"2026-05-13T22:51:13.442Z"}
{"level":"info","message":"⌛ Validating src/example.wlk","timeElapsed":126,"timestamp":"2026-05-13T22:51:13.582Z"}
{"level":"info","message":"⌛ Building environment","timeElapsed":206,"timestamp":"2026-05-13T22:51:14.852Z"}
{"level":"error","message":"✘ Completions for node Send ([14:52, 14:83] - src/example.wlk) failed: Error: [Send]{aab9e0} at src/example.wlk:14 exhausted all cases without a match [Send]{aab9e0} at src/example.wlk:14 exhausted all cases without a match","stack":"Error: [Send]{aab9e0} at src/example.wlk:14 exhausted all cases without a match\n    at c:\\Users\\estudiante\\.vscode\\extensions\\uqbar.wollok-lsp-ide-0.5.4\\out\\server\\src\\server.js:38:6142\n    at L2 (c:\\Users\\estudiante\\.vscode\\extensions\\uqbar.wollok-lsp-ide-0.5.4\\out\\server\\src\\server.js:2389:42)\n    at Jh (c:\\Users\\estudiante\\.vscode\\extensions\\uqbar.wollok-lsp-ide-0.5.4\\out\\server\\src\\server.js:2389:1092)\n    at M5n (c:\\Users\\estudiante\\.vscode\\extensions\\uqbar.wollok-lsp-ide-0.5.4\\out\\server\\src\\server.js:2389:1248)\n    at c:\\Users\\estudiante\\.vscode\\extensions\\uqbar.wollok-lsp-ide-0.5.4\\out\\server\\src\\server.js:38:6131\n    at L2 (c:\\Users\\estudiante\\.vscode\\extensions\\uqbar.wollok-lsp-ide-0.5.4\\out\\server\\src\\server.js:2389:42)\n    at c:\\Users\\estudiante\\.vscode\\extensions\\uqbar.wollok-lsp-ide-0.5.4\\out\\server\\src\\server.js:2389:2988\n    at c:\\Users\\estudiante\\.vscode\\extensions\\uqbar.wollok-lsp-ide-0.5.4\\out\\server\\src\\server.js:2398:8440\n    at c:\\Users\\estudiante\\.vscode\\extensions\\uqbar.wollok-lsp-ide-0.5.4\\out\\server\\src\\server.js:37:74872\n    at Ke (c:\\Users\\estudiante\\.vscode\\extensions\\uqbar.wollok-lsp-ide-0.5.4\\out\\server\\src\\server.js:7:8527)","timestamp":"2026-05-13T22:51:14.991Z"}
{"level":"error","message":"✘ Completions for node Return (undefined - src/example.wlk) failed: Error: [Return]{c46e17} at src/example.wlk:-- exhausted all cases without a match [Return]{c46e17} at src/example.wlk:-- exhausted all cases without a match","stack":"Error: [Return]{c46e17} at src/example.wlk:-- exhausted all cases without a match\n    at c:\\Users\\estudiante\\.vscode\\extensions\\uqbar.wollok-lsp-ide-0.5.4\\out\\server\\src\\server.js:38:6142\n    at L2 (c:\\Users\\estudiante\\.vscode\\extensions\\uqbar.wollok-lsp-ide-0.5.4\\out\\server\\src\\server.js:2389:42)\n    at Jh (c:\\Users\\estudiante\\.vscode\\extensions\\uqbar.wollok-lsp-ide-0.5.4\\out\\server\\src\\server.js:2389:1092)\n    at L2 (c:\\Users\\estudiante\\.vscode\\extensions\\uqbar.wollok-lsp-ide-0.5.4\\out\\server\\src\\server.js:2389:544)\n    at Jh (c:\\Users\\estudiante\\.vscode\\extensions\\uqbar.wollok-lsp-ide-0.5.4\\out\\server\\src\\server.js:2389:1092)\n    at M5n (c:\\Users\\estudiante\\.vscode\\extensions\\uqbar.wollok-lsp-ide-0.5.4\\out\\server\\src\\server.js:2389:1248)\n    at c:\\Users\\estudiante\\.vscode\\extensions\\uqbar.wollok-lsp-ide-0.5.4\\out\\server\\src\\server.js:38:6131\n    at L2 (c:\\Users\\estudiante\\.vscode\\extensions\\uqbar.wollok-lsp-ide-0.5.4\\out\\server\\src\\server.js:2389:42)\n    at c:\\Users\\estudiante\\.vscode\\extensions\\uqbar.wollok-lsp-ide-0.5.4\\out\\server\\src\\server.js:2389:2988\n    at c:\\Users\\estudiante\\.vscode\\extensions\\uqbar.wollok-lsp-ide-0.5.4\\out\\server\\src\\server.js:2398:8440","timestamp":"2026-05-13T22:51:14.992Z"}
{"level":"info","message":"⌛ Building environment","timeElapsed":144,"timestamp":"2026-05-13T22:51:15.140Z"}
{"level":"info","message":"⌛ Validating src/example.wlk","timeElapsed":153,"timestamp":"2026-05-13T22:51:15.299Z"}
{"level":"info","message":"⌛ Building environment","timeElapsed":111,"timestamp":"2026-05-13T22:51:15.442Z"}
{"level":"info","message":"⌛ Validating src/example.wlk","timeElapsed":143,"timestamp":"2026-05-13T22:51:15.588Z"}
{"level":"info","message":"⌛ Building environment","timeElapsed":117,"timestamp":"2026-05-13T22:51:15.705Z"}
{"level":"info","message":"⌛ Validating src/example.wlk","timeElapsed":197,"timestamp":"2026-05-13T22:51:15.996Z"}
{"level":"error","message":"✘ Completions for node Send ([14:52, 14:87] - src/example.wlk) failed: Error: [Send]{a97425} at src/example.wlk:14 exhausted all cases without a match [Send]{a97425} at src/example.wlk:14 exhausted all cases without a match","stack":"Error: [Send]{a97425} at src/example.wlk:14 exhausted all cases without a match\n    at c:\\Users\\estudiante\\.vscode\\extensions\\uqbar.wollok-lsp-ide-0.5.4\\out\\server\\src\\server.js:38:6142\n    at L2 (c:\\Users\\estudiante\\.vscode\\extensions\\uqbar.wollok-lsp-ide-0.5.4\\out\\server\\src\\server.js:2389:42)\n    at Jh (c:\\Users\\estudiante\\.vscode\\extensions\\uqbar.wollok-lsp-ide-0.5.4\\out\\server\\src\\server.js:2389:1092)\n    at M5n (c:\\Users\\estudiante\\.vscode\\extensions\\uqbar.wollok-lsp-ide-0.5.4\\out\\server\\src\\server.js:2389:1248)\n    at c:\\Users\\estudiante\\.vscode\\extensions\\uqbar.wollok-lsp-ide-0.5.4\\out\\server\\src\\server.js:38:6131\n    at L2 (c:\\Users\\estudiante\\.vscode\\extensions\\uqbar.wollok-lsp-ide-0.5.4\\out\\server\\src\\server.js:2389:42)\n    at c:\\Users\\estudiante\\.vscode\\extensions\\uqbar.wollok-lsp-ide-0.5.4\\out\\server\\src\\server.js:2389:2988\n    at c:\\Users\\estudiante\\.vscode\\extensions\\uqbar.wollok-lsp-ide-0.5.4\\out\\server\\src\\server.js:2398:8440\n    at c:\\Users\\estudiante\\.vscode\\extensions\\uqbar.wollok-lsp-ide-0.5.4\\out\\server\\src\\server.js:37:74872\n    at Ke (c:\\Users\\estudiante\\.vscode\\extensions\\uqbar.wollok-lsp-ide-0.5.4\\out\\server\\src\\server.js:7:8527)","timestamp":"2026-05-13T22:51:16.120Z"}
{"level":"error","message":"✘ Completions for node Return (undefined - src/example.wlk) failed: Error: [Return]{408bc1} at src/example.wlk:-- exhausted all cases without a match [Return]{408bc1} at src/example.wlk:-- exhausted all cases without a match","stack":"Error: [Return]{408bc1} at src/example.wlk:-- exhausted all cases without a match\n    at c:\\Users\\estudiante\\.vscode\\extensions\\uqbar.wollok-lsp-ide-0.5.4\\out\\server\\src\\server.js:38:6142\n    at L2 (c:\\Users\\estudiante\\.vscode\\extensions\\uqbar.wollok-lsp-ide-0.5.4\\out\\server\\src\\server.js:2389:42)\n    at Jh (c:\\Users\\estudiante\\.vscode\\extensions\\uqbar.wollok-lsp-ide-0.5.4\\out\\server\\src\\server.js:2389:1092)\n    at L2 (c:\\Users\\estudiante\\.vscode\\extensions\\uqbar.wollok-lsp-ide-0.5.4\\out\\server\\src\\server.js:2389:544)\n    at Jh (c:\\Users\\estudiante\\.vscode\\extensions\\uqbar.wollok-lsp-ide-0.5.4\\out\\server\\src\\server.js:2389:1092)\n    at M5n (c:\\Users\\estudiante\\.vscode\\extensions\\uqbar.wollok-lsp-ide-0.5.4\\out\\server\\src\\server.js:2389:1248)\n    at c:\\Users\\estudiante\\.vscode\\extensions\\uqbar.wollok-lsp-ide-0.5.4\\out\\server\\src\\server.js:38:6131\n    at L2 (c:\\Users\\estudiante\\.vscode\\extensions\\uqbar.wollok-lsp-ide-0.5.4\\out\\server\\src\\server.js:2389:42)\n    at c:\\Users\\estudiante\\.vscode\\extensions\\uqbar.wollok-lsp-ide-0.5.4\\out\\server\\src\\server.js:2389:2988\n    at c:\\Users\\estudiante\\.vscode\\extensions\\uqbar.wollok-lsp-ide-0.5.4\\out\\server\\src\\server.js:2398:8440","timestamp":"2026-05-13T22:51:16.121Z"}
{"level":"info","message":"⌛ Building environment","timeElapsed":126,"timestamp":"2026-05-13T22:51:16.252Z"}
{"level":"info","message":"⌛ Validating src/example.wlk","timeElapsed":183,"timestamp":"2026-05-13T22:51:16.437Z"}
{"level":"info","message":"⌛ Building environment","timeElapsed":172,"timestamp":"2026-05-13T22:51:16.629Z"}
{"level":"info","message":"⌛ Validating src/example.wlk","timeElapsed":157,"timestamp":"2026-05-13T22:51:16.788Z"}
{"level":"error","message":"✘ Completions for node Send ([14:52, 14:86] - src/example.wlk) failed: Error: [Send]{062b2c} at src/example.wlk:14 exhausted all cases without a match [Send]{062b2c} at src/example.wlk:14 exhausted all cases without a match","stack":"Error: [Send]{062b2c} at src/example.wlk:14 exhausted all cases without a match\n    at c:\\Users\\estudiante\\.vscode\\extensions\\uqbar.wollok-lsp-ide-0.5.4\\out\\server\\src\\server.js:38:6142\n    at L2 (c:\\Users\\estudiante\\.vscode\\extensions\\uqbar.wollok-lsp-ide-0.5.4\\out\\server\\src\\server.js:2389:42)\n    at Jh (c:\\Users\\estudiante\\.vscode\\extensions\\uqbar.wollok-lsp-ide-0.5.4\\out\\server\\src\\server.js:2389:1092)\n    at M5n (c:\\Users\\estudiante\\.vscode\\extensions\\uqbar.wollok-lsp-ide-0.5.4\\out\\server\\src\\server.js:2389:1248)\n    at c:\\Users\\estudiante\\.vscode\\extensions\\uqbar.wollok-lsp-ide-0.5.4\\out\\server\\src\\server.js:38:6131\n    at L2 (c:\\Users\\estudiante\\.vscode\\extensions\\uqbar.wollok-lsp-ide-0.5.4\\out\\server\\src\\server.js:2389:42)\n    at c:\\Users\\estudiante\\.vscode\\extensions\\uqbar.wollok-lsp-ide-0.5.4\\out\\server\\src\\server.js:2389:2988\n    at c:\\Users\\estudiante\\.vscode\\extensions\\uqbar.wollok-lsp-ide-0.5.4\\out\\server\\src\\server.js:2398:8440\n    at c:\\Users\\estudiante\\.vscode\\extensions\\uqbar.wollok-lsp-ide-0.5.4\\out\\server\\src\\server.js:37:74872\n    at Ke (c:\\Users\\estudiante\\.vscode\\extensions\\uqbar.wollok-lsp-ide-0.5.4\\out\\server\\src\\server.js:7:8527)","timestamp":"2026-05-13T22:51:16.941Z"}
{"level":"error","message":"✘ Completions for node Return (undefined - src/example.wlk) failed: Error: [Return]{839c75} at src/example.wlk:-- exhausted all cases without a match [Return]{839c75} at src/example.wlk:-- exhausted all cases without a match","stack":"Error: [Return]{839c75} at src/example.wlk:-- exhausted all cases without a match\n    at c:\\Users\\estudiante\\.vscode\\extensions\\uqbar.wollok-lsp-ide-0.5.4\\out\\server\\src\\server.js:38:6142\n    at L2 (c:\\Users\\estudiante\\.vscode\\extensions\\uqbar.wollok-lsp-ide-0.5.4\\out\\server\\src\\server.js:2389:42)\n    at Jh (c:\\Users\\estudiante\\.vscode\\extensions\\uqbar.wollok-lsp-ide-0.5.4\\out\\server\\src\\server.js:2389:1092)\n    at L2 (c:\\Users\\estudiante\\.vscode\\extensions\\uqbar.wollok-lsp-ide-0.5.4\\out\\server\\src\\server.js:2389:544)\n    at Jh (c:\\Users\\estudiante\\.vscode\\extensions\\uqbar.wollok-lsp-ide-0.5.4\\out\\server\\src\\server.js:2389:1092)\n    at M5n (c:\\Users\\estudiante\\.vscode\\extensions\\uqbar.wollok-lsp-ide-0.5.4\\out\\server\\src\\server.js:2389:1248)\n    at c:\\Users\\estudiante\\.vscode\\extensions\\uqbar.wollok-lsp-ide-0.5.4\\out\\server\\src\\server.js:38:6131\n    at L2 (c:\\Users\\estudiante\\.vscode\\extensions\\uqbar.wollok-lsp-ide-0.5.4\\out\\server\\src\\server.js:2389:42)\n    at c:\\Users\\estudiante\\.vscode\\extensions\\uqbar.wollok-lsp-ide-0.5.4\\out\\server\\src\\server.js:2389:2988\n    at c:\\Users\\estudiante\\.vscode\\extensions\\uqbar.wollok-lsp-ide-0.5.4\\out\\server\\src\\server.js:2398:8440","timestamp":"2026-05-13T22:51:16.941Z"}
{"level":"info","message":"⌛ Validating src/example.wlk","timeElapsed":117,"timestamp":"2026-05-13T22:51:17.078Z"}
{"level":"info","message":"⌛ Building environment","timeElapsed":135,"timestamp":"2026-05-13T22:51:17.253Z"}
{"level":"error","message":"✘ Completions for node Send ([14:52, 14:85] - src/example.wlk) failed: Error: [Send]{6d873b} at src/example.wlk:14 exhausted all cases without a match [Send]{6d873b} at src/example.wlk:14 exhausted all cases without a match","stack":"Error: [Send]{6d873b} at src/example.wlk:14 exhausted all cases without a match\n    at c:\\Users\\estudiante\\.vscode\\extensions\\uqbar.wollok-lsp-ide-0.5.4\\out\\server\\src\\server.js:38:6142\n    at L2 (c:\\Users\\estudiante\\.vscode\\extensions\\uqbar.wollok-lsp-ide-0.5.4\\out\\server\\src\\server.js:2389:42)\n    at Jh (c:\\Users\\estudiante\\.vscode\\extensions\\uqbar.wollok-lsp-ide-0.5.4\\out\\server\\src\\server.js:2389:1092)\n    at M5n (c:\\Users\\estudiante\\.vscode\\extensions\\uqbar.wollok-lsp-ide-0.5.4\\out\\server\\src\\server.js:2389:1248)\n    at c:\\Users\\estudiante\\.vscode\\extensions\\uqbar.wollok-lsp-ide-0.5.4\\out\\server\\src\\server.js:38:6131\n    at L2 (c:\\Users\\estudiante\\.vscode\\extensions\\uqbar.wollok-lsp-ide-0.5.4\\out\\server\\src\\server.js:2389:42)\n    at c:\\Users\\estudiante\\.vscode\\extensions\\uqbar.wollok-lsp-ide-0.5.4\\out\\server\\src\\server.js:2389:2988\n    at c:\\Users\\estudiante\\.vscode\\extensions\\uqbar.wollok-lsp-ide-0.5.4\\out\\server\\src\\server.js:2398:8440\n    at c:\\Users\\estudiante\\.vscode\\extensions\\uqbar.wollok-lsp-ide-0.5.4\\out\\server\\src\\server.js:37:74872\n    at Ke (c:\\Users\\estudiante\\.vscode\\extensions\\uqbar.wollok-lsp-ide-0.5.4\\out\\server\\src\\server.js:7:8527)","timestamp":"2026-05-13T22:51:17.321Z"}
{"level":"error","message":"✘ Completions for node Return (undefined - src/example.wlk) failed: Error: [Return]{b41444} at src/example.wlk:-- exhausted all cases without a match [Return]{b41444} at src/example.wlk:-- exhausted all cases without a match","stack":"Error: [Return]{b41444} at src/example.wlk:-- exhausted all cases without a match\n    at c:\\Users\\estudiante\\.vscode\\extensions\\uqbar.wollok-lsp-ide-0.5.4\\out\\server\\src\\server.js:38:6142\n    at L2 (c:\\Users\\estudiante\\.vscode\\extensions\\uqbar.wollok-lsp-ide-0.5.4\\out\\server\\src\\server.js:2389:42)\n    at Jh (c:\\Users\\estudiante\\.vscode\\extensions\\uqbar.wollok-lsp-ide-0.5.4\\out\\server\\src\\server.js:2389:1092)\n    at L2 (c:\\Users\\estudiante\\.vscode\\extensions\\uqbar.wollok-lsp-ide-0.5.4\\out\\server\\src\\server.js:2389:544)\n    at Jh (c:\\Users\\estudiante\\.vscode\\extensions\\uqbar.wollok-lsp-ide-0.5.4\\out\\server\\src\\server.js:2389:1092)\n    at M5n (c:\\Users\\estudiante\\.vscode\\extensions\\uqbar.wollok-lsp-ide-0.5.4\\out\\server\\src\\server.js:2389:1248)\n    at c:\\Users\\estudiante\\.vscode\\extensions\\uqbar.wollok-lsp-ide-0.5.4\\out\\server\\src\\server.js:38:6131\n    at L2 (c:\\Users\\estudiante\\.vscode\\extensions\\uqbar.wollok-lsp-ide-0.5.4\\out\\server\\src\\server.js:2389:42)\n    at c:\\Users\\estudiante\\.vscode\\extensions\\uqbar.wollok-lsp-ide-0.5.4\\out\\server\\src\\server.js:2389:2988\n    at c:\\Users\\estudiante\\.vscode\\extensions\\uqbar.wollok-lsp-ide-0.5.4\\out\\server\\src\\server.js:2398:8440","timestamp":"2026-05-13T22:51:17.322Z"}
{"level":"error","message":"✘ Completions for node Send ([14:52, 14:84] - src/example.wlk) failed: Error: [Send]{efe147} at src/example.wlk:14 exhausted all cases without a match [Send]{efe147} at src/example.wlk:14 exhausted all cases without a match","stack":"Error: [Send]{efe147} at src/example.wlk:14 exhausted all cases without a match\n    at c:\\Users\\estudiante\\.vscode\\extensions\\uqbar.wollok-lsp-ide-0.5.4\\out\\server\\src\\server.js:38:6142\n    at L2 (c:\\Users\\estudiante\\.vscode\\extensions\\uqbar.wollok-lsp-ide-0.5.4\\out\\server\\src\\server.js:2389:42)\n    at Jh (c:\\Users\\estudiante\\.vscode\\extensions\\uqbar.wollok-lsp-ide-0.5.4\\out\\server\\src\\server.js:2389:1092)\n    at M5n (c:\\Users\\estudiante\\.vscode\\extensions\\uqbar.wollok-lsp-ide-0.5.4\\out\\server\\src\\server.js:2389:1248)\n    at c:\\Users\\estudiante\\.vscode\\extensions\\uqbar.wollok-lsp-ide-0.5.4\\out\\server\\src\\server.js:38:6131\n    at L2 (c:\\Users\\estudiante\\.vscode\\extensions\\uqbar.wollok-lsp-ide-0.5.4\\out\\server\\src\\server.js:2389:42)\n    at c:\\Users\\estudiante\\.vscode\\extensions\\uqbar.wollok-lsp-ide-0.5.4\\out\\server\\src\\server.js:2389:2988\n    at c:\\Users\\estudiante\\.vscode\\extensions\\uqbar.wollok-lsp-ide-0.5.4\\out\\server\\src\\server.js:2398:8440\n    at c:\\Users\\estudiante\\.vscode\\extensions\\uqbar.wollok-lsp-ide-0.5.4\\out\\server\\src\\server.js:37:74872\n    at Ke (c:\\Users\\estudiante\\.vscode\\extensions\\uqbar.wollok-lsp-ide-0.5.4\\out\\server\\src\\server.js:7:8527)","timestamp":"2026-05-13T22:51:17.522Z"}
{"level":"error","message":"✘ Completions for node Return (undefined - src/example.wlk) failed: Error: [Return]{9d4b1a} at src/example.wlk:-- exhausted all cases without a match [Return]{9d4b1a} at src/example.wlk:-- exhausted all cases without a match","stack":"Error: [Return]{9d4b1a} at src/example.wlk:-- exhausted all cases without a match\n    at c:\\Users\\estudiante\\.vscode\\extensions\\uqbar.wollok-lsp-ide-0.5.4\\out\\server\\src\\server.js:38:6142\n    at L2 (c:\\Users\\estudiante\\.vscode\\extensions\\uqbar.wollok-lsp-ide-0.5.4\\out\\server\\src\\server.js:2389:42)\n    at Jh (c:\\Users\\estudiante\\.vscode\\extensions\\uqbar.wollok-lsp-ide-0.5.4\\out\\server\\src\\server.js:2389:1092)\n    at L2 (c:\\Users\\estudiante\\.vscode\\extensions\\uqbar.wollok-lsp-ide-0.5.4\\out\\server\\src\\server.js:2389:544)\n    at Jh (c:\\Users\\estudiante\\.vscode\\extensions\\uqbar.wollok-lsp-ide-0.5.4\\out\\server\\src\\server.js:2389:1092)\n    at M5n (c:\\Users\\estudiante\\.vscode\\extensions\\uqbar.wollok-lsp-ide-0.5.4\\out\\server\\src\\server.js:2389:1248)\n    at c:\\Users\\estudiante\\.vscode\\extensions\\uqbar.wollok-lsp-ide-0.5.4\\out\\server\\src\\server.js:38:6131\n    at L2 (c:\\Users\\estudiante\\.vscode\\extensions\\uqbar.wollok-lsp-ide-0.5.4\\out\\server\\src\\server.js:2389:42)\n    at c:\\Users\\estudiante\\.vscode\\extensions\\uqbar.wollok-lsp-ide-0.5.4\\out\\server\\src\\server.js:2389:2988\n    at c:\\Users\\estudiante\\.vscode\\extensions\\uqbar.wollok-lsp-ide-0.5.4\\out\\server\\src\\server.js:2398:8440","timestamp":"2026-05-13T22:51:17.522Z"}
{"level":"info","message":"⌛ Validating src/example.wlk","timeElapsed":260,"timestamp":"2026-05-13T22:51:17.786Z"}
{"level":"info","message":"⌛ Building environment","timeElapsed":142,"timestamp":"2026-05-13T22:51:17.930Z"}
{"level":"error","message":"✘ Completions for node Send ([14:52, 14:83] - src/example.wlk) failed: Error: [Send]{e969be} at src/example.wlk:14 exhausted all cases without a match [Send]{e969be} at src/example.wlk:14 exhausted all cases without a match","stack":"Error: [Send]{e969be} at src/example.wlk:14 exhausted all cases without a match\n    at c:\\Users\\estudiante\\.vscode\\extensions\\uqbar.wollok-lsp-ide-0.5.4\\out\\server\\src\\server.js:38:6142\n    at L2 (c:\\Users\\estudiante\\.vscode\\extensions\\uqbar.wollok-lsp-ide-0.5.4\\out\\server\\src\\server.js:2389:42)\n    at Jh (c:\\Users\\estudiante\\.vscode\\extensions\\uqbar.wollok-lsp-ide-0.5.4\\out\\server\\src\\server.js:2389:1092)\n    at M5n (c:\\Users\\estudiante\\.vscode\\extensions\\uqbar.wollok-lsp-ide-0.5.4\\out\\server\\src\\server.js:2389:1248)\n    at c:\\Users\\estudiante\\.vscode\\extensions\\uqbar.wollok-lsp-ide-0.5.4\\out\\server\\src\\server.js:38:6131\n    at L2 (c:\\Users\\estudiante\\.vscode\\extensions\\uqbar.wollok-lsp-ide-0.5.4\\out\\server\\src\\server.js:2389:42)\n    at c:\\Users\\estudiante\\.vscode\\extensions\\uqbar.wollok-lsp-ide-0.5.4\\out\\server\\src\\server.js:2389:2988\n    at c:\\Users\\estudiante\\.vscode\\extensions\\uqbar.wollok-lsp-ide-0.5.4\\out\\server\\src\\server.js:2398:8440\n    at c:\\Users\\estudiante\\.vscode\\extensions\\uqbar.wollok-lsp-ide-0.5.4\\out\\server\\src\\server.js:37:74872\n    at Ke (c:\\Users\\estudiante\\.vscode\\extensions\\uqbar.wollok-lsp-ide-0.5.4\\out\\server\\src\\server.js:7:8527)","timestamp":"2026-05-13T22:51:17.979Z"}
{"level":"error","message":"✘ Completions for node Return (undefined - src/example.wlk) failed: Error: [Return]{5486f2} at src/example.wlk:-- exhausted all cases without a match [Return]{5486f2} at src/example.wlk:-- exhausted all cases without a match","stack":"Error: [Return]{5486f2} at src/example.wlk:-- exhausted all cases without a match\n    at c:\\Users\\estudiante\\.vscode\\extensions\\uqbar.wollok-lsp-ide-0.5.4\\out\\server\\src\\server.js:38:6142\n    at L2 (c:\\Users\\estudiante\\.vscode\\extensions\\uqbar.wollok-lsp-ide-0.5.4\\out\\server\\src\\server.js:2389:42)\n    at Jh (c:\\Users\\estudiante\\.vscode\\extensions\\uqbar.wollok-lsp-ide-0.5.4\\out\\server\\src\\server.js:2389:1092)\n    at L2 (c:\\Users\\estudiante\\.vscode\\extensions\\uqbar.wollok-lsp-ide-0.5.4\\out\\server\\src\\server.js:2389:544)\n    at Jh (c:\\Users\\estudiante\\.vscode\\extensions\\uqbar.wollok-lsp-ide-0.5.4\\out\\server\\src\\server.js:2389:1092)\n    at M5n (c:\\Users\\estudiante\\.vscode\\extensions\\uqbar.wollok-lsp-ide-0.5.4\\out\\server\\src\\server.js:2389:1248)\n    at c:\\Users\\estudiante\\.vscode\\extensions\\uqbar.wollok-lsp-ide-0.5.4\\out\\server\\src\\server.js:38:6131\n    at L2 (c:\\Users\\estudiante\\.vscode\\extensions\\uqbar.wollok-lsp-ide-0.5.4\\out\\server\\src\\server.js:2389:42)\n    at c:\\Users\\estudiante\\.vscode\\extensions\\uqbar.wollok-lsp-ide-0.5.4\\out\\server\\src\\server.js:2389:2988\n    at c:\\Users\\estudiante\\.vscode\\extensions\\uqbar.wollok-lsp-ide-0.5.4\\out\\server\\src\\server.js:2398:8440","timestamp":"2026-05-13T22:51:17.980Z"}
{"level":"info","message":"⌛ Building environment","timeElapsed":138,"timestamp":"2026-05-13T22:51:18.124Z"}
{"level":"error","message":"✘ Completions for node Send ([14:52, 14:82] - src/example.wlk) failed: Error: [Send]{52e632} at src/example.wlk:14 exhausted all cases without a match [Send]{52e632} at src/example.wlk:14 exhausted all cases without a match","stack":"Error: [Send]{52e632} at src/example.wlk:14 exhausted all cases without a match\n    at c:\\Users\\estudiante\\.vscode\\extensions\\uqbar.wollok-lsp-ide-0.5.4\\out\\server\\src\\server.js:38:6142\n    at L2 (c:\\Users\\estudiante\\.vscode\\extensions\\uqbar.wollok-lsp-ide-0.5.4\\out\\server\\src\\server.js:2389:42)\n    at Jh (c:\\Users\\estudiante\\.vscode\\extensions\\uqbar.wollok-lsp-ide-0.5.4\\out\\server\\src\\server.js:2389:1092)\n    at M5n (c:\\Users\\estudiante\\.vscode\\extensions\\uqbar.wollok-lsp-ide-0.5.4\\out\\server\\src\\server.js:2389:1248)\n    at c:\\Users\\estudiante\\.vscode\\extensions\\uqbar.wollok-lsp-ide-0.5.4\\out\\server\\src\\server.js:38:6131\n    at L2 (c:\\Users\\estudiante\\.vscode\\extensions\\uqbar.wollok-lsp-ide-0.5.4\\out\\server\\src\\server.js:2389:42)\n    at c:\\Users\\estudiante\\.vscode\\extensions\\uqbar.wollok-lsp-ide-0.5.4\\out\\server\\src\\server.js:2389:2988\n    at c:\\Users\\estudiante\\.vscode\\extensions\\uqbar.wollok-lsp-ide-0.5.4\\out\\server\\src\\server.js:2398:8440\n    at c:\\Users\\estudiante\\.vscode\\extensions\\uqbar.wollok-lsp-ide-0.5.4\\out\\server\\src\\server.js:37:74872\n    at Ke (c:\\Users\\estudiante\\.vscode\\extensions\\uqbar.wollok-lsp-ide-0.5.4\\out\\server\\src\\server.js:7:8527)","timestamp":"2026-05-13T22:51:18.162Z"}
{"level":"error","message":"✘ Completions for node Return (undefined - src/example.wlk) failed: Error: [Return]{a1fee8} at src/example.wlk:-- exhausted all cases without a match [Return]{a1fee8} at src/example.wlk:-- exhausted all cases without a match","stack":"Error: [Return]{a1fee8} at src/example.wlk:-- exhausted all cases without a match\n    at c:\\Users\\estudiante\\.vscode\\extensions\\uqbar.wollok-lsp-ide-0.5.4\\out\\server\\src\\server.js:38:6142\n    at L2 (c:\\Users\\estudiante\\.vscode\\extensions\\uqbar.wollok-lsp-ide-0.5.4\\out\\server\\src\\server.js:2389:42)\n    at Jh (c:\\Users\\estudiante\\.vscode\\extensions\\uqbar.wollok-lsp-ide-0.5.4\\out\\server\\src\\server.js:2389:1092)\n    at L2 (c:\\Users\\estudiante\\.vscode\\extensions\\uqbar.wollok-lsp-ide-0.5.4\\out\\server\\src\\server.js:2389:544)\n    at Jh (c:\\Users\\estudiante\\.vscode\\extensions\\uqbar.wollok-lsp-ide-0.5.4\\out\\server\\src\\server.js:2389:1092)\n    at M5n (c:\\Users\\estudiante\\.vscode\\extensions\\uqbar.wollok-lsp-ide-0.5.4\\out\\server\\src\\server.js:2389:1248)\n    at c:\\Users\\estudiante\\.vscode\\extensions\\uqbar.wollok-lsp-ide-0.5.4\\out\\server\\src\\server.js:38:6131\n    at L2 (c:\\Users\\estudiante\\.vscode\\extensions\\uqbar.wollok-lsp-ide-0.5.4\\out\\server\\src\\server.js:2389:42)\n    at c:\\Users\\estudiante\\.vscode\\extensions\\uqbar.wollok-lsp-ide-0.5.4\\out\\server\\src\\server.js:2389:2988\n    at c:\\Users\\estudiante\\.vscode\\extensions\\uqbar.wollok-lsp-ide-0.5.4\\out\\server\\src\\server.js:2398:8440","timestamp":"2026-05-13T22:51:18.163Z"}
{"level":"info","message":"⌛ Validating src/example.wlk","timeElapsed":111,"timestamp":"2026-05-13T22:51:18.287Z"}
{"level":"info","message":"⌛ Validating src/example.wlk","timeElapsed":190,"timestamp":"2026-05-13T22:51:18.495Z"}
{"level":"info","message":"⌛ Building environment","timeElapsed":118,"timestamp":"2026-05-13T22:51:18.614Z"}
{"level":"info","message":"⌛ Validating src/example.wlk","timeElapsed":131,"timestamp":"2026-05-13T22:51:18.842Z"}
{"level":"error","message":"✘ Completions for node Send ([14:52, 14:83] - src/example.wlk) failed: Error: [Send]{35a807} at src/example.wlk:14 exhausted all cases without a match [Send]{35a807} at src/example.wlk:14 exhausted all cases without a match","stack":"Error: [Send]{35a807} at src/example.wlk:14 exhausted all cases without a match\n    at c:\\Users\\estudiante\\.vscode\\extensions\\uqbar.wollok-lsp-ide-0.5.4\\out\\server\\src\\server.js:38:6142\n    at L2 (c:\\Users\\estudiante\\.vscode\\extensions\\uqbar.wollok-lsp-ide-0.5.4\\out\\server\\src\\server.js:2389:42)\n    at Jh (c:\\Users\\estudiante\\.vscode\\extensions\\uqbar.wollok-lsp-ide-0.5.4\\out\\server\\src\\server.js:2389:1092)\n    at M5n (c:\\Users\\estudiante\\.vscode\\extensions\\uqbar.wollok-lsp-ide-0.5.4\\out\\server\\src\\server.js:2389:1248)\n    at c:\\Users\\estudiante\\.vscode\\extensions\\uqbar.wollok-lsp-ide-0.5.4\\out\\server\\src\\server.js:38:6131\n    at L2 (c:\\Users\\estudiante\\.vscode\\extensions\\uqbar.wollok-lsp-ide-0.5.4\\out\\server\\src\\server.js:2389:42)\n    at c:\\Users\\estudiante\\.vscode\\extensions\\uqbar.wollok-lsp-ide-0.5.4\\out\\server\\src\\server.js:2389:2988\n    at c:\\Users\\estudiante\\.vscode\\extensions\\uqbar.wollok-lsp-ide-0.5.4\\out\\server\\src\\server.js:2398:8440\n    at c:\\Users\\estudiante\\.vscode\\extensions\\uqbar.wollok-lsp-ide-0.5.4\\out\\server\\src\\server.js:37:74872\n    at Ke (c:\\Users\\estudiante\\.vscode\\extensions\\uqbar.wollok-lsp-ide-0.5.4\\out\\server\\src\\server.js:7:8527)","timestamp":"2026-05-13T22:51:18.974Z"}
{"level":"error","message":"✘ Completions for node Return (undefined - src/example.wlk) failed: Error: [Return]{fb7414} at src/example.wlk:-- exhausted all cases without a match [Return]{fb7414} at src/example.wlk:-- exhausted all cases without a match","stack":"Error: [Return]{fb7414} at src/example.wlk:-- exhausted all cases without a match\n    at c:\\Users\\estudiante\\.vscode\\extensions\\uqbar.wollok-lsp-ide-0.5.4\\out\\server\\src\\server.js:38:6142\n    at L2 (c:\\Users\\estudiante\\.vscode\\extensions\\uqbar.wollok-lsp-ide-0.5.4\\out\\server\\src\\server.js:2389:42)\n    at Jh (c:\\Users\\estudiante\\.vscode\\extensions\\uqbar.wollok-lsp-ide-0.5.4\\out\\server\\src\\server.js:2389:1092)\n    at L2 (c:\\Users\\estudiante\\.vscode\\extensions\\uqbar.wollok-lsp-ide-0.5.4\\out\\server\\src\\server.js:2389:544)\n    at Jh (c:\\Users\\estudiante\\.vscode\\extensions\\uqbar.wollok-lsp-ide-0.5.4\\out\\server\\src\\server.js:2389:1092)\n    at M5n (c:\\Users\\estudiante\\.vscode\\extensions\\uqbar.wollok-lsp-ide-0.5.4\\out\\server\\src\\server.js:2389:1248)\n    at c:\\Users\\estudiante\\.vscode\\extensions\\uqbar.wollok-lsp-ide-0.5.4\\out\\server\\src\\server.js:38:6131\n    at L2 (c:\\Users\\estudiante\\.vscode\\extensions\\uqbar.wollok-lsp-ide-0.5.4\\out\\server\\src\\server.js:2389:42)\n    at c:\\Users\\estudiante\\.vscode\\extensions\\uqbar.wollok-lsp-ide-0.5.4\\out\\server\\src\\server.js:2389:2988\n    at c:\\Users\\estudiante\\.vscode\\extensions\\uqbar.wollok-lsp-ide-0.5.4\\out\\server\\src\\server.js:2398:8440","timestamp":"2026-05-13T22:51:18.975Z"}
{"level":"info","message":"⌛ Validating src/example.wlk","timeElapsed":201,"timestamp":"2026-05-13T22:51:19.189Z"}
{"level":"info","message":"⌛ Building environment","timeElapsed":116,"timestamp":"2026-05-13T22:51:19.384Z"}
{"level":"info","message":"⌛ Building environment","timeElapsed":207,"timestamp":"2026-05-13T22:51:19.596Z"}
{"level":"info","message":"⌛ Building environment","timeElapsed":181,"timestamp":"2026-05-13T22:51:19.778Z"}
{"level":"info","message":"⌛ Building environment","timeElapsed":129,"timestamp":"2026-05-13T22:51:19.922Z"}
{"level":"info","message":"⌛ Validating src/example.wlk","timeElapsed":274,"timestamp":"2026-05-13T22:51:20.213Z"}
{"level":"info","message":"⌛ Validating src/example.wlk","timeElapsed":129,"timestamp":"2026-05-13T22:51:20.360Z"}
{"level":"info","message":"⌛ Validating src/example.wlk","timeElapsed":107,"timestamp":"2026-05-13T22:51:20.471Z"}
{"level":"info","message":"⌛ Validating src/example.wlk","timeElapsed":127,"timestamp":"2026-05-13T22:51:20.607Z"}
{"level":"info","message":"⌛ Validating src/example.wlk","timeElapsed":251,"timestamp":"2026-05-13T22:51:20.865Z"}
{"level":"info","message":"⌛ Validating src/example.wlk","timeElapsed":188,"timestamp":"2026-05-13T22:51:21.062Z"}
{"level":"info","message":"⌛ Validating src/example.wlk","timeElapsed":171,"timestamp":"2026-05-13T22:51:21.236Z"}
{"level":"info","message":"⌛ Validating src/example.wlk","timeElapsed":174,"timestamp":"2026-05-13T22:51:21.413Z"}
{"level":"info","message":"⌛ Validating src/example.wlk","timeElapsed":141,"timestamp":"2026-05-13T22:51:21.555Z"}
{"level":"info","message":"⌛ Validating src/example.wlk","timeElapsed":198,"timestamp":"2026-05-13T22:51:21.755Z"}
{"level":"info","message":"⌛ Building environment","timeElapsed":325,"timestamp":"2026-05-13T22:51:57.389Z"}
{"level":"info","message":"⌛ Validating src/example.wlk","timeElapsed":144,"timestamp":"2026-05-13T22:51:57.540Z"}
{"level":"info","message":"⌛ Building environment","timeElapsed":267,"timestamp":"2026-05-13T22:52:02.666Z"}
{"level":"info","message":"⌛ Building environment","timeElapsed":213,"timestamp":"2026-05-13T22:52:02.881Z"}
{"level":"info","message":"⌛ Validating src/example.wlk","timeElapsed":140,"timestamp":"2026-05-13T22:52:03.062Z"}
{"level":"info","message":"⌛ Validating src/example.wlk","timeElapsed":118,"timestamp":"2026-05-13T22:52:03.281Z"}
{"level":"info","message":"⌛ Validating src/example.wlk","timeElapsed":212,"timestamp":"2026-05-13T22:52:03.508Z"}
{"level":"info","message":"⌛ Building environment","timeElapsed":121,"timestamp":"2026-05-13T22:52:03.702Z"}
{"level":"info","message":"⌛ Validating src/example.wlk","timeElapsed":124,"timestamp":"2026-05-13T22:52:03.838Z"}
{"level":"info","message":"⌛ Building environment","timeElapsed":129,"timestamp":"2026-05-13T22:52:03.969Z"}
{"level":"info","message":"⌛ Building environment","timeElapsed":205,"timestamp":"2026-05-13T22:52:04.176Z"}
{"level":"info","message":"⌛ Validating src/example.wlk","timeElapsed":177,"timestamp":"2026-05-13T22:52:04.355Z"}
{"level":"info","message":"⌛ Building environment","timeElapsed":107,"timestamp":"2026-05-13T22:52:04.463Z"}
{"level":"info","message":"⌛ Validating src/example.wlk","timeElapsed":199,"timestamp":"2026-05-13T22:52:04.663Z"}
{"level":"info","message":"⌛ Autocomplete - Package","timeElapsed":118,"timestamp":"2026-05-13T22:52:04.798Z"}
{"level":"info","message":"⌛ Building environment","timeElapsed":109,"timestamp":"2026-05-13T22:52:05.002Z"}
{"level":"info","message":"⌛ Validating src/example.wlk","timeElapsed":272,"timestamp":"2026-05-13T22:52:05.373Z"}
{"level":"info","message":"⌛ Building environment","timeElapsed":131,"timestamp":"2026-05-13T22:52:05.514Z"}
{"level":"info","message":"⌛ Validating src/example.wlk","timeElapsed":210,"timestamp":"2026-05-13T22:52:05.823Z"}
{"level":"info","message":"⌛ Validating src/example.wlk","timeElapsed":107,"timestamp":"2026-05-13T22:52:05.931Z"}
{"level":"info","message":"⌛ Validating src/example.wlk","timeElapsed":114,"timestamp":"2026-05-13T22:52:06.047Z"}
{"level":"info","message":"⌛ Validating src/example.wlk","timeElapsed":172,"timestamp":"2026-05-13T22:52:06.226Z"}
{"level":"info","message":"⌛ Validating src/example.wlk","timeElapsed":142,"timestamp":"2026-05-13T22:52:06.370Z"}
{"level":"info","message":"⌛ Building environment","timeElapsed":292,"timestamp":"2026-05-13T22:52:06.664Z"}
{"level":"info","message":"⌛ Building environment","timeElapsed":183,"timestamp":"2026-05-13T22:52:06.847Z"}
{"level":"info","message":"⌛ Building environment","timeElapsed":137,"timestamp":"2026-05-13T22:52:07.013Z"}
{"level":"info","message":"⌛ Building environment","timeElapsed":113,"timestamp":"2026-05-13T22:52:07.154Z"}
{"level":"info","message":"⌛ Validating src/example.wlk","timeElapsed":184,"timestamp":"2026-05-13T22:52:07.339Z"}
{"level":"info","message":"⌛ Building environment","timeElapsed":136,"timestamp":"2026-05-13T22:52:07.541Z"}
{"level":"info","message":"⌛ Validating src/example.wlk","timeElapsed":293,"timestamp":"2026-05-13T22:52:07.922Z"}
{"level":"info","message":"⌛ Validating src/example.wlk","timeElapsed":243,"timestamp":"2026-05-13T22:52:08.283Z"}
{"level":"info","message":"⌛ Building environment","timeElapsed":150,"timestamp":"2026-05-13T22:52:08.437Z"}
{"level":"info","message":"⌛ Validating src/example.wlk","timeElapsed":282,"timestamp":"2026-05-13T22:52:08.722Z"}
{"level":"info","message":"⌛ Validating src/example.wlk","timeElapsed":129,"timestamp":"2026-05-13T22:52:08.859Z"}
{"level":"info","message":"⌛ Validating src/example.wlk","timeElapsed":126,"timestamp":"2026-05-13T22:52:08.984Z"}
{"level":"info","message":"⌛ Validating src/example.wlk","timeElapsed":186,"timestamp":"2026-05-13T22:52:09.172Z"}
{"level":"info","message":"⌛ Validating src/example.wlk","timeElapsed":159,"timestamp":"2026-05-13T22:52:09.334Z"}
{"level":"info","message":"⌛ Validating src/example.wlk","timeElapsed":161,"timestamp":"2026-05-13T22:52:12.935Z"}
{"level":"info","message":"⌛ Building environment","timeElapsed":206,"timestamp":"2026-05-13T22:52:13.465Z"}
{"level":"info","message":"⌛ Validating src/example.wlk","timeElapsed":150,"timestamp":"2026-05-13T22:52:13.625Z"}
{"level":"info","message":"⌛ Building environment","timeElapsed":220,"timestamp":"2026-05-13T22:52:32.861Z"}
{"level":"info","message":"⌛ Validating src/example.wlk","timeElapsed":218,"timestamp":"2026-05-13T22:52:33.219Z"}
{"level":"info","message":"⌛ Building environment","timeElapsed":131,"timestamp":"2026-05-13T22:52:33.390Z"}
{"level":"info","message":"⌛ Validating src/example.wlk","timeElapsed":150,"timestamp":"2026-05-13T22:52:33.545Z"}
{"level":"info","message":"⌛ Validating src/example.wlk","timeElapsed":297,"timestamp":"2026-05-13T22:52:33.851Z"}
{"level":"info","message":"⌛ Building environment","timeElapsed":146,"timestamp":"2026-05-13T22:52:35.484Z"}
{"level":"info","message":"⌛ Validating src/example.wlk","timeElapsed":135,"timestamp":"2026-05-13T22:52:35.627Z"}
{"level":"info","message":"⌛ Building environment","timeElapsed":175,"timestamp":"2026-05-13T22:52:35.806Z"}
{"level":"info","message":"⌛ Building environment","timeElapsed":136,"timestamp":"2026-05-13T22:52:35.944Z"}
{"level":"info","message":"⌛ Validating src/example.wlk","timeElapsed":191,"timestamp":"2026-05-13T22:52:36.136Z"}
{"level":"info","message":"⌛ Validating src/example.wlk","timeElapsed":105,"timestamp":"2026-05-13T22:52:36.241Z"}
{"level":"error","message":"✘ Failed to get type description: Error: Failed to print, found malformed node Failed to print, found malformed node","node":{"fileName":"src/example.wlk","id":"4b4474c1-9628-438a-b758-f1b4a5db3816","imports":[],"members":[{"id":"7eec07dc-73eb-4783-bfc9-1faebae866ad","members":[{"id":"f5d4bebc-be18-49e1-9ffa-431cfcb2ac01","isConstant":true,"isProperty":false,"metadata":[],"name":"materiasAprobadas","scope":{"containerScope":{"containerScope":{"containerScope":{"containerScope":{"contributions":{},"includedScopes":[]},"contributions":{},"includedScopes":[]},"contributions":{},"includedScopes":[]},"contributions":{},"includedScopes":[{"containerScope":{"containerScope":{"containerScope":{"contributions":{},"includedScopes":[]},"contributions":{},"includedScopes":[]},"contributions":{},"includedScopes":[]},"contributions":{},"includedScopes":[]}]},"contributions":{},"includedScopes":[]},"sourceMap":{"end":{"column":30,"line":2,"offset":49},"start":{"column":2,"line":2,"offset":21}},"value":{"id":"2e4c7c3f-e7b3-4630-a0c1-b3054130c245","metadata":[],"scope":{"containerScope":{"containerScope":{"containerScope":{"containerScope":{"containerScope":{"contributions":{},"includedScopes":[]},"contributions":{},"includedScopes":[]},"contributions":{},"includedScopes":[]},"contributions":{},"includedScopes":[{"containerScope":{"containerScope":{"containerScope":{"contributions":{},"includedScopes":[]},"contributions":{},"includedScopes":[]},"contributions":{},"includedScopes":[]},"contributions":{},"includedScopes":[]}]},"contributions":{},"includedScopes":[]},"contributions":{},"includedScopes":[]},"sourceMap":{"end":{"column":30,"line":2,"offset":49},"start":{"column":28,"line":2,"offset":47}},"value":[{"id":"4355b3de-32d3-415f-851c-8adf1a785ed0","metadata":[],"name":"wollok.lang.List","scope":{"containerScope":{"containerScope":{"containerScope":{"containerScope":{"containerScope":{"containerScope":{"contributions":{},"includedScopes":[]},"contributions":{},"includedScopes":[]},"contributions":{},"includedScopes":[]},"contributions":{},"includedScopes":[{"containerScope":{"containerScope":{"containerScope":{"contributions":{},"includedScopes":[]},"contributions":{},"includedScopes":[]},"contributions":{},"includedScopes":[]},"contributions":{},"includedScopes":[]}]},"contributions":{},"includedScopes":[]},"contributions":{},"includedScopes":[]},"contributions":{},"includedScopes":[]}},[]]}},{"body":{"id":"3bb8f385-d5d7-4721-b847-1104754a4422","metadata":[],"problems":[],"scope":{"containerScope":{"containerScope":{"containerScope":{"containerScope":{"containerScope":{"contributions":{},"includedScopes":[]},"contributions":{},"includedScopes":[]},"contributions":{},"includedScopes":[]},"contributions":{},"includedScopes":[{"containerScope":{"containerScope":{"containerScope":{"contributions":{},"includedScopes":[]},"contributions":{},"includedScopes":[]},"contributions":{},"includedScopes":[]},"contributions":{},"includedScopes":[]}]},"contributions":{},"includedScopes":[]},"contributions":{},"includedScopes":[]},"sentences":[{"condition":{"args":[{"id":"645c9655-b1cd-4b31-8ea3-578f243e10bf","metadata":[],"name":"materia","scope":{"containerScope":{"containerScope":{"containerScope":{"containerScope":{"containerScope":{"containerScope":{"containerScope":{"containerScope":{"contributions":{},"includedScopes":[]},"contributions":{},"includedScopes":[]},"contributions":{},"includedScopes":[]},"contributions":{},"includedScopes":[{"containerScope":{"containerScope":{"containerScope":{"contributions":{},"includedScopes":[]},"contributions":{},"includedScopes":[]},"contributions":{},"includedScopes":[]},"contributions":{},"includedScopes":[]}]},"contributions":{},"includedScopes":[]},"contributions":{},"includedScopes":[]},"contributions":{},"includedScopes":[]},"contributions":{},"includedScopes":[]},"contributions":{},"includedScopes":[]},"sourceMap":{"end":{"column":24,"line":6,"offset":112},"start":{"column":17,"line":6,"offset":105}}}],"id":"404da3b0-59e9-46f5-b001-64afa7ec8c99","message":"aprobo","metadata":[],"receiver":{"id":"39d90432-add2-42f2-9f0c-df6cea3dfe81","metadata":[],"scope":{"containerScope":{"containerScope":{"containerScope":{"containerScope":{"containerScope":{"containerScope":{"containerScope":{"containerScope":{"contributions":{},"includedScopes":[]},"contributions":{},"includedScopes":[]},"contributions":{},"includedScopes":[]},"contributions":{},"includedScopes":[{"containerScope":{"containerScope":{"containerScope":{"contributions":{},"includedScopes":[]},"contributions":{},"includedScopes":[]},"contributions":{},"includedScopes":[]},"contributions":{},"includedScopes":[]}]},"contributions":{},"includedScopes":[]},"contributions":{},"includedScopes":[]},"contributions":{},"includedScopes":[]},"contributions":{},"includedScopes":[]},"contributions":{},"includedScopes":[]},"sourceMap":{"end":{"column":9,"line":6,"offset":97},"start":{"column":5,"line":6,"offset":93}}},"scope":{"containerScope":{"containerScope":{"containerScope":{"containerScope":{"containerScope":{"containerScope":{"containerScope":{"contributions":{},"includedScopes":[]},"contributions":{},"includedScopes":[]},"contributions":{},"includedScopes":[]},"contributions":{},"includedScopes":[{"containerScope":{"containerScope":{"containerScope":{"contributions":{},"includedScopes":[]},"contributions":{},"includedScopes":[]},"contributions":{},"includedScopes":[]},"contributions":{},"includedScopes":[]}]},"contributions":{},"includedScopes":[]},"contributions":{},"includedScopes":[]},"contributions":{},"includedScopes":[]},"contributions":{},"includedScopes":[]},"sourceMap":{"end":{"column":25,"line":6,"offset":113},"start":{"column":5,"line":6,"offset":93}}},"elseBody":{"id":"a77b66dc-71b6-47ce-b7f1-7cca5632af67","metadata":[],"scope":{"containerScope":{"containerScope":{"containerScope":{"containerScope":{"containerScope":{"containerScope":{"containerScope":{"contributions":{},"includedScopes":[]},"contributions":{},"includedScopes":[]},"contributions":{},"includedScopes":[]},"contributions":{},"includedScopes":[{"containerScope":{"containerScope":{"containerScope":{"contributions":{},"includedScopes":[]},"contributions":{},"includedScopes":[]},"contributions":{},"includedScopes":[]},"contributions":{},"includedScopes":[]}]},"contributions":{},"includedScopes":[]},"contributions":{},"includedScopes":[]},"contributions":{},"includedScopes":[]},"contributions":{},"includedScopes":[]},"sentences":[]},"id":"c2132cec-24eb-42c2-809d-6f04fe5dd8e1","metadata":[],"scope":{"containerScope":{"containerScope":{"containerScope":{"containerScope":{"containerScope":{"containerScope":{"contributions":{},"includedScopes":[]},"contributions":{},"includedScopes":[]},"contributions":{},"includedScopes":[]},"contributions":{},"includedScopes":[{"containerScope":{"containerScope":{"containerScope":{"contributions":{},"includedScopes":[]},"contributions":{},"includedScopes":[]},"contributions":{},"includedScopes":[]},"contributions":{},"includedScopes":[]}]},"contributions":{},"includedScopes":[]},"contributions":{},"includedScopes":[]},"contributions":{},"includedScopes":[]},"sourceMap":{"end":{"column":3,"line":8,"offset":181},"start":{"column":2,"line":6,"offset":90}},"thenBody":{"id":"8bd3fe9e-016e-47e1-9505-0906ca250a09","metadata":[],"problems":[],"scope":{"containerScope":{"containerScope":{"containerScope":{"containerScope":{"containerScope":{"containerScope":{"containerScope":{"contributions":{},"includedScopes":[]},"contributions":{},"includedScopes":[]},"contributions":{},"includedScopes":[]},"contributions":{},"includedScopes":[{"containerScope":{"containerScope":{"containerScope":{"contributions":{},"includedScopes":[]},"contributions":{},"includedScopes":[]},"contributions":{},"includedScopes":[]},"contributions":{},"includedScopes":[]}]},"contributions":{},"includedScopes":[]},"contributions":{},"includedScopes":[]},"contributions":{},"includedScopes":[]},"contributions":{},"includedScopes":[]},"sentences":[{"args":[{"id":"d3943d34-fd86-4fea-98c9-4ff6c4bfbf9c","metadata":[],"scope":{"containerScope":{"containerScope":{"containerScope":{"containerScope":{"containerScope":{"containerScope":{"containerScope":{"containerScope":{"containerScope":{"contributions":{},"includedScopes":[]},"contributions":{},"includedScopes":[]},"contributions":{},"includedScopes":[]},"contributions":{},"includedScopes":[{"containerScope":{"containerScope":{"containerScope":{"contributions":{},"includedScopes":[]},"contributions":{},"includedScopes":[]},"contributions":{},"includedScopes":[]},"contributions":{},"includedScopes":[]}]},"contributions":{},"includedScopes":[]},"contributions":{},"includedScopes":[]},"contributions":{},"includedScopes":[]},"contributions":{},"includedScopes":[]},"contributions":{},"includedScopes":[]},"contributions":{},"includedScopes":[]},"sourceMap":{"end":{"column":60,"line":7,"offset":176},"start":{"column":14,"line":7,"offset":130}},"value":"Ya se registro la aprobacion de esta materia"}],"id":"b4cd681b-9da3-4210-9e50-65fe30118fce","message":"error","metadata":[],"receiver":{"id":"b71e20f2-6f41-403f-900b-9fb17e53b6a1","metadata":[],"scope":{"containerScope":{"containerScope":{"containerScope":{"containerScope":{"containerScope":{"containerScope":{"containerScope":{"containerScope":{"containerScope":{"contributions":{},"includedScopes":[]},"contributions":{},"includedScopes":[]},"contributions":{},"includedScopes":[]},"contributions":{},"includedScopes":[{"containerScope":{"containerScope":{"containerScope":{"contributions":{},"includedScopes":[]},"contributions":{},"includedScopes":[]},"contributions":{},"includedScopes":[]},"contributions":{},"includedScopes":[]}]},"contributions":{},"includedScopes":[]},"contributions":{},"includedScopes":[]},"contributions":{},"includedScopes":[]},"contributions":{},"includedScopes":[]},"contributions":{},"includedScopes":[]},"contributions":{},"includedScopes":[]},"sourceMap":{"end":{"column":7,"line":7,"offset":123},"start":{"column":3,"line":7,"offset":119}}},"scope":{"containerScope":{"containerScope":{"containerScope":{"containerScope":{"containerScope":{"containerScope":{"containerScope":{"containerScope":{"contributions":{},"includedScopes":[]},"contributions":{},"includedScopes":[]},"contributions":{},"includedScopes":[]},"contributions":{},"includedScopes":[{"containerScope":{"containerScope":{"containerScope":{"contributions":{},"includedScopes":[]},"contributions":{},"includedScopes":[]},"contributions":{},"includedScopes":[]},"contributions":{},"includedScopes":[]}]},"contributions":{},"includedScopes":[]},"contributions":{},"includedScopes":[]},"contributions":{},"includedScopes":[]},"contributions":{},"includedScopes":[]},"contributions":{},"includedScopes":[]},"sourceMap":{"end":{"column":61,"line":7,"offset":177},"start":{"column":3,"line":7,"offset":119}}}],"sourceMap":{"end":{"column":3,"line":8,"offset":181},"start":{"column":26,"line":6,"offset":114}}}},{"args":[{"args":[{"id":"819d78a6-e050-4684-8843-73f6c480b4c1","metadata":[],"name":"materia","scope":{"containerScope":{"containerScope":{"containerScope":{"containerScope":{"containerScope":{"containerScope":{"containerScope":{"containerScope":{"contributions":{},"includedScopes":[]},"contributions":{},"includedScopes":[]},"contributions":{},"includedScopes":[]},"contributions":{},"includedScopes":[{"containerScope":{"containerScope":{"containerScope":{"contributions":{},"includedScopes":[]},"contributions":{},"includedScopes":[]},"contributions":{},"includedScopes":[]},"contributions":{},"includedScopes":[]}]},"contributions":{},"includedScopes":[]},"contributions":{},"includedScopes":[]},"contributions":{},"includedScopes":[]},"contributions":{},"includedScopes":[]},"contributions":{},"includedScopes":[]},"sourceMap":{"end":{"column":61,"line":9,"offset":243},"start":{"column":44,"line":9,"offset":226}},"value":{"id":"c8d0d8ab-cd0e-4873-b7f5-fb37b7f84550","metadata":[],"name":"materia","scope":{"containerScope":{"containerScope":{"containerScope":{"containerScope":{"containerScope":{"containerScope":{"containerScope":{"containerScope":{"containerScope":{"contributions":{},"includedScopes":[]},"contributions":{},"includedScopes":[]},"contributions":{},"includedScopes":[]},"contributions":{},"includedScopes":[{"containerScope":{"containerScope":{"containerScope":{"contributions":{},"includedScopes":[]},"contributions":{},"includedScopes":[]},"contributions":{},"includedScopes":[]},"contributions":{},"includedScopes":[]}]},"contributions":{},"includedScopes":[]},"contributions":{},"includedScopes":[]},"contributions":{},"includedScopes":[]},"contributions":{},"includedScopes":[]},"contributions":{},"includedScopes":[]},"contributions":{},"includedScopes":[]},"sourceMap":{"end":{"column":61,"line":9,"offset":243},"start":{"column":54,"line":9,"offset":236}}}},{"id":"46de0e4d-1e47-4945-947a-8f0369ab8d5c","metadata":[],"name":"nota","scope":{"containerScope":{"containerScope":{"containerScope":{"containerScope":{"containerScope":{"containerScope":{"containerScope":{"containerScope":{"contributions":{},"includedScopes":[]},"contributions":{},"includedScopes":[]},"contributions":{},"includedScopes":[]},"contributions":{},"includedScopes":[{"containerScope":{"containerScope":{"containerScope":{"contributions":{},"includedScopes":[]},"contributions":{},"includedScopes":[]},"contributions":{},"includedScopes":[]},"contributions":{},"includedScopes":[]}]},"contributions":{},"includedScopes":[]},"contributions":{},"includedScopes":[]},"contributions":{},"includedScopes":[]},"contributions":{},"includedScopes":[]},"contributions":{},"includedScopes":[]},"sourceMap":{"end":{"column":25,"line":10,"offset":270},"start":{"column":14,"line":10,"offset":259}},"value":{"id":"8afddc81-ab10-4299-a231-1c28503fadcc","metadata":[],"name":"nota","scope":{"containerScope":{"containerScope":{"containerScope":{"containerScope":{"containerScope":{"containerScope":{"containerScope":{"containerScope":{"containerScope":{"contributions":{},"includedScopes":[]},"contributions":{},"includedScopes":[]},"contributions":{},"includedScopes":[]},"contributions":{},"includedScopes":[{"containerScope":{"containerScope":{"containerScope":{"contributions":{},"includedScopes":[]},"contributions":{},"includedScopes":[]},"contributions":{},"includedScopes":[]},"contributions":{},"includedScopes":[]}]},"contributions":{},"includedScopes":[]},"contributions":{},"includedScopes":[]},"contributions":{},"includedScopes":[]},"contributions":{},"includedScopes":[]},"contributions":{},"includedScopes":[]},"contributions":{},"includedScopes":[]},"sourceMap":{"end":{"column":25,"line":10,"offset":270},"start":{"column":21,"line":10,"offset":266}}}}],"id":"fcd8f5c6-e3af-48eb-8c82-9413d4bbdc73","instantiated":{"id":"cbde0729-bb75-40f1-8901-65d1374cd8b1","metadata":[],"name":"materiaAprobada","scope":{"containerScope":{"containerScope":{"containerScope":{"containerScope":{"containerScope":{"containerScope":{"containerScope":{"containerScope":{"contributions":{},"includedScopes":[]},"contributions":{},"includedScopes":[]},"contributions":{},"includedScopes":[]},"contributions":{},"includedScopes":[{"containerScope":{"containerScope":{"containerScope":{"contributions":{},"includedScopes":[]},"contributions":{},"includedScopes":[]},"contributions":{},"includedScopes":[]},"contributions":{},"includedScopes":[]}]},"contributions":{},"includedScopes":[]},"contributions":{},"includedScopes":[]},"contributions":{},"includedScopes":[]},"contributions":{},"includedScopes":[]},"contributions":{},"includedScopes":[]},"sourceMap":{"end":{"column":43,"line":9,"offset":225},"start":{"column":28,"line":9,"offset":210}}},"metadata":[],"scope":{"containerScope":{"containerScope":{"containerScope":{"containerScope":{"containerScope":{"containerScope":{"containerScope":{"contributions":{},"includedScopes":[]},"contributions":{},"includedScopes":[]},"contributions":{},"includedScopes":[]},"contributions":{},"includedScopes":[{"containerScope":{"containerScope":{"containerScope":{"contributions":{},"includedScopes":[]},"contributions":{},"includedScopes":[]},"contributions":{},"includedScopes":[]},"contributions":{},"includedScopes":[]}]},"contributions":{},"includedScopes":[]},"contributions":{},"includedScopes":[]},"contributions":{},"includedScopes":[]},"contributions":{},"includedScopes":[]},"sourceMap":{"end":{"column":26,"line":10,"offset":271},"start":{"column":24,"line":9,"offset":206}}}],"id":"29ed33a3-8348-4e6f-b76d-46de765886ae","message":"add","metadata":[],"receiver":{"id":"d9d11e60-72b8-4552-b056-45125e928a35","metadata":[],"name":"materiasAprobadas","scope":{"containerScope":{"containerScope":{"containerScope":{"containerScope":{"containerScope":{"containerScope":{"containerScope":{"contributions":{},"includedScopes":[]},"contributions":{},"includedScopes":[]},"contributions":{},"includedScopes":[]},"contributions":{},"includedScopes":[{"containerScope":{"containerScope":{"containerScope":{"contributions":{},"includedScopes":[]},"contributions":{},"includedScopes":[]},"contributions":{},"includedScopes":[]},"contributions":{},"includedScopes":[]}]},"contributions":{},"includedScopes":[]},"contributions":{},"includedScopes":[]},"contributions":{},"includedScopes":[]},"contributions":{},"includedScopes":[]},"sourceMap":{"end":{"column":19,"line":9,"offset":201},"start":{"column":2,"line":9,"offset":184}}},"scope":{"containerScope":{"containerScope":{"containerScope":{"containerScope":{"containerScope":{"containerScope":{"contributions":{},"includedScopes":[]},"contributions":{},"includedScopes":[]},"contributions":{},"includedScopes":[]},"contributions":{},"includedScopes":[{"containerScope":{"containerScope":{"containerScope":{"contributions":{},"includedScopes":[]},"contributions":{},"includedScopes":[]},"contributions":{},"includedScopes":[]},"contributions":{},"includedScopes":[]}]},"contributions":{},"includedScopes":[]},"contributions":{},"includedScopes":[]},"contributions":{},"includedScopes":[]},"sourceMap":{"end":{"column":27,"line":10,"offset":272},"start":{"column":1,"line":9,"offset":184}}}],"sourceMap":{"end":{"column":4,"line":11,"offset":277},"start":{"column":32,"line":5,"offset":86}}},"compiled":false,"id":"fb8c724f-b181-4d75-8bfb-3dc99bf98703","isOverride":false,"metadata":[],"name":"aprobar","parameters":[{"id":"b48536e6-c61c-46a8-813e-86af0f999a82","isVarArg":false,"metadata":[],"name":"materia","scope":{"containerScope":{"containerScope":{"containerScope":{"containerScope":{"containerScope":{"contributions":{},"includedScopes":[]},"contributions":{},"includedScopes":[]},"contributions":{},"includedScopes":[]},"contributions":{},"includedScopes":[{"containerScope":{"containerScope":{"containerScope":{"contributions":{},"includedScopes":[]},"contributions":{},"includedScopes":[]},"contributions":{},"includedScopes":[]},"contributions":{},"includedScopes":[]}]},"contributions":{},"includedScopes":[]},"contributions":{},"includedScopes":[]},"sourceMap":{"end":{"column":24,"line":5,"offset":78},"start":{"column":17,"line":5,"offset":71}}},{"id":"90d5a93f-28a3-4728-98dd-e7f855d70499","isVarArg":false,"metadata":[],"name":"nota","scope":{"containerScope":{"containerScope":{"containerScope":{"containerScope":{"containerScope":{"contributions":{},"includedScopes":[]},"contributions":{},"includedScopes":[]},"contributions":{},"includedScopes":[]},"contributions":{},"includedScopes":[{"containerScope":{"containerScope":{"containerScope":{"contributions":{},"includedScopes":[]},"contributions":{},"includedScopes":[]},"contributions":{},"includedScopes":[]},"contributions":{},"includedScopes":[]}]},"contributions":{},"includedScopes":[]},"contributions":{},"includedScopes":[]},"sourceMap":{"end":{"column":30,"line":5,"offset":84},"start":{"column":26,"line":5,"offset":80}}}],"problems":[],"scope":{"containerScope":{"containerScope":{"containerScope":{"containerScope":{"contributions":{},"includedScopes":[]},"contributions":{},"includedScopes":[]},"contributions":{},"includedScopes":[]},"contributions":{},"includedScopes":[{"containerScope":{"containerScope":{"containerScope":{"contributions":{},"includedScopes":[]},"contributions":{},"includedScopes":[]},"contributions":{},"includedScopes":[]},"contributions":{},"includedScopes":[]}]},"contributions":{},"includedScopes":[]},"sourceMap":{"end":{"column":4,"line":11,"offset":277},"start":{"column":2,"line":5,"offset":56}}},{"body":{"id":"fb3da169-cf59-4f0d-8d77-8e6c0e634ea8","metadata":[],"problems":[],"scope":{"containerScope":{"containerScope":{"containerScope":{"containerScope":{"containerScope":{"contributions":{},"includedScopes":[]},"contributions":{},"includedScopes":[]},"contributions":{},"includedScopes":[]},"contributions":{},"includedScopes":[{"containerScope":{"containerScope":{"containerScope":{"contributions":{},"includedScopes":[]},"contributions":{},"includedScopes":[]},"contributions":{},"includedScopes":[]},"contributions":{},"includedScopes":[]}]},"contributions":{},"includedScopes":[]},"contributions":{},"includedScopes":[]},"sentences":[{"id":"f7245520-c60a-424d-b6a5-dd3d41e13273","metadata":[],"scope":{"containerScope":{"containerScope":{"containerScope":{"containerScope":{"containerScope":{"containerScope":{"contributions":{},"includedScopes":[]},"contributions":{},"includedScopes":[]},"contributions":{},"includedScopes":[]},"contributions":{},"includedScopes":[{"containerScope":{"containerScope":{"containerScope":{"contributions":{},"includedScopes":[]},"contributions":{},"includedScopes":[]},"contributions":{},"includedScopes":[]},"contributions":{},"includedScopes":[]}]},"contributions":{},"includedScopes":[]},"contributions":{},"includedScopes":[]},"contributions":{},"includedScopes":[]},"sourceMap":{"end":{"column":90,"line":14,"offset":397},"start":{"column":3,"line":14,"offset":310}},"value":{"args":[{"id":"0518bdf2-d3ec-4b9f-9118-783ca7b95a6b","members":[{"body":{"id":"cf4cd876-e4e9-4fb3-9d6f-0a7cb5719dd0","metadata":[],"scope":{"containerScope":{"containerScope":{"containerScope":{"containerScope":{"containerScope":{"containerScope":{"containerScope":{"containerScope":{"containerScope":{"containerScope":{"contributions":{},"includedScopes":[]},"contributions":{},"includedScopes":[]},"contributions":{},"includedScopes":[]},"contributions":{},"includedScopes":[{"containerScope":{"containerScope":{"containerScope":{"contributions":{},"includedScopes":[]},"contributions":{},"includedScopes":[]},"contributions":{},"includedScopes":[]},"contributions":{},"includedScopes":[]}]},"contributions":{},"includedScopes":[]},"contributions":{},"includedScopes":[]},"contributions":{},"includedScopes":[]},"contributions":{},"includedScopes":[]},"contributions":{},"includedScopes":[{"containerScope":{"containerScope":{"containerScope":{"contributions":{},"includedScopes":[]},"contributions":{},"includedScopes":[]},"contributions":{},"includedScopes":[]},"contributions":{},"includedScopes":[{"containerScope":{"containerScope":{"containerScope":{"contributions":{},"includedScopes":[]},"contributions":{},"includedScopes":[]},"contributions":{},"includedScopes":[]},"contributions":{},"includedScopes":[]}]},{"containerScope":{"containerScope":{"containerScope":{"contributions":{},"includedScopes":[]},"contributions":{},"includedScopes":[]},"contributions":{},"includedScopes":[]},"contributions":{},"includedScopes":[]}]},"contributions":{},"includedScopes":[]},"contributions":{},"includedScopes":[]},"sentences":[{"id":"3bd5d813-47d0-4173-8345-58ff744f6d5b","metadata":[],"scope":{"containerScope":{"containerScope":{"containerScope":{"containerScope":{"containerScope":{"containerScope":{"containerScope":{"containerScope":{"containerScope":{"containerScope":{"containerScope":{"contributions":{},"includedScopes":[]},"contributions":{},"includedScopes":[]},"contributions":{},"includedScopes":[]},"contributions":{},"includedScopes":[{"containerScope":{"containerScope":{"containerScope":{"contributions":{},"includedScopes":[]},"contributions":{},"includedScopes":[]},"contributions":{},"includedScopes":[]},"contributions":{},"includedScopes":[]}]},"contributions":{},"includedScopes":[]},"contributions":{},"includedScopes":[]},"contributions":{},"includedScopes":[]},"contributions":{},"includedScopes":[]},"contributions":{},"includedScopes":[{"containerScope":{"containerScope":{"containerScope":{"contributions":{},"includedScopes":[]},"contributions":{},"includedScopes":[]},"contributions":{},"includedScopes":[]},"contributions":{},"includedScopes":[{"containerScope":{"containerScope":{"containerScope":{"contributions":{},"includedScopes":[]},"contributions":{},"includedScopes":[]},"contributions":{},"includedScopes":[]},"contributions":{},"includedScopes":[]}]},{"containerScope":{"containerScope":{"containerScope":{"contributions":{},"includedScopes":[]},"contributions":{},"includedScopes":[]},"contributions":{},"includedScopes":[]},"contributions":{},"includedScopes":[]}]},"contributions":{},"includedScopes":[]},"contributions":{},"includedScopes":[]},"contributions":{},"includedScopes":[]},"value":{"args":[{"id":"f1651fbd-fa4e-471f-9b11-cca0017f67d4","metadata":[],"name":"materia","scope":{"containerScope":{"containerScope":{"containerScope":{"containerScope":{"containerScope":{"containerScope":{"containerScope":{"containerScope":{"containerScope":{"containerScope":{"containerScope":{"containerScope":{"containerScope":{"contributions":{},"includedScopes":[]},"contributions":{},"includedScopes":[]},"contributions":{},"includedScopes":[]},"contributions":{},"includedScopes":[{"containerScope":{"containerScope":{"containerScope":{"contributions":{},"includedScopes":[]},"contributions":{},"includedScopes":[]},"contributions":{},"includedScopes":[]},"contributions":{},"includedScopes":[]}]},"contributions":{},"includedScopes":[]},"contributions":{},"includedScopes":[]},"contributions":{},"includedScopes":[]},"contributions":{},"includedScopes":[]},"contributions":{},"includedScopes":[{"containerScope":{"containerScope":{"containerScope":{"contributions":{},"includedScopes":[]},"contributions":{},"includedScopes":[]},"contributions":{},"includedScopes":[]},"contributions":{},"includedScopes":[{"containerScope":{"containerScope":{"containerScope":{"contributions":{},"includedScopes":[]},"contributions":{},"includedScopes":[]},"contributions":{},"includedScopes":[]},"contributions":{},"includedScopes":[]}]},{"containerScope":{"containerScope":{"containerScope":{"contributions":{},"includedScopes":[]},"contributions":{},"includedScopes":[]},"contributions":{},"includedScopes":[]},"contributions":{},"includedScopes":[]}]},"contributions":{},"includedScopes":[]},"contributions":{},"includedScopes":[]},"contributions":{},"includedScopes":[]},"contributions":{},"includedScopes":[]},"contributions":{},"includedScopes":[]},"sourceMap":{"end":{"column":88,"line":14,"offset":395},"start":{"column":81,"line":14,"offset":388}}}],"id":"117167a7-3c7b-4418-8c18-ac4615cbe3d5","message":"==","metadata":[],"receiver":{"args":[],"id":"032a9838-74e1-4c50-95e4-50a34a8f9703","message":"materia","metadata":[],"receiver":{"id":"9325d2bd-41e2-4a0c-aa21-32c7a33b19c0","metadata":[],"name":"materiaAprobada","scope":{"containerScope":{"containerScope":{"containerScope":{"containerScope":{"containerScope":{"containerScope":{"containerScope":{"containerScope":{"containerScope":{"containerScope":{"containerScope":{"containerScope":{"containerScope":{"containerScope":{"contributions":{},"includedScopes":[]},"contributions":{},"includedScopes":[]},"contributions":{},"includedScopes":[]},"contributions":{},"includedScopes":[{"containerScope":{"containerScope":{"containerScope":{"contributions":{},"includedScopes":[]},"contributions":{},"includedScopes":[]},"contributions":{},"includedScopes":[]},"contributions":{},"includedScopes":[]}]},"contributions":{},"includedScopes":[]},"contributions":{},"includedScopes":[]},"contributions":{},"includedScopes":[]},"contributions":{},"includedScopes":[]},"contributions":{},"includedScopes":[{"containerScope":{"containerScope":{"containerScope":{"contributions":{},"includedScopes":[]},"contributions":{},"includedScopes":[]},"contributions":{},"includedScopes":[]},"contributions":{},"includedScopes":[{"containerScope":{"containerScope":{"containerScope":{"contributions":{},"includedScopes":[]},"contributions":{},"includedScopes":[]},"contributions":{},"includedScopes":[]},"contributions":{},"includedScopes":[]}]},{"containerScope":{"containerScope":{"containerScope":{"contributions":{},"includedScopes":[]},"contributions":{},"includedScopes":[]},"contributions":{},"includedScopes":[]},"contributions":{},"includedScopes":[]}]},"contributions":{},"includedScopes":[]},"contributions":{},"includedScopes":[]},"contributions":{},"includedScopes":[]},"contributions":{},"includedScopes":[]},"contributions":{},"includedScopes":[]},"contributions":{},"includedScopes":[]},"sourceMap":{"end":{"column":67,"line":14,"offset":374},"start":{"column":52,"line":14,"offset":359}}},"scope":{"containerScope":{"containerScope":{"containerScope":{"containerScope":{"containerScope":{"containerScope":{"containerScope":{"containerScope":{"containerScope":{"containerScope":{"containerScope":{"containerScope":{"containerScope":{"contributions":{},"includedScopes":[]},"contributions":{},"includedScopes":[]},"contributions":{},"includedScopes":[]},"contributions":{},"includedScopes":[{"containerScope":{"containerScope":{"containerScope":{"contributions":{},"includedScopes":[]},"contributions":{},"includedScopes":[]},"contributions":{},"includedScopes":[]},"contributions":{},"includedScopes":[]}]},"contributions":{},"includedScopes":[]},"contributions":{},"includedScopes":[]},"contributions":{},"includedScopes":[]},"contributions":{},"includedScopes":[]},"contributions":{},"includedScopes":[{"containerScope":{"containerScope":{"containerScope":{"contributions":{},"includedScopes":[]},"contributions":{},"includedScopes":[]},"contributions":{},"includedScopes":[]},"contributions":{},"includedScopes":[{"containerScope":{"containerScope":{"containerScope":{"contributions":{},"includedScopes":[]},"contributions":{},"includedScopes":[]},"contributions":{},"includedScopes":[]},"contributions":{},"includedScopes":[]}]},{"containerScope":{"containerScope":{"containerScope":{"contributions":{},"includedScopes":[]},"contributions":{},"includedScopes":[]},"contributions":{},"includedScopes":[]},"contributions":{},"includedScopes":[]}]},"contributions":{},"includedScopes":[]},"contributions":{},"includedScopes":[]},"contributions":{},"includedScopes":[]},"contributions":{},"includedScopes":[]},"contributions":{},"includedScopes":[]},"sourceMap":{"end":{"column":77,"line":14,"offset":384},"start":{"column":52,"line":14,"offset":359}}},"scope":{"containerScope":{"containerScope":{"containerScope":{"containerScope":{"containerScope":{"containerScope":{"containerScope":{"containerScope":{"containerScope":{"containerScope":{"containerScope":{"containerScope":{"contributions":{},"includedScopes":[]},"contributions":{},"includedScopes":[]},"contributions":{},"includedScopes":[]},"contributions":{},"includedScopes":[{"containerScope":{"containerScope":{"containerScope":{"contributions":{},"includedScopes":[]},"contributions":{},"includedScopes":[]},"contributions":{},"includedScopes":[]},"contributions":{},"includedScopes":[]}]},"contributions":{},"includedScopes":[]},"contributions":{},"includedScopes":[]},"contributions":{},"includedScopes":[]},"contributions":{},"includedScopes":[]},"contributions":{},"includedScopes":[{"containerScope":{"containerScope":{"containerScope":{"contributions":{},"includedScopes":[]},"contributions":{},"includedScopes":[]},"contributions":{},"includedScopes":[]},"contributions":{},"includedScopes":[{"containerScope":{"containerScope":{"containerScope":{"contributions":{},"includedScopes":[]},"contributions":{},"includedScopes":[]},"contributions":{},"includedScopes":[]},"contributions":{},"includedScopes":[]}]},{"containerScope":{"containerScope":{"containerScope":{"contributions":{},"includedScopes":[]},"contributions":{},"includedScopes":[]},"contributions":{},"includedScopes":[]},"contributions":{},"includedScopes":[]}]},"contributions":{},"includedScopes":[]},"contributions":{},"includedScopes":[]},"contributions":{},"includedScopes":[]},"contributions":{},"includedScopes":[]},"sourceMap":{"end":{"column":88,"line":14,"offset":395},"start":{"column":52,"line":14,"offset":359}}}}]},"compiled":false,"id":"e4e87270-0e7c-4753-b20d-851af29bad08","isOverride":false,"metadata":[],"name":"<apply>","parameters":[{"id":"3e9db38b-2751-4963-9aa8-2721f3979f3a","isVarArg":false,"metadata":[],"name":"materiaAprobada","scope":{"containerScope":{"containerScope":{"containerScope":{"containerScope":{"containerScope":{"containerScope":{"containerScope":{"containerScope":{"containerScope":{"containerScope":{"contributions":{},"includedScopes":[]},"contributions":{},"includedScopes":[]},"contributions":{},"includedScopes":[]},"contributions":{},"includedScopes":[{"containerScope":{"containerScope":{"containerScope":{"contributions":{},"includedScopes":[]},"contributions":{},"includedScopes":[]},"contributions":{},"includedScopes":[]},"contributions":{},"includedScopes":[]}]},"contributions":{},"includedScopes":[]},"contributions":{},"includedScopes":[]},"contributions":{},"includedScopes":[]},"contributions":{},"includedScopes":[]},"contributions":{},"includedScopes":[{"containerScope":{"containerScope":{"containerScope":{"contributions":{},"includedScopes":[]},"contributions":{},"includedScopes":[]},"contributions":{},"includedScopes":[]},"contributions":{},"includedScopes":[{"containerScope":{"containerScope":{"containerScope":{"contributions":{},"includedScopes":[]},"contributions":{},"includedScopes":[]},"contributions":{},"includedScopes":[]},"contributions":{},"includedScopes":[]}]},{"containerScope":{"containerScope":{"containerScope":{"contributions":{},"includedScopes":[]},"contributions":{},"includedScopes":[]},"contributions":{},"includedScopes":[]},"contributions":{},"includedScopes":[]}]},"contributions":{},"includedScopes":[]},"contributions":{},"includedScopes":[]},"sourceMap":{"end":{"column":48,"line":14,"offset":355},"start":{"column":33,"line":14,"offset":340}}}],"scope":{"containerScope":{"containerScope":{"containerScope":{"containerScope":{"containerScope":{"containerScope":{"containerScope":{"containerScope":{"containerScope":{"contributions":{},"includedScopes":[]},"contributions":{},"includedScopes":[]},"contributions":{},"includedScopes":[]},"contributions":{},"includedScopes":[{"containerScope":{"containerScope":{"containerScope":{"contributions":{},"includedScopes":[]},"contributions":{},"includedScopes":[]},"contributions":{},"includedScopes":[]},"contributions":{},"includedScopes":[]}]},"contributions":{},"includedScopes":[]},"contributions":{},"includedScopes":[]},"contributions":{},"includedScopes":[]},"contributions":{},"includedScopes":[]},"contributions":{},"includedScopes":[{"containerScope":{"containerScope":{"containerScope":{"contributions":{},"includedScopes":[]},"contributions":{},"includedScopes":[]},"contributions":{},"includedScopes":[]},"contributions":{},"includedScopes":[{"containerScope":{"containerScope":{"containerScope":{"contributions":{},"includedScopes":[]},"contributions":{},"includedScopes":[]},"contributions":{},"includedScopes":[]},"contributions":{},"includedScopes":[]}]},{"containerScope":{"containerScope":{"containerScope":{"contributions":{},"includedScopes":[]},"contributions":{},"includedScopes":[]},"contributions":{},"includedScopes":[]},"contributions":{},"includedScopes":[]}]},"contributions":{},"includedScopes":[]}},{"id":"680d80e5-c586-4175-8fba-3f5923e19972","isConstant":true,"isProperty":false,"metadata":[],"name":"<toString>","scope":{"containerScope":{"containerScope":{"containerScope":{"containerScope":{"containerScope":{"containerScope":{"containerScope":{"containerScope":{"containerScope":{"contributions":{},"includedScopes":[]},"contributions":{},"includedScopes":[]},"contributions":{},"includedScopes":[]},"contributions":{},"includedScopes":[{"containerScope":{"containerScope":{"containerScope":{"contributions":{},"includedScopes":[]},"contributions":{},"includedScopes":[]},"contributions":{},"includedScopes":[]},"contributions":{},"includedScopes":[]}]},"contributions":{},"includedScopes":[]},"contributions":{},"includedScopes":[]},"contributions":{},"includedScopes":[]},"contributions":{},"includedScopes":[]},"contributions":{},"includedScopes":[{"containerScope":{"containerScope":{"containerScope":{"contributions":{},"includedScopes":[]},"contributions":{},"includedScopes":[]},"contributions":{},"includedScopes":[]},"contributions":{},"includedScopes":[{"containerScope":{"containerScope":{"containerScope":{"contributions":{},"includedScopes":[]},"contributions":{},"includedScopes":[]},"contributions":{},"includedScopes":[]},"contributions":{},"includedScopes":[]}]},{"containerScope":{"containerScope":{"containerScope":{"contributions":{},"includedScopes":[]},"contributions":{},"includedScopes":[]},"contributions":{},"includedScopes":[]},"contributions":{},"includedScopes":[]}]},"contributions":{},"includedScopes":[]},"value":{"id":"0f88dcad-38c3-40cb-9a14-8d59b0994a50","metadata":[],"scope":{"containerScope":{"containerScope":{"containerScope":{"containerScope":{"containerScope":{"containerScope":{"containerScope":{"containerScope":{"containerScope":{"containerScope":{"contributions":{},"includedScopes":[]},"contributions":{},"includedScopes":[]},"contributions":{},"includedScopes":[]},"contributions":{},"includedScopes":[{"containerScope":{"containerScope":{"containerScope":{"contributions":{},"includedScopes":[]},"contributions":{},"includedScopes":[]},"contributions":{},"includedScopes":[]},"contributions":{},"includedScopes":[]}]},"contributions":{},"includedScopes":[]},"contributions":{},"includedScopes":[]},"contributions":{},"includedScopes":[]},"contributions":{},"includedScopes":[]},"contributions":{},"includedScopes":[{"containerScope":{"containerScope":{"containerScope":{"contributions":{},"includedScopes":[]},"contributions":{},"includedScopes":[]},"contributions":{},"includedScopes":[]},"contributions":{},"includedScopes":[{"containerScope":{"containerScope":{"containerScope":{"contributions":{},"includedScopes":[]},"contributions":{},"includedScopes":[]},"contributions":{},"includedScopes":[]},"contributions":{},"includedScopes":[]}]},{"containerScope":{"containerScope":{"containerScope":{"contributions":{},"includedScopes":[]},"contributions":{},"includedScopes":[]},"contributions":{},"includedScopes":[]},"contributions":{},"includedScopes":[]}]},"contributions":{},"includedScopes":[]},"contributions":{},"includedScopes":[]},"value":"{materiaAprobada => materiaAprobada.materia() == materia}"}}],"metadata":[],"scope":{"containerScope":{"containerScope":{"containerScope":{"containerScope":{"containerScope":{"containerScope":{"containerScope":{"containerScope":{"contributions":{},"includedScopes":[]},"contributions":{},"includedScopes":[]},"contributions":{},"includedScopes":[]},"contributions":{},"includedScopes":[{"containerScope":{"containerScope":{"containerScope":{"contributions":{},"includedScopes":[]},"contributions":{},"includedScopes":[]},"contributions":{},"includedScopes":[]},"contributions":{},"includedScopes":[]}]},"contributions":{},"includedScopes":[]},"contributions":{},"includedScopes":[]},"contributions":{},"includedScopes":[]},"contributions":{},"includedScopes":[]},"contributions":{},"includedScopes":[{"containerScope":{"containerScope":{"containerScope":{"contributions":{},"includedScopes":[]},"contributions":{},"includedScopes":[]},"contributions":{},"includedScopes":[]},"contributions":{},"includedScopes":[{"containerScope":{"containerScope":{"containerScope":{"contributions":{},"includedScopes":[]},"contributions":{},"includedScopes":[]},"contributions":{},"includedScopes":[]},"contributions":{},"includedScopes":[]}]},{"containerScope":{"containerScope":{"containerScope":{"contributions":{},"includedScopes":[]},"contributions":{},"includedScopes":[]},"contributions":{},"includedScopes":[]},"contributions":{},"includedScopes":[]}]},"sourceMap":{"end":{"column":89,"line":14,"offset":396},"start":{"column":32,"line":14,"offset":339}},"supertypes":[{"args":[],"id":"906fc70f-28c3-4a18-a1a8-4d0e71affe72","metadata":[],"reference":{"id":"a8f97968-ccd4-4f71-afa2-9b5f89d0bf79","metadata":[],"name":"wollok.lang.Closure","scope":{"containerScope":{"containerScope":{"containerScope":{"containerScope":{"containerScope":{"containerScope":{"containerScope":{"containerScope":{"containerScope":{"contributions":{},"includedScopes":[]},"contributions":{},"includedScopes":[]},"contributions":{},"includedScopes":[]},"contributions":{},"includedScopes":[{"containerScope":{"containerScope":{"containerScope":{"contributions":{},"includedScopes":[]},"contributions":{},"includedScopes":[]},"contributions":{},"includedScopes":[]},"contributions":{},"includedScopes":[]}]},"contributions":{},"includedScopes":[]},"contributions":{},"includedScopes":[]},"contributions":{},"includedScopes":[]},"contributions":{},"includedScopes":[]},"contributions":{},"includedScopes":[{"containerScope":{"containerScope":{"containerScope":{"contributions":{},"includedScopes":[]},"contributions":{},"includedScopes":[]},"contributions":{},"includedScopes":[]},"contributions":{},"includedScopes":[{"containerScope":{"containerScope":{"containerScope":{"contributions":{},"includedScopes":[]},"contributions":{},"includedScopes":[]},"contributions":{},"includedScopes":[]},"contributions":{},"includedScopes":[]}]},{"containerScope":{"containerScope":{"containerScope":{"contributions":{},"includedScopes":[]},"contributions":{},"includedScopes":[]},"contributions":{},"includedScopes":[]},"contributions":{},"includedScopes":[]}]},"contributions":{},"includedScopes":[]}},"scope":{"containerScope":{"containerScope":{"containerScope":{"containerScope":{"containerScope":{"containerScope":{"containerScope":{"containerScope":{"containerScope":{"contributions":{},"includedScopes":[]},"contributions":{},"includedScopes":[]},"contributions":{},"includedScopes":[]},"contributions":{},"includedScopes":[{"containerScope":{"containerScope":{"containerScope":{"contributions":{},"includedScopes":[]},"contributions":{},"includedScopes":[]},"contributions":{},"includedScopes":[]},"contributions":{},"includedScopes":[]}]},"contributions":{},"includedScopes":[]},"contributions":{},"includedScopes":[]},"contributions":{},"includedScopes":[]},"contributions":{},"includedScopes":[]},"contributions":{},"includedScopes":[{"containerScope":{"containerScope":{"containerScope":{"contributions":{},"includedScopes":[]},"contributions":{},"includedScopes":[]},"contributions":{},"includedScopes":[]},"contributions":{},"includedScopes":[{"containerScope":{"containerScope":{"containerScope":{"contributions":{},"includedScopes":[]},"contributions":{},"includedScopes":[]},"contributions":{},"includedScopes":[]},"contributions":{},"includedScopes":[]}]},{"containerScope":{"containerScope":{"containerScope":{"contributions":{},"includedScopes":[]},"contributions":{},"includedScopes":[]},"contributions":{},"includedScopes":[]},"contributions":{},"includedScopes":[]}]},"contributions":{},"includedScopes":[]}}]}],"id":"40748c9d-d169-4451-b8e2-2d58b830bc53","message":"any","metadata":[],"receiver":{"id":"15b1077d-9fef-4ed5-a465-c5a0aee6278a","metadata":[],"name":"materiasAprobadas","scope":{"containerScope":{"containerScope":{"containerScope":{"containerScope":{"containerScope":{"containerScope":{"containerScope":{"containerScope":{"contributions":{},"includedScopes":[]},"contributions":{},"includedScopes":[]},"contributions":{},"includedScopes":[]},"contributions":{},"includedScopes":[{"containerScope":{"containerScope":{"containerScope":{"contributions":{},"includedScopes":[]},"contributions":{},"includedScopes":[]},"contributions":{},"includedScopes":[]},"contributions":{},"includedScopes":[]}]},"contributions":{},"includedScopes":[]},"contributions":{},"includedScopes":[]},"contributions":{},"includedScopes":[]},"contributions":{},"includedScopes":[]},"contributions":{},"includedScopes":[]},"sourceMap":{"end":{"column":27,"line":14,"offset":334},"start":{"column":10,"line":14,"offset":317}}},"scope":{"containerScope":{"containerScope":{"containerScope":{"containerScope":{"containerScope":{"containerScope":{"containerScope":{"contributions":{},"includedScopes":[]},"contributions":{},"includedScopes":[]},"contributions":{},"includedScopes":[]},"contributions":{},"includedScopes":[{"containerScope":{"containerScope":{"containerScope":{"contributions":{},"includedScopes":[]},"contributions":{},"includedScopes":[]},"contributions":{},"includedScopes":[]},"contributions":{},"includedScopes":[]}]},"contributions":{},"includedScopes":[]},"contributions":{},"includedScopes":[]},"contributions":{},"includedScopes":[]},"contributions":{},"includedScopes":[]},"sourceMap":{"end":{"column":90,"line":14,"offset":397},"start":{"column":10,"line":14,"offset":317}}}}],"sourceMap":{"end":{"column":3,"line":15,"offset":401},"start":{"column":25,"line":13,"offset":305}}},"compiled":false,"id":"4e7da27e-24e2-4840-ac67-72f3c89d9f93","isOverride":false,"metadata":[],"name":"aprobo","parameters":[{"id":"9e2c45e4-0714-425d-bdaf-465ce3f467a5","isVarArg":false,"metadata":[],"name":"materia","scope":{"containerScope":{"containerScope":{"containerScope":{"containerScope":{"containerScope":{"contributions":{},"includedScopes":[]},"contributions":{},"includedScopes":[]},"contributions":{},"includedScopes":[]},"contributions":{},"includedScopes":[{"containerScope":{"containerScope":{"containerScope":{"contributions":{},"includedScopes":[]},"contributions":{},"includedScopes":[]},"contributions":{},"includedScopes":[]},"contributions":{},"includedScopes":[]}]},"contributions":{},"includedScopes":[]},"contributions":{},"includedScopes":[]},"sourceMap":{"end":{"column":23,"line":13,"offset":303},"start":{"column":16,"line":13,"offset":296}}}],"problems":[],"scope":{"containerScope":{"containerScope":{"containerScope":{"containerScope":{"contributions":{},"includedScopes":[]},"contributions":{},"includedScopes":[]},"contributions":{},"includedScopes":[]},"contributions":{},"includedScopes":[{"containerScope":{"containerScope":{"containerScope":{"contributions":{},"includedScopes":[]},"contributions":{},"includedScopes":[]},"contributions":{},"includedScopes":[]},"contributions":{},"includedScopes":[]}]},"contributions":{},"includedScopes":[]},"sourceMap":{"end":{"column":3,"line":15,"offset":401},"start":{"column":2,"line":13,"offset":282}}}],"metadata":[],"name":"Estudiante","problems":[],"scope":{"containerScope":{"containerScope":{"containerScope":{"contributions":{},"includedScopes":[]},"contributions":{},"includedScopes":[]},"contributions":{},"includedScopes":[]},"contributions":{},"includedScopes":[{"containerScope":{"containerScope":{"containerScope":{"contributions":{},"includedScopes":[]},"contributions":{},"includedScopes":[]},"contributions":{},"includedScopes":[]},"contributions":{},"includedScopes":[]}]},"sourceMap":{"end":{"column":2,"line":18,"offset":408},"start":{"column":1,"line":1,"offset":0}},"supertypes":[]}],"metadata":[],"name":"example","problems":[{"code":"malformedEntity","sourceMap":{"end":{"column":2,"line":24,"offset":458},"start":{"column":1,"line":22,"offset":416}}}],"scope":{"containerScope":{"containerScope":{"contributions":{},"includedScopes":[]},"contributions":{},"includedScopes":[]},"contributions":{},"includedScopes":[]}},"stack":"Error: Failed to print, found malformed node\n    at c:\\Users\\estudiante\\.vscode\\extensions\\uqbar.wollok-lsp-ide-0.5.4\\out\\server\\src\\server.js:68:3585\n    at Kbn (c:\\Users\\estudiante\\.vscode\\extensions\\uqbar.wollok-lsp-ide-0.5.4\\out\\server\\src\\server.js:68:3396)\n    at c:\\Users\\estudiante\\.vscode\\extensions\\uqbar.wollok-lsp-ide-0.5.4\\out\\server\\src\\server.js:2398:847\n    at c:\\Users\\estudiante\\.vscode\\extensions\\uqbar.wollok-lsp-ide-0.5.4\\out\\server\\src\\server.js:2398:8440\n    at c:\\Users\\estudiante\\.vscode\\extensions\\uqbar.wollok-lsp-ide-0.5.4\\out\\server\\src\\server.js:37:74770\n    at Ke (c:\\Users\\estudiante\\.vscode\\extensions\\uqbar.wollok-lsp-ide-0.5.4\\out\\server\\src\\server.js:7:8527)\n    at Lt (c:\\Users\\estudiante\\.vscode\\extensions\\uqbar.wollok-lsp-ide-0.5.4\\out\\server\\src\\server.js:7:6189)\n    at ct (c:\\Users\\estudiante\\.vscode\\extensions\\uqbar.wollok-lsp-ide-0.5.4\\out\\server\\src\\server.js:7:6378)\n    at Immediate._onImmediate (c:\\Users\\estudiante\\.vscode\\extensions\\uqbar.wollok-lsp-ide-0.5.4\\out\\server\\src\\server.js:7:6142)\n    at process.processImmediate (node:internal/timers:484:21)","timestamp":"2026-05-13T22:52:39.682Z"}
{"level":"info","message":"⌛ Building environment","timeElapsed":191,"timestamp":"2026-05-13T22:52:58.778Z"}
{"level":"info","message":"⌛ Validating src/example.wlk","timeElapsed":196,"timestamp":"2026-05-13T22:52:58.976Z"}
{"level":"info","message":"⌛ Validating src/example.wlk","timeElapsed":127,"timestamp":"2026-05-13T22:52:59.203Z"}
{"level":"info","message":"⌛ Building environment","timeElapsed":313,"timestamp":"2026-05-13T22:52:59.743Z"}
{"level":"info","message":"⌛ Validating src/example.wlk","timeElapsed":131,"timestamp":"2026-05-13T22:52:59.891Z"}
{"level":"info","message":"⌛ Building environment","timeElapsed":304,"timestamp":"2026-05-13T22:54:40.497Z"}
{"level":"info","message":"⌛ Building environment","timeElapsed":120,"timestamp":"2026-05-13T22:54:40.620Z"}
{"level":"info","message":"⌛ Validating src/example.wlk","timeElapsed":257,"timestamp":"2026-05-13T22:54:40.885Z"}
{"level":"info","message":"⌛ Validating src/example.wlk","timeElapsed":117,"timestamp":"2026-05-13T22:54:41.001Z"}
{"level":"info","message":"⌛ Building environment","timeElapsed":230,"timestamp":"2026-05-13T22:54:41.293Z"}
{"level":"info","message":"⌛ Validating src/example.wlk","timeElapsed":145,"timestamp":"2026-05-13T22:54:41.439Z"}
{"level":"info","message":"⌛ Building environment","timeElapsed":230,"timestamp":"2026-05-13T22:54:42.158Z"}
{"level":"info","message":"⌛ Validating src/example.wlk","timeElapsed":137,"timestamp":"2026-05-13T22:54:42.297Z"}
{"level":"error","message":"✘ Failed to get type description: Error: Failed to print, found malformed node Failed to print, found malformed node","node":{"fileName":"src/example.wlk","id":"2baab15a-49e9-4d28-8cfd-5896fae3a4b5","imports":[],"members":[{"id":"2ff8894f-b74f-4ca1-b358-7130677c4344","members":[{"id":"8e73956d-ebb8-4e07-83d9-04729fcd24e5","isConstant":true,"isProperty":false,"metadata":[],"name":"materiasAprobadas","scope":{"containerScope":{"containerScope":{"containerScope":{"containerScope":{"contributions":{},"includedScopes":[]},"contributions":{},"includedScopes":[]},"contributions":{},"includedScopes":[]},"contributions":{},"includedScopes":[{"containerScope":{"containerScope":{"containerScope":{"contributions":{},"includedScopes":[]},"contributions":{},"includedScopes":[]},"contributions":{},"includedScopes":[]},"contributions":{},"includedScopes":[]}]},"contributions":{},"includedScopes":[]},"sourceMap":{"end":{"column":30,"line":2,"offset":49},"start":{"column":2,"line":2,"offset":21}},"value":{"id":"17a40ec1-82b7-4458-b6b4-94d6efaefca6","metadata":[],"scope":{"containerScope":{"containerScope":{"containerScope":{"containerScope":{"containerScope":{"contributions":{},"includedScopes":[]},"contributions":{},"includedScopes":[]},"contributions":{},"includedScopes":[]},"contributions":{},"includedScopes":[{"containerScope":{"containerScope":{"containerScope":{"contributions":{},"includedScopes":[]},"contributions":{},"includedScopes":[]},"contributions":{},"includedScopes":[]},"contributions":{},"includedScopes":[]}]},"contributions":{},"includedScopes":[]},"contributions":{},"includedScopes":[]},"sourceMap":{"end":{"column":30,"line":2,"offset":49},"start":{"column":28,"line":2,"offset":47}},"value":[{"id":"cacea10b-5c55-4573-ae6d-1d58566124b1","metadata":[],"name":"wollok.lang.List","scope":{"containerScope":{"containerScope":{"containerScope":{"containerScope":{"containerScope":{"containerScope":{"contributions":{},"includedScopes":[]},"contributions":{},"includedScopes":[]},"contributions":{},"includedScopes":[]},"contributions":{},"includedScopes":[{"containerScope":{"containerScope":{"containerScope":{"contributions":{},"includedScopes":[]},"contributions":{},"includedScopes":[]},"contributions":{},"includedScopes":[]},"contributions":{},"includedScopes":[]}]},"contributions":{},"includedScopes":[]},"contributions":{},"includedScopes":[]},"contributions":{},"includedScopes":[]}},[]]}},{"body":{"id":"6307f500-127a-481a-bd26-578f877f1e36","metadata":[],"problems":[],"scope":{"containerScope":{"containerScope":{"containerScope":{"containerScope":{"containerScope":{"contributions":{},"includedScopes":[]},"contributions":{},"includedScopes":[]},"contributions":{},"includedScopes":[]},"contributions":{},"includedScopes":[{"containerScope":{"containerScope":{"containerScope":{"contributions":{},"includedScopes":[]},"contributions":{},"includedScopes":[]},"contributions":{},"includedScopes":[]},"contributions":{},"includedScopes":[]}]},"contributions":{},"includedScopes":[]},"contributions":{},"includedScopes":[]},"sentences":[{"condition":{"args":[{"id":"2af3eb3c-de33-496d-9c08-3c563aaed32e","metadata":[],"name":"materia","scope":{"containerScope":{"containerScope":{"containerScope":{"containerScope":{"containerScope":{"containerScope":{"containerScope":{"containerScope":{"contributions":{},"includedScopes":[]},"contributions":{},"includedScopes":[]},"contributions":{},"includedScopes":[]},"contributions":{},"includedScopes":[{"containerScope":{"containerScope":{"containerScope":{"contributions":{},"includedScopes":[]},"contributions":{},"includedScopes":[]},"contributions":{},"includedScopes":[]},"contributions":{},"includedScopes":[]}]},"contributions":{},"includedScopes":[]},"contributions":{},"includedScopes":[]},"contributions":{},"includedScopes":[]},"contributions":{},"includedScopes":[]},"contributions":{},"includedScopes":[]},"sourceMap":{"end":{"column":24,"line":6,"offset":112},"start":{"column":17,"line":6,"offset":105}}}],"id":"dd676bde-ac9f-4405-80b4-dab52707c1a1","message":"aprobo","metadata":[],"receiver":{"id":"db4c36ea-8bf6-42a5-bc5d-f22bbfb23b0d","metadata":[],"scope":{"containerScope":{"containerScope":{"containerScope":{"containerScope":{"containerScope":{"containerScope":{"containerScope":{"containerScope":{"contributions":{},"includedScopes":[]},"contributions":{},"includedScopes":[]},"contributions":{},"includedScopes":[]},"contributions":{},"includedScopes":[{"containerScope":{"containerScope":{"containerScope":{"contributions":{},"includedScopes":[]},"contributions":{},"includedScopes":[]},"contributions":{},"includedScopes":[]},"contributions":{},"includedScopes":[]}]},"contributions":{},"includedScopes":[]},"contributions":{},"includedScopes":[]},"contributions":{},"includedScopes":[]},"contributions":{},"includedScopes":[]},"contributions":{},"includedScopes":[]},"sourceMap":{"end":{"column":9,"line":6,"offset":97},"start":{"column":5,"line":6,"offset":93}}},"scope":{"containerScope":{"containerScope":{"containerScope":{"containerScope":{"containerScope":{"containerScope":{"containerScope":{"contributions":{},"includedScopes":[]},"contributions":{},"includedScopes":[]},"contributions":{},"includedScopes":[]},"contributions":{},"includedScopes":[{"containerScope":{"containerScope":{"containerScope":{"contributions":{},"includedScopes":[]},"contributions":{},"includedScopes":[]},"contributions":{},"includedScopes":[]},"contributions":{},"includedScopes":[]}]},"contributions":{},"includedScopes":[]},"contributions":{},"includedScopes":[]},"contributions":{},"includedScopes":[]},"contributions":{},"includedScopes":[]},"sourceMap":{"end":{"column":25,"line":6,"offset":113},"start":{"column":5,"line":6,"offset":93}}},"elseBody":{"id":"511f35b4-8166-4bd2-8ce6-e34d32f60dc1","metadata":[],"scope":{"containerScope":{"containerScope":{"containerScope":{"containerScope":{"containerScope":{"containerScope":{"containerScope":{"contributions":{},"includedScopes":[]},"contributions":{},"includedScopes":[]},"contributions":{},"includedScopes":[]},"contributions":{},"includedScopes":[{"containerScope":{"containerScope":{"containerScope":{"contributions":{},"includedScopes":[]},"contributions":{},"includedScopes":[]},"contributions":{},"includedScopes":[]},"contributions":{},"includedScopes":[]}]},"contributions":{},"includedScopes":[]},"contributions":{},"includedScopes":[]},"contributions":{},"includedScopes":[]},"contributions":{},"includedScopes":[]},"sentences":[]},"id":"005aa3fd-507d-4f9a-a3f6-486fb605739a","metadata":[],"scope":{"containerScope":{"containerScope":{"containerScope":{"containerScope":{"containerScope":{"containerScope":{"contributions":{},"includedScopes":[]},"contributions":{},"includedScopes":[]},"contributions":{},"includedScopes":[]},"contributions":{},"includedScopes":[{"containerScope":{"containerScope":{"containerScope":{"contributions":{},"includedScopes":[]},"contributions":{},"includedScopes":[]},"contributions":{},"includedScopes":[]},"contributions":{},"includedScopes":[]}]},"contributions":{},"includedScopes":[]},"contributions":{},"includedScopes":[]},"contributions":{},"includedScopes":[]},"sourceMap":{"end":{"column":3,"line":8,"offset":181},"start":{"column":2,"line":6,"offset":90}},"thenBody":{"id":"cb6b94b5-5551-4614-884f-b2c98d39d326","metadata":[],"problems":[],"scope":{"containerScope":{"containerScope":{"containerScope":{"containerScope":{"containerScope":{"containerScope":{"containerScope":{"contributions":{},"includedScopes":[]},"contributions":{},"includedScopes":[]},"contributions":{},"includedScopes":[]},"contributions":{},"includedScopes":[{"containerScope":{"containerScope":{"containerScope":{"contributions":{},"includedScopes":[]},"contributions":{},"includedScopes":[]},"contributions":{},"includedScopes":[]},"contributions":{},"includedScopes":[]}]},"contributions":{},"includedScopes":[]},"contributions":{},"includedScopes":[]},"contributions":{},"includedScopes":[]},"contributions":{},"includedScopes":[]},"sentences":[{"args":[{"id":"db0f881d-3550-44c2-9cca-980bd8b15588","metadata":[],"scope":{"containerScope":{"containerScope":{"containerScope":{"containerScope":{"containerScope":{"containerScope":{"containerScope":{"containerScope":{"containerScope":{"contributions":{},"includedScopes":[]},"contributions":{},"includedScopes":[]},"contributions":{},"includedScopes":[]},"contributions":{},"includedScopes":[{"containerScope":{"containerScope":{"containerScope":{"contributions":{},"includedScopes":[]},"contributions":{},"includedScopes":[]},"contributions":{},"includedScopes":[]},"contributions":{},"includedScopes":[]}]},"contributions":{},"includedScopes":[]},"contributions":{},"includedScopes":[]},"contributions":{},"includedScopes":[]},"contributions":{},"includedScopes":[]},"contributions":{},"includedScopes":[]},"contributions":{},"includedScopes":[]},"sourceMap":{"end":{"column":60,"line":7,"offset":176},"start":{"column":14,"line":7,"offset":130}},"value":"Ya se registro la aprobacion de esta materia"}],"id":"5ac861ac-722f-48dc-8af6-ff8b7a115cad","message":"error","metadata":[],"receiver":{"id":"4410203e-29c2-4676-b177-d5300e98e928","metadata":[],"scope":{"containerScope":{"containerScope":{"containerScope":{"containerScope":{"containerScope":{"containerScope":{"containerScope":{"containerScope":{"containerScope":{"contributions":{},"includedScopes":[]},"contributions":{},"includedScopes":[]},"contributions":{},"includedScopes":[]},"contributions":{},"includedScopes":[{"containerScope":{"containerScope":{"containerScope":{"contributions":{},"includedScopes":[]},"contributions":{},"includedScopes":[]},"contributions":{},"includedScopes":[]},"contributions":{},"includedScopes":[]}]},"contributions":{},"includedScopes":[]},"contributions":{},"includedScopes":[]},"contributions":{},"includedScopes":[]},"contributions":{},"includedScopes":[]},"contributions":{},"includedScopes":[]},"contributions":{},"includedScopes":[]},"sourceMap":{"end":{"column":7,"line":7,"offset":123},"start":{"column":3,"line":7,"offset":119}}},"scope":{"containerScope":{"containerScope":{"containerScope":{"containerScope":{"containerScope":{"containerScope":{"containerScope":{"containerScope":{"contributions":{},"includedScopes":[]},"contributions":{},"includedScopes":[]},"contributions":{},"includedScopes":[]},"contributions":{},"includedScopes":[{"containerScope":{"containerScope":{"containerScope":{"contributions":{},"includedScopes":[]},"contributions":{},"includedScopes":[]},"contributions":{},"includedScopes":[]},"contributions":{},"includedScopes":[]}]},"contributions":{},"includedScopes":[]},"contributions":{},"includedScopes":[]},"contributions":{},"includedScopes":[]},"contributions":{},"includedScopes":[]},"contributions":{},"includedScopes":[]},"sourceMap":{"end":{"column":61,"line":7,"offset":177},"start":{"column":3,"line":7,"offset":119}}}],"sourceMap":{"end":{"column":3,"line":8,"offset":181},"start":{"column":26,"line":6,"offset":114}}}},{"args":[{"args":[{"id":"cc232b58-b585-4316-aeba-7ee0a2468298","metadata":[],"name":"materia","scope":{"containerScope":{"containerScope":{"containerScope":{"containerScope":{"containerScope":{"containerScope":{"containerScope":{"containerScope":{"contributions":{},"includedScopes":[]},"contributions":{},"includedScopes":[]},"contributions":{},"includedScopes":[]},"contributions":{},"includedScopes":[{"containerScope":{"containerScope":{"containerScope":{"contributions":{},"includedScopes":[]},"contributions":{},"includedScopes":[]},"contributions":{},"includedScopes":[]},"contributions":{},"includedScopes":[]}]},"contributions":{},"includedScopes":[]},"contributions":{},"includedScopes":[]},"contributions":{},"includedScopes":[]},"contributions":{},"includedScopes":[]},"contributions":{},"includedScopes":[]},"sourceMap":{"end":{"column":61,"line":9,"offset":243},"start":{"column":44,"line":9,"offset":226}},"value":{"id":"410b1960-01ea-46d0-a2e3-f181d1bb023c","metadata":[],"name":"materia","scope":{"containerScope":{"containerScope":{"containerScope":{"containerScope":{"containerScope":{"containerScope":{"containerScope":{"containerScope":{"containerScope":{"contributions":{},"includedScopes":[]},"contributions":{},"includedScopes":[]},"contributions":{},"includedScopes":[]},"contributions":{},"includedScopes":[{"containerScope":{"containerScope":{"containerScope":{"contributions":{},"includedScopes":[]},"contributions":{},"includedScopes":[]},"contributions":{},"includedScopes":[]},"contributions":{},"includedScopes":[]}]},"contributions":{},"includedScopes":[]},"contributions":{},"includedScopes":[]},"contributions":{},"includedScopes":[]},"contributions":{},"includedScopes":[]},"contributions":{},"includedScopes":[]},"contributions":{},"includedScopes":[]},"sourceMap":{"end":{"column":61,"line":9,"offset":243},"start":{"column":54,"line":9,"offset":236}}}},{"id":"3708ed24-dbd4-4906-b22c-bdf726ccd9f5","metadata":[],"name":"nota","scope":{"containerScope":{"containerScope":{"containerScope":{"containerScope":{"containerScope":{"containerScope":{"containerScope":{"containerScope":{"contributions":{},"includedScopes":[]},"contributions":{},"includedScopes":[]},"contributions":{},"includedScopes":[]},"contributions":{},"includedScopes":[{"containerScope":{"containerScope":{"containerScope":{"contributions":{},"includedScopes":[]},"contributions":{},"includedScopes":[]},"contributions":{},"includedScopes":[]},"contributions":{},"includedScopes":[]}]},"contributions":{},"includedScopes":[]},"contributions":{},"includedScopes":[]},"contributions":{},"includedScopes":[]},"contributions":{},"includedScopes":[]},"contributions":{},"includedScopes":[]},"sourceMap":{"end":{"column":25,"line":10,"offset":270},"start":{"column":14,"line":10,"offset":259}},"value":{"id":"9fc6157e-1aa4-4f69-8c0d-55f9069203c2","metadata":[],"name":"nota","scope":{"containerScope":{"containerScope":{"containerScope":{"containerScope":{"containerScope":{"containerScope":{"containerScope":{"containerScope":{"containerScope":{"contributions":{},"includedScopes":[]},"contributions":{},"includedScopes":[]},"contributions":{},"includedScopes":[]},"contributions":{},"includedScopes":[{"containerScope":{"containerScope":{"containerScope":{"contributions":{},"includedScopes":[]},"contributions":{},"includedScopes":[]},"contributions":{},"includedScopes":[]},"contributions":{},"includedScopes":[]}]},"contributions":{},"includedScopes":[]},"contributions":{},"includedScopes":[]},"contributions":{},"includedScopes":[]},"contributions":{},"includedScopes":[]},"contributions":{},"includedScopes":[]},"contributions":{},"includedScopes":[]},"sourceMap":{"end":{"column":25,"line":10,"offset":270},"start":{"column":21,"line":10,"offset":266}}}}],"id":"d261ae3e-9d5d-4aa6-929d-6fa22cf1fc5b","instantiated":{"id":"8e8345a7-5be9-4ce6-bcd9-2b31e21020dc","metadata":[],"name":"materiaAprobada","scope":{"containerScope":{"containerScope":{"containerScope":{"containerScope":{"containerScope":{"containerScope":{"containerScope":{"containerScope":{"contributions":{},"includedScopes":[]},"contributions":{},"includedScopes":[]},"contributions":{},"includedScopes":[]},"contributions":{},"includedScopes":[{"containerScope":{"containerScope":{"containerScope":{"contributions":{},"includedScopes":[]},"contributions":{},"includedScopes":[]},"contributions":{},"includedScopes":[]},"contributions":{},"includedScopes":[]}]},"contributions":{},"includedScopes":[]},"contributions":{},"includedScopes":[]},"contributions":{},"includedScopes":[]},"contributions":{},"includedScopes":[]},"contributions":{},"includedScopes":[]},"sourceMap":{"end":{"column":43,"line":9,"offset":225},"start":{"column":28,"line":9,"offset":210}}},"metadata":[],"scope":{"containerScope":{"containerScope":{"containerScope":{"containerScope":{"containerScope":{"containerScope":{"containerScope":{"contributions":{},"includedScopes":[]},"contributions":{},"includedScopes":[]},"contributions":{},"includedScopes":[]},"contributions":{},"includedScopes":[{"containerScope":{"containerScope":{"containerScope":{"contributions":{},"includedScopes":[]},"contributions":{},"includedScopes":[]},"contributions":{},"includedScopes":[]},"contributions":{},"includedScopes":[]}]},"contributions":{},"includedScopes":[]},"contributions":{},"includedScopes":[]},"contributions":{},"includedScopes":[]},"contributions":{},"includedScopes":[]},"sourceMap":{"end":{"column":26,"line":10,"offset":271},"start":{"column":24,"line":9,"offset":206}}}],"id":"50b41669-7147-4bef-a942-0f74805d03cd","message":"add","metadata":[],"receiver":{"id":"fe9f526e-0661-436b-a123-ee96c67f0163","metadata":[],"name":"materiasAprobadas","scope":{"containerScope":{"containerScope":{"containerScope":{"containerScope":{"containerScope":{"containerScope":{"containerScope":{"contributions":{},"includedScopes":[]},"contributions":{},"includedScopes":[]},"contributions":{},"includedScopes":[]},"contributions":{},"includedScopes":[{"containerScope":{"containerScope":{"containerScope":{"contributions":{},"includedScopes":[]},"contributions":{},"includedScopes":[]},"contributions":{},"includedScopes":[]},"contributions":{},"includedScopes":[]}]},"contributions":{},"includedScopes":[]},"contributions":{},"includedScopes":[]},"contributions":{},"includedScopes":[]},"contributions":{},"includedScopes":[]},"sourceMap":{"end":{"column":19,"line":9,"offset":201},"start":{"column":2,"line":9,"offset":184}}},"scope":{"containerScope":{"containerScope":{"containerScope":{"containerScope":{"containerScope":{"containerScope":{"contributions":{},"includedScopes":[]},"contributions":{},"includedScopes":[]},"contributions":{},"includedScopes":[]},"contributions":{},"includedScopes":[{"containerScope":{"containerScope":{"containerScope":{"contributions":{},"includedScopes":[]},"contributions":{},"includedScopes":[]},"contributions":{},"includedScopes":[]},"contributions":{},"includedScopes":[]}]},"contributions":{},"includedScopes":[]},"contributions":{},"includedScopes":[]},"contributions":{},"includedScopes":[]},"sourceMap":{"end":{"column":27,"line":10,"offset":272},"start":{"column":1,"line":9,"offset":184}}}],"sourceMap":{"end":{"column":4,"line":11,"offset":277},"start":{"column":32,"line":5,"offset":86}}},"compiled":false,"id":"0a18d2b6-2f42-416e-9191-5fb8f0a61a06","isOverride":false,"metadata":[],"name":"aprobar","parameters":[{"id":"9cbf4435-2cfd-45c0-adbf-948718e7fe5d","isVarArg":false,"metadata":[],"name":"materia","scope":{"containerScope":{"containerScope":{"containerScope":{"containerScope":{"containerScope":{"contributions":{},"includedScopes":[]},"contributions":{},"includedScopes":[]},"contributions":{},"includedScopes":[]},"contributions":{},"includedScopes":[{"containerScope":{"containerScope":{"containerScope":{"contributions":{},"includedScopes":[]},"contributions":{},"includedScopes":[]},"contributions":{},"includedScopes":[]},"contributions":{},"includedScopes":[]}]},"contributions":{},"includedScopes":[]},"contributions":{},"includedScopes":[]},"sourceMap":{"end":{"column":24,"line":5,"offset":78},"start":{"column":17,"line":5,"offset":71}}},{"id":"26eb2c45-6b82-4d89-b34d-18251204c0d6","isVarArg":false,"metadata":[],"name":"nota","scope":{"containerScope":{"containerScope":{"containerScope":{"containerScope":{"containerScope":{"contributions":{},"includedScopes":[]},"contributions":{},"includedScopes":[]},"contributions":{},"includedScopes":[]},"contributions":{},"includedScopes":[{"containerScope":{"containerScope":{"containerScope":{"contributions":{},"includedScopes":[]},"contributions":{},"includedScopes":[]},"contributions":{},"includedScopes":[]},"contributions":{},"includedScopes":[]}]},"contributions":{},"includedScopes":[]},"contributions":{},"includedScopes":[]},"sourceMap":{"end":{"column":30,"line":5,"offset":84},"start":{"column":26,"line":5,"offset":80}}}],"problems":[],"scope":{"containerScope":{"containerScope":{"containerScope":{"containerScope":{"contributions":{},"includedScopes":[]},"contributions":{},"includedScopes":[]},"contributions":{},"includedScopes":[]},"contributions":{},"includedScopes":[{"containerScope":{"containerScope":{"containerScope":{"contributions":{},"includedScopes":[]},"contributions":{},"includedScopes":[]},"contributions":{},"includedScopes":[]},"contributions":{},"includedScopes":[]}]},"contributions":{},"includedScopes":[]},"sourceMap":{"end":{"column":4,"line":11,"offset":277},"start":{"column":2,"line":5,"offset":56}}},{"body":{"id":"b90efb41-bdf0-4954-a6d1-46c3c4029582","metadata":[],"problems":[],"scope":{"containerScope":{"containerScope":{"containerScope":{"containerScope":{"containerScope":{"contributions":{},"includedScopes":[]},"contributions":{},"includedScopes":[]},"contributions":{},"includedScopes":[]},"contributions":{},"includedScopes":[{"containerScope":{"containerScope":{"containerScope":{"contributions":{},"includedScopes":[]},"contributions":{},"includedScopes":[]},"contributions":{},"includedScopes":[]},"contributions":{},"includedScopes":[]}]},"contributions":{},"includedScopes":[]},"contributions":{},"includedScopes":[]},"sentences":[{"id":"16b5933f-bafb-430a-85b6-5d0b7efa4c62","metadata":[],"scope":{"containerScope":{"containerScope":{"containerScope":{"containerScope":{"containerScope":{"containerScope":{"contributions":{},"includedScopes":[]},"contributions":{},"includedScopes":[]},"contributions":{},"includedScopes":[]},"contributions":{},"includedScopes":[{"containerScope":{"containerScope":{"containerScope":{"contributions":{},"includedScopes":[]},"contributions":{},"includedScopes":[]},"contributions":{},"includedScopes":[]},"contributions":{},"includedScopes":[]}]},"contributions":{},"includedScopes":[]},"contributions":{},"includedScopes":[]},"contributions":{},"includedScopes":[]},"sourceMap":{"end":{"column":90,"line":14,"offset":397},"start":{"column":3,"line":14,"offset":310}},"value":{"args":[{"id":"a6ad1ab3-b89b-438d-9815-cc5ba548d880","members":[{"body":{"id":"5ea27ee0-eae9-4490-b5aa-dd8168780957","metadata":[],"scope":{"containerScope":{"containerScope":{"containerScope":{"containerScope":{"containerScope":{"containerScope":{"containerScope":{"containerScope":{"containerScope":{"containerScope":{"contributions":{},"includedScopes":[]},"contributions":{},"includedScopes":[]},"contributions":{},"includedScopes":[]},"contributions":{},"includedScopes":[{"containerScope":{"containerScope":{"containerScope":{"contributions":{},"includedScopes":[]},"contributions":{},"includedScopes":[]},"contributions":{},"includedScopes":[]},"contributions":{},"includedScopes":[]}]},"contributions":{},"includedScopes":[]},"contributions":{},"includedScopes":[]},"contributions":{},"includedScopes":[]},"contributions":{},"includedScopes":[]},"contributions":{},"includedScopes":[{"containerScope":{"containerScope":{"containerScope":{"contributions":{},"includedScopes":[]},"contributions":{},"includedScopes":[]},"contributions":{},"includedScopes":[]},"contributions":{},"includedScopes":[{"containerScope":{"containerScope":{"containerScope":{"contributions":{},"includedScopes":[]},"contributions":{},"includedScopes":[]},"contributions":{},"includedScopes":[]},"contributions":{},"includedScopes":[]}]},{"containerScope":{"containerScope":{"containerScope":{"contributions":{},"includedScopes":[]},"contributions":{},"includedScopes":[]},"contributions":{},"includedScopes":[]},"contributions":{},"includedScopes":[]}]},"contributions":{},"includedScopes":[]},"contributions":{},"includedScopes":[]},"sentences":[{"id":"0b5e1dc0-ee50-4163-bd77-150d89dbe400","metadata":[],"scope":{"containerScope":{"containerScope":{"containerScope":{"containerScope":{"containerScope":{"containerScope":{"containerScope":{"containerScope":{"containerScope":{"containerScope":{"containerScope":{"contributions":{},"includedScopes":[]},"contributions":{},"includedScopes":[]},"contributions":{},"includedScopes":[]},"contributions":{},"includedScopes":[{"containerScope":{"containerScope":{"containerScope":{"contributions":{},"includedScopes":[]},"contributions":{},"includedScopes":[]},"contributions":{},"includedScopes":[]},"contributions":{},"includedScopes":[]}]},"contributions":{},"includedScopes":[]},"contributions":{},"includedScopes":[]},"contributions":{},"includedScopes":[]},"contributions":{},"includedScopes":[]},"contributions":{},"includedScopes":[{"containerScope":{"containerScope":{"containerScope":{"contributions":{},"includedScopes":[]},"contributions":{},"includedScopes":[]},"contributions":{},"includedScopes":[]},"contributions":{},"includedScopes":[{"containerScope":{"containerScope":{"containerScope":{"contributions":{},"includedScopes":[]},"contributions":{},"includedScopes":[]},"contributions":{},"includedScopes":[]},"contributions":{},"includedScopes":[]}]},{"containerScope":{"containerScope":{"containerScope":{"contributions":{},"includedScopes":[]},"contributions":{},"includedScopes":[]},"contributions":{},"includedScopes":[]},"contributions":{},"includedScopes":[]}]},"contributions":{},"includedScopes":[]},"contributions":{},"includedScopes":[]},"contributions":{},"includedScopes":[]},"value":{"args":[{"id":"99a2b3a6-b589-4b46-9eae-0fbce3c36936","metadata":[],"name":"materia","scope":{"containerScope":{"containerScope":{"containerScope":{"containerScope":{"containerScope":{"containerScope":{"containerScope":{"containerScope":{"containerScope":{"containerScope":{"containerScope":{"containerScope":{"containerScope":{"contributions":{},"includedScopes":[]},"contributions":{},"includedScopes":[]},"contributions":{},"includedScopes":[]},"contributions":{},"includedScopes":[{"containerScope":{"containerScope":{"containerScope":{"contributions":{},"includedScopes":[]},"contributions":{},"includedScopes":[]},"contributions":{},"includedScopes":[]},"contributions":{},"includedScopes":[]}]},"contributions":{},"includedScopes":[]},"contributions":{},"includedScopes":[]},"contributions":{},"includedScopes":[]},"contributions":{},"includedScopes":[]},"contributions":{},"includedScopes":[{"containerScope":{"containerScope":{"containerScope":{"contributions":{},"includedScopes":[]},"contributions":{},"includedScopes":[]},"contributions":{},"includedScopes":[]},"contributions":{},"includedScopes":[{"containerScope":{"containerScope":{"containerScope":{"contributions":{},"includedScopes":[]},"contributions":{},"includedScopes":[]},"contributions":{},"includedScopes":[]},"contributions":{},"includedScopes":[]}]},{"containerScope":{"containerScope":{"containerScope":{"contributions":{},"includedScopes":[]},"contributions":{},"includedScopes":[]},"contributions":{},"includedScopes":[]},"contributions":{},"includedScopes":[]}]},"contributions":{},"includedScopes":[]},"contributions":{},"includedScopes":[]},"contributions":{},"includedScopes":[]},"contributions":{},"includedScopes":[]},"contributions":{},"includedScopes":[]},"sourceMap":{"end":{"column":88,"line":14,"offset":395},"start":{"column":81,"line":14,"offset":388}}}],"id":"9f3a3afb-b809-4962-9e2c-b6b902eb299c","message":"==","metadata":[],"receiver":{"args":[],"id":"9478d760-189d-4083-8b4c-daec07562603","message":"materia","metadata":[],"receiver":{"id":"2c8844c4-0e01-49c5-953a-d0b042a0edec","metadata":[],"name":"materiaAprobada","scope":{"containerScope":{"containerScope":{"containerScope":{"containerScope":{"containerScope":{"containerScope":{"containerScope":{"containerScope":{"containerScope":{"containerScope":{"containerScope":{"containerScope":{"containerScope":{"containerScope":{"contributions":{},"includedScopes":[]},"contributions":{},"includedScopes":[]},"contributions":{},"includedScopes":[]},"contributions":{},"includedScopes":[{"containerScope":{"containerScope":{"containerScope":{"contributions":{},"includedScopes":[]},"contributions":{},"includedScopes":[]},"contributions":{},"includedScopes":[]},"contributions":{},"includedScopes":[]}]},"contributions":{},"includedScopes":[]},"contributions":{},"includedScopes":[]},"contributions":{},"includedScopes":[]},"contributions":{},"includedScopes":[]},"contributions":{},"includedScopes":[{"containerScope":{"containerScope":{"containerScope":{"contributions":{},"includedScopes":[]},"contributions":{},"includedScopes":[]},"contributions":{},"includedScopes":[]},"contributions":{},"includedScopes":[{"containerScope":{"containerScope":{"containerScope":{"contributions":{},"includedScopes":[]},"contributions":{},"includedScopes":[]},"contributions":{},"includedScopes":[]},"contributions":{},"includedScopes":[]}]},{"containerScope":{"containerScope":{"containerScope":{"contributions":{},"includedScopes":[]},"contributions":{},"includedScopes":[]},"contributions":{},"includedScopes":[]},"contributions":{},"includedScopes":[]}]},"contributions":{},"includedScopes":[]},"contributions":{},"includedScopes":[]},"contributions":{},"includedScopes":[]},"contributions":{},"includedScopes":[]},"contributions":{},"includedScopes":[]},"contributions":{},"includedScopes":[]},"sourceMap":{"end":{"column":67,"line":14,"offset":374},"start":{"column":52,"line":14,"offset":359}}},"scope":{"containerScope":{"containerScope":{"containerScope":{"containerScope":{"containerScope":{"containerScope":{"containerScope":{"containerScope":{"containerScope":{"containerScope":{"containerScope":{"containerScope":{"containerScope":{"contributions":{},"includedScopes":[]},"contributions":{},"includedScopes":[]},"contributions":{},"includedScopes":[]},"contributions":{},"includedScopes":[{"containerScope":{"containerScope":{"containerScope":{"contributions":{},"includedScopes":[]},"contributions":{},"includedScopes":[]},"contributions":{},"includedScopes":[]},"contributions":{},"includedScopes":[]}]},"contributions":{},"includedScopes":[]},"contributions":{},"includedScopes":[]},"contributions":{},"includedScopes":[]},"contributions":{},"includedScopes":[]},"contributions":{},"includedScopes":[{"containerScope":{"containerScope":{"containerScope":{"contributions":{},"includedScopes":[]},"contributions":{},"includedScopes":[]},"contributions":{},"includedScopes":[]},"contributions":{},"includedScopes":[{"containerScope":{"containerScope":{"containerScope":{"contributions":{},"includedScopes":[]},"contributions":{},"includedScopes":[]},"contributions":{},"includedScopes":[]},"contributions":{},"includedScopes":[]}]},{"containerScope":{"containerScope":{"containerScope":{"contributions":{},"includedScopes":[]},"contributions":{},"includedScopes":[]},"contributions":{},"includedScopes":[]},"contributions":{},"includedScopes":[]}]},"contributions":{},"includedScopes":[]},"contributions":{},"includedScopes":[]},"contributions":{},"includedScopes":[]},"contributions":{},"includedScopes":[]},"contributions":{},"includedScopes":[]},"sourceMap":{"end":{"column":77,"line":14,"offset":384},"start":{"column":52,"line":14,"offset":359}}},"scope":{"containerScope":{"containerScope":{"containerScope":{"containerScope":{"containerScope":{"containerScope":{"containerScope":{"containerScope":{"containerScope":{"containerScope":{"containerScope":{"containerScope":{"contributions":{},"includedScopes":[]},"contributions":{},"includedScopes":[]},"contributions":{},"includedScopes":[]},"contributions":{},"includedScopes":[{"containerScope":{"containerScope":{"containerScope":{"contributions":{},"includedScopes":[]},"contributions":{},"includedScopes":[]},"contributions":{},"includedScopes":[]},"contributions":{},"includedScopes":[]}]},"contributions":{},"includedScopes":[]},"contributions":{},"includedScopes":[]},"contributions":{},"includedScopes":[]},"contributions":{},"includedScopes":[]},"contributions":{},"includedScopes":[{"containerScope":{"containerScope":{"containerScope":{"contributions":{},"includedScopes":[]},"contributions":{},"includedScopes":[]},"contributions":{},"includedScopes":[]},"contributions":{},"includedScopes":[{"containerScope":{"containerScope":{"containerScope":{"contributions":{},"includedScopes":[]},"contributions":{},"includedScopes":[]},"contributions":{},"includedScopes":[]},"contributions":{},"includedScopes":[]}]},{"containerScope":{"containerScope":{"containerScope":{"contributions":{},"includedScopes":[]},"contributions":{},"includedScopes":[]},"contributions":{},"includedScopes":[]},"contributions":{},"includedScopes":[]}]},"contributions":{},"includedScopes":[]},"contributions":{},"includedScopes":[]},"contributions":{},"includedScopes":[]},"contributions":{},"includedScopes":[]},"sourceMap":{"end":{"column":88,"line":14,"offset":395},"start":{"column":52,"line":14,"offset":359}}}}]},"compiled":false,"id":"dccd1c3e-26b2-42f1-ad1a-f45784ce2775","isOverride":false,"metadata":[],"name":"<apply>","parameters":[{"id":"6d3e4982-c849-4b5d-99ee-47052cfa0880","isVarArg":false,"metadata":[],"name":"materiaAprobada","scope":{"containerScope":{"containerScope":{"containerScope":{"containerScope":{"containerScope":{"containerScope":{"containerScope":{"containerScope":{"containerScope":{"containerScope":{"contributions":{},"includedScopes":[]},"contributions":{},"includedScopes":[]},"contributions":{},"includedScopes":[]},"contributions":{},"includedScopes":[{"containerScope":{"containerScope":{"containerScope":{"contributions":{},"includedScopes":[]},"contributions":{},"includedScopes":[]},"contributions":{},"includedScopes":[]},"contributions":{},"includedScopes":[]}]},"contributions":{},"includedScopes":[]},"contributions":{},"includedScopes":[]},"contributions":{},"includedScopes":[]},"contributions":{},"includedScopes":[]},"contributions":{},"includedScopes":[{"containerScope":{"containerScope":{"containerScope":{"contributions":{},"includedScopes":[]},"contributions":{},"includedScopes":[]},"contributions":{},"includedScopes":[]},"contributions":{},"includedScopes":[{"containerScope":{"containerScope":{"containerScope":{"contributions":{},"includedScopes":[]},"contributions":{},"includedScopes":[]},"contributions":{},"includedScopes":[]},"contributions":{},"includedScopes":[]}]},{"containerScope":{"containerScope":{"containerScope":{"contributions":{},"includedScopes":[]},"contributions":{},"includedScopes":[]},"contributions":{},"includedScopes":[]},"contributions":{},"includedScopes":[]}]},"contributions":{},"includedScopes":[]},"contributions":{},"includedScopes":[]},"sourceMap":{"end":{"column":48,"line":14,"offset":355},"start":{"column":33,"line":14,"offset":340}}}],"scope":{"containerScope":{"containerScope":{"containerScope":{"containerScope":{"containerScope":{"containerScope":{"containerScope":{"containerScope":{"containerScope":{"contributions":{},"includedScopes":[]},"contributions":{},"includedScopes":[]},"contributions":{},"includedScopes":[]},"contributions":{},"includedScopes":[{"containerScope":{"containerScope":{"containerScope":{"contributions":{},"includedScopes":[]},"contributions":{},"includedScopes":[]},"contributions":{},"includedScopes":[]},"contributions":{},"includedScopes":[]}]},"contributions":{},"includedScopes":[]},"contributions":{},"includedScopes":[]},"contributions":{},"includedScopes":[]},"contributions":{},"includedScopes":[]},"contributions":{},"includedScopes":[{"containerScope":{"containerScope":{"containerScope":{"contributions":{},"includedScopes":[]},"contributions":{},"includedScopes":[]},"contributions":{},"includedScopes":[]},"contributions":{},"includedScopes":[{"containerScope":{"containerScope":{"containerScope":{"contributions":{},"includedScopes":[]},"contributions":{},"includedScopes":[]},"contributions":{},"includedScopes":[]},"contributions":{},"includedScopes":[]}]},{"containerScope":{"containerScope":{"containerScope":{"contributions":{},"includedScopes":[]},"contributions":{},"includedScopes":[]},"contributions":{},"includedScopes":[]},"contributions":{},"includedScopes":[]}]},"contributions":{},"includedScopes":[]}},{"id":"5c731fef-c437-461b-b0e2-1774d5c71847","isConstant":true,"isProperty":false,"metadata":[],"name":"<toString>","scope":{"containerScope":{"containerScope":{"containerScope":{"containerScope":{"containerScope":{"containerScope":{"containerScope":{"containerScope":{"containerScope":{"contributions":{},"includedScopes":[]},"contributions":{},"includedScopes":[]},"contributions":{},"includedScopes":[]},"contributions":{},"includedScopes":[{"containerScope":{"containerScope":{"containerScope":{"contributions":{},"includedScopes":[]},"contributions":{},"includedScopes":[]},"contributions":{},"includedScopes":[]},"contributions":{},"includedScopes":[]}]},"contributions":{},"includedScopes":[]},"contributions":{},"includedScopes":[]},"contributions":{},"includedScopes":[]},"contributions":{},"includedScopes":[]},"contributions":{},"includedScopes":[{"containerScope":{"containerScope":{"containerScope":{"contributions":{},"includedScopes":[]},"contributions":{},"includedScopes":[]},"contributions":{},"includedScopes":[]},"contributions":{},"includedScopes":[{"containerScope":{"containerScope":{"containerScope":{"contributions":{},"includedScopes":[]},"contributions":{},"includedScopes":[]},"contributions":{},"includedScopes":[]},"contributions":{},"includedScopes":[]}]},{"containerScope":{"containerScope":{"containerScope":{"contributions":{},"includedScopes":[]},"contributions":{},"includedScopes":[]},"contributions":{},"includedScopes":[]},"contributions":{},"includedScopes":[]}]},"contributions":{},"includedScopes":[]},"value":{"id":"90610e9a-98b9-4d09-8287-4b70246211de","metadata":[],"scope":{"containerScope":{"containerScope":{"containerScope":{"containerScope":{"containerScope":{"containerScope":{"containerScope":{"containerScope":{"containerScope":{"containerScope":{"contributions":{},"includedScopes":[]},"contributions":{},"includedScopes":[]},"contributions":{},"includedScopes":[]},"contributions":{},"includedScopes":[{"containerScope":{"containerScope":{"containerScope":{"contributions":{},"includedScopes":[]},"contributions":{},"includedScopes":[]},"contributions":{},"includedScopes":[]},"contributions":{},"includedScopes":[]}]},"contributions":{},"includedScopes":[]},"contributions":{},"includedScopes":[]},"contributions":{},"includedScopes":[]},"contributions":{},"includedScopes":[]},"contributions":{},"includedScopes":[{"containerScope":{"containerScope":{"containerScope":{"contributions":{},"includedScopes":[]},"contributions":{},"includedScopes":[]},"contributions":{},"includedScopes":[]},"contributions":{},"includedScopes":[{"containerScope":{"containerScope":{"containerScope":{"contributions":{},"includedScopes":[]},"contributions":{},"includedScopes":[]},"contributions":{},"includedScopes":[]},"contributions":{},"includedScopes":[]}]},{"containerScope":{"containerScope":{"containerScope":{"contributions":{},"includedScopes":[]},"contributions":{},"includedScopes":[]},"contributions":{},"includedScopes":[]},"contributions":{},"includedScopes":[]}]},"contributions":{},"includedScopes":[]},"contributions":{},"includedScopes":[]},"value":"{materiaAprobada => materiaAprobada.materia() == materia}"}}],"metadata":[],"scope":{"containerScope":{"containerScope":{"containerScope":{"containerScope":{"containerScope":{"containerScope":{"containerScope":{"containerScope":{"contributions":{},"includedScopes":[]},"contributions":{},"includedScopes":[]},"contributions":{},"includedScopes":[]},"contributions":{},"includedScopes":[{"containerScope":{"containerScope":{"containerScope":{"contributions":{},"includedScopes":[]},"contributions":{},"includedScopes":[]},"contributions":{},"includedScopes":[]},"contributions":{},"includedScopes":[]}]},"contributions":{},"includedScopes":[]},"contributions":{},"includedScopes":[]},"contributions":{},"includedScopes":[]},"contributions":{},"includedScopes":[]},"contributions":{},"includedScopes":[{"containerScope":{"containerScope":{"containerScope":{"contributions":{},"includedScopes":[]},"contributions":{},"includedScopes":[]},"contributions":{},"includedScopes":[]},"contributions":{},"includedScopes":[{"containerScope":{"containerScope":{"containerScope":{"contributions":{},"includedScopes":[]},"contributions":{},"includedScopes":[]},"contributions":{},"includedScopes":[]},"contributions":{},"includedScopes":[]}]},{"containerScope":{"containerScope":{"containerScope":{"contributions":{},"includedScopes":[]},"contributions":{},"includedScopes":[]},"contributions":{},"includedScopes":[]},"contributions":{},"includedScopes":[]}]},"sourceMap":{"end":{"column":89,"line":14,"offset":396},"start":{"column":32,"line":14,"offset":339}},"supertypes":[{"args":[],"id":"c9ccfd5d-fba9-41c5-b78d-cbcedc420e91","metadata":[],"reference":{"id":"d8db7543-3ad4-44d7-bdf8-6b77642bfc28","metadata":[],"name":"wollok.lang.Closure","scope":{"containerScope":{"containerScope":{"containerScope":{"containerScope":{"containerScope":{"containerScope":{"containerScope":{"containerScope":{"containerScope":{"contributions":{},"includedScopes":[]},"contributions":{},"includedScopes":[]},"contributions":{},"includedScopes":[]},"contributions":{},"includedScopes":[{"containerScope":{"containerScope":{"containerScope":{"contributions":{},"includedScopes":[]},"contributions":{},"includedScopes":[]},"contributions":{},"includedScopes":[]},"contributions":{},"includedScopes":[]}]},"contributions":{},"includedScopes":[]},"contributions":{},"includedScopes":[]},"contributions":{},"includedScopes":[]},"contributions":{},"includedScopes":[]},"contributions":{},"includedScopes":[{"containerScope":{"containerScope":{"containerScope":{"contributions":{},"includedScopes":[]},"contributions":{},"includedScopes":[]},"contributions":{},"includedScopes":[]},"contributions":{},"includedScopes":[{"containerScope":{"containerScope":{"containerScope":{"contributions":{},"includedScopes":[]},"contributions":{},"includedScopes":[]},"contributions":{},"includedScopes":[]},"contributions":{},"includedScopes":[]}]},{"containerScope":{"containerScope":{"containerScope":{"contributions":{},"includedScopes":[]},"contributions":{},"includedScopes":[]},"contributions":{},"includedScopes":[]},"contributions":{},"includedScopes":[]}]},"contributions":{},"includedScopes":[]}},"scope":{"containerScope":{"containerScope":{"containerScope":{"containerScope":{"containerScope":{"containerScope":{"containerScope":{"containerScope":{"containerScope":{"contributions":{},"includedScopes":[]},"contributions":{},"includedScopes":[]},"contributions":{},"includedScopes":[]},"contributions":{},"includedScopes":[{"containerScope":{"containerScope":{"containerScope":{"contributions":{},"includedScopes":[]},"contributions":{},"includedScopes":[]},"contributions":{},"includedScopes":[]},"contributions":{},"includedScopes":[]}]},"contributions":{},"includedScopes":[]},"contributions":{},"includedScopes":[]},"contributions":{},"includedScopes":[]},"contributions":{},"includedScopes":[]},"contributions":{},"includedScopes":[{"containerScope":{"containerScope":{"containerScope":{"contributions":{},"includedScopes":[]},"contributions":{},"includedScopes":[]},"contributions":{},"includedScopes":[]},"contributions":{},"includedScopes":[{"containerScope":{"containerScope":{"containerScope":{"contributions":{},"includedScopes":[]},"contributions":{},"includedScopes":[]},"contributions":{},"includedScopes":[]},"contributions":{},"includedScopes":[]}]},{"containerScope":{"containerScope":{"containerScope":{"contributions":{},"includedScopes":[]},"contributions":{},"includedScopes":[]},"contributions":{},"includedScopes":[]},"contributions":{},"includedScopes":[]}]},"contributions":{},"includedScopes":[]}}]}],"id":"331cba57-af79-4b20-a5f3-4b0ed0f12da4","message":"any","metadata":[],"receiver":{"id":"1eca4a91-a1bc-4ac0-a5b7-cad5ea98cbdf","metadata":[],"name":"materiasAprobadas","scope":{"containerScope":{"containerScope":{"containerScope":{"containerScope":{"containerScope":{"containerScope":{"containerScope":{"containerScope":{"contributions":{},"includedScopes":[]},"contributions":{},"includedScopes":[]},"contributions":{},"includedScopes":[]},"contributions":{},"includedScopes":[{"containerScope":{"containerScope":{"containerScope":{"contributions":{},"includedScopes":[]},"contributions":{},"includedScopes":[]},"contributions":{},"includedScopes":[]},"contributions":{},"includedScopes":[]}]},"contributions":{},"includedScopes":[]},"contributions":{},"includedScopes":[]},"contributions":{},"includedScopes":[]},"contributions":{},"includedScopes":[]},"contributions":{},"includedScopes":[]},"sourceMap":{"end":{"column":27,"line":14,"offset":334},"start":{"column":10,"line":14,"offset":317}}},"scope":{"containerScope":{"containerScope":{"containerScope":{"containerScope":{"containerScope":{"containerScope":{"containerScope":{"contributions":{},"includedScopes":[]},"contributions":{},"includedScopes":[]},"contributions":{},"includedScopes":[]},"contributions":{},"includedScopes":[{"containerScope":{"containerScope":{"containerScope":{"contributions":{},"includedScopes":[]},"contributions":{},"includedScopes":[]},"contributions":{},"includedScopes":[]},"contributions":{},"includedScopes":[]}]},"contributions":{},"includedScopes":[]},"contributions":{},"includedScopes":[]},"contributions":{},"includedScopes":[]},"contributions":{},"includedScopes":[]},"sourceMap":{"end":{"column":90,"line":14,"offset":397},"start":{"column":10,"line":14,"offset":317}}}}],"sourceMap":{"end":{"column":3,"line":15,"offset":401},"start":{"column":25,"line":13,"offset":305}}},"compiled":false,"id":"c9001f0c-bc72-407d-a986-5d8e75298251","isOverride":false,"metadata":[],"name":"aprobo","parameters":[{"id":"78934e39-1af1-49aa-a0af-2be00a685857","isVarArg":false,"metadata":[],"name":"materia","scope":{"containerScope":{"containerScope":{"containerScope":{"containerScope":{"containerScope":{"contributions":{},"includedScopes":[]},"contributions":{},"includedScopes":[]},"contributions":{},"includedScopes":[]},"contributions":{},"includedScopes":[{"containerScope":{"containerScope":{"containerScope":{"contributions":{},"includedScopes":[]},"contributions":{},"includedScopes":[]},"contributions":{},"includedScopes":[]},"contributions":{},"includedScopes":[]}]},"contributions":{},"includedScopes":[]},"contributions":{},"includedScopes":[]},"sourceMap":{"end":{"column":23,"line":13,"offset":303},"start":{"column":16,"line":13,"offset":296}}}],"problems":[],"scope":{"containerScope":{"containerScope":{"containerScope":{"containerScope":{"contributions":{},"includedScopes":[]},"contributions":{},"includedScopes":[]},"contributions":{},"includedScopes":[]},"contributions":{},"includedScopes":[{"containerScope":{"containerScope":{"containerScope":{"contributions":{},"includedScopes":[]},"contributions":{},"includedScopes":[]},"contributions":{},"includedScopes":[]},"contributions":{},"includedScopes":[]}]},"contributions":{},"includedScopes":[]},"sourceMap":{"end":{"column":3,"line":15,"offset":401},"start":{"column":2,"line":13,"offset":282}}}],"metadata":[],"name":"Estudiante","problems":[],"scope":{"containerScope":{"containerScope":{"containerScope":{"contributions":{},"includedScopes":[]},"contributions":{},"includedScopes":[]},"contributions":{},"includedScopes":[]},"contributions":{},"includedScopes":[{"containerScope":{"containerScope":{"containerScope":{"contributions":{},"includedScopes":[]},"contributions":{},"includedScopes":[]},"contributions":{},"includedScopes":[]},"contributions":{},"includedScopes":[]}]},"sourceMap":{"end":{"column":2,"line":18,"offset":408},"start":{"column":1,"line":1,"offset":0}},"supertypes":[]}],"metadata":[],"name":"example","problems":[{"code":"malformedEntity","sourceMap":{"end":{"column":2,"line":25,"offset":461},"start":{"column":1,"line":22,"offset":416}}}],"scope":{"containerScope":{"containerScope":{"contributions":{},"includedScopes":[]},"contributions":{},"includedScopes":[]},"contributions":{},"includedScopes":[]}},"stack":"Error: Failed to print, found malformed node\n    at c:\\Users\\estudiante\\.vscode\\extensions\\uqbar.wollok-lsp-ide-0.5.4\\out\\server\\src\\server.js:68:3585\n    at Kbn (c:\\Users\\estudiante\\.vscode\\extensions\\uqbar.wollok-lsp-ide-0.5.4\\out\\server\\src\\server.js:68:3396)\n    at c:\\Users\\estudiante\\.vscode\\extensions\\uqbar.wollok-lsp-ide-0.5.4\\out\\server\\src\\server.js:2398:847\n    at c:\\Users\\estudiante\\.vscode\\extensions\\uqbar.wollok-lsp-ide-0.5.4\\out\\server\\src\\server.js:2398:8440\n    at c:\\Users\\estudiante\\.vscode\\extensions\\uqbar.wollok-lsp-ide-0.5.4\\out\\server\\src\\server.js:37:74770\n    at Ke (c:\\Users\\estudiante\\.vscode\\extensions\\uqbar.wollok-lsp-ide-0.5.4\\out\\server\\src\\server.js:7:8527)\n    at Lt (c:\\Users\\estudiante\\.vscode\\extensions\\uqbar.wollok-lsp-ide-0.5.4\\out\\server\\src\\server.js:7:6189)\n    at ct (c:\\Users\\estudiante\\.vscode\\extensions\\uqbar.wollok-lsp-ide-0.5.4\\out\\server\\src\\server.js:7:6378)\n    at Immediate._onImmediate (c:\\Users\\estudiante\\.vscode\\extensions\\uqbar.wollok-lsp-ide-0.5.4\\out\\server\\src\\server.js:7:6142)\n    at process.processImmediate (node:internal/timers:484:21)","timestamp":"2026-05-13T22:54:52.961Z"}
{"level":"error","message":"✘ Failed to get type description: Error: Failed to print, found malformed node Failed to print, found malformed node","node":{"fileName":"src/example.wlk","id":"2baab15a-49e9-4d28-8cfd-5896fae3a4b5","imports":[],"members":[{"id":"2ff8894f-b74f-4ca1-b358-7130677c4344","members":[{"id":"8e73956d-ebb8-4e07-83d9-04729fcd24e5","isConstant":true,"isProperty":false,"metadata":[],"name":"materiasAprobadas","scope":{"containerScope":{"containerScope":{"containerScope":{"containerScope":{"contributions":{},"includedScopes":[]},"contributions":{},"includedScopes":[]},"contributions":{},"includedScopes":[]},"contributions":{},"includedScopes":[{"containerScope":{"containerScope":{"containerScope":{"contributions":{},"includedScopes":[]},"contributions":{},"includedScopes":[]},"contributions":{},"includedScopes":[]},"contributions":{},"includedScopes":[]}]},"contributions":{},"includedScopes":[]},"sourceMap":{"end":{"column":30,"line":2,"offset":49},"start":{"column":2,"line":2,"offset":21}},"value":{"id":"17a40ec1-82b7-4458-b6b4-94d6efaefca6","metadata":[],"scope":{"containerScope":{"containerScope":{"containerScope":{"containerScope":{"containerScope":{"contributions":{},"includedScopes":[]},"contributions":{},"includedScopes":[]},"contributions":{},"includedScopes":[]},"contributions":{},"includedScopes":[{"containerScope":{"containerScope":{"containerScope":{"contributions":{},"includedScopes":[]},"contributions":{},"includedScopes":[]},"contributions":{},"includedScopes":[]},"contributions":{},"includedScopes":[]}]},"contributions":{},"includedScopes":[]},"contributions":{},"includedScopes":[]},"sourceMap":{"end":{"column":30,"line":2,"offset":49},"start":{"column":28,"line":2,"offset":47}},"value":[{"id":"cacea10b-5c55-4573-ae6d-1d58566124b1","metadata":[],"name":"wollok.lang.List","scope":{"containerScope":{"containerScope":{"containerScope":{"containerScope":{"containerScope":{"containerScope":{"contributions":{},"includedScopes":[]},"contributions":{},"includedScopes":[]},"contributions":{},"includedScopes":[]},"contributions":{},"includedScopes":[{"containerScope":{"containerScope":{"containerScope":{"contributions":{},"includedScopes":[]},"contributions":{},"includedScopes":[]},"contributions":{},"includedScopes":[]},"contributions":{},"includedScopes":[]}]},"contributions":{},"includedScopes":[]},"contributions":{},"includedScopes":[]},"contributions":{},"includedScopes":[]}},[]]}},{"body":{"id":"6307f500-127a-481a-bd26-578f877f1e36","metadata":[],"problems":[],"scope":{"containerScope":{"containerScope":{"containerScope":{"containerScope":{"containerScope":{"contributions":{},"includedScopes":[]},"contributions":{},"includedScopes":[]},"contributions":{},"includedScopes":[]},"contributions":{},"includedScopes":[{"containerScope":{"containerScope":{"containerScope":{"contributions":{},"includedScopes":[]},"contributions":{},"includedScopes":[]},"contributions":{},"includedScopes":[]},"contributions":{},"includedScopes":[]}]},"contributions":{},"includedScopes":[]},"contributions":{},"includedScopes":[]},"sentences":[{"condition":{"args":[{"id":"2af3eb3c-de33-496d-9c08-3c563aaed32e","metadata":[],"name":"materia","scope":{"containerScope":{"containerScope":{"containerScope":{"containerScope":{"containerScope":{"containerScope":{"containerScope":{"containerScope":{"contributions":{},"includedScopes":[]},"contributions":{},"includedScopes":[]},"contributions":{},"includedScopes":[]},"contributions":{},"includedScopes":[{"containerScope":{"containerScope":{"containerScope":{"contributions":{},"includedScopes":[]},"contributions":{},"includedScopes":[]},"contributions":{},"includedScopes":[]},"contributions":{},"includedScopes":[]}]},"contributions":{},"includedScopes":[]},"contributions":{},"includedScopes":[]},"contributions":{},"includedScopes":[]},"contributions":{},"includedScopes":[]},"contributions":{},"includedScopes":[]},"sourceMap":{"end":{"column":24,"line":6,"offset":112},"start":{"column":17,"line":6,"offset":105}}}],"id":"dd676bde-ac9f-4405-80b4-dab52707c1a1","message":"aprobo","metadata":[],"receiver":{"id":"db4c36ea-8bf6-42a5-bc5d-f22bbfb23b0d","metadata":[],"scope":{"containerScope":{"containerScope":{"containerScope":{"containerScope":{"containerScope":{"containerScope":{"containerScope":{"containerScope":{"contributions":{},"includedScopes":[]},"contributions":{},"includedScopes":[]},"contributions":{},"includedScopes":[]},"contributions":{},"includedScopes":[{"containerScope":{"containerScope":{"containerScope":{"contributions":{},"includedScopes":[]},"contributions":{},"includedScopes":[]},"contributions":{},"includedScopes":[]},"contributions":{},"includedScopes":[]}]},"contributions":{},"includedScopes":[]},"contributions":{},"includedScopes":[]},"contributions":{},"includedScopes":[]},"contributions":{},"includedScopes":[]},"contributions":{},"includedScopes":[]},"sourceMap":{"end":{"column":9,"line":6,"offset":97},"start":{"column":5,"line":6,"offset":93}}},"scope":{"containerScope":{"containerScope":{"containerScope":{"containerScope":{"containerScope":{"containerScope":{"containerScope":{"contributions":{},"includedScopes":[]},"contributions":{},"includedScopes":[]},"contributions":{},"includedScopes":[]},"contributions":{},"includedScopes":[{"containerScope":{"containerScope":{"containerScope":{"contributions":{},"includedScopes":[]},"contributions":{},"includedScopes":[]},"contributions":{},"includedScopes":[]},"contributions":{},"includedScopes":[]}]},"contributions":{},"includedScopes":[]},"contributions":{},"includedScopes":[]},"contributions":{},"includedScopes":[]},"contributions":{},"includedScopes":[]},"sourceMap":{"end":{"column":25,"line":6,"offset":113},"start":{"column":5,"line":6,"offset":93}}},"elseBody":{"id":"511f35b4-8166-4bd2-8ce6-e34d32f60dc1","metadata":[],"scope":{"containerScope":{"containerScope":{"containerScope":{"containerScope":{"containerScope":{"containerScope":{"containerScope":{"contributions":{},"includedScopes":[]},"contributions":{},"includedScopes":[]},"contributions":{},"includedScopes":[]},"contributions":{},"includedScopes":[{"containerScope":{"containerScope":{"containerScope":{"contributions":{},"includedScopes":[]},"contributions":{},"includedScopes":[]},"contributions":{},"includedScopes":[]},"contributions":{},"includedScopes":[]}]},"contributions":{},"includedScopes":[]},"contributions":{},"includedScopes":[]},"contributions":{},"includedScopes":[]},"contributions":{},"includedScopes":[]},"sentences":[]},"id":"005aa3fd-507d-4f9a-a3f6-486fb605739a","metadata":[],"scope":{"containerScope":{"containerScope":{"containerScope":{"containerScope":{"containerScope":{"containerScope":{"contributions":{},"includedScopes":[]},"contributions":{},"includedScopes":[]},"contributions":{},"includedScopes":[]},"contributions":{},"includedScopes":[{"containerScope":{"containerScope":{"containerScope":{"contributions":{},"includedScopes":[]},"contributions":{},"includedScopes":[]},"contributions":{},"includedScopes":[]},"contributions":{},"includedScopes":[]}]},"contributions":{},"includedScopes":[]},"contributions":{},"includedScopes":[]},"contributions":{},"includedScopes":[]},"sourceMap":{"end":{"column":3,"line":8,"offset":181},"start":{"column":2,"line":6,"offset":90}},"thenBody":{"id":"cb6b94b5-5551-4614-884f-b2c98d39d326","metadata":[],"problems":[],"scope":{"containerScope":{"containerScope":{"containerScope":{"containerScope":{"containerScope":{"containerScope":{"containerScope":{"contributions":{},"includedScopes":[]},"contributions":{},"includedScopes":[]},"contributions":{},"includedScopes":[]},"contributions":{},"includedScopes":[{"containerScope":{"containerScope":{"containerScope":{"contributions":{},"includedScopes":[]},"contributions":{},"includedScopes":[]},"contributions":{},"includedScopes":[]},"contributions":{},"includedScopes":[]}]},"contributions":{},"includedScopes":[]},"contributions":{},"includedScopes":[]},"contributions":{},"includedScopes":[]},"contributions":{},"includedScopes":[]},"sentences":[{"args":[{"id":"db0f881d-3550-44c2-9cca-980bd8b15588","metadata":[],"scope":{"containerScope":{"containerScope":{"containerScope":{"containerScope":{"containerScope":{"containerScope":{"containerScope":{"containerScope":{"containerScope":{"contributions":{},"includedScopes":[]},"contributions":{},"includedScopes":[]},"contributions":{},"includedScopes":[]},"contributions":{},"includedScopes":[{"containerScope":{"containerScope":{"containerScope":{"contributions":{},"includedScopes":[]},"contributions":{},"includedScopes":[]},"contributions":{},"includedScopes":[]},"contributions":{},"includedScopes":[]}]},"contributions":{},"includedScopes":[]},"contributions":{},"includedScopes":[]},"contributions":{},"includedScopes":[]},"contributions":{},"includedScopes":[]},"contributions":{},"includedScopes":[]},"contributions":{},"includedScopes":[]},"sourceMap":{"end":{"column":60,"line":7,"offset":176},"start":{"column":14,"line":7,"offset":130}},"value":"Ya se registro la aprobacion de esta materia"}],"id":"5ac861ac-722f-48dc-8af6-ff8b7a115cad","message":"error","metadata":[],"receiver":{"id":"4410203e-29c2-4676-b177-d5300e98e928","metadata":[],"scope":{"containerScope":{"containerScope":{"containerScope":{"containerScope":{"containerScope":{"containerScope":{"containerScope":{"containerScope":{"containerScope":{"contributions":{},"includedScopes":[]},"contributions":{},"includedScopes":[]},"contributions":{},"includedScopes":[]},"contributions":{},"includedScopes":[{"containerScope":{"containerScope":{"containerScope":{"contributions":{},"includedScopes":[]},"contributions":{},"includedScopes":[]},"contributions":{},"includedScopes":[]},"contributions":{},"includedScopes":[]}]},"contributions":{},"includedScopes":[]},"contributions":{},"includedScopes":[]},"contributions":{},"includedScopes":[]},"contributions":{},"includedScopes":[]},"contributions":{},"includedScopes":[]},"contributions":{},"includedScopes":[]},"sourceMap":{"end":{"column":7,"line":7,"offset":123},"start":{"column":3,"line":7,"offset":119}}},"scope":{"containerScope":{"containerScope":{"containerScope":{"containerScope":{"containerScope":{"containerScope":{"containerScope":{"containerScope":{"contributions":{},"includedScopes":[]},"contributions":{},"includedScopes":[]},"contributions":{},"includedScopes":[]},"contributions":{},"includedScopes":[{"containerScope":{"containerScope":{"containerScope":{"contributions":{},"includedScopes":[]},"contributions":{},"includedScopes":[]},"contributions":{},"includedScopes":[]},"contributions":{},"includedScopes":[]}]},"contributions":{},"includedScopes":[]},"contributions":{},"includedScopes":[]},"contributions":{},"includedScopes":[]},"contributions":{},"includedScopes":[]},"contributions":{},"includedScopes":[]},"sourceMap":{"end":{"column":61,"line":7,"offset":177},"start":{"column":3,"line":7,"offset":119}}}],"sourceMap":{"end":{"column":3,"line":8,"offset":181},"start":{"column":26,"line":6,"offset":114}}}},{"args":[{"args":[{"id":"cc232b58-b585-4316-aeba-7ee0a2468298","metadata":[],"name":"materia","scope":{"containerScope":{"containerScope":{"containerScope":{"containerScope":{"containerScope":{"containerScope":{"containerScope":{"containerScope":{"contributions":{},"includedScopes":[]},"contributions":{},"includedScopes":[]},"contributions":{},"includedScopes":[]},"contributions":{},"includedScopes":[{"containerScope":{"containerScope":{"containerScope":{"contributions":{},"includedScopes":[]},"contributions":{},"includedScopes":[]},"contributions":{},"includedScopes":[]},"contributions":{},"includedScopes":[]}]},"contributions":{},"includedScopes":[]},"contributions":{},"includedScopes":[]},"contributions":{},"includedScopes":[]},"contributions":{},"includedScopes":[]},"contributions":{},"includedScopes":[]},"sourceMap":{"end":{"column":61,"line":9,"offset":243},"start":{"column":44,"line":9,"offset":226}},"value":{"id":"410b1960-01ea-46d0-a2e3-f181d1bb023c","metadata":[],"name":"materia","scope":{"containerScope":{"containerScope":{"containerScope":{"containerScope":{"containerScope":{"containerScope":{"containerScope":{"containerScope":{"containerScope":{"contributions":{},"includedScopes":[]},"contributions":{},"includedScopes":[]},"contributions":{},"includedScopes":[]},"contributions":{},"includedScopes":[{"containerScope":{"containerScope":{"containerScope":{"contributions":{},"includedScopes":[]},"contributions":{},"includedScopes":[]},"contributions":{},"includedScopes":[]},"contributions":{},"includedScopes":[]}]},"contributions":{},"includedScopes":[]},"contributions":{},"includedScopes":[]},"contributions":{},"includedScopes":[]},"contributions":{},"includedScopes":[]},"contributions":{},"includedScopes":[]},"contributions":{},"includedScopes":[]},"sourceMap":{"end":{"column":61,"line":9,"offset":243},"start":{"column":54,"line":9,"offset":236}}}},{"id":"3708ed24-dbd4-4906-b22c-bdf726ccd9f5","metadata":[],"name":"nota","scope":{"containerScope":{"containerScope":{"containerScope":{"containerScope":{"containerScope":{"containerScope":{"containerScope":{"containerScope":{"contributions":{},"includedScopes":[]},"contributions":{},"includedScopes":[]},"contributions":{},"includedScopes":[]},"contributions":{},"includedScopes":[{"containerScope":{"containerScope":{"containerScope":{"contributions":{},"includedScopes":[]},"contributions":{},"includedScopes":[]},"contributions":{},"includedScopes":[]},"contributions":{},"includedScopes":[]}]},"contributions":{},"includedScopes":[]},"contributions":{},"includedScopes":[]},"contributions":{},"includedScopes":[]},"contributions":{},"includedScopes":[]},"contributions":{},"includedScopes":[]},"sourceMap":{"end":{"column":25,"line":10,"offset":270},"start":{"column":14,"line":10,"offset":259}},"value":{"id":"9fc6157e-1aa4-4f69-8c0d-55f9069203c2","metadata":[],"name":"nota","scope":{"containerScope":{"containerScope":{"containerScope":{"containerScope":{"containerScope":{"containerScope":{"containerScope":{"containerScope":{"containerScope":{"contributions":{},"includedScopes":[]},"contributions":{},"includedScopes":[]},"contributions":{},"includedScopes":[]},"contributions":{},"includedScopes":[{"containerScope":{"containerScope":{"containerScope":{"contributions":{},"includedScopes":[]},"contributions":{},"includedScopes":[]},"contributions":{},"includedScopes":[]},"contributions":{},"includedScopes":[]}]},"contributions":{},"includedScopes":[]},"contributions":{},"includedScopes":[]},"contributions":{},"includedScopes":[]},"contributions":{},"includedScopes":[]},"contributions":{},"includedScopes":[]},"contributions":{},"includedScopes":[]},"sourceMap":{"end":{"column":25,"line":10,"offset":270},"start":{"column":21,"line":10,"offset":266}}}}],"id":"d261ae3e-9d5d-4aa6-929d-6fa22cf1fc5b","instantiated":{"id":"8e8345a7-5be9-4ce6-bcd9-2b31e21020dc","metadata":[],"name":"materiaAprobada","scope":{"containerScope":{"containerScope":{"containerScope":{"containerScope":{"containerScope":{"containerScope":{"containerScope":{"containerScope":{"contributions":{},"includedScopes":[]},"contributions":{},"includedScopes":[]},"contributions":{},"includedScopes":[]},"contributions":{},"includedScopes":[{"containerScope":{"containerScope":{"containerScope":{"contributions":{},"includedScopes":[]},"contributions":{},"includedScopes":[]},"contributions":{},"includedScopes":[]},"contributions":{},"includedScopes":[]}]},"contributions":{},"includedScopes":[]},"contributions":{},"includedScopes":[]},"contributions":{},"includedScopes":[]},"contributions":{},"includedScopes":[]},"contributions":{},"includedScopes":[]},"sourceMap":{"end":{"column":43,"line":9,"offset":225},"start":{"column":28,"line":9,"offset":210}}},"metadata":[],"scope":{"containerScope":{"containerScope":{"containerScope":{"containerScope":{"containerScope":{"containerScope":{"containerScope":{"contributions":{},"includedScopes":[]},"contributions":{},"includedScopes":[]},"contributions":{},"includedScopes":[]},"contributions":{},"includedScopes":[{"containerScope":{"containerScope":{"containerScope":{"contributions":{},"includedScopes":[]},"contributions":{},"includedScopes":[]},"contributions":{},"includedScopes":[]},"contributions":{},"includedScopes":[]}]},"contributions":{},"includedScopes":[]},"contributions":{},"includedScopes":[]},"contributions":{},"includedScopes":[]},"contributions":{},"includedScopes":[]},"sourceMap":{"end":{"column":26,"line":10,"offset":271},"start":{"column":24,"line":9,"offset":206}}}],"id":"50b41669-7147-4bef-a942-0f74805d03cd","message":"add","metadata":[],"receiver":{"id":"fe9f526e-0661-436b-a123-ee96c67f0163","metadata":[],"name":"materiasAprobadas","scope":{"containerScope":{"containerScope":{"containerScope":{"containerScope":{"containerScope":{"containerScope":{"containerScope":{"contributions":{},"includedScopes":[]},"contributions":{},"includedScopes":[]},"contributions":{},"includedScopes":[]},"contributions":{},"includedScopes":[{"containerScope":{"containerScope":{"containerScope":{"contributions":{},"includedScopes":[]},"contributions":{},"includedScopes":[]},"contributions":{},"includedScopes":[]},"contributions":{},"includedScopes":[]}]},"contributions":{},"includedScopes":[]},"contributions":{},"includedScopes":[]},"contributions":{},"includedScopes":[]},"contributions":{},"includedScopes":[]},"sourceMap":{"end":{"column":19,"line":9,"offset":201},"start":{"column":2,"line":9,"offset":184}}},"scope":{"containerScope":{"containerScope":{"containerScope":{"containerScope":{"containerScope":{"containerScope":{"contributions":{},"includedScopes":[]},"contributions":{},"includedScopes":[]},"contributions":{},"includedScopes":[]},"contributions":{},"includedScopes":[{"containerScope":{"containerScope":{"containerScope":{"contributions":{},"includedScopes":[]},"contributions":{},"includedScopes":[]},"contributions":{},"includedScopes":[]},"contributions":{},"includedScopes":[]}]},"contributions":{},"includedScopes":[]},"contributions":{},"includedScopes":[]},"contributions":{},"includedScopes":[]},"sourceMap":{"end":{"column":27,"line":10,"offset":272},"start":{"column":1,"line":9,"offset":184}}}],"sourceMap":{"end":{"column":4,"line":11,"offset":277},"start":{"column":32,"line":5,"offset":86}}},"compiled":false,"id":"0a18d2b6-2f42-416e-9191-5fb8f0a61a06","isOverride":false,"metadata":[],"name":"aprobar","parameters":[{"id":"9cbf4435-2cfd-45c0-adbf-948718e7fe5d","isVarArg":false,"metadata":[],"name":"materia","scope":{"containerScope":{"containerScope":{"containerScope":{"containerScope":{"containerScope":{"contributions":{},"includedScopes":[]},"contributions":{},"includedScopes":[]},"contributions":{},"includedScopes":[]},"contributions":{},"includedScopes":[{"containerScope":{"containerScope":{"containerScope":{"contributions":{},"includedScopes":[]},"contributions":{},"includedScopes":[]},"contributions":{},"includedScopes":[]},"contributions":{},"includedScopes":[]}]},"contributions":{},"includedScopes":[]},"contributions":{},"includedScopes":[]},"sourceMap":{"end":{"column":24,"line":5,"offset":78},"start":{"column":17,"line":5,"offset":71}}},{"id":"26eb2c45-6b82-4d89-b34d-18251204c0d6","isVarArg":false,"metadata":[],"name":"nota","scope":{"containerScope":{"containerScope":{"containerScope":{"containerScope":{"containerScope":{"contributions":{},"includedScopes":[]},"contributions":{},"includedScopes":[]},"contributions":{},"includedScopes":[]},"contributions":{},"includedScopes":[{"containerScope":{"containerScope":{"containerScope":{"contributions":{},"includedScopes":[]},"contributions":{},"includedScopes":[]},"contributions":{},"includedScopes":[]},"contributions":{},"includedScopes":[]}]},"contributions":{},"includedScopes":[]},"contributions":{},"includedScopes":[]},"sourceMap":{"end":{"column":30,"line":5,"offset":84},"start":{"column":26,"line":5,"offset":80}}}],"problems":[],"scope":{"containerScope":{"containerScope":{"containerScope":{"containerScope":{"contributions":{},"includedScopes":[]},"contributions":{},"includedScopes":[]},"contributions":{},"includedScopes":[]},"contributions":{},"includedScopes":[{"containerScope":{"containerScope":{"containerScope":{"contributions":{},"includedScopes":[]},"contributions":{},"includedScopes":[]},"contributions":{},"includedScopes":[]},"contributions":{},"includedScopes":[]}]},"contributions":{},"includedScopes":[]},"sourceMap":{"end":{"column":4,"line":11,"offset":277},"start":{"column":2,"line":5,"offset":56}}},{"body":{"id":"b90efb41-bdf0-4954-a6d1-46c3c4029582","metadata":[],"problems":[],"scope":{"containerScope":{"containerScope":{"containerScope":{"containerScope":{"containerScope":{"contributions":{},"includedScopes":[]},"contributions":{},"includedScopes":[]},"contributions":{},"includedScopes":[]},"contributions":{},"includedScopes":[{"containerScope":{"containerScope":{"containerScope":{"contributions":{},"includedScopes":[]},"contributions":{},"includedScopes":[]},"contributions":{},"includedScopes":[]},"contributions":{},"includedScopes":[]}]},"contributions":{},"includedScopes":[]},"contributions":{},"includedScopes":[]},"sentences":[{"id":"16b5933f-bafb-430a-85b6-5d0b7efa4c62","metadata":[],"scope":{"containerScope":{"containerScope":{"containerScope":{"containerScope":{"containerScope":{"containerScope":{"contributions":{},"includedScopes":[]},"contributions":{},"includedScopes":[]},"contributions":{},"includedScopes":[]},"contributions":{},"includedScopes":[{"containerScope":{"containerScope":{"containerScope":{"contributions":{},"includedScopes":[]},"contributions":{},"includedScopes":[]},"contributions":{},"includedScopes":[]},"contributions":{},"includedScopes":[]}]},"contributions":{},"includedScopes":[]},"contributions":{},"includedScopes":[]},"contributions":{},"includedScopes":[]},"sourceMap":{"end":{"column":90,"line":14,"offset":397},"start":{"column":3,"line":14,"offset":310}},"value":{"args":[{"id":"a6ad1ab3-b89b-438d-9815-cc5ba548d880","members":[{"body":{"id":"5ea27ee0-eae9-4490-b5aa-dd8168780957","metadata":[],"scope":{"containerScope":{"containerScope":{"containerScope":{"containerScope":{"containerScope":{"containerScope":{"containerScope":{"containerScope":{"containerScope":{"containerScope":{"contributions":{},"includedScopes":[]},"contributions":{},"includedScopes":[]},"contributions":{},"includedScopes":[]},"contributions":{},"includedScopes":[{"containerScope":{"containerScope":{"containerScope":{"contributions":{},"includedScopes":[]},"contributions":{},"includedScopes":[]},"contributions":{},"includedScopes":[]},"contributions":{},"includedScopes":[]}]},"contributions":{},"includedScopes":[]},"contributions":{},"includedScopes":[]},"contributions":{},"includedScopes":[]},"contributions":{},"includedScopes":[]},"contributions":{},"includedScopes":[{"containerScope":{"containerScope":{"containerScope":{"contributions":{},"includedScopes":[]},"contributions":{},"includedScopes":[]},"contributions":{},"includedScopes":[]},"contributions":{},"includedScopes":[{"containerScope":{"containerScope":{"containerScope":{"contributions":{},"includedScopes":[]},"contributions":{},"includedScopes":[]},"contributions":{},"includedScopes":[]},"contributions":{},"includedScopes":[]}]},{"containerScope":{"containerScope":{"containerScope":{"contributions":{},"includedScopes":[]},"contributions":{},"includedScopes":[]},"contributions":{},"includedScopes":[]},"contributions":{},"includedScopes":[]}]},"contributions":{},"includedScopes":[]},"contributions":{},"includedScopes":[]},"sentences":[{"id":"0b5e1dc0-ee50-4163-bd77-150d89dbe400","metadata":[],"scope":{"containerScope":{"containerScope":{"containerScope":{"containerScope":{"containerScope":{"containerScope":{"containerScope":{"containerScope":{"containerScope":{"containerScope":{"containerScope":{"contributions":{},"includedScopes":[]},"contributions":{},"includedScopes":[]},"contributions":{},"includedScopes":[]},"contributions":{},"includedScopes":[{"containerScope":{"containerScope":{"containerScope":{"contributions":{},"includedScopes":[]},"contributions":{},"includedScopes":[]},"contributions":{},"includedScopes":[]},"contributions":{},"includedScopes":[]}]},"contributions":{},"includedScopes":[]},"contributions":{},"includedScopes":[]},"contributions":{},"includedScopes":[]},"contributions":{},"includedScopes":[]},"contributions":{},"includedScopes":[{"containerScope":{"containerScope":{"containerScope":{"contributions":{},"includedScopes":[]},"contributions":{},"includedScopes":[]},"contributions":{},"includedScopes":[]},"contributions":{},"includedScopes":[{"containerScope":{"containerScope":{"containerScope":{"contributions":{},"includedScopes":[]},"contributions":{},"includedScopes":[]},"contributions":{},"includedScopes":[]},"contributions":{},"includedScopes":[]}]},{"containerScope":{"containerScope":{"containerScope":{"contributions":{},"includedScopes":[]},"contributions":{},"includedScopes":[]},"contributions":{},"includedScopes":[]},"contributions":{},"includedScopes":[]}]},"contributions":{},"includedScopes":[]},"contributions":{},"includedScopes":[]},"contributions":{},"includedScopes":[]},"value":{"args":[{"id":"99a2b3a6-b589-4b46-9eae-0fbce3c36936","metadata":[],"name":"materia","scope":{"containerScope":{"containerScope":{"containerScope":{"containerScope":{"containerScope":{"containerScope":{"containerScope":{"containerScope":{"containerScope":{"containerScope":{"containerScope":{"containerScope":{"containerScope":{"contributions":{},"includedScopes":[]},"contributions":{},"includedScopes":[]},"contributions":{},"includedScopes":[]},"contributions":{},"includedScopes":[{"containerScope":{"containerScope":{"containerScope":{"contributions":{},"includedScopes":[]},"contributions":{},"includedScopes":[]},"contributions":{},"includedScopes":[]},"contributions":{},"includedScopes":[]}]},"contributions":{},"includedScopes":[]},"contributions":{},"includedScopes":[]},"contributions":{},"includedScopes":[]},"contributions":{},"includedScopes":[]},"contributions":{},"includedScopes":[{"containerScope":{"containerScope":{"containerScope":{"contributions":{},"includedScopes":[]},"contributions":{},"includedScopes":[]},"contributions":{},"includedScopes":[]},"contributions":{},"includedScopes":[{"containerScope":{"containerScope":{"containerScope":{"contributions":{},"includedScopes":[]},"contributions":{},"includedScopes":[]},"contributions":{},"includedScopes":[]},"contributions":{},"includedScopes":[]}]},{"containerScope":{"containerScope":{"containerScope":{"contributions":{},"includedScopes":[]},"contributions":{},"includedScopes":[]},"contributions":{},"includedScopes":[]},"contributions":{},"includedScopes":[]}]},"contributions":{},"includedScopes":[]},"contributions":{},"includedScopes":[]},"contributions":{},"includedScopes":[]},"contributions":{},"includedScopes":[]},"contributions":{},"includedScopes":[]},"sourceMap":{"end":{"column":88,"line":14,"offset":395},"start":{"column":81,"line":14,"offset":388}}}],"id":"9f3a3afb-b809-4962-9e2c-b6b902eb299c","message":"==","metadata":[],"receiver":{"args":[],"id":"9478d760-189d-4083-8b4c-daec07562603","message":"materia","metadata":[],"receiver":{"id":"2c8844c4-0e01-49c5-953a-d0b042a0edec","metadata":[],"name":"materiaAprobada","scope":{"containerScope":{"containerScope":{"containerScope":{"containerScope":{"containerScope":{"containerScope":{"containerScope":{"containerScope":{"containerScope":{"containerScope":{"containerScope":{"containerScope":{"containerScope":{"containerScope":{"contributions":{},"includedScopes":[]},"contributions":{},"includedScopes":[]},"contributions":{},"includedScopes":[]},"contributions":{},"includedScopes":[{"containerScope":{"containerScope":{"containerScope":{"contributions":{},"includedScopes":[]},"contributions":{},"includedScopes":[]},"contributions":{},"includedScopes":[]},"contributions":{},"includedScopes":[]}]},"contributions":{},"includedScopes":[]},"contributions":{},"includedScopes":[]},"contributions":{},"includedScopes":[]},"contributions":{},"includedScopes":[]},"contributions":{},"includedScopes":[{"containerScope":{"containerScope":{"containerScope":{"contributions":{},"includedScopes":[]},"contributions":{},"includedScopes":[]},"contributions":{},"includedScopes":[]},"contributions":{},"includedScopes":[{"containerScope":{"containerScope":{"containerScope":{"contributions":{},"includedScopes":[]},"contributions":{},"includedScopes":[]},"contributions":{},"includedScopes":[]},"contributions":{},"includedScopes":[]}]},{"containerScope":{"containerScope":{"containerScope":{"contributions":{},"includedScopes":[]},"contributions":{},"includedScopes":[]},"contributions":{},"includedScopes":[]},"contributions":{},"includedScopes":[]}]},"contributions":{},"includedScopes":[]},"contributions":{},"includedScopes":[]},"contributions":{},"includedScopes":[]},"contributions":{},"includedScopes":[]},"contributions":{},"includedScopes":[]},"contributions":{},"includedScopes":[]},"sourceMap":{"end":{"column":67,"line":14,"offset":374},"start":{"column":52,"line":14,"offset":359}}},"scope":{"containerScope":{"containerScope":{"containerScope":{"containerScope":{"containerScope":{"containerScope":{"containerScope":{"containerScope":{"containerScope":{"containerScope":{"containerScope":{"containerScope":{"containerScope":{"contributions":{},"includedScopes":[]},"contributions":{},"includedScopes":[]},"contributions":{},"includedScopes":[]},"contributions":{},"includedScopes":[{"containerScope":{"containerScope":{"containerScope":{"contributions":{},"includedScopes":[]},"contributions":{},"includedScopes":[]},"contributions":{},"includedScopes":[]},"contributions":{},"includedScopes":[]}]},"contributions":{},"includedScopes":[]},"contributions":{},"includedScopes":[]},"contributions":{},"includedScopes":[]},"contributions":{},"includedScopes":[]},"contributions":{},"includedScopes":[{"containerScope":{"containerScope":{"containerScope":{"contributions":{},"includedScopes":[]},"contributions":{},"includedScopes":[]},"contributions":{},"includedScopes":[]},"contributions":{},"includedScopes":[{"containerScope":{"containerScope":{"containerScope":{"contributions":{},"includedScopes":[]},"contributions":{},"includedScopes":[]},"contributions":{},"includedScopes":[]},"contributions":{},"includedScopes":[]}]},{"containerScope":{"containerScope":{"containerScope":{"contributions":{},"includedScopes":[]},"contributions":{},"includedScopes":[]},"contributions":{},"includedScopes":[]},"contributions":{},"includedScopes":[]}]},"contributions":{},"includedScopes":[]},"contributions":{},"includedScopes":[]},"contributions":{},"includedScopes":[]},"contributions":{},"includedScopes":[]},"contributions":{},"includedScopes":[]},"sourceMap":{"end":{"column":77,"line":14,"offset":384},"start":{"column":52,"line":14,"offset":359}}},"scope":{"containerScope":{"containerScope":{"containerScope":{"containerScope":{"containerScope":{"containerScope":{"containerScope":{"containerScope":{"containerScope":{"containerScope":{"containerScope":{"containerScope":{"contributions":{},"includedScopes":[]},"contributions":{},"includedScopes":[]},"contributions":{},"includedScopes":[]},"contributions":{},"includedScopes":[{"containerScope":{"containerScope":{"containerScope":{"contributions":{},"includedScopes":[]},"contributions":{},"includedScopes":[]},"contributions":{},"includedScopes":[]},"contributions":{},"includedScopes":[]}]},"contributions":{},"includedScopes":[]},"contributions":{},"includedScopes":[]},"contributions":{},"includedScopes":[]},"contributions":{},"includedScopes":[]},"contributions":{},"includedScopes":[{"containerScope":{"containerScope":{"containerScope":{"contributions":{},"includedScopes":[]},"contributions":{},"includedScopes":[]},"contributions":{},"includedScopes":[]},"contributions":{},"includedScopes":[{"containerScope":{"containerScope":{"containerScope":{"contributions":{},"includedScopes":[]},"contributions":{},"includedScopes":[]},"contributions":{},"includedScopes":[]},"contributions":{},"includedScopes":[]}]},{"containerScope":{"containerScope":{"containerScope":{"contributions":{},"includedScopes":[]},"contributions":{},"includedScopes":[]},"contributions":{},"includedScopes":[]},"contributions":{},"includedScopes":[]}]},"contributions":{},"includedScopes":[]},"contributions":{},"includedScopes":[]},"contributions":{},"includedScopes":[]},"contributions":{},"includedScopes":[]},"sourceMap":{"end":{"column":88,"line":14,"offset":395},"start":{"column":52,"line":14,"offset":359}}}}]},"compiled":false,"id":"dccd1c3e-26b2-42f1-ad1a-f45784ce2775","isOverride":false,"metadata":[],"name":"<apply>","parameters":[{"id":"6d3e4982-c849-4b5d-99ee-47052cfa0880","isVarArg":false,"metadata":[],"name":"materiaAprobada","scope":{"containerScope":{"containerScope":{"containerScope":{"containerScope":{"containerScope":{"containerScope":{"containerScope":{"containerScope":{"containerScope":{"containerScope":{"contributions":{},"includedScopes":[]},"contributions":{},"includedScopes":[]},"contributions":{},"includedScopes":[]},"contributions":{},"includedScopes":[{"containerScope":{"containerScope":{"containerScope":{"contributions":{},"includedScopes":[]},"contributions":{},"includedScopes":[]},"contributions":{},"includedScopes":[]},"contributions":{},"includedScopes":[]}]},"contributions":{},"includedScopes":[]},"contributions":{},"includedScopes":[]},"contributions":{},"includedScopes":[]},"contributions":{},"includedScopes":[]},"contributions":{},"includedScopes":[{"containerScope":{"containerScope":{"containerScope":{"contributions":{},"includedScopes":[]},"contributions":{},"includedScopes":[]},"contributions":{},"includedScopes":[]},"contributions":{},"includedScopes":[{"containerScope":{"containerScope":{"containerScope":{"contributions":{},"includedScopes":[]},"contributions":{},"includedScopes":[]},"contributions":{},"includedScopes":[]},"contributions":{},"includedScopes":[]}]},{"containerScope":{"containerScope":{"containerScope":{"contributions":{},"includedScopes":[]},"contributions":{},"includedScopes":[]},"contributions":{},"includedScopes":[]},"contributions":{},"includedScopes":[]}]},"contributions":{},"includedScopes":[]},"contributions":{},"includedScopes":[]},"sourceMap":{"end":{"column":48,"line":14,"offset":355},"start":{"column":33,"line":14,"offset":340}}}],"scope":{"containerScope":{"containerScope":{"containerScope":{"containerScope":{"containerScope":{"containerScope":{"containerScope":{"containerScope":{"containerScope":{"contributions":{},"includedScopes":[]},"contributions":{},"includedScopes":[]},"contributions":{},"includedScopes":[]},"contributions":{},"includedScopes":[{"containerScope":{"containerScope":{"containerScope":{"contributions":{},"includedScopes":[]},"contributions":{},"includedScopes":[]},"contributions":{},"includedScopes":[]},"contributions":{},"includedScopes":[]}]},"contributions":{},"includedScopes":[]},"contributions":{},"includedScopes":[]},"contributions":{},"includedScopes":[]},"contributions":{},"includedScopes":[]},"contributions":{},"includedScopes":[{"containerScope":{"containerScope":{"containerScope":{"contributions":{},"includedScopes":[]},"contributions":{},"includedScopes":[]},"contributions":{},"includedScopes":[]},"contributions":{},"includedScopes":[{"containerScope":{"containerScope":{"containerScope":{"contributions":{},"includedScopes":[]},"contributions":{},"includedScopes":[]},"contributions":{},"includedScopes":[]},"contributions":{},"includedScopes":[]}]},{"containerScope":{"containerScope":{"containerScope":{"contributions":{},"includedScopes":[]},"contributions":{},"includedScopes":[]},"contributions":{},"includedScopes":[]},"contributions":{},"includedScopes":[]}]},"contributions":{},"includedScopes":[]}},{"id":"5c731fef-c437-461b-b0e2-1774d5c71847","isConstant":true,"isProperty":false,"metadata":[],"name":"<toString>","scope":{"containerScope":{"containerScope":{"containerScope":{"containerScope":{"containerScope":{"containerScope":{"containerScope":{"containerScope":{"containerScope":{"contributions":{},"includedScopes":[]},"contributions":{},"includedScopes":[]},"contributions":{},"includedScopes":[]},"contributions":{},"includedScopes":[{"containerScope":{"containerScope":{"containerScope":{"contributions":{},"includedScopes":[]},"contributions":{},"includedScopes":[]},"contributions":{},"includedScopes":[]},"contributions":{},"includedScopes":[]}]},"contributions":{},"includedScopes":[]},"contributions":{},"includedScopes":[]},"contributions":{},"includedScopes":[]},"contributions":{},"includedScopes":[]},"contributions":{},"includedScopes":[{"containerScope":{"containerScope":{"containerScope":{"contributions":{},"includedScopes":[]},"contributions":{},"includedScopes":[]},"contributions":{},"includedScopes":[]},"contributions":{},"includedScopes":[{"containerScope":{"containerScope":{"containerScope":{"contributions":{},"includedScopes":[]},"contributions":{},"includedScopes":[]},"contributions":{},"includedScopes":[]},"contributions":{},"includedScopes":[]}]},{"containerScope":{"containerScope":{"containerScope":{"contributions":{},"includedScopes":[]},"contributions":{},"includedScopes":[]},"contributions":{},"includedScopes":[]},"contributions":{},"includedScopes":[]}]},"contributions":{},"includedScopes":[]},"value":{"id":"90610e9a-98b9-4d09-8287-4b70246211de","metadata":[],"scope":{"containerScope":{"containerScope":{"containerScope":{"containerScope":{"containerScope":{"containerScope":{"containerScope":{"containerScope":{"containerScope":{"containerScope":{"contributions":{},"includedScopes":[]},"contributions":{},"includedScopes":[]},"contributions":{},"includedScopes":[]},"contributions":{},"includedScopes":[{"containerScope":{"containerScope":{"containerScope":{"contributions":{},"includedScopes":[]},"contributions":{},"includedScopes":[]},"contributions":{},"includedScopes":[]},"contributions":{},"includedScopes":[]}]},"contributions":{},"includedScopes":[]},"contributions":{},"includedScopes":[]},"contributions":{},"includedScopes":[]},"contributions":{},"includedScopes":[]},"contributions":{},"includedScopes":[{"containerScope":{"containerScope":{"containerScope":{"contributions":{},"includedScopes":[]},"contributions":{},"includedScopes":[]},"contributions":{},"includedScopes":[]},"contributions":{},"includedScopes":[{"containerScope":{"containerScope":{"containerScope":{"contributions":{},"includedScopes":[]},"contributions":{},"includedScopes":[]},"contributions":{},"includedScopes":[]},"contributions":{},"includedScopes":[]}]},{"containerScope":{"containerScope":{"containerScope":{"contributions":{},"includedScopes":[]},"contributions":{},"includedScopes":[]},"contributions":{},"includedScopes":[]},"contributions":{},"includedScopes":[]}]},"contributions":{},"includedScopes":[]},"contributions":{},"includedScopes":[]},"value":"{materiaAprobada => materiaAprobada.materia() == materia}"}}],"metadata":[],"scope":{"containerScope":{"containerScope":{"containerScope":{"containerScope":{"containerScope":{"containerScope":{"containerScope":{"containerScope":{"contributions":{},"includedScopes":[]},"contributions":{},"includedScopes":[]},"contributions":{},"includedScopes":[]},"contributions":{},"includedScopes":[{"containerScope":{"containerScope":{"containerScope":{"contributions":{},"includedScopes":[]},"contributions":{},"includedScopes":[]},"contributions":{},"includedScopes":[]},"contributions":{},"includedScopes":[]}]},"contributions":{},"includedScopes":[]},"contributions":{},"includedScopes":[]},"contributions":{},"includedScopes":[]},"contributions":{},"includedScopes":[]},"contributions":{},"includedScopes":[{"containerScope":{"containerScope":{"containerScope":{"contributions":{},"includedScopes":[]},"contributions":{},"includedScopes":[]},"contributions":{},"includedScopes":[]},"contributions":{},"includedScopes":[{"containerScope":{"containerScope":{"containerScope":{"contributions":{},"includedScopes":[]},"contributions":{},"includedScopes":[]},"contributions":{},"includedScopes":[]},"contributions":{},"includedScopes":[]}]},{"containerScope":{"containerScope":{"containerScope":{"contributions":{},"includedScopes":[]},"contributions":{},"includedScopes":[]},"contributions":{},"includedScopes":[]},"contributions":{},"includedScopes":[]}]},"sourceMap":{"end":{"column":89,"line":14,"offset":396},"start":{"column":32,"line":14,"offset":339}},"supertypes":[{"args":[],"id":"c9ccfd5d-fba9-41c5-b78d-cbcedc420e91","metadata":[],"reference":{"id":"d8db7543-3ad4-44d7-bdf8-6b77642bfc28","metadata":[],"name":"wollok.lang.Closure","scope":{"containerScope":{"containerScope":{"containerScope":{"containerScope":{"containerScope":{"containerScope":{"containerScope":{"containerScope":{"containerScope":{"contributions":{},"includedScopes":[]},"contributions":{},"includedScopes":[]},"contributions":{},"includedScopes":[]},"contributions":{},"includedScopes":[{"containerScope":{"containerScope":{"containerScope":{"contributions":{},"includedScopes":[]},"contributions":{},"includedScopes":[]},"contributions":{},"includedScopes":[]},"contributions":{},"includedScopes":[]}]},"contributions":{},"includedScopes":[]},"contributions":{},"includedScopes":[]},"contributions":{},"includedScopes":[]},"contributions":{},"includedScopes":[]},"contributions":{},"includedScopes":[{"containerScope":{"containerScope":{"containerScope":{"contributions":{},"includedScopes":[]},"contributions":{},"includedScopes":[]},"contributions":{},"includedScopes":[]},"contributions":{},"includedScopes":[{"containerScope":{"containerScope":{"containerScope":{"contributions":{},"includedScopes":[]},"contributions":{},"includedScopes":[]},"contributions":{},"includedScopes":[]},"contributions":{},"includedScopes":[]}]},{"containerScope":{"containerScope":{"containerScope":{"contributions":{},"includedScopes":[]},"contributions":{},"includedScopes":[]},"contributions":{},"includedScopes":[]},"contributions":{},"includedScopes":[]}]},"contributions":{},"includedScopes":[]}},"scope":{"containerScope":{"containerScope":{"containerScope":{"containerScope":{"containerScope":{"containerScope":{"containerScope":{"containerScope":{"containerScope":{"contributions":{},"includedScopes":[]},"contributions":{},"includedScopes":[]},"contributions":{},"includedScopes":[]},"contributions":{},"includedScopes":[{"containerScope":{"containerScope":{"containerScope":{"contributions":{},"includedScopes":[]},"contributions":{},"includedScopes":[]},"contributions":{},"includedScopes":[]},"contributions":{},"includedScopes":[]}]},"contributions":{},"includedScopes":[]},"contributions":{},"includedScopes":[]},"contributions":{},"includedScopes":[]},"contributions":{},"includedScopes":[]},"contributions":{},"includedScopes":[{"containerScope":{"containerScope":{"containerScope":{"contributions":{},"includedScopes":[]},"contributions":{},"includedScopes":[]},"contributions":{},"includedScopes":[]},"contributions":{},"includedScopes":[{"containerScope":{"containerScope":{"containerScope":{"contributions":{},"includedScopes":[]},"contributions":{},"includedScopes":[]},"contributions":{},"includedScopes":[]},"contributions":{},"includedScopes":[]}]},{"containerScope":{"containerScope":{"containerScope":{"contributions":{},"includedScopes":[]},"contributions":{},"includedScopes":[]},"contributions":{},"includedScopes":[]},"contributions":{},"includedScopes":[]}]},"contributions":{},"includedScopes":[]}}]}],"id":"331cba57-af79-4b20-a5f3-4b0ed0f12da4","message":"any","metadata":[],"receiver":{"id":"1eca4a91-a1bc-4ac0-a5b7-cad5ea98cbdf","metadata":[],"name":"materiasAprobadas","scope":{"containerScope":{"containerScope":{"containerScope":{"containerScope":{"containerScope":{"containerScope":{"containerScope":{"containerScope":{"contributions":{},"includedScopes":[]},"contributions":{},"includedScopes":[]},"contributions":{},"includedScopes":[]},"contributions":{},"includedScopes":[{"containerScope":{"containerScope":{"containerScope":{"contributions":{},"includedScopes":[]},"contributions":{},"includedScopes":[]},"contributions":{},"includedScopes":[]},"contributions":{},"includedScopes":[]}]},"contributions":{},"includedScopes":[]},"contributions":{},"includedScopes":[]},"contributions":{},"includedScopes":[]},"contributions":{},"includedScopes":[]},"contributions":{},"includedScopes":[]},"sourceMap":{"end":{"column":27,"line":14,"offset":334},"start":{"column":10,"line":14,"offset":317}}},"scope":{"containerScope":{"containerScope":{"containerScope":{"containerScope":{"containerScope":{"containerScope":{"containerScope":{"contributions":{},"includedScopes":[]},"contributions":{},"includedScopes":[]},"contributions":{},"includedScopes":[]},"contributions":{},"includedScopes":[{"containerScope":{"containerScope":{"containerScope":{"contributions":{},"includedScopes":[]},"contributions":{},"includedScopes":[]},"contributions":{},"includedScopes":[]},"contributions":{},"includedScopes":[]}]},"contributions":{},"includedScopes":[]},"contributions":{},"includedScopes":[]},"contributions":{},"includedScopes":[]},"contributions":{},"includedScopes":[]},"sourceMap":{"end":{"column":90,"line":14,"offset":397},"start":{"column":10,"line":14,"offset":317}}}}],"sourceMap":{"end":{"column":3,"line":15,"offset":401},"start":{"column":25,"line":13,"offset":305}}},"compiled":false,"id":"c9001f0c-bc72-407d-a986-5d8e75298251","isOverride":false,"metadata":[],"name":"aprobo","parameters":[{"id":"78934e39-1af1-49aa-a0af-2be00a685857","isVarArg":false,"metadata":[],"name":"materia","scope":{"containerScope":{"containerScope":{"containerScope":{"containerScope":{"containerScope":{"contributions":{},"includedScopes":[]},"contributions":{},"includedScopes":[]},"contributions":{},"includedScopes":[]},"contributions":{},"includedScopes":[{"containerScope":{"containerScope":{"containerScope":{"contributions":{},"includedScopes":[]},"contributions":{},"includedScopes":[]},"contributions":{},"includedScopes":[]},"contributions":{},"includedScopes":[]}]},"contributions":{},"includedScopes":[]},"contributions":{},"includedScopes":[]},"sourceMap":{"end":{"column":23,"line":13,"offset":303},"start":{"column":16,"line":13,"offset":296}}}],"problems":[],"scope":{"containerScope":{"containerScope":{"containerScope":{"containerScope":{"contributions":{},"includedScopes":[]},"contributions":{},"includedScopes":[]},"contributions":{},"includedScopes":[]},"contributions":{},"includedScopes":[{"containerScope":{"containerScope":{"containerScope":{"contributions":{},"includedScopes":[]},"contributions":{},"includedScopes":[]},"contributions":{},"includedScopes":[]},"contributions":{},"includedScopes":[]}]},"contributions":{},"includedScopes":[]},"sourceMap":{"end":{"column":3,"line":15,"offset":401},"start":{"column":2,"line":13,"offset":282}}}],"metadata":[],"name":"Estudiante","problems":[],"scope":{"containerScope":{"containerScope":{"containerScope":{"contributions":{},"includedScopes":[]},"contributions":{},"includedScopes":[]},"contributions":{},"includedScopes":[]},"contributions":{},"includedScopes":[{"containerScope":{"containerScope":{"containerScope":{"contributions":{},"includedScopes":[]},"contributions":{},"includedScopes":[]},"contributions":{},"includedScopes":[]},"contributions":{},"includedScopes":[]}]},"sourceMap":{"end":{"column":2,"line":18,"offset":408},"start":{"column":1,"line":1,"offset":0}},"supertypes":[]}],"metadata":[],"name":"example","problems":[{"code":"malformedEntity","sourceMap":{"end":{"column":2,"line":25,"offset":461},"start":{"column":1,"line":22,"offset":416}}}],"scope":{"containerScope":{"containerScope":{"contributions":{},"includedScopes":[]},"contributions":{},"includedScopes":[]},"contributions":{},"includedScopes":[]}},"stack":"Error: Failed to print, found malformed node\n    at c:\\Users\\estudiante\\.vscode\\extensions\\uqbar.wollok-lsp-ide-0.5.4\\out\\server\\src\\server.js:68:3585\n    at Kbn (c:\\Users\\estudiante\\.vscode\\extensions\\uqbar.wollok-lsp-ide-0.5.4\\out\\server\\src\\server.js:68:3396)\n    at c:\\Users\\estudiante\\.vscode\\extensions\\uqbar.wollok-lsp-ide-0.5.4\\out\\server\\src\\server.js:2398:847\n    at c:\\Users\\estudiante\\.vscode\\extensions\\uqbar.wollok-lsp-ide-0.5.4\\out\\server\\src\\server.js:2398:8440\n    at c:\\Users\\estudiante\\.vscode\\extensions\\uqbar.wollok-lsp-ide-0.5.4\\out\\server\\src\\server.js:37:74770\n    at Ke (c:\\Users\\estudiante\\.vscode\\extensions\\uqbar.wollok-lsp-ide-0.5.4\\out\\server\\src\\server.js:7:8527)\n    at Lt (c:\\Users\\estudiante\\.vscode\\extensions\\uqbar.wollok-lsp-ide-0.5.4\\out\\server\\src\\server.js:7:6189)\n    at ct (c:\\Users\\estudiante\\.vscode\\extensions\\uqbar.wollok-lsp-ide-0.5.4\\out\\server\\src\\server.js:7:6378)\n    at Immediate._onImmediate (c:\\Users\\estudiante\\.vscode\\extensions\\uqbar.wollok-lsp-ide-0.5.4\\out\\server\\src\\server.js:7:6142)\n    at process.processImmediate (node:internal/timers:484:21)","timestamp":"2026-05-13T22:55:00.847Z"}
{"level":"error","message":"✘ Failed to get type description: Error: Failed to print, found malformed node Failed to print, found malformed node","node":{"fileName":"src/example.wlk","id":"2baab15a-49e9-4d28-8cfd-5896fae3a4b5","imports":[],"members":[{"id":"2ff8894f-b74f-4ca1-b358-7130677c4344","members":[{"id":"8e73956d-ebb8-4e07-83d9-04729fcd24e5","isConstant":true,"isProperty":false,"metadata":[],"name":"materiasAprobadas","scope":{"containerScope":{"containerScope":{"containerScope":{"containerScope":{"contributions":{},"includedScopes":[]},"contributions":{},"includedScopes":[]},"contributions":{},"includedScopes":[]},"contributions":{},"includedScopes":[{"containerScope":{"containerScope":{"containerScope":{"contributions":{},"includedScopes":[]},"contributions":{},"includedScopes":[]},"contributions":{},"includedScopes":[]},"contributions":{},"includedScopes":[]}]},"contributions":{},"includedScopes":[]},"sourceMap":{"end":{"column":30,"line":2,"offset":49},"start":{"column":2,"line":2,"offset":21}},"value":{"id":"17a40ec1-82b7-4458-b6b4-94d6efaefca6","metadata":[],"scope":{"containerScope":{"containerScope":{"containerScope":{"containerScope":{"containerScope":{"contributions":{},"includedScopes":[]},"contributions":{},"includedScopes":[]},"contributions":{},"includedScopes":[]},"contributions":{},"includedScopes":[{"containerScope":{"containerScope":{"containerScope":{"contributions":{},"includedScopes":[]},"contributions":{},"includedScopes":[]},"contributions":{},"includedScopes":[]},"contributions":{},"includedScopes":[]}]},"contributions":{},"includedScopes":[]},"contributions":{},"includedScopes":[]},"sourceMap":{"end":{"column":30,"line":2,"offset":49},"start":{"column":28,"line":2,"offset":47}},"value":[{"id":"cacea10b-5c55-4573-ae6d-1d58566124b1","metadata":[],"name":"wollok.lang.List","scope":{"containerScope":{"containerScope":{"containerScope":{"containerScope":{"containerScope":{"containerScope":{"contributions":{},"includedScopes":[]},"contributions":{},"includedScopes":[]},"contributions":{},"includedScopes":[]},"contributions":{},"includedScopes":[{"containerScope":{"containerScope":{"containerScope":{"contributions":{},"includedScopes":[]},"contributions":{},"includedScopes":[]},"contributions":{},"includedScopes":[]},"contributions":{},"includedScopes":[]}]},"contributions":{},"includedScopes":[]},"contributions":{},"includedScopes":[]},"contributions":{},"includedScopes":[]}},[]]}},{"body":{"id":"6307f500-127a-481a-bd26-578f877f1e36","metadata":[],"problems":[],"scope":{"containerScope":{"containerScope":{"containerScope":{"containerScope":{"containerScope":{"contributions":{},"includedScopes":[]},"contributions":{},"includedScopes":[]},"contributions":{},"includedScopes":[]},"contributions":{},"includedScopes":[{"containerScope":{"containerScope":{"containerScope":{"contributions":{},"includedScopes":[]},"contributions":{},"includedScopes":[]},"contributions":{},"includedScopes":[]},"contributions":{},"includedScopes":[]}]},"contributions":{},"includedScopes":[]},"contributions":{},"includedScopes":[]},"sentences":[{"condition":{"args":[{"id":"2af3eb3c-de33-496d-9c08-3c563aaed32e","metadata":[],"name":"materia","scope":{"containerScope":{"containerScope":{"containerScope":{"containerScope":{"containerScope":{"containerScope":{"containerScope":{"containerScope":{"contributions":{},"includedScopes":[]},"contributions":{},"includedScopes":[]},"contributions":{},"includedScopes":[]},"contributions":{},"includedScopes":[{"containerScope":{"containerScope":{"containerScope":{"contributions":{},"includedScopes":[]},"contributions":{},"includedScopes":[]},"contributions":{},"includedScopes":[]},"contributions":{},"includedScopes":[]}]},"contributions":{},"includedScopes":[]},"contributions":{},"includedScopes":[]},"contributions":{},"includedScopes":[]},"contributions":{},"includedScopes":[]},"contributions":{},"includedScopes":[]},"sourceMap":{"end":{"column":24,"line":6,"offset":112},"start":{"column":17,"line":6,"offset":105}}}],"id":"dd676bde-ac9f-4405-80b4-dab52707c1a1","message":"aprobo","metadata":[],"receiver":{"id":"db4c36ea-8bf6-42a5-bc5d-f22bbfb23b0d","metadata":[],"scope":{"containerScope":{"containerScope":{"containerScope":{"containerScope":{"containerScope":{"containerScope":{"containerScope":{"containerScope":{"contributions":{},"includedScopes":[]},"contributions":{},"includedScopes":[]},"contributions":{},"includedScopes":[]},"contributions":{},"includedScopes":[{"containerScope":{"containerScope":{"containerScope":{"contributions":{},"includedScopes":[]},"contributions":{},"includedScopes":[]},"contributions":{},"includedScopes":[]},"contributions":{},"includedScopes":[]}]},"contributions":{},"includedScopes":[]},"contributions":{},"includedScopes":[]},"contributions":{},"includedScopes":[]},"contributions":{},"includedScopes":[]},"contributions":{},"includedScopes":[]},"sourceMap":{"end":{"column":9,"line":6,"offset":97},"start":{"column":5,"line":6,"offset":93}}},"scope":{"containerScope":{"containerScope":{"containerScope":{"containerScope":{"containerScope":{"containerScope":{"containerScope":{"contributions":{},"includedScopes":[]},"contributions":{},"includedScopes":[]},"contributions":{},"includedScopes":[]},"contributions":{},"includedScopes":[{"containerScope":{"containerScope":{"containerScope":{"contributions":{},"includedScopes":[]},"contributions":{},"includedScopes":[]},"contributions":{},"includedScopes":[]},"contributions":{},"includedScopes":[]}]},"contributions":{},"includedScopes":[]},"contributions":{},"includedScopes":[]},"contributions":{},"includedScopes":[]},"contributions":{},"includedScopes":[]},"sourceMap":{"end":{"column":25,"line":6,"offset":113},"start":{"column":5,"line":6,"offset":93}}},"elseBody":{"id":"511f35b4-8166-4bd2-8ce6-e34d32f60dc1","metadata":[],"scope":{"containerScope":{"containerScope":{"containerScope":{"containerScope":{"containerScope":{"containerScope":{"containerScope":{"contributions":{},"includedScopes":[]},"contributions":{},"includedScopes":[]},"contributions":{},"includedScopes":[]},"contributions":{},"includedScopes":[{"containerScope":{"containerScope":{"containerScope":{"contributions":{},"includedScopes":[]},"contributions":{},"includedScopes":[]},"contributions":{},"includedScopes":[]},"contributions":{},"includedScopes":[]}]},"contributions":{},"includedScopes":[]},"contributions":{},"includedScopes":[]},"contributions":{},"includedScopes":[]},"contributions":{},"includedScopes":[]},"sentences":[]},"id":"005aa3fd-507d-4f9a-a3f6-486fb605739a","metadata":[],"scope":{"containerScope":{"containerScope":{"containerScope":{"containerScope":{"containerScope":{"containerScope":{"contributions":{},"includedScopes":[]},"contributions":{},"includedScopes":[]},"contributions":{},"includedScopes":[]},"contributions":{},"includedScopes":[{"containerScope":{"containerScope":{"containerScope":{"contributions":{},"includedScopes":[]},"contributions":{},"includedScopes":[]},"contributions":{},"includedScopes":[]},"contributions":{},"includedScopes":[]}]},"contributions":{},"includedScopes":[]},"contributions":{},"includedScopes":[]},"contributions":{},"includedScopes":[]},"sourceMap":{"end":{"column":3,"line":8,"offset":181},"start":{"column":2,"line":6,"offset":90}},"thenBody":{"id":"cb6b94b5-5551-4614-884f-b2c98d39d326","metadata":[],"problems":[],"scope":{"containerScope":{"containerScope":{"containerScope":{"containerScope":{"containerScope":{"containerScope":{"containerScope":{"contributions":{},"includedScopes":[]},"contributions":{},"includedScopes":[]},"contributions":{},"includedScopes":[]},"contributions":{},"includedScopes":[{"containerScope":{"containerScope":{"containerScope":{"contributions":{},"includedScopes":[]},"contributions":{},"includedScopes":[]},"contributions":{},"includedScopes":[]},"contributions":{},"includedScopes":[]}]},"contributions":{},"includedScopes":[]},"contributions":{},"includedScopes":[]},"contributions":{},"includedScopes":[]},"contributions":{},"includedScopes":[]},"sentences":[{"args":[{"id":"db0f881d-3550-44c2-9cca-980bd8b15588","metadata":[],"scope":{"containerScope":{"containerScope":{"containerScope":{"containerScope":{"containerScope":{"containerScope":{"containerScope":{"containerScope":{"containerScope":{"contributions":{},"includedScopes":[]},"contributions":{},"includedScopes":[]},"contributions":{},"includedScopes":[]},"contributions":{},"includedScopes":[{"containerScope":{"containerScope":{"containerScope":{"contributions":{},"includedScopes":[]},"contributions":{},"includedScopes":[]},"contributions":{},"includedScopes":[]},"contributions":{},"includedScopes":[]}]},"contributions":{},"includedScopes":[]},"contributions":{},"includedScopes":[]},"contributions":{},"includedScopes":[]},"contributions":{},"includedScopes":[]},"contributions":{},"includedScopes":[]},"contributions":{},"includedScopes":[]},"sourceMap":{"end":{"column":60,"line":7,"offset":176},"start":{"column":14,"line":7,"offset":130}},"value":"Ya se registro la aprobacion de esta materia"}],"id":"5ac861ac-722f-48dc-8af6-ff8b7a115cad","message":"error","metadata":[],"receiver":{"id":"4410203e-29c2-4676-b177-d5300e98e928","metadata":[],"scope":{"containerScope":{"containerScope":{"containerScope":{"containerScope":{"containerScope":{"containerScope":{"containerScope":{"containerScope":{"containerScope":{"contributions":{},"includedScopes":[]},"contributions":{},"includedScopes":[]},"contributions":{},"includedScopes":[]},"contributions":{},"includedScopes":[{"containerScope":{"containerScope":{"containerScope":{"contributions":{},"includedScopes":[]},"contributions":{},"includedScopes":[]},"contributions":{},"includedScopes":[]},"contributions":{},"includedScopes":[]}]},"contributions":{},"includedScopes":[]},"contributions":{},"includedScopes":[]},"contributions":{},"includedScopes":[]},"contributions":{},"includedScopes":[]},"contributions":{},"includedScopes":[]},"contributions":{},"includedScopes":[]},"sourceMap":{"end":{"column":7,"line":7,"offset":123},"start":{"column":3,"line":7,"offset":119}}},"scope":{"containerScope":{"containerScope":{"containerScope":{"containerScope":{"containerScope":{"containerScope":{"containerScope":{"containerScope":{"contributions":{},"includedScopes":[]},"contributions":{},"includedScopes":[]},"contributions":{},"includedScopes":[]},"contributions":{},"includedScopes":[{"containerScope":{"containerScope":{"containerScope":{"contributions":{},"includedScopes":[]},"contributions":{},"includedScopes":[]},"contributions":{},"includedScopes":[]},"contributions":{},"includedScopes":[]}]},"contributions":{},"includedScopes":[]},"contributions":{},"includedScopes":[]},"contributions":{},"includedScopes":[]},"contributions":{},"includedScopes":[]},"contributions":{},"includedScopes":[]},"sourceMap":{"end":{"column":61,"line":7,"offset":177},"start":{"column":3,"line":7,"offset":119}}}],"sourceMap":{"end":{"column":3,"line":8,"offset":181},"start":{"column":26,"line":6,"offset":114}}}},{"args":[{"args":[{"id":"cc232b58-b585-4316-aeba-7ee0a2468298","metadata":[],"name":"materia","scope":{"containerScope":{"containerScope":{"containerScope":{"containerScope":{"containerScope":{"containerScope":{"containerScope":{"containerScope":{"contributions":{},"includedScopes":[]},"contributions":{},"includedScopes":[]},"contributions":{},"includedScopes":[]},"contributions":{},"includedScopes":[{"containerScope":{"containerScope":{"containerScope":{"contributions":{},"includedScopes":[]},"contributions":{},"includedScopes":[]},"contributions":{},"includedScopes":[]},"contributions":{},"includedScopes":[]}]},"contributions":{},"includedScopes":[]},"contributions":{},"includedScopes":[]},"contributions":{},"includedScopes":[]},"contributions":{},"includedScopes":[]},"contributions":{},"includedScopes":[]},"sourceMap":{"end":{"column":61,"line":9,"offset":243},"start":{"column":44,"line":9,"offset":226}},"value":{"id":"410b1960-01ea-46d0-a2e3-f181d1bb023c","metadata":[],"name":"materia","scope":{"containerScope":{"containerScope":{"containerScope":{"containerScope":{"containerScope":{"containerScope":{"containerScope":{"containerScope":{"containerScope":{"contributions":{},"includedScopes":[]},"contributions":{},"includedScopes":[]},"contributions":{},"includedScopes":[]},"contributions":{},"includedScopes":[{"containerScope":{"containerScope":{"containerScope":{"contributions":{},"includedScopes":[]},"contributions":{},"includedScopes":[]},"contributions":{},"includedScopes":[]},"contributions":{},"includedScopes":[]}]},"contributions":{},"includedScopes":[]},"contributions":{},"includedScopes":[]},"contributions":{},"includedScopes":[]},"contributions":{},"includedScopes":[]},"contributions":{},"includedScopes":[]},"contributions":{},"includedScopes":[]},"sourceMap":{"end":{"column":61,"line":9,"offset":243},"start":{"column":54,"line":9,"offset":236}}}},{"id":"3708ed24-dbd4-4906-b22c-bdf726ccd9f5","metadata":[],"name":"nota","scope":{"containerScope":{"containerScope":{"containerScope":{"containerScope":{"containerScope":{"containerScope":{"containerScope":{"containerScope":{"contributions":{},"includedScopes":[]},"contributions":{},"includedScopes":[]},"contributions":{},"includedScopes":[]},"contributions":{},"includedScopes":[{"containerScope":{"containerScope":{"containerScope":{"contributions":{},"includedScopes":[]},"contributions":{},"includedScopes":[]},"contributions":{},"includedScopes":[]},"contributions":{},"includedScopes":[]}]},"contributions":{},"includedScopes":[]},"contributions":{},"includedScopes":[]},"contributions":{},"includedScopes":[]},"contributions":{},"includedScopes":[]},"contributions":{},"includedScopes":[]},"sourceMap":{"end":{"column":25,"line":10,"offset":270},"start":{"column":14,"line":10,"offset":259}},"value":{"id":"9fc6157e-1aa4-4f69-8c0d-55f9069203c2","metadata":[],"name":"nota","scope":{"containerScope":{"containerScope":{"containerScope":{"containerScope":{"containerScope":{"containerScope":{"containerScope":{"containerScope":{"containerScope":{"contributions":{},"includedScopes":[]},"contributions":{},"includedScopes":[]},"contributions":{},"includedScopes":[]},"contributions":{},"includedScopes":[{"containerScope":{"containerScope":{"containerScope":{"contributions":{},"includedScopes":[]},"contributions":{},"includedScopes":[]},"contributions":{},"includedScopes":[]},"contributions":{},"includedScopes":[]}]},"contributions":{},"includedScopes":[]},"contributions":{},"includedScopes":[]},"contributions":{},"includedScopes":[]},"contributions":{},"includedScopes":[]},"contributions":{},"includedScopes":[]},"contributions":{},"includedScopes":[]},"sourceMap":{"end":{"column":25,"line":10,"offset":270},"start":{"column":21,"line":10,"offset":266}}}}],"id":"d261ae3e-9d5d-4aa6-929d-6fa22cf1fc5b","instantiated":{"id":"8e8345a7-5be9-4ce6-bcd9-2b31e21020dc","metadata":[],"name":"materiaAprobada","scope":{"containerScope":{"containerScope":{"containerScope":{"containerScope":{"containerScope":{"containerScope":{"containerScope":{"containerScope":{"contributions":{},"includedScopes":[]},"contributions":{},"includedScopes":[]},"contributions":{},"includedScopes":[]},"contributions":{},"includedScopes":[{"containerScope":{"containerScope":{"containerScope":{"contributions":{},"includedScopes":[]},"contributions":{},"includedScopes":[]},"contributions":{},"includedScopes":[]},"contributions":{},"includedScopes":[]}]},"contributions":{},"includedScopes":[]},"contributions":{},"includedScopes":[]},"contributions":{},"includedScopes":[]},"contributions":{},"includedScopes":[]},"contributions":{},"includedScopes":[]},"sourceMap":{"end":{"column":43,"line":9,"offset":225},"start":{"column":28,"line":9,"offset":210}}},"metadata":[],"scope":{"containerScope":{"containerScope":{"containerScope":{"containerScope":{"containerScope":{"containerScope":{"containerScope":{"contributions":{},"includedScopes":[]},"contributions":{},"includedScopes":[]},"contributions":{},"includedScopes":[]},"contributions":{},"includedScopes":[{"containerScope":{"containerScope":{"containerScope":{"contributions":{},"includedScopes":[]},"contributions":{},"includedScopes":[]},"contributions":{},"includedScopes":[]},"contributions":{},"includedScopes":[]}]},"contributions":{},"includedScopes":[]},"contributions":{},"includedScopes":[]},"contributions":{},"includedScopes":[]},"contributions":{},"includedScopes":[]},"sourceMap":{"end":{"column":26,"line":10,"offset":271},"start":{"column":24,"line":9,"offset":206}}}],"id":"50b41669-7147-4bef-a942-0f74805d03cd","message":"add","metadata":[],"receiver":{"id":"fe9f526e-0661-436b-a123-ee96c67f0163","metadata":[],"name":"materiasAprobadas","scope":{"containerScope":{"containerScope":{"containerScope":{"containerScope":{"containerScope":{"containerScope":{"containerScope":{"contributions":{},"includedScopes":[]},"contributions":{},"includedScopes":[]},"contributions":{},"includedScopes":[]},"contributions":{},"includedScopes":[{"containerScope":{"containerScope":{"containerScope":{"contributions":{},"includedScopes":[]},"contributions":{},"includedScopes":[]},"contributions":{},"includedScopes":[]},"contributions":{},"includedScopes":[]}]},"contributions":{},"includedScopes":[]},"contributions":{},"includedScopes":[]},"contributions":{},"includedScopes":[]},"contributions":{},"includedScopes":[]},"sourceMap":{"end":{"column":19,"line":9,"offset":201},"start":{"column":2,"line":9,"offset":184}}},"scope":{"containerScope":{"containerScope":{"containerScope":{"containerScope":{"containerScope":{"containerScope":{"contributions":{},"includedScopes":[]},"contributions":{},"includedScopes":[]},"contributions":{},"includedScopes":[]},"contributions":{},"includedScopes":[{"containerScope":{"containerScope":{"containerScope":{"contributions":{},"includedScopes":[]},"contributions":{},"includedScopes":[]},"contributions":{},"includedScopes":[]},"contributions":{},"includedScopes":[]}]},"contributions":{},"includedScopes":[]},"contributions":{},"includedScopes":[]},"contributions":{},"includedScopes":[]},"sourceMap":{"end":{"column":27,"line":10,"offset":272},"start":{"column":1,"line":9,"offset":184}}}],"sourceMap":{"end":{"column":4,"line":11,"offset":277},"start":{"column":32,"line":5,"offset":86}}},"compiled":false,"id":"0a18d2b6-2f42-416e-9191-5fb8f0a61a06","isOverride":false,"metadata":[],"name":"aprobar","parameters":[{"id":"9cbf4435-2cfd-45c0-adbf-948718e7fe5d","isVarArg":false,"metadata":[],"name":"materia","scope":{"containerScope":{"containerScope":{"containerScope":{"containerScope":{"containerScope":{"contributions":{},"includedScopes":[]},"contributions":{},"includedScopes":[]},"contributions":{},"includedScopes":[]},"contributions":{},"includedScopes":[{"containerScope":{"containerScope":{"containerScope":{"contributions":{},"includedScopes":[]},"contributions":{},"includedScopes":[]},"contributions":{},"includedScopes":[]},"contributions":{},"includedScopes":[]}]},"contributions":{},"includedScopes":[]},"contributions":{},"includedScopes":[]},"sourceMap":{"end":{"column":24,"line":5,"offset":78},"start":{"column":17,"line":5,"offset":71}}},{"id":"26eb2c45-6b82-4d89-b34d-18251204c0d6","isVarArg":false,"metadata":[],"name":"nota","scope":{"containerScope":{"containerScope":{"containerScope":{"containerScope":{"containerScope":{"contributions":{},"includedScopes":[]},"contributions":{},"includedScopes":[]},"contributions":{},"includedScopes":[]},"contributions":{},"includedScopes":[{"containerScope":{"containerScope":{"containerScope":{"contributions":{},"includedScopes":[]},"contributions":{},"includedScopes":[]},"contributions":{},"includedScopes":[]},"contributions":{},"includedScopes":[]}]},"contributions":{},"includedScopes":[]},"contributions":{},"includedScopes":[]},"sourceMap":{"end":{"column":30,"line":5,"offset":84},"start":{"column":26,"line":5,"offset":80}}}],"problems":[],"scope":{"containerScope":{"containerScope":{"containerScope":{"containerScope":{"contributions":{},"includedScopes":[]},"contributions":{},"includedScopes":[]},"contributions":{},"includedScopes":[]},"contributions":{},"includedScopes":[{"containerScope":{"containerScope":{"containerScope":{"contributions":{},"includedScopes":[]},"contributions":{},"includedScopes":[]},"contributions":{},"includedScopes":[]},"contributions":{},"includedScopes":[]}]},"contributions":{},"includedScopes":[]},"sourceMap":{"end":{"column":4,"line":11,"offset":277},"start":{"column":2,"line":5,"offset":56}}},{"body":{"id":"b90efb41-bdf0-4954-a6d1-46c3c4029582","metadata":[],"problems":[],"scope":{"containerScope":{"containerScope":{"containerScope":{"containerScope":{"containerScope":{"contributions":{},"includedScopes":[]},"contributions":{},"includedScopes":[]},"contributions":{},"includedScopes":[]},"contributions":{},"includedScopes":[{"containerScope":{"containerScope":{"containerScope":{"contributions":{},"includedScopes":[]},"contributions":{},"includedScopes":[]},"contributions":{},"includedScopes":[]},"contributions":{},"includedScopes":[]}]},"contributions":{},"includedScopes":[]},"contributions":{},"includedScopes":[]},"sentences":[{"id":"16b5933f-bafb-430a-85b6-5d0b7efa4c62","metadata":[],"scope":{"containerScope":{"containerScope":{"containerScope":{"containerScope":{"containerScope":{"containerScope":{"contributions":{},"includedScopes":[]},"contributions":{},"includedScopes":[]},"contributions":{},"includedScopes":[]},"contributions":{},"includedScopes":[{"containerScope":{"containerScope":{"containerScope":{"contributions":{},"includedScopes":[]},"contributions":{},"includedScopes":[]},"contributions":{},"includedScopes":[]},"contributions":{},"includedScopes":[]}]},"contributions":{},"includedScopes":[]},"contributions":{},"includedScopes":[]},"contributions":{},"includedScopes":[]},"sourceMap":{"end":{"column":90,"line":14,"offset":397},"start":{"column":3,"line":14,"offset":310}},"value":{"args":[{"id":"a6ad1ab3-b89b-438d-9815-cc5ba548d880","members":[{"body":{"id":"5ea27ee0-eae9-4490-b5aa-dd8168780957","metadata":[],"scope":{"containerScope":{"containerScope":{"containerScope":{"containerScope":{"containerScope":{"containerScope":{"containerScope":{"containerScope":{"containerScope":{"containerScope":{"contributions":{},"includedScopes":[]},"contributions":{},"includedScopes":[]},"contributions":{},"includedScopes":[]},"contributions":{},"includedScopes":[{"containerScope":{"containerScope":{"containerScope":{"contributions":{},"includedScopes":[]},"contributions":{},"includedScopes":[]},"contributions":{},"includedScopes":[]},"contributions":{},"includedScopes":[]}]},"contributions":{},"includedScopes":[]},"contributions":{},"includedScopes":[]},"contributions":{},"includedScopes":[]},"contributions":{},"includedScopes":[]},"contributions":{},"includedScopes":[{"containerScope":{"containerScope":{"containerScope":{"contributions":{},"includedScopes":[]},"contributions":{},"includedScopes":[]},"contributions":{},"includedScopes":[]},"contributions":{},"includedScopes":[{"containerScope":{"containerScope":{"containerScope":{"contributions":{},"includedScopes":[]},"contributions":{},"includedScopes":[]},"contributions":{},"includedScopes":[]},"contributions":{},"includedScopes":[]}]},{"containerScope":{"containerScope":{"containerScope":{"contributions":{},"includedScopes":[]},"contributions":{},"includedScopes":[]},"contributions":{},"includedScopes":[]},"contributions":{},"includedScopes":[]}]},"contributions":{},"includedScopes":[]},"contributions":{},"includedScopes":[]},"sentences":[{"id":"0b5e1dc0-ee50-4163-bd77-150d89dbe400","metadata":[],"scope":{"containerScope":{"containerScope":{"containerScope":{"containerScope":{"containerScope":{"containerScope":{"containerScope":{"containerScope":{"containerScope":{"containerScope":{"containerScope":{"contributions":{},"includedScopes":[]},"contributions":{},"includedScopes":[]},"contributions":{},"includedScopes":[]},"contributions":{},"includedScopes":[{"containerScope":{"containerScope":{"containerScope":{"contributions":{},"includedScopes":[]},"contributions":{},"includedScopes":[]},"contributions":{},"includedScopes":[]},"contributions":{},"includedScopes":[]}]},"contributions":{},"includedScopes":[]},"contributions":{},"includedScopes":[]},"contributions":{},"includedScopes":[]},"contributions":{},"includedScopes":[]},"contributions":{},"includedScopes":[{"containerScope":{"containerScope":{"containerScope":{"contributions":{},"includedScopes":[]},"contributions":{},"includedScopes":[]},"contributions":{},"includedScopes":[]},"contributions":{},"includedScopes":[{"containerScope":{"containerScope":{"containerScope":{"contributions":{},"includedScopes":[]},"contributions":{},"includedScopes":[]},"contributions":{},"includedScopes":[]},"contributions":{},"includedScopes":[]}]},{"containerScope":{"containerScope":{"containerScope":{"contributions":{},"includedScopes":[]},"contributions":{},"includedScopes":[]},"contributions":{},"includedScopes":[]},"contributions":{},"includedScopes":[]}]},"contributions":{},"includedScopes":[]},"contributions":{},"includedScopes":[]},"contributions":{},"includedScopes":[]},"value":{"args":[{"id":"99a2b3a6-b589-4b46-9eae-0fbce3c36936","metadata":[],"name":"materia","scope":{"containerScope":{"containerScope":{"containerScope":{"containerScope":{"containerScope":{"containerScope":{"containerScope":{"containerScope":{"containerScope":{"containerScope":{"containerScope":{"containerScope":{"containerScope":{"contributions":{},"includedScopes":[]},"contributions":{},"includedScopes":[]},"contributions":{},"includedScopes":[]},"contributions":{},"includedScopes":[{"containerScope":{"containerScope":{"containerScope":{"contributions":{},"includedScopes":[]},"contributions":{},"includedScopes":[]},"contributions":{},"includedScopes":[]},"contributions":{},"includedScopes":[]}]},"contributions":{},"includedScopes":[]},"contributions":{},"includedScopes":[]},"contributions":{},"includedScopes":[]},"contributions":{},"includedScopes":[]},"contributions":{},"includedScopes":[{"containerScope":{"containerScope":{"containerScope":{"contributions":{},"includedScopes":[]},"contributions":{},"includedScopes":[]},"contributions":{},"includedScopes":[]},"contributions":{},"includedScopes":[{"containerScope":{"containerScope":{"containerScope":{"contributions":{},"includedScopes":[]},"contributions":{},"includedScopes":[]},"contributions":{},"includedScopes":[]},"contributions":{},"includedScopes":[]}]},{"containerScope":{"containerScope":{"containerScope":{"contributions":{},"includedScopes":[]},"contributions":{},"includedScopes":[]},"contributions":{},"includedScopes":[]},"contributions":{},"includedScopes":[]}]},"contributions":{},"includedScopes":[]},"contributions":{},"includedScopes":[]},"contributions":{},"includedScopes":[]},"contributions":{},"includedScopes":[]},"contributions":{},"includedScopes":[]},"sourceMap":{"end":{"column":88,"line":14,"offset":395},"start":{"column":81,"line":14,"offset":388}}}],"id":"9f3a3afb-b809-4962-9e2c-b6b902eb299c","message":"==","metadata":[],"receiver":{"args":[],"id":"9478d760-189d-4083-8b4c-daec07562603","message":"materia","metadata":[],"receiver":{"id":"2c8844c4-0e01-49c5-953a-d0b042a0edec","metadata":[],"name":"materiaAprobada","scope":{"containerScope":{"containerScope":{"containerScope":{"containerScope":{"containerScope":{"containerScope":{"containerScope":{"containerScope":{"containerScope":{"containerScope":{"containerScope":{"containerScope":{"containerScope":{"containerScope":{"contributions":{},"includedScopes":[]},"contributions":{},"includedScopes":[]},"contributions":{},"includedScopes":[]},"contributions":{},"includedScopes":[{"containerScope":{"containerScope":{"containerScope":{"contributions":{},"includedScopes":[]},"contributions":{},"includedScopes":[]},"contributions":{},"includedScopes":[]},"contributions":{},"includedScopes":[]}]},"contributions":{},"includedScopes":[]},"contributions":{},"includedScopes":[]},"contributions":{},"includedScopes":[]},"contributions":{},"includedScopes":[]},"contributions":{},"includedScopes":[{"containerScope":{"containerScope":{"containerScope":{"contributions":{},"includedScopes":[]},"contributions":{},"includedScopes":[]},"contributions":{},"includedScopes":[]},"contributions":{},"includedScopes":[{"containerScope":{"containerScope":{"containerScope":{"contributions":{},"includedScopes":[]},"contributions":{},"includedScopes":[]},"contributions":{},"includedScopes":[]},"contributions":{},"includedScopes":[]}]},{"containerScope":{"containerScope":{"containerScope":{"contributions":{},"includedScopes":[]},"contributions":{},"includedScopes":[]},"contributions":{},"includedScopes":[]},"contributions":{},"includedScopes":[]}]},"contributions":{},"includedScopes":[]},"contributions":{},"includedScopes":[]},"contributions":{},"includedScopes":[]},"contributions":{},"includedScopes":[]},"contributions":{},"includedScopes":[]},"contributions":{},"includedScopes":[]},"sourceMap":{"end":{"column":67,"line":14,"offset":374},"start":{"column":52,"line":14,"offset":359}}},"scope":{"containerScope":{"containerScope":{"containerScope":{"containerScope":{"containerScope":{"containerScope":{"containerScope":{"containerScope":{"containerScope":{"containerScope":{"containerScope":{"containerScope":{"containerScope":{"contributions":{},"includedScopes":[]},"contributions":{},"includedScopes":[]},"contributions":{},"includedScopes":[]},"contributions":{},"includedScopes":[{"containerScope":{"containerScope":{"containerScope":{"contributions":{},"includedScopes":[]},"contributions":{},"includedScopes":[]},"contributions":{},"includedScopes":[]},"contributions":{},"includedScopes":[]}]},"contributions":{},"includedScopes":[]},"contributions":{},"includedScopes":[]},"contributions":{},"includedScopes":[]},"contributions":{},"includedScopes":[]},"contributions":{},"includedScopes":[{"containerScope":{"containerScope":{"containerScope":{"contributions":{},"includedScopes":[]},"contributions":{},"includedScopes":[]},"contributions":{},"includedScopes":[]},"contributions":{},"includedScopes":[{"containerScope":{"containerScope":{"containerScope":{"contributions":{},"includedScopes":[]},"contributions":{},"includedScopes":[]},"contributions":{},"includedScopes":[]},"contributions":{},"includedScopes":[]}]},{"containerScope":{"containerScope":{"containerScope":{"contributions":{},"includedScopes":[]},"contributions":{},"includedScopes":[]},"contributions":{},"includedScopes":[]},"contributions":{},"includedScopes":[]}]},"contributions":{},"includedScopes":[]},"contributions":{},"includedScopes":[]},"contributions":{},"includedScopes":[]},"contributions":{},"includedScopes":[]},"contributions":{},"includedScopes":[]},"sourceMap":{"end":{"column":77,"line":14,"offset":384},"start":{"column":52,"line":14,"offset":359}}},"scope":{"containerScope":{"containerScope":{"containerScope":{"containerScope":{"containerScope":{"containerScope":{"containerScope":{"containerScope":{"containerScope":{"containerScope":{"containerScope":{"containerScope":{"contributions":{},"includedScopes":[]},"contributions":{},"includedScopes":[]},"contributions":{},"includedScopes":[]},"contributions":{},"includedScopes":[{"containerScope":{"containerScope":{"containerScope":{"contributions":{},"includedScopes":[]},"contributions":{},"includedScopes":[]},"contributions":{},"includedScopes":[]},"contributions":{},"includedScopes":[]}]},"contributions":{},"includedScopes":[]},"contributions":{},"includedScopes":[]},"contributions":{},"includedScopes":[]},"contributions":{},"includedScopes":[]},"contributions":{},"includedScopes":[{"containerScope":{"containerScope":{"containerScope":{"contributions":{},"includedScopes":[]},"contributions":{},"includedScopes":[]},"contributions":{},"includedScopes":[]},"contributions":{},"includedScopes":[{"containerScope":{"containerScope":{"containerScope":{"contributions":{},"includedScopes":[]},"contributions":{},"includedScopes":[]},"contributions":{},"includedScopes":[]},"contributions":{},"includedScopes":[]}]},{"containerScope":{"containerScope":{"containerScope":{"contributions":{},"includedScopes":[]},"contributions":{},"includedScopes":[]},"contributions":{},"includedScopes":[]},"contributions":{},"includedScopes":[]}]},"contributions":{},"includedScopes":[]},"contributions":{},"includedScopes":[]},"contributions":{},"includedScopes":[]},"contributions":{},"includedScopes":[]},"sourceMap":{"end":{"column":88,"line":14,"offset":395},"start":{"column":52,"line":14,"offset":359}}}}]},"compiled":false,"id":"dccd1c3e-26b2-42f1-ad1a-f45784ce2775","isOverride":false,"metadata":[],"name":"<apply>","parameters":[{"id":"6d3e4982-c849-4b5d-99ee-47052cfa0880","isVarArg":false,"metadata":[],"name":"materiaAprobada","scope":{"containerScope":{"containerScope":{"containerScope":{"containerScope":{"containerScope":{"containerScope":{"containerScope":{"containerScope":{"containerScope":{"containerScope":{"contributions":{},"includedScopes":[]},"contributions":{},"includedScopes":[]},"contributions":{},"includedScopes":[]},"contributions":{},"includedScopes":[{"containerScope":{"containerScope":{"containerScope":{"contributions":{},"includedScopes":[]},"contributions":{},"includedScopes":[]},"contributions":{},"includedScopes":[]},"contributions":{},"includedScopes":[]}]},"contributions":{},"includedScopes":[]},"contributions":{},"includedScopes":[]},"contributions":{},"includedScopes":[]},"contributions":{},"includedScopes":[]},"contributions":{},"includedScopes":[{"containerScope":{"containerScope":{"containerScope":{"contributions":{},"includedScopes":[]},"contributions":{},"includedScopes":[]},"contributions":{},"includedScopes":[]},"contributions":{},"includedScopes":[{"containerScope":{"containerScope":{"containerScope":{"contributions":{},"includedScopes":[]},"contributions":{},"includedScopes":[]},"contributions":{},"includedScopes":[]},"contributions":{},"includedScopes":[]}]},{"containerScope":{"containerScope":{"containerScope":{"contributions":{},"includedScopes":[]},"contributions":{},"includedScopes":[]},"contributions":{},"includedScopes":[]},"contributions":{},"includedScopes":[]}]},"contributions":{},"includedScopes":[]},"contributions":{},"includedScopes":[]},"sourceMap":{"end":{"column":48,"line":14,"offset":355},"start":{"column":33,"line":14,"offset":340}}}],"scope":{"containerScope":{"containerScope":{"containerScope":{"containerScope":{"containerScope":{"containerScope":{"containerScope":{"containerScope":{"containerScope":{"contributions":{},"includedScopes":[]},"contributions":{},"includedScopes":[]},"contributions":{},"includedScopes":[]},"contributions":{},"includedScopes":[{"containerScope":{"containerScope":{"containerScope":{"contributions":{},"includedScopes":[]},"contributions":{},"includedScopes":[]},"contributions":{},"includedScopes":[]},"contributions":{},"includedScopes":[]}]},"contributions":{},"includedScopes":[]},"contributions":{},"includedScopes":[]},"contributions":{},"includedScopes":[]},"contributions":{},"includedScopes":[]},"contributions":{},"includedScopes":[{"containerScope":{"containerScope":{"containerScope":{"contributions":{},"includedScopes":[]},"contributions":{},"includedScopes":[]},"contributions":{},"includedScopes":[]},"contributions":{},"includedScopes":[{"containerScope":{"containerScope":{"containerScope":{"contributions":{},"includedScopes":[]},"contributions":{},"includedScopes":[]},"contributions":{},"includedScopes":[]},"contributions":{},"includedScopes":[]}]},{"containerScope":{"containerScope":{"containerScope":{"contributions":{},"includedScopes":[]},"contributions":{},"includedScopes":[]},"contributions":{},"includedScopes":[]},"contributions":{},"includedScopes":[]}]},"contributions":{},"includedScopes":[]}},{"id":"5c731fef-c437-461b-b0e2-1774d5c71847","isConstant":true,"isProperty":false,"metadata":[],"name":"<toString>","scope":{"containerScope":{"containerScope":{"containerScope":{"containerScope":{"containerScope":{"containerScope":{"containerScope":{"containerScope":{"containerScope":{"contributions":{},"includedScopes":[]},"contributions":{},"includedScopes":[]},"contributions":{},"includedScopes":[]},"contributions":{},"includedScopes":[{"containerScope":{"containerScope":{"containerScope":{"contributions":{},"includedScopes":[]},"contributions":{},"includedScopes":[]},"contributions":{},"includedScopes":[]},"contributions":{},"includedScopes":[]}]},"contributions":{},"includedScopes":[]},"contributions":{},"includedScopes":[]},"contributions":{},"includedScopes":[]},"contributions":{},"includedScopes":[]},"contributions":{},"includedScopes":[{"containerScope":{"containerScope":{"containerScope":{"contributions":{},"includedScopes":[]},"contributions":{},"includedScopes":[]},"contributions":{},"includedScopes":[]},"contributions":{},"includedScopes":[{"containerScope":{"containerScope":{"containerScope":{"contributions":{},"includedScopes":[]},"contributions":{},"includedScopes":[]},"contributions":{},"includedScopes":[]},"contributions":{},"includedScopes":[]}]},{"containerScope":{"containerScope":{"containerScope":{"contributions":{},"includedScopes":[]},"contributions":{},"includedScopes":[]},"contributions":{},"includedScopes":[]},"contributions":{},"includedScopes":[]}]},"contributions":{},"includedScopes":[]},"value":{"id":"90610e9a-98b9-4d09-8287-4b70246211de","metadata":[],"scope":{"containerScope":{"containerScope":{"containerScope":{"containerScope":{"containerScope":{"containerScope":{"containerScope":{"containerScope":{"containerScope":{"containerScope":{"contributions":{},"includedScopes":[]},"contributions":{},"includedScopes":[]},"contributions":{},"includedScopes":[]},"contributions":{},"includedScopes":[{"containerScope":{"containerScope":{"containerScope":{"contributions":{},"includedScopes":[]},"contributions":{},"includedScopes":[]},"contributions":{},"includedScopes":[]},"contributions":{},"includedScopes":[]}]},"contributions":{},"includedScopes":[]},"contributions":{},"includedScopes":[]},"contributions":{},"includedScopes":[]},"contributions":{},"includedScopes":[]},"contributions":{},"includedScopes":[{"containerScope":{"containerScope":{"containerScope":{"contributions":{},"includedScopes":[]},"contributions":{},"includedScopes":[]},"contributions":{},"includedScopes":[]},"contributions":{},"includedScopes":[{"containerScope":{"containerScope":{"containerScope":{"contributions":{},"includedScopes":[]},"contributions":{},"includedScopes":[]},"contributions":{},"includedScopes":[]},"contributions":{},"includedScopes":[]}]},{"containerScope":{"containerScope":{"containerScope":{"contributions":{},"includedScopes":[]},"contributions":{},"includedScopes":[]},"contributions":{},"includedScopes":[]},"contributions":{},"includedScopes":[]}]},"contributions":{},"includedScopes":[]},"contributions":{},"includedScopes":[]},"value":"{materiaAprobada => materiaAprobada.materia() == materia}"}}],"metadata":[],"scope":{"containerScope":{"containerScope":{"containerScope":{"containerScope":{"containerScope":{"containerScope":{"containerScope":{"containerScope":{"contributions":{},"includedScopes":[]},"contributions":{},"includedScopes":[]},"contributions":{},"includedScopes":[]},"contributions":{},"includedScopes":[{"containerScope":{"containerScope":{"containerScope":{"contributions":{},"includedScopes":[]},"contributions":{},"includedScopes":[]},"contributions":{},"includedScopes":[]},"contributions":{},"includedScopes":[]}]},"contributions":{},"includedScopes":[]},"contributions":{},"includedScopes":[]},"contributions":{},"includedScopes":[]},"contributions":{},"includedScopes":[]},"contributions":{},"includedScopes":[{"containerScope":{"containerScope":{"containerScope":{"contributions":{},"includedScopes":[]},"contributions":{},"includedScopes":[]},"contributions":{},"includedScopes":[]},"contributions":{},"includedScopes":[{"containerScope":{"containerScope":{"containerScope":{"contributions":{},"includedScopes":[]},"contributions":{},"includedScopes":[]},"contributions":{},"includedScopes":[]},"contributions":{},"includedScopes":[]}]},{"containerScope":{"containerScope":{"containerScope":{"contributions":{},"includedScopes":[]},"contributions":{},"includedScopes":[]},"contributions":{},"includedScopes":[]},"contributions":{},"includedScopes":[]}]},"sourceMap":{"end":{"column":89,"line":14,"offset":396},"start":{"column":32,"line":14,"offset":339}},"supertypes":[{"args":[],"id":"c9ccfd5d-fba9-41c5-b78d-cbcedc420e91","metadata":[],"reference":{"id":"d8db7543-3ad4-44d7-bdf8-6b77642bfc28","metadata":[],"name":"wollok.lang.Closure","scope":{"containerScope":{"containerScope":{"containerScope":{"containerScope":{"containerScope":{"containerScope":{"containerScope":{"containerScope":{"containerScope":{"contributions":{},"includedScopes":[]},"contributions":{},"includedScopes":[]},"contributions":{},"includedScopes":[]},"contributions":{},"includedScopes":[{"containerScope":{"containerScope":{"containerScope":{"contributions":{},"includedScopes":[]},"contributions":{},"includedScopes":[]},"contributions":{},"includedScopes":[]},"contributions":{},"includedScopes":[]}]},"contributions":{},"includedScopes":[]},"contributions":{},"includedScopes":[]},"contributions":{},"includedScopes":[]},"contributions":{},"includedScopes":[]},"contributions":{},"includedScopes":[{"containerScope":{"containerScope":{"containerScope":{"contributions":{},"includedScopes":[]},"contributions":{},"includedScopes":[]},"contributions":{},"includedScopes":[]},"contributions":{},"includedScopes":[{"containerScope":{"containerScope":{"containerScope":{"contributions":{},"includedScopes":[]},"contributions":{},"includedScopes":[]},"contributions":{},"includedScopes":[]},"contributions":{},"includedScopes":[]}]},{"containerScope":{"containerScope":{"containerScope":{"contributions":{},"includedScopes":[]},"contributions":{},"includedScopes":[]},"contributions":{},"includedScopes":[]},"contributions":{},"includedScopes":[]}]},"contributions":{},"includedScopes":[]}},"scope":{"containerScope":{"containerScope":{"containerScope":{"containerScope":{"containerScope":{"containerScope":{"containerScope":{"containerScope":{"containerScope":{"contributions":{},"includedScopes":[]},"contributions":{},"includedScopes":[]},"contributions":{},"includedScopes":[]},"contributions":{},"includedScopes":[{"containerScope":{"containerScope":{"containerScope":{"contributions":{},"includedScopes":[]},"contributions":{},"includedScopes":[]},"contributions":{},"includedScopes":[]},"contributions":{},"includedScopes":[]}]},"contributions":{},"includedScopes":[]},"contributions":{},"includedScopes":[]},"contributions":{},"includedScopes":[]},"contributions":{},"includedScopes":[]},"contributions":{},"includedScopes":[{"containerScope":{"containerScope":{"containerScope":{"contributions":{},"includedScopes":[]},"contributions":{},"includedScopes":[]},"contributions":{},"includedScopes":[]},"contributions":{},"includedScopes":[{"containerScope":{"containerScope":{"containerScope":{"contributions":{},"includedScopes":[]},"contributions":{},"includedScopes":[]},"contributions":{},"includedScopes":[]},"contributions":{},"includedScopes":[]}]},{"containerScope":{"containerScope":{"containerScope":{"contributions":{},"includedScopes":[]},"contributions":{},"includedScopes":[]},"contributions":{},"includedScopes":[]},"contributions":{},"includedScopes":[]}]},"contributions":{},"includedScopes":[]}}]}],"id":"331cba57-af79-4b20-a5f3-4b0ed0f12da4","message":"any","metadata":[],"receiver":{"id":"1eca4a91-a1bc-4ac0-a5b7-cad5ea98cbdf","metadata":[],"name":"materiasAprobadas","scope":{"containerScope":{"containerScope":{"containerScope":{"containerScope":{"containerScope":{"containerScope":{"containerScope":{"containerScope":{"contributions":{},"includedScopes":[]},"contributions":{},"includedScopes":[]},"contributions":{},"includedScopes":[]},"contributions":{},"includedScopes":[{"containerScope":{"containerScope":{"containerScope":{"contributions":{},"includedScopes":[]},"contributions":{},"includedScopes":[]},"contributions":{},"includedScopes":[]},"contributions":{},"includedScopes":[]}]},"contributions":{},"includedScopes":[]},"contributions":{},"includedScopes":[]},"contributions":{},"includedScopes":[]},"contributions":{},"includedScopes":[]},"contributions":{},"includedScopes":[]},"sourceMap":{"end":{"column":27,"line":14,"offset":334},"start":{"column":10,"line":14,"offset":317}}},"scope":{"containerScope":{"containerScope":{"containerScope":{"containerScope":{"containerScope":{"containerScope":{"containerScope":{"contributions":{},"includedScopes":[]},"contributions":{},"includedScopes":[]},"contributions":{},"includedScopes":[]},"contributions":{},"includedScopes":[{"containerScope":{"containerScope":{"containerScope":{"contributions":{},"includedScopes":[]},"contributions":{},"includedScopes":[]},"contributions":{},"includedScopes":[]},"contributions":{},"includedScopes":[]}]},"contributions":{},"includedScopes":[]},"contributions":{},"includedScopes":[]},"contributions":{},"includedScopes":[]},"contributions":{},"includedScopes":[]},"sourceMap":{"end":{"column":90,"line":14,"offset":397},"start":{"column":10,"line":14,"offset":317}}}}],"sourceMap":{"end":{"column":3,"line":15,"offset":401},"start":{"column":25,"line":13,"offset":305}}},"compiled":false,"id":"c9001f0c-bc72-407d-a986-5d8e75298251","isOverride":false,"metadata":[],"name":"aprobo","parameters":[{"id":"78934e39-1af1-49aa-a0af-2be00a685857","isVarArg":false,"metadata":[],"name":"materia","scope":{"containerScope":{"containerScope":{"containerScope":{"containerScope":{"containerScope":{"contributions":{},"includedScopes":[]},"contributions":{},"includedScopes":[]},"contributions":{},"includedScopes":[]},"contributions":{},"includedScopes":[{"containerScope":{"containerScope":{"containerScope":{"contributions":{},"includedScopes":[]},"contributions":{},"includedScopes":[]},"contributions":{},"includedScopes":[]},"contributions":{},"includedScopes":[]}]},"contributions":{},"includedScopes":[]},"contributions":{},"includedScopes":[]},"sourceMap":{"end":{"column":23,"line":13,"offset":303},"start":{"column":16,"line":13,"offset":296}}}],"problems":[],"scope":{"containerScope":{"containerScope":{"containerScope":{"containerScope":{"contributions":{},"includedScopes":[]},"contributions":{},"includedScopes":[]},"contributions":{},"includedScopes":[]},"contributions":{},"includedScopes":[{"containerScope":{"containerScope":{"containerScope":{"contributions":{},"includedScopes":[]},"contributions":{},"includedScopes":[]},"contributions":{},"includedScopes":[]},"contributions":{},"includedScopes":[]}]},"contributions":{},"includedScopes":[]},"sourceMap":{"end":{"column":3,"line":15,"offset":401},"start":{"column":2,"line":13,"offset":282}}}],"metadata":[],"name":"Estudiante","problems":[],"scope":{"containerScope":{"containerScope":{"containerScope":{"contributions":{},"includedScopes":[]},"contributions":{},"includedScopes":[]},"contributions":{},"includedScopes":[]},"contributions":{},"includedScopes":[{"containerScope":{"containerScope":{"containerScope":{"contributions":{},"includedScopes":[]},"contributions":{},"includedScopes":[]},"contributions":{},"includedScopes":[]},"contributions":{},"includedScopes":[]}]},"sourceMap":{"end":{"column":2,"line":18,"offset":408},"start":{"column":1,"line":1,"offset":0}},"supertypes":[]}],"metadata":[],"name":"example","problems":[{"code":"malformedEntity","sourceMap":{"end":{"column":2,"line":25,"offset":461},"start":{"column":1,"line":22,"offset":416}}}],"scope":{"containerScope":{"containerScope":{"contributions":{},"includedScopes":[]},"contributions":{},"includedScopes":[]},"contributions":{},"includedScopes":[]}},"stack":"Error: Failed to print, found malformed node\n    at c:\\Users\\estudiante\\.vscode\\extensions\\uqbar.wollok-lsp-ide-0.5.4\\out\\server\\src\\server.js:68:3585\n    at Kbn (c:\\Users\\estudiante\\.vscode\\extensions\\uqbar.wollok-lsp-ide-0.5.4\\out\\server\\src\\server.js:68:3396)\n    at c:\\Users\\estudiante\\.vscode\\extensions\\uqbar.wollok-lsp-ide-0.5.4\\out\\server\\src\\server.js:2398:847\n    at c:\\Users\\estudiante\\.vscode\\extensions\\uqbar.wollok-lsp-ide-0.5.4\\out\\server\\src\\server.js:2398:8440\n    at c:\\Users\\estudiante\\.vscode\\extensions\\uqbar.wollok-lsp-ide-0.5.4\\out\\server\\src\\server.js:37:74770\n    at Ke (c:\\Users\\estudiante\\.vscode\\extensions\\uqbar.wollok-lsp-ide-0.5.4\\out\\server\\src\\server.js:7:8527)\n    at Lt (c:\\Users\\estudiante\\.vscode\\extensions\\uqbar.wollok-lsp-ide-0.5.4\\out\\server\\src\\server.js:7:6189)\n    at ct (c:\\Users\\estudiante\\.vscode\\extensions\\uqbar.wollok-lsp-ide-0.5.4\\out\\server\\src\\server.js:7:6378)\n    at Immediate._onImmediate (c:\\Users\\estudiante\\.vscode\\extensions\\uqbar.wollok-lsp-ide-0.5.4\\out\\server\\src\\server.js:7:6142)\n    at process.processImmediate (node:internal/timers:484:21)","timestamp":"2026-05-13T22:55:02.466Z"}
{"level":"error","message":"✘ Failed to get type description: Error: Failed to print, found malformed node Failed to print, found malformed node","node":{"fileName":"src/example.wlk","id":"2baab15a-49e9-4d28-8cfd-5896fae3a4b5","imports":[],"members":[{"id":"2ff8894f-b74f-4ca1-b358-7130677c4344","members":[{"id":"8e73956d-ebb8-4e07-83d9-04729fcd24e5","isConstant":true,"isProperty":false,"metadata":[],"name":"materiasAprobadas","scope":{"containerScope":{"containerScope":{"containerScope":{"containerScope":{"contributions":{},"includedScopes":[]},"contributions":{},"includedScopes":[]},"contributions":{},"includedScopes":[]},"contributions":{},"includedScopes":[{"containerScope":{"containerScope":{"containerScope":{"contributions":{},"includedScopes":[]},"contributions":{},"includedScopes":[]},"contributions":{},"includedScopes":[]},"contributions":{},"includedScopes":[]}]},"contributions":{},"includedScopes":[]},"sourceMap":{"end":{"column":30,"line":2,"offset":49},"start":{"column":2,"line":2,"offset":21}},"value":{"id":"17a40ec1-82b7-4458-b6b4-94d6efaefca6","metadata":[],"scope":{"containerScope":{"containerScope":{"containerScope":{"containerScope":{"containerScope":{"contributions":{},"includedScopes":[]},"contributions":{},"includedScopes":[]},"contributions":{},"includedScopes":[]},"contributions":{},"includedScopes":[{"containerScope":{"containerScope":{"containerScope":{"contributions":{},"includedScopes":[]},"contributions":{},"includedScopes":[]},"contributions":{},"includedScopes":[]},"contributions":{},"includedScopes":[]}]},"contributions":{},"includedScopes":[]},"contributions":{},"includedScopes":[]},"sourceMap":{"end":{"column":30,"line":2,"offset":49},"start":{"column":28,"line":2,"offset":47}},"value":[{"id":"cacea10b-5c55-4573-ae6d-1d58566124b1","metadata":[],"name":"wollok.lang.List","scope":{"containerScope":{"containerScope":{"containerScope":{"containerScope":{"containerScope":{"containerScope":{"contributions":{},"includedScopes":[]},"contributions":{},"includedScopes":[]},"contributions":{},"includedScopes":[]},"contributions":{},"includedScopes":[{"containerScope":{"containerScope":{"containerScope":{"contributions":{},"includedScopes":[]},"contributions":{},"includedScopes":[]},"contributions":{},"includedScopes":[]},"contributions":{},"includedScopes":[]}]},"contributions":{},"includedScopes":[]},"contributions":{},"includedScopes":[]},"contributions":{},"includedScopes":[]}},[]]}},{"body":{"id":"6307f500-127a-481a-bd26-578f877f1e36","metadata":[],"problems":[],"scope":{"containerScope":{"containerScope":{"containerScope":{"containerScope":{"containerScope":{"contributions":{},"includedScopes":[]},"contributions":{},"includedScopes":[]},"contributions":{},"includedScopes":[]},"contributions":{},"includedScopes":[{"containerScope":{"containerScope":{"containerScope":{"contributions":{},"includedScopes":[]},"contributions":{},"includedScopes":[]},"contributions":{},"includedScopes":[]},"contributions":{},"includedScopes":[]}]},"contributions":{},"includedScopes":[]},"contributions":{},"includedScopes":[]},"sentences":[{"condition":{"args":[{"id":"2af3eb3c-de33-496d-9c08-3c563aaed32e","metadata":[],"name":"materia","scope":{"containerScope":{"containerScope":{"containerScope":{"containerScope":{"containerScope":{"containerScope":{"containerScope":{"containerScope":{"contributions":{},"includedScopes":[]},"contributions":{},"includedScopes":[]},"contributions":{},"includedScopes":[]},"contributions":{},"includedScopes":[{"containerScope":{"containerScope":{"containerScope":{"contributions":{},"includedScopes":[]},"contributions":{},"includedScopes":[]},"contributions":{},"includedScopes":[]},"contributions":{},"includedScopes":[]}]},"contributions":{},"includedScopes":[]},"contributions":{},"includedScopes":[]},"contributions":{},"includedScopes":[]},"contributions":{},"includedScopes":[]},"contributions":{},"includedScopes":[]},"sourceMap":{"end":{"column":24,"line":6,"offset":112},"start":{"column":17,"line":6,"offset":105}}}],"id":"dd676bde-ac9f-4405-80b4-dab52707c1a1","message":"aprobo","metadata":[],"receiver":{"id":"db4c36ea-8bf6-42a5-bc5d-f22bbfb23b0d","metadata":[],"scope":{"containerScope":{"containerScope":{"containerScope":{"containerScope":{"containerScope":{"containerScope":{"containerScope":{"containerScope":{"contributions":{},"includedScopes":[]},"contributions":{},"includedScopes":[]},"contributions":{},"includedScopes":[]},"contributions":{},"includedScopes":[{"containerScope":{"containerScope":{"containerScope":{"contributions":{},"includedScopes":[]},"contributions":{},"includedScopes":[]},"contributions":{},"includedScopes":[]},"contributions":{},"includedScopes":[]}]},"contributions":{},"includedScopes":[]},"contributions":{},"includedScopes":[]},"contributions":{},"includedScopes":[]},"contributions":{},"includedScopes":[]},"contributions":{},"includedScopes":[]},"sourceMap":{"end":{"column":9,"line":6,"offset":97},"start":{"column":5,"line":6,"offset":93}}},"scope":{"containerScope":{"containerScope":{"containerScope":{"containerScope":{"containerScope":{"containerScope":{"containerScope":{"contributions":{},"includedScopes":[]},"contributions":{},"includedScopes":[]},"contributions":{},"includedScopes":[]},"contributions":{},"includedScopes":[{"containerScope":{"containerScope":{"containerScope":{"contributions":{},"includedScopes":[]},"contributions":{},"includedScopes":[]},"contributions":{},"includedScopes":[]},"contributions":{},"includedScopes":[]}]},"contributions":{},"includedScopes":[]},"contributions":{},"includedScopes":[]},"contributions":{},"includedScopes":[]},"contributions":{},"includedScopes":[]},"sourceMap":{"end":{"column":25,"line":6,"offset":113},"start":{"column":5,"line":6,"offset":93}}},"elseBody":{"id":"511f35b4-8166-4bd2-8ce6-e34d32f60dc1","metadata":[],"scope":{"containerScope":{"containerScope":{"containerScope":{"containerScope":{"containerScope":{"containerScope":{"containerScope":{"contributions":{},"includedScopes":[]},"contributions":{},"includedScopes":[]},"contributions":{},"includedScopes":[]},"contributions":{},"includedScopes":[{"containerScope":{"containerScope":{"containerScope":{"contributions":{},"includedScopes":[]},"contributions":{},"includedScopes":[]},"contributions":{},"includedScopes":[]},"contributions":{},"includedScopes":[]}]},"contributions":{},"includedScopes":[]},"contributions":{},"includedScopes":[]},"contributions":{},"includedScopes":[]},"contributions":{},"includedScopes":[]},"sentences":[]},"id":"005aa3fd-507d-4f9a-a3f6-486fb605739a","metadata":[],"scope":{"containerScope":{"containerScope":{"containerScope":{"containerScope":{"containerScope":{"containerScope":{"contributions":{},"includedScopes":[]},"contributions":{},"includedScopes":[]},"contributions":{},"includedScopes":[]},"contributions":{},"includedScopes":[{"containerScope":{"containerScope":{"containerScope":{"contributions":{},"includedScopes":[]},"contributions":{},"includedScopes":[]},"contributions":{},"includedScopes":[]},"contributions":{},"includedScopes":[]}]},"contributions":{},"includedScopes":[]},"contributions":{},"includedScopes":[]},"contributions":{},"includedScopes":[]},"sourceMap":{"end":{"column":3,"line":8,"offset":181},"start":{"column":2,"line":6,"offset":90}},"thenBody":{"id":"cb6b94b5-5551-4614-884f-b2c98d39d326","metadata":[],"problems":[],"scope":{"containerScope":{"containerScope":{"containerScope":{"containerScope":{"containerScope":{"containerScope":{"containerScope":{"contributions":{},"includedScopes":[]},"contributions":{},"includedScopes":[]},"contributions":{},"includedScopes":[]},"contributions":{},"includedScopes":[{"containerScope":{"containerScope":{"containerScope":{"contributions":{},"includedScopes":[]},"contributions":{},"includedScopes":[]},"contributions":{},"includedScopes":[]},"contributions":{},"includedScopes":[]}]},"contributions":{},"includedScopes":[]},"contributions":{},"includedScopes":[]},"contributions":{},"includedScopes":[]},"contributions":{},"includedScopes":[]},"sentences":[{"args":[{"id":"db0f881d-3550-44c2-9cca-980bd8b15588","metadata":[],"scope":{"containerScope":{"containerScope":{"containerScope":{"containerScope":{"containerScope":{"containerScope":{"containerScope":{"containerScope":{"containerScope":{"contributions":{},"includedScopes":[]},"contributions":{},"includedScopes":[]},"contributions":{},"includedScopes":[]},"contributions":{},"includedScopes":[{"containerScope":{"containerScope":{"containerScope":{"contributions":{},"includedScopes":[]},"contributions":{},"includedScopes":[]},"contributions":{},"includedScopes":[]},"contributions":{},"includedScopes":[]}]},"contributions":{},"includedScopes":[]},"contributions":{},"includedScopes":[]},"contributions":{},"includedScopes":[]},"contributions":{},"includedScopes":[]},"contributions":{},"includedScopes":[]},"contributions":{},"includedScopes":[]},"sourceMap":{"end":{"column":60,"line":7,"offset":176},"start":{"column":14,"line":7,"offset":130}},"value":"Ya se registro la aprobacion de esta materia"}],"id":"5ac861ac-722f-48dc-8af6-ff8b7a115cad","message":"error","metadata":[],"receiver":{"id":"4410203e-29c2-4676-b177-d5300e98e928","metadata":[],"scope":{"containerScope":{"containerScope":{"containerScope":{"containerScope":{"containerScope":{"containerScope":{"containerScope":{"containerScope":{"containerScope":{"contributions":{},"includedScopes":[]},"contributions":{},"includedScopes":[]},"contributions":{},"includedScopes":[]},"contributions":{},"includedScopes":[{"containerScope":{"containerScope":{"containerScope":{"contributions":{},"includedScopes":[]},"contributions":{},"includedScopes":[]},"contributions":{},"includedScopes":[]},"contributions":{},"includedScopes":[]}]},"contributions":{},"includedScopes":[]},"contributions":{},"includedScopes":[]},"contributions":{},"includedScopes":[]},"contributions":{},"includedScopes":[]},"contributions":{},"includedScopes":[]},"contributions":{},"includedScopes":[]},"sourceMap":{"end":{"column":7,"line":7,"offset":123},"start":{"column":3,"line":7,"offset":119}}},"scope":{"containerScope":{"containerScope":{"containerScope":{"containerScope":{"containerScope":{"containerScope":{"containerScope":{"containerScope":{"contributions":{},"includedScopes":[]},"contributions":{},"includedScopes":[]},"contributions":{},"includedScopes":[]},"contributions":{},"includedScopes":[{"containerScope":{"containerScope":{"containerScope":{"contributions":{},"includedScopes":[]},"contributions":{},"includedScopes":[]},"contributions":{},"includedScopes":[]},"contributions":{},"includedScopes":[]}]},"contributions":{},"includedScopes":[]},"contributions":{},"includedScopes":[]},"contributions":{},"includedScopes":[]},"contributions":{},"includedScopes":[]},"contributions":{},"includedScopes":[]},"sourceMap":{"end":{"column":61,"line":7,"offset":177},"start":{"column":3,"line":7,"offset":119}}}],"sourceMap":{"end":{"column":3,"line":8,"offset":181},"start":{"column":26,"line":6,"offset":114}}}},{"args":[{"args":[{"id":"cc232b58-b585-4316-aeba-7ee0a2468298","metadata":[],"name":"materia","scope":{"containerScope":{"containerScope":{"containerScope":{"containerScope":{"containerScope":{"containerScope":{"containerScope":{"containerScope":{"contributions":{},"includedScopes":[]},"contributions":{},"includedScopes":[]},"contributions":{},"includedScopes":[]},"contributions":{},"includedScopes":[{"containerScope":{"containerScope":{"containerScope":{"contributions":{},"includedScopes":[]},"contributions":{},"includedScopes":[]},"contributions":{},"includedScopes":[]},"contributions":{},"includedScopes":[]}]},"contributions":{},"includedScopes":[]},"contributions":{},"includedScopes":[]},"contributions":{},"includedScopes":[]},"contributions":{},"includedScopes":[]},"contributions":{},"includedScopes":[]},"sourceMap":{"end":{"column":61,"line":9,"offset":243},"start":{"column":44,"line":9,"offset":226}},"value":{"id":"410b1960-01ea-46d0-a2e3-f181d1bb023c","metadata":[],"name":"materia","scope":{"containerScope":{"containerScope":{"containerScope":{"containerScope":{"containerScope":{"containerScope":{"containerScope":{"containerScope":{"containerScope":{"contributions":{},"includedScopes":[]},"contributions":{},"includedScopes":[]},"contributions":{},"includedScopes":[]},"contributions":{},"includedScopes":[{"containerScope":{"containerScope":{"containerScope":{"contributions":{},"includedScopes":[]},"contributions":{},"includedScopes":[]},"contributions":{},"includedScopes":[]},"contributions":{},"includedScopes":[]}]},"contributions":{},"includedScopes":[]},"contributions":{},"includedScopes":[]},"contributions":{},"includedScopes":[]},"contributions":{},"includedScopes":[]},"contributions":{},"includedScopes":[]},"contributions":{},"includedScopes":[]},"sourceMap":{"end":{"column":61,"line":9,"offset":243},"start":{"column":54,"line":9,"offset":236}}}},{"id":"3708ed24-dbd4-4906-b22c-bdf726ccd9f5","metadata":[],"name":"nota","scope":{"containerScope":{"containerScope":{"containerScope":{"containerScope":{"containerScope":{"containerScope":{"containerScope":{"containerScope":{"contributions":{},"includedScopes":[]},"contributions":{},"includedScopes":[]},"contributions":{},"includedScopes":[]},"contributions":{},"includedScopes":[{"containerScope":{"containerScope":{"containerScope":{"contributions":{},"includedScopes":[]},"contributions":{},"includedScopes":[]},"contributions":{},"includedScopes":[]},"contributions":{},"includedScopes":[]}]},"contributions":{},"includedScopes":[]},"contributions":{},"includedScopes":[]},"contributions":{},"includedScopes":[]},"contributions":{},"includedScopes":[]},"contributions":{},"includedScopes":[]},"sourceMap":{"end":{"column":25,"line":10,"offset":270},"start":{"column":14,"line":10,"offset":259}},"value":{"id":"9fc6157e-1aa4-4f69-8c0d-55f9069203c2","metadata":[],"name":"nota","scope":{"containerScope":{"containerScope":{"containerScope":{"containerScope":{"containerScope":{"containerScope":{"containerScope":{"containerScope":{"containerScope":{"contributions":{},"includedScopes":[]},"contributions":{},"includedScopes":[]},"contributions":{},"includedScopes":[]},"contributions":{},"includedScopes":[{"containerScope":{"containerScope":{"containerScope":{"contributions":{},"includedScopes":[]},"contributions":{},"includedScopes":[]},"contributions":{},"includedScopes":[]},"contributions":{},"includedScopes":[]}]},"contributions":{},"includedScopes":[]},"contributions":{},"includedScopes":[]},"contributions":{},"includedScopes":[]},"contributions":{},"includedScopes":[]},"contributions":{},"includedScopes":[]},"contributions":{},"includedScopes":[]},"sourceMap":{"end":{"column":25,"line":10,"offset":270},"start":{"column":21,"line":10,"offset":266}}}}],"id":"d261ae3e-9d5d-4aa6-929d-6fa22cf1fc5b","instantiated":{"id":"8e8345a7-5be9-4ce6-bcd9-2b31e21020dc","metadata":[],"name":"materiaAprobada","scope":{"containerScope":{"containerScope":{"containerScope":{"containerScope":{"containerScope":{"containerScope":{"containerScope":{"containerScope":{"contributions":{},"includedScopes":[]},"contributions":{},"includedScopes":[]},"contributions":{},"includedScopes":[]},"contributions":{},"includedScopes":[{"containerScope":{"containerScope":{"containerScope":{"contributions":{},"includedScopes":[]},"contributions":{},"includedScopes":[]},"contributions":{},"includedScopes":[]},"contributions":{},"includedScopes":[]}]},"contributions":{},"includedScopes":[]},"contributions":{},"includedScopes":[]},"contributions":{},"includedScopes":[]},"contributions":{},"includedScopes":[]},"contributions":{},"includedScopes":[]},"sourceMap":{"end":{"column":43,"line":9,"offset":225},"start":{"column":28,"line":9,"offset":210}}},"metadata":[],"scope":{"containerScope":{"containerScope":{"containerScope":{"containerScope":{"containerScope":{"containerScope":{"containerScope":{"contributions":{},"includedScopes":[]},"contributions":{},"includedScopes":[]},"contributions":{},"includedScopes":[]},"contributions":{},"includedScopes":[{"containerScope":{"containerScope":{"containerScope":{"contributions":{},"includedScopes":[]},"contributions":{},"includedScopes":[]},"contributions":{},"includedScopes":[]},"contributions":{},"includedScopes":[]}]},"contributions":{},"includedScopes":[]},"contributions":{},"includedScopes":[]},"contributions":{},"includedScopes":[]},"contributions":{},"includedScopes":[]},"sourceMap":{"end":{"column":26,"line":10,"offset":271},"start":{"column":24,"line":9,"offset":206}}}],"id":"50b41669-7147-4bef-a942-0f74805d03cd","message":"add","metadata":[],"receiver":{"id":"fe9f526e-0661-436b-a123-ee96c67f0163","metadata":[],"name":"materiasAprobadas","scope":{"containerScope":{"containerScope":{"containerScope":{"containerScope":{"containerScope":{"containerScope":{"containerScope":{"contributions":{},"includedScopes":[]},"contributions":{},"includedScopes":[]},"contributions":{},"includedScopes":[]},"contributions":{},"includedScopes":[{"containerScope":{"containerScope":{"containerScope":{"contributions":{},"includedScopes":[]},"contributions":{},"includedScopes":[]},"contributions":{},"includedScopes":[]},"contributions":{},"includedScopes":[]}]},"contributions":{},"includedScopes":[]},"contributions":{},"includedScopes":[]},"contributions":{},"includedScopes":[]},"contributions":{},"includedScopes":[]},"sourceMap":{"end":{"column":19,"line":9,"offset":201},"start":{"column":2,"line":9,"offset":184}}},"scope":{"containerScope":{"containerScope":{"containerScope":{"containerScope":{"containerScope":{"containerScope":{"contributions":{},"includedScopes":[]},"contributions":{},"includedScopes":[]},"contributions":{},"includedScopes":[]},"contributions":{},"includedScopes":[{"containerScope":{"containerScope":{"containerScope":{"contributions":{},"includedScopes":[]},"contributions":{},"includedScopes":[]},"contributions":{},"includedScopes":[]},"contributions":{},"includedScopes":[]}]},"contributions":{},"includedScopes":[]},"contributions":{},"includedScopes":[]},"contributions":{},"includedScopes":[]},"sourceMap":{"end":{"column":27,"line":10,"offset":272},"start":{"column":1,"line":9,"offset":184}}}],"sourceMap":{"end":{"column":4,"line":11,"offset":277},"start":{"column":32,"line":5,"offset":86}}},"compiled":false,"id":"0a18d2b6-2f42-416e-9191-5fb8f0a61a06","isOverride":false,"metadata":[],"name":"aprobar","parameters":[{"id":"9cbf4435-2cfd-45c0-adbf-948718e7fe5d","isVarArg":false,"metadata":[],"name":"materia","scope":{"containerScope":{"containerScope":{"containerScope":{"containerScope":{"containerScope":{"contributions":{},"includedScopes":[]},"contributions":{},"includedScopes":[]},"contributions":{},"includedScopes":[]},"contributions":{},"includedScopes":[{"containerScope":{"containerScope":{"containerScope":{"contributions":{},"includedScopes":[]},"contributions":{},"includedScopes":[]},"contributions":{},"includedScopes":[]},"contributions":{},"includedScopes":[]}]},"contributions":{},"includedScopes":[]},"contributions":{},"includedScopes":[]},"sourceMap":{"end":{"column":24,"line":5,"offset":78},"start":{"column":17,"line":5,"offset":71}}},{"id":"26eb2c45-6b82-4d89-b34d-18251204c0d6","isVarArg":false,"metadata":[],"name":"nota","scope":{"containerScope":{"containerScope":{"containerScope":{"containerScope":{"containerScope":{"contributions":{},"includedScopes":[]},"contributions":{},"includedScopes":[]},"contributions":{},"includedScopes":[]},"contributions":{},"includedScopes":[{"containerScope":{"containerScope":{"containerScope":{"contributions":{},"includedScopes":[]},"contributions":{},"includedScopes":[]},"contributions":{},"includedScopes":[]},"contributions":{},"includedScopes":[]}]},"contributions":{},"includedScopes":[]},"contributions":{},"includedScopes":[]},"sourceMap":{"end":{"column":30,"line":5,"offset":84},"start":{"column":26,"line":5,"offset":80}}}],"problems":[],"scope":{"containerScope":{"containerScope":{"containerScope":{"containerScope":{"contributions":{},"includedScopes":[]},"contributions":{},"includedScopes":[]},"contributions":{},"includedScopes":[]},"contributions":{},"includedScopes":[{"containerScope":{"containerScope":{"containerScope":{"contributions":{},"includedScopes":[]},"contributions":{},"includedScopes":[]},"contributions":{},"includedScopes":[]},"contributions":{},"includedScopes":[]}]},"contributions":{},"includedScopes":[]},"sourceMap":{"end":{"column":4,"line":11,"offset":277},"start":{"column":2,"line":5,"offset":56}}},{"body":{"id":"b90efb41-bdf0-4954-a6d1-46c3c4029582","metadata":[],"problems":[],"scope":{"containerScope":{"containerScope":{"containerScope":{"containerScope":{"containerScope":{"contributions":{},"includedScopes":[]},"contributions":{},"includedScopes":[]},"contributions":{},"includedScopes":[]},"contributions":{},"includedScopes":[{"containerScope":{"containerScope":{"containerScope":{"contributions":{},"includedScopes":[]},"contributions":{},"includedScopes":[]},"contributions":{},"includedScopes":[]},"contributions":{},"includedScopes":[]}]},"contributions":{},"includedScopes":[]},"contributions":{},"includedScopes":[]},"sentences":[{"id":"16b5933f-bafb-430a-85b6-5d0b7efa4c62","metadata":[],"scope":{"containerScope":{"containerScope":{"containerScope":{"containerScope":{"containerScope":{"containerScope":{"contributions":{},"includedScopes":[]},"contributions":{},"includedScopes":[]},"contributions":{},"includedScopes":[]},"contributions":{},"includedScopes":[{"containerScope":{"containerScope":{"containerScope":{"contributions":{},"includedScopes":[]},"contributions":{},"includedScopes":[]},"contributions":{},"includedScopes":[]},"contributions":{},"includedScopes":[]}]},"contributions":{},"includedScopes":[]},"contributions":{},"includedScopes":[]},"contributions":{},"includedScopes":[]},"sourceMap":{"end":{"column":90,"line":14,"offset":397},"start":{"column":3,"line":14,"offset":310}},"value":{"args":[{"id":"a6ad1ab3-b89b-438d-9815-cc5ba548d880","members":[{"body":{"id":"5ea27ee0-eae9-4490-b5aa-dd8168780957","metadata":[],"scope":{"containerScope":{"containerScope":{"containerScope":{"containerScope":{"containerScope":{"containerScope":{"containerScope":{"containerScope":{"containerScope":{"containerScope":{"contributions":{},"includedScopes":[]},"contributions":{},"includedScopes":[]},"contributions":{},"includedScopes":[]},"contributions":{},"includedScopes":[{"containerScope":{"containerScope":{"containerScope":{"contributions":{},"includedScopes":[]},"contributions":{},"includedScopes":[]},"contributions":{},"includedScopes":[]},"contributions":{},"includedScopes":[]}]},"contributions":{},"includedScopes":[]},"contributions":{},"includedScopes":[]},"contributions":{},"includedScopes":[]},"contributions":{},"includedScopes":[]},"contributions":{},"includedScopes":[{"containerScope":{"containerScope":{"containerScope":{"contributions":{},"includedScopes":[]},"contributions":{},"includedScopes":[]},"contributions":{},"includedScopes":[]},"contributions":{},"includedScopes":[{"containerScope":{"containerScope":{"containerScope":{"contributions":{},"includedScopes":[]},"contributions":{},"includedScopes":[]},"contributions":{},"includedScopes":[]},"contributions":{},"includedScopes":[]}]},{"containerScope":{"containerScope":{"containerScope":{"contributions":{},"includedScopes":[]},"contributions":{},"includedScopes":[]},"contributions":{},"includedScopes":[]},"contributions":{},"includedScopes":[]}]},"contributions":{},"includedScopes":[]},"contributions":{},"includedScopes":[]},"sentences":[{"id":"0b5e1dc0-ee50-4163-bd77-150d89dbe400","metadata":[],"scope":{"containerScope":{"containerScope":{"containerScope":{"containerScope":{"containerScope":{"containerScope":{"containerScope":{"containerScope":{"containerScope":{"containerScope":{"containerScope":{"contributions":{},"includedScopes":[]},"contributions":{},"includedScopes":[]},"contributions":{},"includedScopes":[]},"contributions":{},"includedScopes":[{"containerScope":{"containerScope":{"containerScope":{"contributions":{},"includedScopes":[]},"contributions":{},"includedScopes":[]},"contributions":{},"includedScopes":[]},"contributions":{},"includedScopes":[]}]},"contributions":{},"includedScopes":[]},"contributions":{},"includedScopes":[]},"contributions":{},"includedScopes":[]},"contributions":{},"includedScopes":[]},"contributions":{},"includedScopes":[{"containerScope":{"containerScope":{"containerScope":{"contributions":{},"includedScopes":[]},"contributions":{},"includedScopes":[]},"contributions":{},"includedScopes":[]},"contributions":{},"includedScopes":[{"containerScope":{"containerScope":{"containerScope":{"contributions":{},"includedScopes":[]},"contributions":{},"includedScopes":[]},"contributions":{},"includedScopes":[]},"contributions":{},"includedScopes":[]}]},{"containerScope":{"containerScope":{"containerScope":{"contributions":{},"includedScopes":[]},"contributions":{},"includedScopes":[]},"contributions":{},"includedScopes":[]},"contributions":{},"includedScopes":[]}]},"contributions":{},"includedScopes":[]},"contributions":{},"includedScopes":[]},"contributions":{},"includedScopes":[]},"value":{"args":[{"id":"99a2b3a6-b589-4b46-9eae-0fbce3c36936","metadata":[],"name":"materia","scope":{"containerScope":{"containerScope":{"containerScope":{"containerScope":{"containerScope":{"containerScope":{"containerScope":{"containerScope":{"containerScope":{"containerScope":{"containerScope":{"containerScope":{"containerScope":{"contributions":{},"includedScopes":[]},"contributions":{},"includedScopes":[]},"contributions":{},"includedScopes":[]},"contributions":{},"includedScopes":[{"containerScope":{"containerScope":{"containerScope":{"contributions":{},"includedScopes":[]},"contributions":{},"includedScopes":[]},"contributions":{},"includedScopes":[]},"contributions":{},"includedScopes":[]}]},"contributions":{},"includedScopes":[]},"contributions":{},"includedScopes":[]},"contributions":{},"includedScopes":[]},"contributions":{},"includedScopes":[]},"contributions":{},"includedScopes":[{"containerScope":{"containerScope":{"containerScope":{"contributions":{},"includedScopes":[]},"contributions":{},"includedScopes":[]},"contributions":{},"includedScopes":[]},"contributions":{},"includedScopes":[{"containerScope":{"containerScope":{"containerScope":{"contributions":{},"includedScopes":[]},"contributions":{},"includedScopes":[]},"contributions":{},"includedScopes":[]},"contributions":{},"includedScopes":[]}]},{"containerScope":{"containerScope":{"containerScope":{"contributions":{},"includedScopes":[]},"contributions":{},"includedScopes":[]},"contributions":{},"includedScopes":[]},"contributions":{},"includedScopes":[]}]},"contributions":{},"includedScopes":[]},"contributions":{},"includedScopes":[]},"contributions":{},"includedScopes":[]},"contributions":{},"includedScopes":[]},"contributions":{},"includedScopes":[]},"sourceMap":{"end":{"column":88,"line":14,"offset":395},"start":{"column":81,"line":14,"offset":388}}}],"id":"9f3a3afb-b809-4962-9e2c-b6b902eb299c","message":"==","metadata":[],"receiver":{"args":[],"id":"9478d760-189d-4083-8b4c-daec07562603","message":"materia","metadata":[],"receiver":{"id":"2c8844c4-0e01-49c5-953a-d0b042a0edec","metadata":[],"name":"materiaAprobada","scope":{"containerScope":{"containerScope":{"containerScope":{"containerScope":{"containerScope":{"containerScope":{"containerScope":{"containerScope":{"containerScope":{"containerScope":{"containerScope":{"containerScope":{"containerScope":{"containerScope":{"contributions":{},"includedScopes":[]},"contributions":{},"includedScopes":[]},"contributions":{},"includedScopes":[]},"contributions":{},"includedScopes":[{"containerScope":{"containerScope":{"containerScope":{"contributions":{},"includedScopes":[]},"contributions":{},"includedScopes":[]},"contributions":{},"includedScopes":[]},"contributions":{},"includedScopes":[]}]},"contributions":{},"includedScopes":[]},"contributions":{},"includedScopes":[]},"contributions":{},"includedScopes":[]},"contributions":{},"includedScopes":[]},"contributions":{},"includedScopes":[{"containerScope":{"containerScope":{"containerScope":{"contributions":{},"includedScopes":[]},"contributions":{},"includedScopes":[]},"contributions":{},"includedScopes":[]},"contributions":{},"includedScopes":[{"containerScope":{"containerScope":{"containerScope":{"contributions":{},"includedScopes":[]},"contributions":{},"includedScopes":[]},"contributions":{},"includedScopes":[]},"contributions":{},"includedScopes":[]}]},{"containerScope":{"containerScope":{"containerScope":{"contributions":{},"includedScopes":[]},"contributions":{},"includedScopes":[]},"contributions":{},"includedScopes":[]},"contributions":{},"includedScopes":[]}]},"contributions":{},"includedScopes":[]},"contributions":{},"includedScopes":[]},"contributions":{},"includedScopes":[]},"contributions":{},"includedScopes":[]},"contributions":{},"includedScopes":[]},"contributions":{},"includedScopes":[]},"sourceMap":{"end":{"column":67,"line":14,"offset":374},"start":{"column":52,"line":14,"offset":359}}},"scope":{"containerScope":{"containerScope":{"containerScope":{"containerScope":{"containerScope":{"containerScope":{"containerScope":{"containerScope":{"containerScope":{"containerScope":{"containerScope":{"containerScope":{"containerScope":{"contributions":{},"includedScopes":[]},"contributions":{},"includedScopes":[]},"contributions":{},"includedScopes":[]},"contributions":{},"includedScopes":[{"containerScope":{"containerScope":{"containerScope":{"contributions":{},"includedScopes":[]},"contributions":{},"includedScopes":[]},"contributions":{},"includedScopes":[]},"contributions":{},"includedScopes":[]}]},"contributions":{},"includedScopes":[]},"contributions":{},"includedScopes":[]},"contributions":{},"includedScopes":[]},"contributions":{},"includedScopes":[]},"contributions":{},"includedScopes":[{"containerScope":{"containerScope":{"containerScope":{"contributions":{},"includedScopes":[]},"contributions":{},"includedScopes":[]},"contributions":{},"includedScopes":[]},"contributions":{},"includedScopes":[{"containerScope":{"containerScope":{"containerScope":{"contributions":{},"includedScopes":[]},"contributions":{},"includedScopes":[]},"contributions":{},"includedScopes":[]},"contributions":{},"includedScopes":[]}]},{"containerScope":{"containerScope":{"containerScope":{"contributions":{},"includedScopes":[]},"contributions":{},"includedScopes":[]},"contributions":{},"includedScopes":[]},"contributions":{},"includedScopes":[]}]},"contributions":{},"includedScopes":[]},"contributions":{},"includedScopes":[]},"contributions":{},"includedScopes":[]},"contributions":{},"includedScopes":[]},"contributions":{},"includedScopes":[]},"sourceMap":{"end":{"column":77,"line":14,"offset":384},"start":{"column":52,"line":14,"offset":359}}},"scope":{"containerScope":{"containerScope":{"containerScope":{"containerScope":{"containerScope":{"containerScope":{"containerScope":{"containerScope":{"containerScope":{"containerScope":{"containerScope":{"containerScope":{"contributions":{},"includedScopes":[]},"contributions":{},"includedScopes":[]},"contributions":{},"includedScopes":[]},"contributions":{},"includedScopes":[{"containerScope":{"containerScope":{"containerScope":{"contributions":{},"includedScopes":[]},"contributions":{},"includedScopes":[]},"contributions":{},"includedScopes":[]},"contributions":{},"includedScopes":[]}]},"contributions":{},"includedScopes":[]},"contributions":{},"includedScopes":[]},"contributions":{},"includedScopes":[]},"contributions":{},"includedScopes":[]},"contributions":{},"includedScopes":[{"containerScope":{"containerScope":{"containerScope":{"contributions":{},"includedScopes":[]},"contributions":{},"includedScopes":[]},"contributions":{},"includedScopes":[]},"contributions":{},"includedScopes":[{"containerScope":{"containerScope":{"containerScope":{"contributions":{},"includedScopes":[]},"contributions":{},"includedScopes":[]},"contributions":{},"includedScopes":[]},"contributions":{},"includedScopes":[]}]},{"containerScope":{"containerScope":{"containerScope":{"contributions":{},"includedScopes":[]},"contributions":{},"includedScopes":[]},"contributions":{},"includedScopes":[]},"contributions":{},"includedScopes":[]}]},"contributions":{},"includedScopes":[]},"contributions":{},"includedScopes":[]},"contributions":{},"includedScopes":[]},"contributions":{},"includedScopes":[]},"sourceMap":{"end":{"column":88,"line":14,"offset":395},"start":{"column":52,"line":14,"offset":359}}}}]},"compiled":false,"id":"dccd1c3e-26b2-42f1-ad1a-f45784ce2775","isOverride":false,"metadata":[],"name":"<apply>","parameters":[{"id":"6d3e4982-c849-4b5d-99ee-47052cfa0880","isVarArg":false,"metadata":[],"name":"materiaAprobada","scope":{"containerScope":{"containerScope":{"containerScope":{"containerScope":{"containerScope":{"containerScope":{"containerScope":{"containerScope":{"containerScope":{"containerScope":{"contributions":{},"includedScopes":[]},"contributions":{},"includedScopes":[]},"contributions":{},"includedScopes":[]},"contributions":{},"includedScopes":[{"containerScope":{"containerScope":{"containerScope":{"contributions":{},"includedScopes":[]},"contributions":{},"includedScopes":[]},"contributions":{},"includedScopes":[]},"contributions":{},"includedScopes":[]}]},"contributions":{},"includedScopes":[]},"contributions":{},"includedScopes":[]},"contributions":{},"includedScopes":[]},"contributions":{},"includedScopes":[]},"contributions":{},"includedScopes":[{"containerScope":{"containerScope":{"containerScope":{"contributions":{},"includedScopes":[]},"contributions":{},"includedScopes":[]},"contributions":{},"includedScopes":[]},"contributions":{},"includedScopes":[{"containerScope":{"containerScope":{"containerScope":{"contributions":{},"includedScopes":[]},"contributions":{},"includedScopes":[]},"contributions":{},"includedScopes":[]},"contributions":{},"includedScopes":[]}]},{"containerScope":{"containerScope":{"containerScope":{"contributions":{},"includedScopes":[]},"contributions":{},"includedScopes":[]},"contributions":{},"includedScopes":[]},"contributions":{},"includedScopes":[]}]},"contributions":{},"includedScopes":[]},"contributions":{},"includedScopes":[]},"sourceMap":{"end":{"column":48,"line":14,"offset":355},"start":{"column":33,"line":14,"offset":340}}}],"scope":{"containerScope":{"containerScope":{"containerScope":{"containerScope":{"containerScope":{"containerScope":{"containerScope":{"containerScope":{"containerScope":{"contributions":{},"includedScopes":[]},"contributions":{},"includedScopes":[]},"contributions":{},"includedScopes":[]},"contributions":{},"includedScopes":[{"containerScope":{"containerScope":{"containerScope":{"contributions":{},"includedScopes":[]},"contributions":{},"includedScopes":[]},"contributions":{},"includedScopes":[]},"contributions":{},"includedScopes":[]}]},"contributions":{},"includedScopes":[]},"contributions":{},"includedScopes":[]},"contributions":{},"includedScopes":[]},"contributions":{},"includedScopes":[]},"contributions":{},"includedScopes":[{"containerScope":{"containerScope":{"containerScope":{"contributions":{},"includedScopes":[]},"contributions":{},"includedScopes":[]},"contributions":{},"includedScopes":[]},"contributions":{},"includedScopes":[{"containerScope":{"containerScope":{"containerScope":{"contributions":{},"includedScopes":[]},"contributions":{},"includedScopes":[]},"contributions":{},"includedScopes":[]},"contributions":{},"includedScopes":[]}]},{"containerScope":{"containerScope":{"containerScope":{"contributions":{},"includedScopes":[]},"contributions":{},"includedScopes":[]},"contributions":{},"includedScopes":[]},"contributions":{},"includedScopes":[]}]},"contributions":{},"includedScopes":[]}},{"id":"5c731fef-c437-461b-b0e2-1774d5c71847","isConstant":true,"isProperty":false,"metadata":[],"name":"<toString>","scope":{"containerScope":{"containerScope":{"containerScope":{"containerScope":{"containerScope":{"containerScope":{"containerScope":{"containerScope":{"containerScope":{"contributions":{},"includedScopes":[]},"contributions":{},"includedScopes":[]},"contributions":{},"includedScopes":[]},"contributions":{},"includedScopes":[{"containerScope":{"containerScope":{"containerScope":{"contributions":{},"includedScopes":[]},"contributions":{},"includedScopes":[]},"contributions":{},"includedScopes":[]},"contributions":{},"includedScopes":[]}]},"contributions":{},"includedScopes":[]},"contributions":{},"includedScopes":[]},"contributions":{},"includedScopes":[]},"contributions":{},"includedScopes":[]},"contributions":{},"includedScopes":[{"containerScope":{"containerScope":{"containerScope":{"contributions":{},"includedScopes":[]},"contributions":{},"includedScopes":[]},"contributions":{},"includedScopes":[]},"contributions":{},"includedScopes":[{"containerScope":{"containerScope":{"containerScope":{"contributions":{},"includedScopes":[]},"contributions":{},"includedScopes":[]},"contributions":{},"includedScopes":[]},"contributions":{},"includedScopes":[]}]},{"containerScope":{"containerScope":{"containerScope":{"contributions":{},"includedScopes":[]},"contributions":{},"includedScopes":[]},"contributions":{},"includedScopes":[]},"contributions":{},"includedScopes":[]}]},"contributions":{},"includedScopes":[]},"value":{"id":"90610e9a-98b9-4d09-8287-4b70246211de","metadata":[],"scope":{"containerScope":{"containerScope":{"containerScope":{"containerScope":{"containerScope":{"containerScope":{"containerScope":{"containerScope":{"containerScope":{"containerScope":{"contributions":{},"includedScopes":[]},"contributions":{},"includedScopes":[]},"contributions":{},"includedScopes":[]},"contributions":{},"includedScopes":[{"containerScope":{"containerScope":{"containerScope":{"contributions":{},"includedScopes":[]},"contributions":{},"includedScopes":[]},"contributions":{},"includedScopes":[]},"contributions":{},"includedScopes":[]}]},"contributions":{},"includedScopes":[]},"contributions":{},"includedScopes":[]},"contributions":{},"includedScopes":[]},"contributions":{},"includedScopes":[]},"contributions":{},"includedScopes":[{"containerScope":{"containerScope":{"containerScope":{"contributions":{},"includedScopes":[]},"contributions":{},"includedScopes":[]},"contributions":{},"includedScopes":[]},"contributions":{},"includedScopes":[{"containerScope":{"containerScope":{"containerScope":{"contributions":{},"includedScopes":[]},"contributions":{},"includedScopes":[]},"contributions":{},"includedScopes":[]},"contributions":{},"includedScopes":[]}]},{"containerScope":{"containerScope":{"containerScope":{"contributions":{},"includedScopes":[]},"contributions":{},"includedScopes":[]},"contributions":{},"includedScopes":[]},"contributions":{},"includedScopes":[]}]},"contributions":{},"includedScopes":[]},"contributions":{},"includedScopes":[]},"value":"{materiaAprobada => materiaAprobada.materia() == materia}"}}],"metadata":[],"scope":{"containerScope":{"containerScope":{"containerScope":{"containerScope":{"containerScope":{"containerScope":{"containerScope":{"containerScope":{"contributions":{},"includedScopes":[]},"contributions":{},"includedScopes":[]},"contributions":{},"includedScopes":[]},"contributions":{},"includedScopes":[{"containerScope":{"containerScope":{"containerScope":{"contributions":{},"includedScopes":[]},"contributions":{},"includedScopes":[]},"contributions":{},"includedScopes":[]},"contributions":{},"includedScopes":[]}]},"contributions":{},"includedScopes":[]},"contributions":{},"includedScopes":[]},"contributions":{},"includedScopes":[]},"contributions":{},"includedScopes":[]},"contributions":{},"includedScopes":[{"containerScope":{"containerScope":{"containerScope":{"contributions":{},"includedScopes":[]},"contributions":{},"includedScopes":[]},"contributions":{},"includedScopes":[]},"contributions":{},"includedScopes":[{"containerScope":{"containerScope":{"containerScope":{"contributions":{},"includedScopes":[]},"contributions":{},"includedScopes":[]},"contributions":{},"includedScopes":[]},"contributions":{},"includedScopes":[]}]},{"containerScope":{"containerScope":{"containerScope":{"contributions":{},"includedScopes":[]},"contributions":{},"includedScopes":[]},"contributions":{},"includedScopes":[]},"contributions":{},"includedScopes":[]}]},"sourceMap":{"end":{"column":89,"line":14,"offset":396},"start":{"column":32,"line":14,"offset":339}},"supertypes":[{"args":[],"id":"c9ccfd5d-fba9-41c5-b78d-cbcedc420e91","metadata":[],"reference":{"id":"d8db7543-3ad4-44d7-bdf8-6b77642bfc28","metadata":[],"name":"wollok.lang.Closure","scope":{"containerScope":{"containerScope":{"containerScope":{"containerScope":{"containerScope":{"containerScope":{"containerScope":{"containerScope":{"containerScope":{"contributions":{},"includedScopes":[]},"contributions":{},"includedScopes":[]},"contributions":{},"includedScopes":[]},"contributions":{},"includedScopes":[{"containerScope":{"containerScope":{"containerScope":{"contributions":{},"includedScopes":[]},"contributions":{},"includedScopes":[]},"contributions":{},"includedScopes":[]},"contributions":{},"includedScopes":[]}]},"contributions":{},"includedScopes":[]},"contributions":{},"includedScopes":[]},"contributions":{},"includedScopes":[]},"contributions":{},"includedScopes":[]},"contributions":{},"includedScopes":[{"containerScope":{"containerScope":{"containerScope":{"contributions":{},"includedScopes":[]},"contributions":{},"includedScopes":[]},"contributions":{},"includedScopes":[]},"contributions":{},"includedScopes":[{"containerScope":{"containerScope":{"containerScope":{"contributions":{},"includedScopes":[]},"contributions":{},"includedScopes":[]},"contributions":{},"includedScopes":[]},"contributions":{},"includedScopes":[]}]},{"containerScope":{"containerScope":{"containerScope":{"contributions":{},"includedScopes":[]},"contributions":{},"includedScopes":[]},"contributions":{},"includedScopes":[]},"contributions":{},"includedScopes":[]}]},"contributions":{},"includedScopes":[]}},"scope":{"containerScope":{"containerScope":{"containerScope":{"containerScope":{"containerScope":{"containerScope":{"containerScope":{"containerScope":{"containerScope":{"contributions":{},"includedScopes":[]},"contributions":{},"includedScopes":[]},"contributions":{},"includedScopes":[]},"contributions":{},"includedScopes":[{"containerScope":{"containerScope":{"containerScope":{"contributions":{},"includedScopes":[]},"contributions":{},"includedScopes":[]},"contributions":{},"includedScopes":[]},"contributions":{},"includedScopes":[]}]},"contributions":{},"includedScopes":[]},"contributions":{},"includedScopes":[]},"contributions":{},"includedScopes":[]},"contributions":{},"includedScopes":[]},"contributions":{},"includedScopes":[{"containerScope":{"containerScope":{"containerScope":{"contributions":{},"includedScopes":[]},"contributions":{},"includedScopes":[]},"contributions":{},"includedScopes":[]},"contributions":{},"includedScopes":[{"containerScope":{"containerScope":{"containerScope":{"contributions":{},"includedScopes":[]},"contributions":{},"includedScopes":[]},"contributions":{},"includedScopes":[]},"contributions":{},"includedScopes":[]}]},{"containerScope":{"containerScope":{"containerScope":{"contributions":{},"includedScopes":[]},"contributions":{},"includedScopes":[]},"contributions":{},"includedScopes":[]},"contributions":{},"includedScopes":[]}]},"contributions":{},"includedScopes":[]}}]}],"id":"331cba57-af79-4b20-a5f3-4b0ed0f12da4","message":"any","metadata":[],"receiver":{"id":"1eca4a91-a1bc-4ac0-a5b7-cad5ea98cbdf","metadata":[],"name":"materiasAprobadas","scope":{"containerScope":{"containerScope":{"containerScope":{"containerScope":{"containerScope":{"containerScope":{"containerScope":{"containerScope":{"contributions":{},"includedScopes":[]},"contributions":{},"includedScopes":[]},"contributions":{},"includedScopes":[]},"contributions":{},"includedScopes":[{"containerScope":{"containerScope":{"containerScope":{"contributions":{},"includedScopes":[]},"contributions":{},"includedScopes":[]},"contributions":{},"includedScopes":[]},"contributions":{},"includedScopes":[]}]},"contributions":{},"includedScopes":[]},"contributions":{},"includedScopes":[]},"contributions":{},"includedScopes":[]},"contributions":{},"includedScopes":[]},"contributions":{},"includedScopes":[]},"sourceMap":{"end":{"column":27,"line":14,"offset":334},"start":{"column":10,"line":14,"offset":317}}},"scope":{"containerScope":{"containerScope":{"containerScope":{"containerScope":{"containerScope":{"containerScope":{"containerScope":{"contributions":{},"includedScopes":[]},"contributions":{},"includedScopes":[]},"contributions":{},"includedScopes":[]},"contributions":{},"includedScopes":[{"containerScope":{"containerScope":{"containerScope":{"contributions":{},"includedScopes":[]},"contributions":{},"includedScopes":[]},"contributions":{},"includedScopes":[]},"contributions":{},"includedScopes":[]}]},"contributions":{},"includedScopes":[]},"contributions":{},"includedScopes":[]},"contributions":{},"includedScopes":[]},"contributions":{},"includedScopes":[]},"sourceMap":{"end":{"column":90,"line":14,"offset":397},"start":{"column":10,"line":14,"offset":317}}}}],"sourceMap":{"end":{"column":3,"line":15,"offset":401},"start":{"column":25,"line":13,"offset":305}}},"compiled":false,"id":"c9001f0c-bc72-407d-a986-5d8e75298251","isOverride":false,"metadata":[],"name":"aprobo","parameters":[{"id":"78934e39-1af1-49aa-a0af-2be00a685857","isVarArg":false,"metadata":[],"name":"materia","scope":{"containerScope":{"containerScope":{"containerScope":{"containerScope":{"containerScope":{"contributions":{},"includedScopes":[]},"contributions":{},"includedScopes":[]},"contributions":{},"includedScopes":[]},"contributions":{},"includedScopes":[{"containerScope":{"containerScope":{"containerScope":{"contributions":{},"includedScopes":[]},"contributions":{},"includedScopes":[]},"contributions":{},"includedScopes":[]},"contributions":{},"includedScopes":[]}]},"contributions":{},"includedScopes":[]},"contributions":{},"includedScopes":[]},"sourceMap":{"end":{"column":23,"line":13,"offset":303},"start":{"column":16,"line":13,"offset":296}}}],"problems":[],"scope":{"containerScope":{"containerScope":{"containerScope":{"containerScope":{"contributions":{},"includedScopes":[]},"contributions":{},"includedScopes":[]},"contributions":{},"includedScopes":[]},"contributions":{},"includedScopes":[{"containerScope":{"containerScope":{"containerScope":{"contributions":{},"includedScopes":[]},"contributions":{},"includedScopes":[]},"contributions":{},"includedScopes":[]},"contributions":{},"includedScopes":[]}]},"contributions":{},"includedScopes":[]},"sourceMap":{"end":{"column":3,"line":15,"offset":401},"start":{"column":2,"line":13,"offset":282}}}],"metadata":[],"name":"Estudiante","problems":[],"scope":{"containerScope":{"containerScope":{"containerScope":{"contributions":{},"includedScopes":[]},"contributions":{},"includedScopes":[]},"contributions":{},"includedScopes":[]},"contributions":{},"includedScopes":[{"containerScope":{"containerScope":{"containerScope":{"contributions":{},"includedScopes":[]},"contributions":{},"includedScopes":[]},"contributions":{},"includedScopes":[]},"contributions":{},"includedScopes":[]}]},"sourceMap":{"end":{"column":2,"line":18,"offset":408},"start":{"column":1,"line":1,"offset":0}},"supertypes":[]}],"metadata":[],"name":"example","problems":[{"code":"malformedEntity","sourceMap":{"end":{"column":2,"line":25,"offset":461},"start":{"column":1,"line":22,"offset":416}}}],"scope":{"containerScope":{"containerScope":{"contributions":{},"includedScopes":[]},"contributions":{},"includedScopes":[]},"contributions":{},"includedScopes":[]}},"stack":"Error: Failed to print, found malformed node\n    at c:\\Users\\estudiante\\.vscode\\extensions\\uqbar.wollok-lsp-ide-0.5.4\\out\\server\\src\\server.js:68:3585\n    at Kbn (c:\\Users\\estudiante\\.vscode\\extensions\\uqbar.wollok-lsp-ide-0.5.4\\out\\server\\src\\server.js:68:3396)\n    at c:\\Users\\estudiante\\.vscode\\extensions\\uqbar.wollok-lsp-ide-0.5.4\\out\\server\\src\\server.js:2398:847\n    at c:\\Users\\estudiante\\.vscode\\extensions\\uqbar.wollok-lsp-ide-0.5.4\\out\\server\\src\\server.js:2398:8440\n    at c:\\Users\\estudiante\\.vscode\\extensions\\uqbar.wollok-lsp-ide-0.5.4\\out\\server\\src\\server.js:37:74770\n    at Ke (c:\\Users\\estudiante\\.vscode\\extensions\\uqbar.wollok-lsp-ide-0.5.4\\out\\server\\src\\server.js:7:8527)\n    at Lt (c:\\Users\\estudiante\\.vscode\\extensions\\uqbar.wollok-lsp-ide-0.5.4\\out\\server\\src\\server.js:7:6189)\n    at ct (c:\\Users\\estudiante\\.vscode\\extensions\\uqbar.wollok-lsp-ide-0.5.4\\out\\server\\src\\server.js:7:6378)\n    at Immediate._onImmediate (c:\\Users\\estudiante\\.vscode\\extensions\\uqbar.wollok-lsp-ide-0.5.4\\out\\server\\src\\server.js:7:6142)\n    at process.processImmediate (node:internal/timers:484:21)","timestamp":"2026-05-13T22:55:03.205Z"}
{"level":"error","message":"✘ Failed to get type description: Error: Failed to print, found malformed node Failed to print, found malformed node","node":{"fileName":"src/example.wlk","id":"2baab15a-49e9-4d28-8cfd-5896fae3a4b5","imports":[],"members":[{"id":"2ff8894f-b74f-4ca1-b358-7130677c4344","members":[{"id":"8e73956d-ebb8-4e07-83d9-04729fcd24e5","isConstant":true,"isProperty":false,"metadata":[],"name":"materiasAprobadas","scope":{"containerScope":{"containerScope":{"containerScope":{"containerScope":{"contributions":{},"includedScopes":[]},"contributions":{},"includedScopes":[]},"contributions":{},"includedScopes":[]},"contributions":{},"includedScopes":[{"containerScope":{"containerScope":{"containerScope":{"contributions":{},"includedScopes":[]},"contributions":{},"includedScopes":[]},"contributions":{},"includedScopes":[]},"contributions":{},"includedScopes":[]}]},"contributions":{},"includedScopes":[]},"sourceMap":{"end":{"column":30,"line":2,"offset":49},"start":{"column":2,"line":2,"offset":21}},"value":{"id":"17a40ec1-82b7-4458-b6b4-94d6efaefca6","metadata":[],"scope":{"containerScope":{"containerScope":{"containerScope":{"containerScope":{"containerScope":{"contributions":{},"includedScopes":[]},"contributions":{},"includedScopes":[]},"contributions":{},"includedScopes":[]},"contributions":{},"includedScopes":[{"containerScope":{"containerScope":{"containerScope":{"contributions":{},"includedScopes":[]},"contributions":{},"includedScopes":[]},"contributions":{},"includedScopes":[]},"contributions":{},"includedScopes":[]}]},"contributions":{},"includedScopes":[]},"contributions":{},"includedScopes":[]},"sourceMap":{"end":{"column":30,"line":2,"offset":49},"start":{"column":28,"line":2,"offset":47}},"value":[{"id":"cacea10b-5c55-4573-ae6d-1d58566124b1","metadata":[],"name":"wollok.lang.List","scope":{"containerScope":{"containerScope":{"containerScope":{"containerScope":{"containerScope":{"containerScope":{"contributions":{},"includedScopes":[]},"contributions":{},"includedScopes":[]},"contributions":{},"includedScopes":[]},"contributions":{},"includedScopes":[{"containerScope":{"containerScope":{"containerScope":{"contributions":{},"includedScopes":[]},"contributions":{},"includedScopes":[]},"contributions":{},"includedScopes":[]},"contributions":{},"includedScopes":[]}]},"contributions":{},"includedScopes":[]},"contributions":{},"includedScopes":[]},"contributions":{},"includedScopes":[]}},[]]}},{"body":{"id":"6307f500-127a-481a-bd26-578f877f1e36","metadata":[],"problems":[],"scope":{"containerScope":{"containerScope":{"containerScope":{"containerScope":{"containerScope":{"contributions":{},"includedScopes":[]},"contributions":{},"includedScopes":[]},"contributions":{},"includedScopes":[]},"contributions":{},"includedScopes":[{"containerScope":{"containerScope":{"containerScope":{"contributions":{},"includedScopes":[]},"contributions":{},"includedScopes":[]},"contributions":{},"includedScopes":[]},"contributions":{},"includedScopes":[]}]},"contributions":{},"includedScopes":[]},"contributions":{},"includedScopes":[]},"sentences":[{"condition":{"args":[{"id":"2af3eb3c-de33-496d-9c08-3c563aaed32e","metadata":[],"name":"materia","scope":{"containerScope":{"containerScope":{"containerScope":{"containerScope":{"containerScope":{"containerScope":{"containerScope":{"containerScope":{"contributions":{},"includedScopes":[]},"contributions":{},"includedScopes":[]},"contributions":{},"includedScopes":[]},"contributions":{},"includedScopes":[{"containerScope":{"containerScope":{"containerScope":{"contributions":{},"includedScopes":[]},"contributions":{},"includedScopes":[]},"contributions":{},"includedScopes":[]},"contributions":{},"includedScopes":[]}]},"contributions":{},"includedScopes":[]},"contributions":{},"includedScopes":[]},"contributions":{},"includedScopes":[]},"contributions":{},"includedScopes":[]},"contributions":{},"includedScopes":[]},"sourceMap":{"end":{"column":24,"line":6,"offset":112},"start":{"column":17,"line":6,"offset":105}}}],"id":"dd676bde-ac9f-4405-80b4-dab52707c1a1","message":"aprobo","metadata":[],"receiver":{"id":"db4c36ea-8bf6-42a5-bc5d-f22bbfb23b0d","metadata":[],"scope":{"containerScope":{"containerScope":{"containerScope":{"containerScope":{"containerScope":{"containerScope":{"containerScope":{"containerScope":{"contributions":{},"includedScopes":[]},"contributions":{},"includedScopes":[]},"contributions":{},"includedScopes":[]},"contributions":{},"includedScopes":[{"containerScope":{"containerScope":{"containerScope":{"contributions":{},"includedScopes":[]},"contributions":{},"includedScopes":[]},"contributions":{},"includedScopes":[]},"contributions":{},"includedScopes":[]}]},"contributions":{},"includedScopes":[]},"contributions":{},"includedScopes":[]},"contributions":{},"includedScopes":[]},"contributions":{},"includedScopes":[]},"contributions":{},"includedScopes":[]},"sourceMap":{"end":{"column":9,"line":6,"offset":97},"start":{"column":5,"line":6,"offset":93}}},"scope":{"containerScope":{"containerScope":{"containerScope":{"containerScope":{"containerScope":{"containerScope":{"containerScope":{"contributions":{},"includedScopes":[]},"contributions":{},"includedScopes":[]},"contributions":{},"includedScopes":[]},"contributions":{},"includedScopes":[{"containerScope":{"containerScope":{"containerScope":{"contributions":{},"includedScopes":[]},"contributions":{},"includedScopes":[]},"contributions":{},"includedScopes":[]},"contributions":{},"includedScopes":[]}]},"contributions":{},"includedScopes":[]},"contributions":{},"includedScopes":[]},"contributions":{},"includedScopes":[]},"contributions":{},"includedScopes":[]},"sourceMap":{"end":{"column":25,"line":6,"offset":113},"start":{"column":5,"line":6,"offset":93}}},"elseBody":{"id":"511f35b4-8166-4bd2-8ce6-e34d32f60dc1","metadata":[],"scope":{"containerScope":{"containerScope":{"containerScope":{"containerScope":{"containerScope":{"containerScope":{"containerScope":{"contributions":{},"includedScopes":[]},"contributions":{},"includedScopes":[]},"contributions":{},"includedScopes":[]},"contributions":{},"includedScopes":[{"containerScope":{"containerScope":{"containerScope":{"contributions":{},"includedScopes":[]},"contributions":{},"includedScopes":[]},"contributions":{},"includedScopes":[]},"contributions":{},"includedScopes":[]}]},"contributions":{},"includedScopes":[]},"contributions":{},"includedScopes":[]},"contributions":{},"includedScopes":[]},"contributions":{},"includedScopes":[]},"sentences":[]},"id":"005aa3fd-507d-4f9a-a3f6-486fb605739a","metadata":[],"scope":{"containerScope":{"containerScope":{"containerScope":{"containerScope":{"containerScope":{"containerScope":{"contributions":{},"includedScopes":[]},"contributions":{},"includedScopes":[]},"contributions":{},"includedScopes":[]},"contributions":{},"includedScopes":[{"containerScope":{"containerScope":{"containerScope":{"contributions":{},"includedScopes":[]},"contributions":{},"includedScopes":[]},"contributions":{},"includedScopes":[]},"contributions":{},"includedScopes":[]}]},"contributions":{},"includedScopes":[]},"contributions":{},"includedScopes":[]},"contributions":{},"includedScopes":[]},"sourceMap":{"end":{"column":3,"line":8,"offset":181},"start":{"column":2,"line":6,"offset":90}},"thenBody":{"id":"cb6b94b5-5551-4614-884f-b2c98d39d326","metadata":[],"problems":[],"scope":{"containerScope":{"containerScope":{"containerScope":{"containerScope":{"containerScope":{"containerScope":{"containerScope":{"contributions":{},"includedScopes":[]},"contributions":{},"includedScopes":[]},"contributions":{},"includedScopes":[]},"contributions":{},"includedScopes":[{"containerScope":{"containerScope":{"containerScope":{"contributions":{},"includedScopes":[]},"contributions":{},"includedScopes":[]},"contributions":{},"includedScopes":[]},"contributions":{},"includedScopes":[]}]},"contributions":{},"includedScopes":[]},"contributions":{},"includedScopes":[]},"contributions":{},"includedScopes":[]},"contributions":{},"includedScopes":[]},"sentences":[{"args":[{"id":"db0f881d-3550-44c2-9cca-980bd8b15588","metadata":[],"scope":{"containerScope":{"containerScope":{"containerScope":{"containerScope":{"containerScope":{"containerScope":{"containerScope":{"containerScope":{"containerScope":{"contributions":{},"includedScopes":[]},"contributions":{},"includedScopes":[]},"contributions":{},"includedScopes":[]},"contributions":{},"includedScopes":[{"containerScope":{"containerScope":{"containerScope":{"contributions":{},"includedScopes":[]},"contributions":{},"includedScopes":[]},"contributions":{},"includedScopes":[]},"contributions":{},"includedScopes":[]}]},"contributions":{},"includedScopes":[]},"contributions":{},"includedScopes":[]},"contributions":{},"includedScopes":[]},"contributions":{},"includedScopes":[]},"contributions":{},"includedScopes":[]},"contributions":{},"includedScopes":[]},"sourceMap":{"end":{"column":60,"line":7,"offset":176},"start":{"column":14,"line":7,"offset":130}},"value":"Ya se registro la aprobacion de esta materia"}],"id":"5ac861ac-722f-48dc-8af6-ff8b7a115cad","message":"error","metadata":[],"receiver":{"id":"4410203e-29c2-4676-b177-d5300e98e928","metadata":[],"scope":{"containerScope":{"containerScope":{"containerScope":{"containerScope":{"containerScope":{"containerScope":{"containerScope":{"containerScope":{"containerScope":{"contributions":{},"includedScopes":[]},"contributions":{},"includedScopes":[]},"contributions":{},"includedScopes":[]},"contributions":{},"includedScopes":[{"containerScope":{"containerScope":{"containerScope":{"contributions":{},"includedScopes":[]},"contributions":{},"includedScopes":[]},"contributions":{},"includedScopes":[]},"contributions":{},"includedScopes":[]}]},"contributions":{},"includedScopes":[]},"contributions":{},"includedScopes":[]},"contributions":{},"includedScopes":[]},"contributions":{},"includedScopes":[]},"contributions":{},"includedScopes":[]},"contributions":{},"includedScopes":[]},"sourceMap":{"end":{"column":7,"line":7,"offset":123},"start":{"column":3,"line":7,"offset":119}}},"scope":{"containerScope":{"containerScope":{"containerScope":{"containerScope":{"containerScope":{"containerScope":{"containerScope":{"containerScope":{"contributions":{},"includedScopes":[]},"contributions":{},"includedScopes":[]},"contributions":{},"includedScopes":[]},"contributions":{},"includedScopes":[{"containerScope":{"containerScope":{"containerScope":{"contributions":{},"includedScopes":[]},"contributions":{},"includedScopes":[]},"contributions":{},"includedScopes":[]},"contributions":{},"includedScopes":[]}]},"contributions":{},"includedScopes":[]},"contributions":{},"includedScopes":[]},"contributions":{},"includedScopes":[]},"contributions":{},"includedScopes":[]},"contributions":{},"includedScopes":[]},"sourceMap":{"end":{"column":61,"line":7,"offset":177},"start":{"column":3,"line":7,"offset":119}}}],"sourceMap":{"end":{"column":3,"line":8,"offset":181},"start":{"column":26,"line":6,"offset":114}}}},{"args":[{"args":[{"id":"cc232b58-b585-4316-aeba-7ee0a2468298","metadata":[],"name":"materia","scope":{"containerScope":{"containerScope":{"containerScope":{"containerScope":{"containerScope":{"containerScope":{"containerScope":{"containerScope":{"contributions":{},"includedScopes":[]},"contributions":{},"includedScopes":[]},"contributions":{},"includedScopes":[]},"contributions":{},"includedScopes":[{"containerScope":{"containerScope":{"containerScope":{"contributions":{},"includedScopes":[]},"contributions":{},"includedScopes":[]},"contributions":{},"includedScopes":[]},"contributions":{},"includedScopes":[]}]},"contributions":{},"includedScopes":[]},"contributions":{},"includedScopes":[]},"contributions":{},"includedScopes":[]},"contributions":{},"includedScopes":[]},"contributions":{},"includedScopes":[]},"sourceMap":{"end":{"column":61,"line":9,"offset":243},"start":{"column":44,"line":9,"offset":226}},"value":{"id":"410b1960-01ea-46d0-a2e3-f181d1bb023c","metadata":[],"name":"materia","scope":{"containerScope":{"containerScope":{"containerScope":{"containerScope":{"containerScope":{"containerScope":{"containerScope":{"containerScope":{"containerScope":{"contributions":{},"includedScopes":[]},"contributions":{},"includedScopes":[]},"contributions":{},"includedScopes":[]},"contributions":{},"includedScopes":[{"containerScope":{"containerScope":{"containerScope":{"contributions":{},"includedScopes":[]},"contributions":{},"includedScopes":[]},"contributions":{},"includedScopes":[]},"contributions":{},"includedScopes":[]}]},"contributions":{},"includedScopes":[]},"contributions":{},"includedScopes":[]},"contributions":{},"includedScopes":[]},"contributions":{},"includedScopes":[]},"contributions":{},"includedScopes":[]},"contributions":{},"includedScopes":[]},"sourceMap":{"end":{"column":61,"line":9,"offset":243},"start":{"column":54,"line":9,"offset":236}}}},{"id":"3708ed24-dbd4-4906-b22c-bdf726ccd9f5","metadata":[],"name":"nota","scope":{"containerScope":{"containerScope":{"containerScope":{"containerScope":{"containerScope":{"containerScope":{"containerScope":{"containerScope":{"contributions":{},"includedScopes":[]},"contributions":{},"includedScopes":[]},"contributions":{},"includedScopes":[]},"contributions":{},"includedScopes":[{"containerScope":{"containerScope":{"containerScope":{"contributions":{},"includedScopes":[]},"contributions":{},"includedScopes":[]},"contributions":{},"includedScopes":[]},"contributions":{},"includedScopes":[]}]},"contributions":{},"includedScopes":[]},"contributions":{},"includedScopes":[]},"contributions":{},"includedScopes":[]},"contributions":{},"includedScopes":[]},"contributions":{},"includedScopes":[]},"sourceMap":{"end":{"column":25,"line":10,"offset":270},"start":{"column":14,"line":10,"offset":259}},"value":{"id":"9fc6157e-1aa4-4f69-8c0d-55f9069203c2","metadata":[],"name":"nota","scope":{"containerScope":{"containerScope":{"containerScope":{"containerScope":{"containerScope":{"containerScope":{"containerScope":{"containerScope":{"containerScope":{"contributions":{},"includedScopes":[]},"contributions":{},"includedScopes":[]},"contributions":{},"includedScopes":[]},"contributions":{},"includedScopes":[{"containerScope":{"containerScope":{"containerScope":{"contributions":{},"includedScopes":[]},"contributions":{},"includedScopes":[]},"contributions":{},"includedScopes":[]},"contributions":{},"includedScopes":[]}]},"contributions":{},"includedScopes":[]},"contributions":{},"includedScopes":[]},"contributions":{},"includedScopes":[]},"contributions":{},"includedScopes":[]},"contributions":{},"includedScopes":[]},"contributions":{},"includedScopes":[]},"sourceMap":{"end":{"column":25,"line":10,"offset":270},"start":{"column":21,"line":10,"offset":266}}}}],"id":"d261ae3e-9d5d-4aa6-929d-6fa22cf1fc5b","instantiated":{"id":"8e8345a7-5be9-4ce6-bcd9-2b31e21020dc","metadata":[],"name":"materiaAprobada","scope":{"containerScope":{"containerScope":{"containerScope":{"containerScope":{"containerScope":{"containerScope":{"containerScope":{"containerScope":{"contributions":{},"includedScopes":[]},"contributions":{},"includedScopes":[]},"contributions":{},"includedScopes":[]},"contributions":{},"includedScopes":[{"containerScope":{"containerScope":{"containerScope":{"contributions":{},"includedScopes":[]},"contributions":{},"includedScopes":[]},"contributions":{},"includedScopes":[]},"contributions":{},"includedScopes":[]}]},"contributions":{},"includedScopes":[]},"contributions":{},"includedScopes":[]},"contributions":{},"includedScopes":[]},"contributions":{},"includedScopes":[]},"contributions":{},"includedScopes":[]},"sourceMap":{"end":{"column":43,"line":9,"offset":225},"start":{"column":28,"line":9,"offset":210}}},"metadata":[],"scope":{"containerScope":{"containerScope":{"containerScope":{"containerScope":{"containerScope":{"containerScope":{"containerScope":{"contributions":{},"includedScopes":[]},"contributions":{},"includedScopes":[]},"contributions":{},"includedScopes":[]},"contributions":{},"includedScopes":[{"containerScope":{"containerScope":{"containerScope":{"contributions":{},"includedScopes":[]},"contributions":{},"includedScopes":[]},"contributions":{},"includedScopes":[]},"contributions":{},"includedScopes":[]}]},"contributions":{},"includedScopes":[]},"contributions":{},"includedScopes":[]},"contributions":{},"includedScopes":[]},"contributions":{},"includedScopes":[]},"sourceMap":{"end":{"column":26,"line":10,"offset":271},"start":{"column":24,"line":9,"offset":206}}}],"id":"50b41669-7147-4bef-a942-0f74805d03cd","message":"add","metadata":[],"receiver":{"id":"fe9f526e-0661-436b-a123-ee96c67f0163","metadata":[],"name":"materiasAprobadas","scope":{"containerScope":{"containerScope":{"containerScope":{"containerScope":{"containerScope":{"containerScope":{"containerScope":{"contributions":{},"includedScopes":[]},"contributions":{},"includedScopes":[]},"contributions":{},"includedScopes":[]},"contributions":{},"includedScopes":[{"containerScope":{"containerScope":{"containerScope":{"contributions":{},"includedScopes":[]},"contributions":{},"includedScopes":[]},"contributions":{},"includedScopes":[]},"contributions":{},"includedScopes":[]}]},"contributions":{},"includedScopes":[]},"contributions":{},"includedScopes":[]},"contributions":{},"includedScopes":[]},"contributions":{},"includedScopes":[]},"sourceMap":{"end":{"column":19,"line":9,"offset":201},"start":{"column":2,"line":9,"offset":184}}},"scope":{"containerScope":{"containerScope":{"containerScope":{"containerScope":{"containerScope":{"containerScope":{"contributions":{},"includedScopes":[]},"contributions":{},"includedScopes":[]},"contributions":{},"includedScopes":[]},"contributions":{},"includedScopes":[{"containerScope":{"containerScope":{"containerScope":{"contributions":{},"includedScopes":[]},"contributions":{},"includedScopes":[]},"contributions":{},"includedScopes":[]},"contributions":{},"includedScopes":[]}]},"contributions":{},"includedScopes":[]},"contributions":{},"includedScopes":[]},"contributions":{},"includedScopes":[]},"sourceMap":{"end":{"column":27,"line":10,"offset":272},"start":{"column":1,"line":9,"offset":184}}}],"sourceMap":{"end":{"column":4,"line":11,"offset":277},"start":{"column":32,"line":5,"offset":86}}},"compiled":false,"id":"0a18d2b6-2f42-416e-9191-5fb8f0a61a06","isOverride":false,"metadata":[],"name":"aprobar","parameters":[{"id":"9cbf4435-2cfd-45c0-adbf-948718e7fe5d","isVarArg":false,"metadata":[],"name":"materia","scope":{"containerScope":{"containerScope":{"containerScope":{"containerScope":{"containerScope":{"contributions":{},"includedScopes":[]},"contributions":{},"includedScopes":[]},"contributions":{},"includedScopes":[]},"contributions":{},"includedScopes":[{"containerScope":{"containerScope":{"containerScope":{"contributions":{},"includedScopes":[]},"contributions":{},"includedScopes":[]},"contributions":{},"includedScopes":[]},"contributions":{},"includedScopes":[]}]},"contributions":{},"includedScopes":[]},"contributions":{},"includedScopes":[]},"sourceMap":{"end":{"column":24,"line":5,"offset":78},"start":{"column":17,"line":5,"offset":71}}},{"id":"26eb2c45-6b82-4d89-b34d-18251204c0d6","isVarArg":false,"metadata":[],"name":"nota","scope":{"containerScope":{"containerScope":{"containerScope":{"containerScope":{"containerScope":{"contributions":{},"includedScopes":[]},"contributions":{},"includedScopes":[]},"contributions":{},"includedScopes":[]},"contributions":{},"includedScopes":[{"containerScope":{"containerScope":{"containerScope":{"contributions":{},"includedScopes":[]},"contributions":{},"includedScopes":[]},"contributions":{},"includedScopes":[]},"contributions":{},"includedScopes":[]}]},"contributions":{},"includedScopes":[]},"contributions":{},"includedScopes":[]},"sourceMap":{"end":{"column":30,"line":5,"offset":84},"start":{"column":26,"line":5,"offset":80}}}],"problems":[],"scope":{"containerScope":{"containerScope":{"containerScope":{"containerScope":{"contributions":{},"includedScopes":[]},"contributions":{},"includedScopes":[]},"contributions":{},"includedScopes":[]},"contributions":{},"includedScopes":[{"containerScope":{"containerScope":{"containerScope":{"contributions":{},"includedScopes":[]},"contributions":{},"includedScopes":[]},"contributions":{},"includedScopes":[]},"contributions":{},"includedScopes":[]}]},"contributions":{},"includedScopes":[]},"sourceMap":{"end":{"column":4,"line":11,"offset":277},"start":{"column":2,"line":5,"offset":56}}},{"body":{"id":"b90efb41-bdf0-4954-a6d1-46c3c4029582","metadata":[],"problems":[],"scope":{"containerScope":{"containerScope":{"containerScope":{"containerScope":{"containerScope":{"contributions":{},"includedScopes":[]},"contributions":{},"includedScopes":[]},"contributions":{},"includedScopes":[]},"contributions":{},"includedScopes":[{"containerScope":{"containerScope":{"containerScope":{"contributions":{},"includedScopes":[]},"contributions":{},"includedScopes":[]},"contributions":{},"includedScopes":[]},"contributions":{},"includedScopes":[]}]},"contributions":{},"includedScopes":[]},"contributions":{},"includedScopes":[]},"sentences":[{"id":"16b5933f-bafb-430a-85b6-5d0b7efa4c62","metadata":[],"scope":{"containerScope":{"containerScope":{"containerScope":{"containerScope":{"containerScope":{"containerScope":{"contributions":{},"includedScopes":[]},"contributions":{},"includedScopes":[]},"contributions":{},"includedScopes":[]},"contributions":{},"includedScopes":[{"containerScope":{"containerScope":{"containerScope":{"contributions":{},"includedScopes":[]},"contributions":{},"includedScopes":[]},"contributions":{},"includedScopes":[]},"contributions":{},"includedScopes":[]}]},"contributions":{},"includedScopes":[]},"contributions":{},"includedScopes":[]},"contributions":{},"includedScopes":[]},"sourceMap":{"end":{"column":90,"line":14,"offset":397},"start":{"column":3,"line":14,"offset":310}},"value":{"args":[{"id":"a6ad1ab3-b89b-438d-9815-cc5ba548d880","members":[{"body":{"id":"5ea27ee0-eae9-4490-b5aa-dd8168780957","metadata":[],"scope":{"containerScope":{"containerScope":{"containerScope":{"containerScope":{"containerScope":{"containerScope":{"containerScope":{"containerScope":{"containerScope":{"containerScope":{"contributions":{},"includedScopes":[]},"contributions":{},"includedScopes":[]},"contributions":{},"includedScopes":[]},"contributions":{},"includedScopes":[{"containerScope":{"containerScope":{"containerScope":{"contributions":{},"includedScopes":[]},"contributions":{},"includedScopes":[]},"contributions":{},"includedScopes":[]},"contributions":{},"includedScopes":[]}]},"contributions":{},"includedScopes":[]},"contributions":{},"includedScopes":[]},"contributions":{},"includedScopes":[]},"contributions":{},"includedScopes":[]},"contributions":{},"includedScopes":[{"containerScope":{"containerScope":{"containerScope":{"contributions":{},"includedScopes":[]},"contributions":{},"includedScopes":[]},"contributions":{},"includedScopes":[]},"contributions":{},"includedScopes":[{"containerScope":{"containerScope":{"containerScope":{"contributions":{},"includedScopes":[]},"contributions":{},"includedScopes":[]},"contributions":{},"includedScopes":[]},"contributions":{},"includedScopes":[]}]},{"containerScope":{"containerScope":{"containerScope":{"contributions":{},"includedScopes":[]},"contributions":{},"includedScopes":[]},"contributions":{},"includedScopes":[]},"contributions":{},"includedScopes":[]}]},"contributions":{},"includedScopes":[]},"contributions":{},"includedScopes":[]},"sentences":[{"id":"0b5e1dc0-ee50-4163-bd77-150d89dbe400","metadata":[],"scope":{"containerScope":{"containerScope":{"containerScope":{"containerScope":{"containerScope":{"containerScope":{"containerScope":{"containerScope":{"containerScope":{"containerScope":{"containerScope":{"contributions":{},"includedScopes":[]},"contributions":{},"includedScopes":[]},"contributions":{},"includedScopes":[]},"contributions":{},"includedScopes":[{"containerScope":{"containerScope":{"containerScope":{"contributions":{},"includedScopes":[]},"contributions":{},"includedScopes":[]},"contributions":{},"includedScopes":[]},"contributions":{},"includedScopes":[]}]},"contributions":{},"includedScopes":[]},"contributions":{},"includedScopes":[]},"contributions":{},"includedScopes":[]},"contributions":{},"includedScopes":[]},"contributions":{},"includedScopes":[{"containerScope":{"containerScope":{"containerScope":{"contributions":{},"includedScopes":[]},"contributions":{},"includedScopes":[]},"contributions":{},"includedScopes":[]},"contributions":{},"includedScopes":[{"containerScope":{"containerScope":{"containerScope":{"contributions":{},"includedScopes":[]},"contributions":{},"includedScopes":[]},"contributions":{},"includedScopes":[]},"contributions":{},"includedScopes":[]}]},{"containerScope":{"containerScope":{"containerScope":{"contributions":{},"includedScopes":[]},"contributions":{},"includedScopes":[]},"contributions":{},"includedScopes":[]},"contributions":{},"includedScopes":[]}]},"contributions":{},"includedScopes":[]},"contributions":{},"includedScopes":[]},"contributions":{},"includedScopes":[]},"value":{"args":[{"id":"99a2b3a6-b589-4b46-9eae-0fbce3c36936","metadata":[],"name":"materia","scope":{"containerScope":{"containerScope":{"containerScope":{"containerScope":{"containerScope":{"containerScope":{"containerScope":{"containerScope":{"containerScope":{"containerScope":{"containerScope":{"containerScope":{"containerScope":{"contributions":{},"includedScopes":[]},"contributions":{},"includedScopes":[]},"contributions":{},"includedScopes":[]},"contributions":{},"includedScopes":[{"containerScope":{"containerScope":{"containerScope":{"contributions":{},"includedScopes":[]},"contributions":{},"includedScopes":[]},"contributions":{},"includedScopes":[]},"contributions":{},"includedScopes":[]}]},"contributions":{},"includedScopes":[]},"contributions":{},"includedScopes":[]},"contributions":{},"includedScopes":[]},"contributions":{},"includedScopes":[]},"contributions":{},"includedScopes":[{"containerScope":{"containerScope":{"containerScope":{"contributions":{},"includedScopes":[]},"contributions":{},"includedScopes":[]},"contributions":{},"includedScopes":[]},"contributions":{},"includedScopes":[{"containerScope":{"containerScope":{"containerScope":{"contributions":{},"includedScopes":[]},"contributions":{},"includedScopes":[]},"contributions":{},"includedScopes":[]},"contributions":{},"includedScopes":[]}]},{"containerScope":{"containerScope":{"containerScope":{"contributions":{},"includedScopes":[]},"contributions":{},"includedScopes":[]},"contributions":{},"includedScopes":[]},"contributions":{},"includedScopes":[]}]},"contributions":{},"includedScopes":[]},"contributions":{},"includedScopes":[]},"contributions":{},"includedScopes":[]},"contributions":{},"includedScopes":[]},"contributions":{},"includedScopes":[]},"sourceMap":{"end":{"column":88,"line":14,"offset":395},"start":{"column":81,"line":14,"offset":388}}}],"id":"9f3a3afb-b809-4962-9e2c-b6b902eb299c","message":"==","metadata":[],"receiver":{"args":[],"id":"9478d760-189d-4083-8b4c-daec07562603","message":"materia","metadata":[],"receiver":{"id":"2c8844c4-0e01-49c5-953a-d0b042a0edec","metadata":[],"name":"materiaAprobada","scope":{"containerScope":{"containerScope":{"containerScope":{"containerScope":{"containerScope":{"containerScope":{"containerScope":{"containerScope":{"containerScope":{"containerScope":{"containerScope":{"containerScope":{"containerScope":{"containerScope":{"contributions":{},"includedScopes":[]},"contributions":{},"includedScopes":[]},"contributions":{},"includedScopes":[]},"contributions":{},"includedScopes":[{"containerScope":{"containerScope":{"containerScope":{"contributions":{},"includedScopes":[]},"contributions":{},"includedScopes":[]},"contributions":{},"includedScopes":[]},"contributions":{},"includedScopes":[]}]},"contributions":{},"includedScopes":[]},"contributions":{},"includedScopes":[]},"contributions":{},"includedScopes":[]},"contributions":{},"includedScopes":[]},"contributions":{},"includedScopes":[{"containerScope":{"containerScope":{"containerScope":{"contributions":{},"includedScopes":[]},"contributions":{},"includedScopes":[]},"contributions":{},"includedScopes":[]},"contributions":{},"includedScopes":[{"containerScope":{"containerScope":{"containerScope":{"contributions":{},"includedScopes":[]},"contributions":{},"includedScopes":[]},"contributions":{},"includedScopes":[]},"contributions":{},"includedScopes":[]}]},{"containerScope":{"containerScope":{"containerScope":{"contributions":{},"includedScopes":[]},"contributions":{},"includedScopes":[]},"contributions":{},"includedScopes":[]},"contributions":{},"includedScopes":[]}]},"contributions":{},"includedScopes":[]},"contributions":{},"includedScopes":[]},"contributions":{},"includedScopes":[]},"contributions":{},"includedScopes":[]},"contributions":{},"includedScopes":[]},"contributions":{},"includedScopes":[]},"sourceMap":{"end":{"column":67,"line":14,"offset":374},"start":{"column":52,"line":14,"offset":359}}},"scope":{"containerScope":{"containerScope":{"containerScope":{"containerScope":{"containerScope":{"containerScope":{"containerScope":{"containerScope":{"containerScope":{"containerScope":{"containerScope":{"containerScope":{"containerScope":{"contributions":{},"includedScopes":[]},"contributions":{},"includedScopes":[]},"contributions":{},"includedScopes":[]},"contributions":{},"includedScopes":[{"containerScope":{"containerScope":{"containerScope":{"contributions":{},"includedScopes":[]},"contributions":{},"includedScopes":[]},"contributions":{},"includedScopes":[]},"contributions":{},"includedScopes":[]}]},"contributions":{},"includedScopes":[]},"contributions":{},"includedScopes":[]},"contributions":{},"includedScopes":[]},"contributions":{},"includedScopes":[]},"contributions":{},"includedScopes":[{"containerScope":{"containerScope":{"containerScope":{"contributions":{},"includedScopes":[]},"contributions":{},"includedScopes":[]},"contributions":{},"includedScopes":[]},"contributions":{},"includedScopes":[{"containerScope":{"containerScope":{"containerScope":{"contributions":{},"includedScopes":[]},"contributions":{},"includedScopes":[]},"contributions":{},"includedScopes":[]},"contributions":{},"includedScopes":[]}]},{"containerScope":{"containerScope":{"containerScope":{"contributions":{},"includedScopes":[]},"contributions":{},"includedScopes":[]},"contributions":{},"includedScopes":[]},"contributions":{},"includedScopes":[]}]},"contributions":{},"includedScopes":[]},"contributions":{},"includedScopes":[]},"contributions":{},"includedScopes":[]},"contributions":{},"includedScopes":[]},"contributions":{},"includedScopes":[]},"sourceMap":{"end":{"column":77,"line":14,"offset":384},"start":{"column":52,"line":14,"offset":359}}},"scope":{"containerScope":{"containerScope":{"containerScope":{"containerScope":{"containerScope":{"containerScope":{"containerScope":{"containerScope":{"containerScope":{"containerScope":{"containerScope":{"containerScope":{"contributions":{},"includedScopes":[]},"contributions":{},"includedScopes":[]},"contributions":{},"includedScopes":[]},"contributions":{},"includedScopes":[{"containerScope":{"containerScope":{"containerScope":{"contributions":{},"includedScopes":[]},"contributions":{},"includedScopes":[]},"contributions":{},"includedScopes":[]},"contributions":{},"includedScopes":[]}]},"contributions":{},"includedScopes":[]},"contributions":{},"includedScopes":[]},"contributions":{},"includedScopes":[]},"contributions":{},"includedScopes":[]},"contributions":{},"includedScopes":[{"containerScope":{"containerScope":{"containerScope":{"contributions":{},"includedScopes":[]},"contributions":{},"includedScopes":[]},"contributions":{},"includedScopes":[]},"contributions":{},"includedScopes":[{"containerScope":{"containerScope":{"containerScope":{"contributions":{},"includedScopes":[]},"contributions":{},"includedScopes":[]},"contributions":{},"includedScopes":[]},"contributions":{},"includedScopes":[]}]},{"containerScope":{"containerScope":{"containerScope":{"contributions":{},"includedScopes":[]},"contributions":{},"includedScopes":[]},"contributions":{},"includedScopes":[]},"contributions":{},"includedScopes":[]}]},"contributions":{},"includedScopes":[]},"contributions":{},"includedScopes":[]},"contributions":{},"includedScopes":[]},"contributions":{},"includedScopes":[]},"sourceMap":{"end":{"column":88,"line":14,"offset":395},"start":{"column":52,"line":14,"offset":359}}}}]},"compiled":false,"id":"dccd1c3e-26b2-42f1-ad1a-f45784ce2775","isOverride":false,"metadata":[],"name":"<apply>","parameters":[{"id":"6d3e4982-c849-4b5d-99ee-47052cfa0880","isVarArg":false,"metadata":[],"name":"materiaAprobada","scope":{"containerScope":{"containerScope":{"containerScope":{"containerScope":{"containerScope":{"containerScope":{"containerScope":{"containerScope":{"containerScope":{"containerScope":{"contributions":{},"includedScopes":[]},"contributions":{},"includedScopes":[]},"contributions":{},"includedScopes":[]},"contributions":{},"includedScopes":[{"containerScope":{"containerScope":{"containerScope":{"contributions":{},"includedScopes":[]},"contributions":{},"includedScopes":[]},"contributions":{},"includedScopes":[]},"contributions":{},"includedScopes":[]}]},"contributions":{},"includedScopes":[]},"contributions":{},"includedScopes":[]},"contributions":{},"includedScopes":[]},"contributions":{},"includedScopes":[]},"contributions":{},"includedScopes":[{"containerScope":{"containerScope":{"containerScope":{"contributions":{},"includedScopes":[]},"contributions":{},"includedScopes":[]},"contributions":{},"includedScopes":[]},"contributions":{},"includedScopes":[{"containerScope":{"containerScope":{"containerScope":{"contributions":{},"includedScopes":[]},"contributions":{},"includedScopes":[]},"contributions":{},"includedScopes":[]},"contributions":{},"includedScopes":[]}]},{"containerScope":{"containerScope":{"containerScope":{"contributions":{},"includedScopes":[]},"contributions":{},"includedScopes":[]},"contributions":{},"includedScopes":[]},"contributions":{},"includedScopes":[]}]},"contributions":{},"includedScopes":[]},"contributions":{},"includedScopes":[]},"sourceMap":{"end":{"column":48,"line":14,"offset":355},"start":{"column":33,"line":14,"offset":340}}}],"scope":{"containerScope":{"containerScope":{"containerScope":{"containerScope":{"containerScope":{"containerScope":{"containerScope":{"containerScope":{"containerScope":{"contributions":{},"includedScopes":[]},"contributions":{},"includedScopes":[]},"contributions":{},"includedScopes":[]},"contributions":{},"includedScopes":[{"containerScope":{"containerScope":{"containerScope":{"contributions":{},"includedScopes":[]},"contributions":{},"includedScopes":[]},"contributions":{},"includedScopes":[]},"contributions":{},"includedScopes":[]}]},"contributions":{},"includedScopes":[]},"contributions":{},"includedScopes":[]},"contributions":{},"includedScopes":[]},"contributions":{},"includedScopes":[]},"contributions":{},"includedScopes":[{"containerScope":{"containerScope":{"containerScope":{"contributions":{},"includedScopes":[]},"contributions":{},"includedScopes":[]},"contributions":{},"includedScopes":[]},"contributions":{},"includedScopes":[{"containerScope":{"containerScope":{"containerScope":{"contributions":{},"includedScopes":[]},"contributions":{},"includedScopes":[]},"contributions":{},"includedScopes":[]},"contributions":{},"includedScopes":[]}]},{"containerScope":{"containerScope":{"containerScope":{"contributions":{},"includedScopes":[]},"contributions":{},"includedScopes":[]},"contributions":{},"includedScopes":[]},"contributions":{},"includedScopes":[]}]},"contributions":{},"includedScopes":[]}},{"id":"5c731fef-c437-461b-b0e2-1774d5c71847","isConstant":true,"isProperty":false,"metadata":[],"name":"<toString>","scope":{"containerScope":{"containerScope":{"containerScope":{"containerScope":{"containerScope":{"containerScope":{"containerScope":{"containerScope":{"containerScope":{"contributions":{},"includedScopes":[]},"contributions":{},"includedScopes":[]},"contributions":{},"includedScopes":[]},"contributions":{},"includedScopes":[{"containerScope":{"containerScope":{"containerScope":{"contributions":{},"includedScopes":[]},"contributions":{},"includedScopes":[]},"contributions":{},"includedScopes":[]},"contributions":{},"includedScopes":[]}]},"contributions":{},"includedScopes":[]},"contributions":{},"includedScopes":[]},"contributions":{},"includedScopes":[]},"contributions":{},"includedScopes":[]},"contributions":{},"includedScopes":[{"containerScope":{"containerScope":{"containerScope":{"contributions":{},"includedScopes":[]},"contributions":{},"includedScopes":[]},"contributions":{},"includedScopes":[]},"contributions":{},"includedScopes":[{"containerScope":{"containerScope":{"containerScope":{"contributions":{},"includedScopes":[]},"contributions":{},"includedScopes":[]},"contributions":{},"includedScopes":[]},"contributions":{},"includedScopes":[]}]},{"containerScope":{"containerScope":{"containerScope":{"contributions":{},"includedScopes":[]},"contributions":{},"includedScopes":[]},"contributions":{},"includedScopes":[]},"contributions":{},"includedScopes":[]}]},"contributions":{},"includedScopes":[]},"value":{"id":"90610e9a-98b9-4d09-8287-4b70246211de","metadata":[],"scope":{"containerScope":{"containerScope":{"containerScope":{"containerScope":{"containerScope":{"containerScope":{"containerScope":{"containerScope":{"containerScope":{"containerScope":{"contributions":{},"includedScopes":[]},"contributions":{},"includedScopes":[]},"contributions":{},"includedScopes":[]},"contributions":{},"includedScopes":[{"containerScope":{"containerScope":{"containerScope":{"contributions":{},"includedScopes":[]},"contributions":{},"includedScopes":[]},"contributions":{},"includedScopes":[]},"contributions":{},"includedScopes":[]}]},"contributions":{},"includedScopes":[]},"contributions":{},"includedScopes":[]},"contributions":{},"includedScopes":[]},"contributions":{},"includedScopes":[]},"contributions":{},"includedScopes":[{"containerScope":{"containerScope":{"containerScope":{"contributions":{},"includedScopes":[]},"contributions":{},"includedScopes":[]},"contributions":{},"includedScopes":[]},"contributions":{},"includedScopes":[{"containerScope":{"containerScope":{"containerScope":{"contributions":{},"includedScopes":[]},"contributions":{},"includedScopes":[]},"contributions":{},"includedScopes":[]},"contributions":{},"includedScopes":[]}]},{"containerScope":{"containerScope":{"containerScope":{"contributions":{},"includedScopes":[]},"contributions":{},"includedScopes":[]},"contributions":{},"includedScopes":[]},"contributions":{},"includedScopes":[]}]},"contributions":{},"includedScopes":[]},"contributions":{},"includedScopes":[]},"value":"{materiaAprobada => materiaAprobada.materia() == materia}"}}],"metadata":[],"scope":{"containerScope":{"containerScope":{"containerScope":{"containerScope":{"containerScope":{"containerScope":{"containerScope":{"containerScope":{"contributions":{},"includedScopes":[]},"contributions":{},"includedScopes":[]},"contributions":{},"includedScopes":[]},"contributions":{},"includedScopes":[{"containerScope":{"containerScope":{"containerScope":{"contributions":{},"includedScopes":[]},"contributions":{},"includedScopes":[]},"contributions":{},"includedScopes":[]},"contributions":{},"includedScopes":[]}]},"contributions":{},"includedScopes":[]},"contributions":{},"includedScopes":[]},"contributions":{},"includedScopes":[]},"contributions":{},"includedScopes":[]},"contributions":{},"includedScopes":[{"containerScope":{"containerScope":{"containerScope":{"contributions":{},"includedScopes":[]},"contributions":{},"includedScopes":[]},"contributions":{},"includedScopes":[]},"contributions":{},"includedScopes":[{"containerScope":{"containerScope":{"containerScope":{"contributions":{},"includedScopes":[]},"contributions":{},"includedScopes":[]},"contributions":{},"includedScopes":[]},"contributions":{},"includedScopes":[]}]},{"containerScope":{"containerScope":{"containerScope":{"contributions":{},"includedScopes":[]},"contributions":{},"includedScopes":[]},"contributions":{},"includedScopes":[]},"contributions":{},"includedScopes":[]}]},"sourceMap":{"end":{"column":89,"line":14,"offset":396},"start":{"column":32,"line":14,"offset":339}},"supertypes":[{"args":[],"id":"c9ccfd5d-fba9-41c5-b78d-cbcedc420e91","metadata":[],"reference":{"id":"d8db7543-3ad4-44d7-bdf8-6b77642bfc28","metadata":[],"name":"wollok.lang.Closure","scope":{"containerScope":{"containerScope":{"containerScope":{"containerScope":{"containerScope":{"containerScope":{"containerScope":{"containerScope":{"containerScope":{"contributions":{},"includedScopes":[]},"contributions":{},"includedScopes":[]},"contributions":{},"includedScopes":[]},"contributions":{},"includedScopes":[{"containerScope":{"containerScope":{"containerScope":{"contributions":{},"includedScopes":[]},"contributions":{},"includedScopes":[]},"contributions":{},"includedScopes":[]},"contributions":{},"includedScopes":[]}]},"contributions":{},"includedScopes":[]},"contributions":{},"includedScopes":[]},"contributions":{},"includedScopes":[]},"contributions":{},"includedScopes":[]},"contributions":{},"includedScopes":[{"containerScope":{"containerScope":{"containerScope":{"contributions":{},"includedScopes":[]},"contributions":{},"includedScopes":[]},"contributions":{},"includedScopes":[]},"contributions":{},"includedScopes":[{"containerScope":{"containerScope":{"containerScope":{"contributions":{},"includedScopes":[]},"contributions":{},"includedScopes":[]},"contributions":{},"includedScopes":[]},"contributions":{},"includedScopes":[]}]},{"containerScope":{"containerScope":{"containerScope":{"contributions":{},"includedScopes":[]},"contributions":{},"includedScopes":[]},"contributions":{},"includedScopes":[]},"contributions":{},"includedScopes":[]}]},"contributions":{},"includedScopes":[]}},"scope":{"containerScope":{"containerScope":{"containerScope":{"containerScope":{"containerScope":{"containerScope":{"containerScope":{"containerScope":{"containerScope":{"contributions":{},"includedScopes":[]},"contributions":{},"includedScopes":[]},"contributions":{},"includedScopes":[]},"contributions":{},"includedScopes":[{"containerScope":{"containerScope":{"containerScope":{"contributions":{},"includedScopes":[]},"contributions":{},"includedScopes":[]},"contributions":{},"includedScopes":[]},"contributions":{},"includedScopes":[]}]},"contributions":{},"includedScopes":[]},"contributions":{},"includedScopes":[]},"contributions":{},"includedScopes":[]},"contributions":{},"includedScopes":[]},"contributions":{},"includedScopes":[{"containerScope":{"containerScope":{"containerScope":{"contributions":{},"includedScopes":[]},"contributions":{},"includedScopes":[]},"contributions":{},"includedScopes":[]},"contributions":{},"includedScopes":[{"containerScope":{"containerScope":{"containerScope":{"contributions":{},"includedScopes":[]},"contributions":{},"includedScopes":[]},"contributions":{},"includedScopes":[]},"contributions":{},"includedScopes":[]}]},{"containerScope":{"containerScope":{"containerScope":{"contributions":{},"includedScopes":[]},"contributions":{},"includedScopes":[]},"contributions":{},"includedScopes":[]},"contributions":{},"includedScopes":[]}]},"contributions":{},"includedScopes":[]}}]}],"id":"331cba57-af79-4b20-a5f3-4b0ed0f12da4","message":"any","metadata":[],"receiver":{"id":"1eca4a91-a1bc-4ac0-a5b7-cad5ea98cbdf","metadata":[],"name":"materiasAprobadas","scope":{"containerScope":{"containerScope":{"containerScope":{"containerScope":{"containerScope":{"containerScope":{"containerScope":{"containerScope":{"contributions":{},"includedScopes":[]},"contributions":{},"includedScopes":[]},"contributions":{},"includedScopes":[]},"contributions":{},"includedScopes":[{"containerScope":{"containerScope":{"containerScope":{"contributions":{},"includedScopes":[]},"contributions":{},"includedScopes":[]},"contributions":{},"includedScopes":[]},"contributions":{},"includedScopes":[]}]},"contributions":{},"includedScopes":[]},"contributions":{},"includedScopes":[]},"contributions":{},"includedScopes":[]},"contributions":{},"includedScopes":[]},"contributions":{},"includedScopes":[]},"sourceMap":{"end":{"column":27,"line":14,"offset":334},"start":{"column":10,"line":14,"offset":317}}},"scope":{"containerScope":{"containerScope":{"containerScope":{"containerScope":{"containerScope":{"containerScope":{"containerScope":{"contributions":{},"includedScopes":[]},"contributions":{},"includedScopes":[]},"contributions":{},"includedScopes":[]},"contributions":{},"includedScopes":[{"containerScope":{"containerScope":{"containerScope":{"contributions":{},"includedScopes":[]},"contributions":{},"includedScopes":[]},"contributions":{},"includedScopes":[]},"contributions":{},"includedScopes":[]}]},"contributions":{},"includedScopes":[]},"contributions":{},"includedScopes":[]},"contributions":{},"includedScopes":[]},"contributions":{},"includedScopes":[]},"sourceMap":{"end":{"column":90,"line":14,"offset":397},"start":{"column":10,"line":14,"offset":317}}}}],"sourceMap":{"end":{"column":3,"line":15,"offset":401},"start":{"column":25,"line":13,"offset":305}}},"compiled":false,"id":"c9001f0c-bc72-407d-a986-5d8e75298251","isOverride":false,"metadata":[],"name":"aprobo","parameters":[{"id":"78934e39-1af1-49aa-a0af-2be00a685857","isVarArg":false,"metadata":[],"name":"materia","scope":{"containerScope":{"containerScope":{"containerScope":{"containerScope":{"containerScope":{"contributions":{},"includedScopes":[]},"contributions":{},"includedScopes":[]},"contributions":{},"includedScopes":[]},"contributions":{},"includedScopes":[{"containerScope":{"containerScope":{"containerScope":{"contributions":{},"includedScopes":[]},"contributions":{},"includedScopes":[]},"contributions":{},"includedScopes":[]},"contributions":{},"includedScopes":[]}]},"contributions":{},"includedScopes":[]},"contributions":{},"includedScopes":[]},"sourceMap":{"end":{"column":23,"line":13,"offset":303},"start":{"column":16,"line":13,"offset":296}}}],"problems":[],"scope":{"containerScope":{"containerScope":{"containerScope":{"containerScope":{"contributions":{},"includedScopes":[]},"contributions":{},"includedScopes":[]},"contributions":{},"includedScopes":[]},"contributions":{},"includedScopes":[{"containerScope":{"containerScope":{"containerScope":{"contributions":{},"includedScopes":[]},"contributions":{},"includedScopes":[]},"contributions":{},"includedScopes":[]},"contributions":{},"includedScopes":[]}]},"contributions":{},"includedScopes":[]},"sourceMap":{"end":{"column":3,"line":15,"offset":401},"start":{"column":2,"line":13,"offset":282}}}],"metadata":[],"name":"Estudiante","problems":[],"scope":{"containerScope":{"containerScope":{"containerScope":{"contributions":{},"includedScopes":[]},"contributions":{},"includedScopes":[]},"contributions":{},"includedScopes":[]},"contributions":{},"includedScopes":[{"containerScope":{"containerScope":{"containerScope":{"contributions":{},"includedScopes":[]},"contributions":{},"includedScopes":[]},"contributions":{},"includedScopes":[]},"contributions":{},"includedScopes":[]}]},"sourceMap":{"end":{"column":2,"line":18,"offset":408},"start":{"column":1,"line":1,"offset":0}},"supertypes":[]}],"metadata":[],"name":"example","problems":[{"code":"malformedEntity","sourceMap":{"end":{"column":2,"line":25,"offset":461},"start":{"column":1,"line":22,"offset":416}}}],"scope":{"containerScope":{"containerScope":{"contributions":{},"includedScopes":[]},"contributions":{},"includedScopes":[]},"contributions":{},"includedScopes":[]}},"stack":"Error: Failed to print, found malformed node\n    at c:\\Users\\estudiante\\.vscode\\extensions\\uqbar.wollok-lsp-ide-0.5.4\\out\\server\\src\\server.js:68:3585\n    at Kbn (c:\\Users\\estudiante\\.vscode\\extensions\\uqbar.wollok-lsp-ide-0.5.4\\out\\server\\src\\server.js:68:3396)\n    at c:\\Users\\estudiante\\.vscode\\extensions\\uqbar.wollok-lsp-ide-0.5.4\\out\\server\\src\\server.js:2398:847\n    at c:\\Users\\estudiante\\.vscode\\extensions\\uqbar.wollok-lsp-ide-0.5.4\\out\\server\\src\\server.js:2398:8440\n    at c:\\Users\\estudiante\\.vscode\\extensions\\uqbar.wollok-lsp-ide-0.5.4\\out\\server\\src\\server.js:37:74770\n    at Ke (c:\\Users\\estudiante\\.vscode\\extensions\\uqbar.wollok-lsp-ide-0.5.4\\out\\server\\src\\server.js:7:8527)\n    at Lt (c:\\Users\\estudiante\\.vscode\\extensions\\uqbar.wollok-lsp-ide-0.5.4\\out\\server\\src\\server.js:7:6189)\n    at ct (c:\\Users\\estudiante\\.vscode\\extensions\\uqbar.wollok-lsp-ide-0.5.4\\out\\server\\src\\server.js:7:6378)\n    at Immediate._onImmediate (c:\\Users\\estudiante\\.vscode\\extensions\\uqbar.wollok-lsp-ide-0.5.4\\out\\server\\src\\server.js:7:6142)\n    at process.processImmediate (node:internal/timers:484:21)","timestamp":"2026-05-13T22:55:04.201Z"}
{"level":"error","message":"✘ Failed to get type description: Error: Failed to print, found malformed node Failed to print, found malformed node","node":{"fileName":"src/example.wlk","id":"2baab15a-49e9-4d28-8cfd-5896fae3a4b5","imports":[],"members":[{"id":"2ff8894f-b74f-4ca1-b358-7130677c4344","members":[{"id":"8e73956d-ebb8-4e07-83d9-04729fcd24e5","isConstant":true,"isProperty":false,"metadata":[],"name":"materiasAprobadas","scope":{"containerScope":{"containerScope":{"containerScope":{"containerScope":{"contributions":{},"includedScopes":[]},"contributions":{},"includedScopes":[]},"contributions":{},"includedScopes":[]},"contributions":{},"includedScopes":[{"containerScope":{"containerScope":{"containerScope":{"contributions":{},"includedScopes":[]},"contributions":{},"includedScopes":[]},"contributions":{},"includedScopes":[]},"contributions":{},"includedScopes":[]}]},"contributions":{},"includedScopes":[]},"sourceMap":{"end":{"column":30,"line":2,"offset":49},"start":{"column":2,"line":2,"offset":21}},"value":{"id":"17a40ec1-82b7-4458-b6b4-94d6efaefca6","metadata":[],"scope":{"containerScope":{"containerScope":{"containerScope":{"containerScope":{"containerScope":{"contributions":{},"includedScopes":[]},"contributions":{},"includedScopes":[]},"contributions":{},"includedScopes":[]},"contributions":{},"includedScopes":[{"containerScope":{"containerScope":{"containerScope":{"contributions":{},"includedScopes":[]},"contributions":{},"includedScopes":[]},"contributions":{},"includedScopes":[]},"contributions":{},"includedScopes":[]}]},"contributions":{},"includedScopes":[]},"contributions":{},"includedScopes":[]},"sourceMap":{"end":{"column":30,"line":2,"offset":49},"start":{"column":28,"line":2,"offset":47}},"value":[{"id":"cacea10b-5c55-4573-ae6d-1d58566124b1","metadata":[],"name":"wollok.lang.List","scope":{"containerScope":{"containerScope":{"containerScope":{"containerScope":{"containerScope":{"containerScope":{"contributions":{},"includedScopes":[]},"contributions":{},"includedScopes":[]},"contributions":{},"includedScopes":[]},"contributions":{},"includedScopes":[{"containerScope":{"containerScope":{"containerScope":{"contributions":{},"includedScopes":[]},"contributions":{},"includedScopes":[]},"contributions":{},"includedScopes":[]},"contributions":{},"includedScopes":[]}]},"contributions":{},"includedScopes":[]},"contributions":{},"includedScopes":[]},"contributions":{},"includedScopes":[]}},[]]}},{"body":{"id":"6307f500-127a-481a-bd26-578f877f1e36","metadata":[],"problems":[],"scope":{"containerScope":{"containerScope":{"containerScope":{"containerScope":{"containerScope":{"contributions":{},"includedScopes":[]},"contributions":{},"includedScopes":[]},"contributions":{},"includedScopes":[]},"contributions":{},"includedScopes":[{"containerScope":{"containerScope":{"containerScope":{"contributions":{},"includedScopes":[]},"contributions":{},"includedScopes":[]},"contributions":{},"includedScopes":[]},"contributions":{},"includedScopes":[]}]},"contributions":{},"includedScopes":[]},"contributions":{},"includedScopes":[]},"sentences":[{"condition":{"args":[{"id":"2af3eb3c-de33-496d-9c08-3c563aaed32e","metadata":[],"name":"materia","scope":{"containerScope":{"containerScope":{"containerScope":{"containerScope":{"containerScope":{"containerScope":{"containerScope":{"containerScope":{"contributions":{},"includedScopes":[]},"contributions":{},"includedScopes":[]},"contributions":{},"includedScopes":[]},"contributions":{},"includedScopes":[{"containerScope":{"containerScope":{"containerScope":{"contributions":{},"includedScopes":[]},"contributions":{},"includedScopes":[]},"contributions":{},"includedScopes":[]},"contributions":{},"includedScopes":[]}]},"contributions":{},"includedScopes":[]},"contributions":{},"includedScopes":[]},"contributions":{},"includedScopes":[]},"contributions":{},"includedScopes":[]},"contributions":{},"includedScopes":[]},"sourceMap":{"end":{"column":24,"line":6,"offset":112},"start":{"column":17,"line":6,"offset":105}}}],"id":"dd676bde-ac9f-4405-80b4-dab52707c1a1","message":"aprobo","metadata":[],"receiver":{"id":"db4c36ea-8bf6-42a5-bc5d-f22bbfb23b0d","metadata":[],"scope":{"containerScope":{"containerScope":{"containerScope":{"containerScope":{"containerScope":{"containerScope":{"containerScope":{"containerScope":{"contributions":{},"includedScopes":[]},"contributions":{},"includedScopes":[]},"contributions":{},"includedScopes":[]},"contributions":{},"includedScopes":[{"containerScope":{"containerScope":{"containerScope":{"contributions":{},"includedScopes":[]},"contributions":{},"includedScopes":[]},"contributions":{},"includedScopes":[]},"contributions":{},"includedScopes":[]}]},"contributions":{},"includedScopes":[]},"contributions":{},"includedScopes":[]},"contributions":{},"includedScopes":[]},"contributions":{},"includedScopes":[]},"contributions":{},"includedScopes":[]},"sourceMap":{"end":{"column":9,"line":6,"offset":97},"start":{"column":5,"line":6,"offset":93}}},"scope":{"containerScope":{"containerScope":{"containerScope":{"containerScope":{"containerScope":{"containerScope":{"containerScope":{"contributions":{},"includedScopes":[]},"contributions":{},"includedScopes":[]},"contributions":{},"includedScopes":[]},"contributions":{},"includedScopes":[{"containerScope":{"containerScope":{"containerScope":{"contributions":{},"includedScopes":[]},"contributions":{},"includedScopes":[]},"contributions":{},"includedScopes":[]},"contributions":{},"includedScopes":[]}]},"contributions":{},"includedScopes":[]},"contributions":{},"includedScopes":[]},"contributions":{},"includedScopes":[]},"contributions":{},"includedScopes":[]},"sourceMap":{"end":{"column":25,"line":6,"offset":113},"start":{"column":5,"line":6,"offset":93}}},"elseBody":{"id":"511f35b4-8166-4bd2-8ce6-e34d32f60dc1","metadata":[],"scope":{"containerScope":{"containerScope":{"containerScope":{"containerScope":{"containerScope":{"containerScope":{"containerScope":{"contributions":{},"includedScopes":[]},"contributions":{},"includedScopes":[]},"contributions":{},"includedScopes":[]},"contributions":{},"includedScopes":[{"containerScope":{"containerScope":{"containerScope":{"contributions":{},"includedScopes":[]},"contributions":{},"includedScopes":[]},"contributions":{},"includedScopes":[]},"contributions":{},"includedScopes":[]}]},"contributions":{},"includedScopes":[]},"contributions":{},"includedScopes":[]},"contributions":{},"includedScopes":[]},"contributions":{},"includedScopes":[]},"sentences":[]},"id":"005aa3fd-507d-4f9a-a3f6-486fb605739a","metadata":[],"scope":{"containerScope":{"containerScope":{"containerScope":{"containerScope":{"containerScope":{"containerScope":{"contributions":{},"includedScopes":[]},"contributions":{},"includedScopes":[]},"contributions":{},"includedScopes":[]},"contributions":{},"includedScopes":[{"containerScope":{"containerScope":{"containerScope":{"contributions":{},"includedScopes":[]},"contributions":{},"includedScopes":[]},"contributions":{},"includedScopes":[]},"contributions":{},"includedScopes":[]}]},"contributions":{},"includedScopes":[]},"contributions":{},"includedScopes":[]},"contributions":{},"includedScopes":[]},"sourceMap":{"end":{"column":3,"line":8,"offset":181},"start":{"column":2,"line":6,"offset":90}},"thenBody":{"id":"cb6b94b5-5551-4614-884f-b2c98d39d326","metadata":[],"problems":[],"scope":{"containerScope":{"containerScope":{"containerScope":{"containerScope":{"containerScope":{"containerScope":{"containerScope":{"contributions":{},"includedScopes":[]},"contributions":{},"includedScopes":[]},"contributions":{},"includedScopes":[]},"contributions":{},"includedScopes":[{"containerScope":{"containerScope":{"containerScope":{"contributions":{},"includedScopes":[]},"contributions":{},"includedScopes":[]},"contributions":{},"includedScopes":[]},"contributions":{},"includedScopes":[]}]},"contributions":{},"includedScopes":[]},"contributions":{},"includedScopes":[]},"contributions":{},"includedScopes":[]},"contributions":{},"includedScopes":[]},"sentences":[{"args":[{"id":"db0f881d-3550-44c2-9cca-980bd8b15588","metadata":[],"scope":{"containerScope":{"containerScope":{"containerScope":{"containerScope":{"containerScope":{"containerScope":{"containerScope":{"containerScope":{"containerScope":{"contributions":{},"includedScopes":[]},"contributions":{},"includedScopes":[]},"contributions":{},"includedScopes":[]},"contributions":{},"includedScopes":[{"containerScope":{"containerScope":{"containerScope":{"contributions":{},"includedScopes":[]},"contributions":{},"includedScopes":[]},"contributions":{},"includedScopes":[]},"contributions":{},"includedScopes":[]}]},"contributions":{},"includedScopes":[]},"contributions":{},"includedScopes":[]},"contributions":{},"includedScopes":[]},"contributions":{},"includedScopes":[]},"contributions":{},"includedScopes":[]},"contributions":{},"includedScopes":[]},"sourceMap":{"end":{"column":60,"line":7,"offset":176},"start":{"column":14,"line":7,"offset":130}},"value":"Ya se registro la aprobacion de esta materia"}],"id":"5ac861ac-722f-48dc-8af6-ff8b7a115cad","message":"error","metadata":[],"receiver":{"id":"4410203e-29c2-4676-b177-d5300e98e928","metadata":[],"scope":{"containerScope":{"containerScope":{"containerScope":{"containerScope":{"containerScope":{"containerScope":{"containerScope":{"containerScope":{"containerScope":{"contributions":{},"includedScopes":[]},"contributions":{},"includedScopes":[]},"contributions":{},"includedScopes":[]},"contributions":{},"includedScopes":[{"containerScope":{"containerScope":{"containerScope":{"contributions":{},"includedScopes":[]},"contributions":{},"includedScopes":[]},"contributions":{},"includedScopes":[]},"contributions":{},"includedScopes":[]}]},"contributions":{},"includedScopes":[]},"contributions":{},"includedScopes":[]},"contributions":{},"includedScopes":[]},"contributions":{},"includedScopes":[]},"contributions":{},"includedScopes":[]},"contributions":{},"includedScopes":[]},"sourceMap":{"end":{"column":7,"line":7,"offset":123},"start":{"column":3,"line":7,"offset":119}}},"scope":{"containerScope":{"containerScope":{"containerScope":{"containerScope":{"containerScope":{"containerScope":{"containerScope":{"containerScope":{"contributions":{},"includedScopes":[]},"contributions":{},"includedScopes":[]},"contributions":{},"includedScopes":[]},"contributions":{},"includedScopes":[{"containerScope":{"containerScope":{"containerScope":{"contributions":{},"includedScopes":[]},"contributions":{},"includedScopes":[]},"contributions":{},"includedScopes":[]},"contributions":{},"includedScopes":[]}]},"contributions":{},"includedScopes":[]},"contributions":{},"includedScopes":[]},"contributions":{},"includedScopes":[]},"contributions":{},"includedScopes":[]},"contributions":{},"includedScopes":[]},"sourceMap":{"end":{"column":61,"line":7,"offset":177},"start":{"column":3,"line":7,"offset":119}}}],"sourceMap":{"end":{"column":3,"line":8,"offset":181},"start":{"column":26,"line":6,"offset":114}}}},{"args":[{"args":[{"id":"cc232b58-b585-4316-aeba-7ee0a2468298","metadata":[],"name":"materia","scope":{"containerScope":{"containerScope":{"containerScope":{"containerScope":{"containerScope":{"containerScope":{"containerScope":{"containerScope":{"contributions":{},"includedScopes":[]},"contributions":{},"includedScopes":[]},"contributions":{},"includedScopes":[]},"contributions":{},"includedScopes":[{"containerScope":{"containerScope":{"containerScope":{"contributions":{},"includedScopes":[]},"contributions":{},"includedScopes":[]},"contributions":{},"includedScopes":[]},"contributions":{},"includedScopes":[]}]},"contributions":{},"includedScopes":[]},"contributions":{},"includedScopes":[]},"contributions":{},"includedScopes":[]},"contributions":{},"includedScopes":[]},"contributions":{},"includedScopes":[]},"sourceMap":{"end":{"column":61,"line":9,"offset":243},"start":{"column":44,"line":9,"offset":226}},"value":{"id":"410b1960-01ea-46d0-a2e3-f181d1bb023c","metadata":[],"name":"materia","scope":{"containerScope":{"containerScope":{"containerScope":{"containerScope":{"containerScope":{"containerScope":{"containerScope":{"containerScope":{"containerScope":{"contributions":{},"includedScopes":[]},"contributions":{},"includedScopes":[]},"contributions":{},"includedScopes":[]},"contributions":{},"includedScopes":[{"containerScope":{"containerScope":{"containerScope":{"contributions":{},"includedScopes":[]},"contributions":{},"includedScopes":[]},"contributions":{},"includedScopes":[]},"contributions":{},"includedScopes":[]}]},"contributions":{},"includedScopes":[]},"contributions":{},"includedScopes":[]},"contributions":{},"includedScopes":[]},"contributions":{},"includedScopes":[]},"contributions":{},"includedScopes":[]},"contributions":{},"includedScopes":[]},"sourceMap":{"end":{"column":61,"line":9,"offset":243},"start":{"column":54,"line":9,"offset":236}}}},{"id":"3708ed24-dbd4-4906-b22c-bdf726ccd9f5","metadata":[],"name":"nota","scope":{"containerScope":{"containerScope":{"containerScope":{"containerScope":{"containerScope":{"containerScope":{"containerScope":{"containerScope":{"contributions":{},"includedScopes":[]},"contributions":{},"includedScopes":[]},"contributions":{},"includedScopes":[]},"contributions":{},"includedScopes":[{"containerScope":{"containerScope":{"containerScope":{"contributions":{},"includedScopes":[]},"contributions":{},"includedScopes":[]},"contributions":{},"includedScopes":[]},"contributions":{},"includedScopes":[]}]},"contributions":{},"includedScopes":[]},"contributions":{},"includedScopes":[]},"contributions":{},"includedScopes":[]},"contributions":{},"includedScopes":[]},"contributions":{},"includedScopes":[]},"sourceMap":{"end":{"column":25,"line":10,"offset":270},"start":{"column":14,"line":10,"offset":259}},"value":{"id":"9fc6157e-1aa4-4f69-8c0d-55f9069203c2","metadata":[],"name":"nota","scope":{"containerScope":{"containerScope":{"containerScope":{"containerScope":{"containerScope":{"containerScope":{"containerScope":{"containerScope":{"containerScope":{"contributions":{},"includedScopes":[]},"contributions":{},"includedScopes":[]},"contributions":{},"includedScopes":[]},"contributions":{},"includedScopes":[{"containerScope":{"containerScope":{"containerScope":{"contributions":{},"includedScopes":[]},"contributions":{},"includedScopes":[]},"contributions":{},"includedScopes":[]},"contributions":{},"includedScopes":[]}]},"contributions":{},"includedScopes":[]},"contributions":{},"includedScopes":[]},"contributions":{},"includedScopes":[]},"contributions":{},"includedScopes":[]},"contributions":{},"includedScopes":[]},"contributions":{},"includedScopes":[]},"sourceMap":{"end":{"column":25,"line":10,"offset":270},"start":{"column":21,"line":10,"offset":266}}}}],"id":"d261ae3e-9d5d-4aa6-929d-6fa22cf1fc5b","instantiated":{"id":"8e8345a7-5be9-4ce6-bcd9-2b31e21020dc","metadata":[],"name":"materiaAprobada","scope":{"containerScope":{"containerScope":{"containerScope":{"containerScope":{"containerScope":{"containerScope":{"containerScope":{"containerScope":{"contributions":{},"includedScopes":[]},"contributions":{},"includedScopes":[]},"contributions":{},"includedScopes":[]},"contributions":{},"includedScopes":[{"containerScope":{"containerScope":{"containerScope":{"contributions":{},"includedScopes":[]},"contributions":{},"includedScopes":[]},"contributions":{},"includedScopes":[]},"contributions":{},"includedScopes":[]}]},"contributions":{},"includedScopes":[]},"contributions":{},"includedScopes":[]},"contributions":{},"includedScopes":[]},"contributions":{},"includedScopes":[]},"contributions":{},"includedScopes":[]},"sourceMap":{"end":{"column":43,"line":9,"offset":225},"start":{"column":28,"line":9,"offset":210}}},"metadata":[],"scope":{"containerScope":{"containerScope":{"containerScope":{"containerScope":{"containerScope":{"containerScope":{"containerScope":{"contributions":{},"includedScopes":[]},"contributions":{},"includedScopes":[]},"contributions":{},"includedScopes":[]},"contributions":{},"includedScopes":[{"containerScope":{"containerScope":{"containerScope":{"contributions":{},"includedScopes":[]},"contributions":{},"includedScopes":[]},"contributions":{},"includedScopes":[]},"contributions":{},"includedScopes":[]}]},"contributions":{},"includedScopes":[]},"contributions":{},"includedScopes":[]},"contributions":{},"includedScopes":[]},"contributions":{},"includedScopes":[]},"sourceMap":{"end":{"column":26,"line":10,"offset":271},"start":{"column":24,"line":9,"offset":206}}}],"id":"50b41669-7147-4bef-a942-0f74805d03cd","message":"add","metadata":[],"receiver":{"id":"fe9f526e-0661-436b-a123-ee96c67f0163","metadata":[],"name":"materiasAprobadas","scope":{"containerScope":{"containerScope":{"containerScope":{"containerScope":{"containerScope":{"containerScope":{"containerScope":{"contributions":{},"includedScopes":[]},"contributions":{},"includedScopes":[]},"contributions":{},"includedScopes":[]},"contributions":{},"includedScopes":[{"containerScope":{"containerScope":{"containerScope":{"contributions":{},"includedScopes":[]},"contributions":{},"includedScopes":[]},"contributions":{},"includedScopes":[]},"contributions":{},"includedScopes":[]}]},"contributions":{},"includedScopes":[]},"contributions":{},"includedScopes":[]},"contributions":{},"includedScopes":[]},"contributions":{},"includedScopes":[]},"sourceMap":{"end":{"column":19,"line":9,"offset":201},"start":{"column":2,"line":9,"offset":184}}},"scope":{"containerScope":{"containerScope":{"containerScope":{"containerScope":{"containerScope":{"containerScope":{"contributions":{},"includedScopes":[]},"contributions":{},"includedScopes":[]},"contributions":{},"includedScopes":[]},"contributions":{},"includedScopes":[{"containerScope":{"containerScope":{"containerScope":{"contributions":{},"includedScopes":[]},"contributions":{},"includedScopes":[]},"contributions":{},"includedScopes":[]},"contributions":{},"includedScopes":[]}]},"contributions":{},"includedScopes":[]},"contributions":{},"includedScopes":[]},"contributions":{},"includedScopes":[]},"sourceMap":{"end":{"column":27,"line":10,"offset":272},"start":{"column":1,"line":9,"offset":184}}}],"sourceMap":{"end":{"column":4,"line":11,"offset":277},"start":{"column":32,"line":5,"offset":86}}},"compiled":false,"id":"0a18d2b6-2f42-416e-9191-5fb8f0a61a06","isOverride":false,"metadata":[],"name":"aprobar","parameters":[{"id":"9cbf4435-2cfd-45c0-adbf-948718e7fe5d","isVarArg":false,"metadata":[],"name":"materia","scope":{"containerScope":{"containerScope":{"containerScope":{"containerScope":{"containerScope":{"contributions":{},"includedScopes":[]},"contributions":{},"includedScopes":[]},"contributions":{},"includedScopes":[]},"contributions":{},"includedScopes":[{"containerScope":{"containerScope":{"containerScope":{"contributions":{},"includedScopes":[]},"contributions":{},"includedScopes":[]},"contributions":{},"includedScopes":[]},"contributions":{},"includedScopes":[]}]},"contributions":{},"includedScopes":[]},"contributions":{},"includedScopes":[]},"sourceMap":{"end":{"column":24,"line":5,"offset":78},"start":{"column":17,"line":5,"offset":71}}},{"id":"26eb2c45-6b82-4d89-b34d-18251204c0d6","isVarArg":false,"metadata":[],"name":"nota","scope":{"containerScope":{"containerScope":{"containerScope":{"containerScope":{"containerScope":{"contributions":{},"includedScopes":[]},"contributions":{},"includedScopes":[]},"contributions":{},"includedScopes":[]},"contributions":{},"includedScopes":[{"containerScope":{"containerScope":{"containerScope":{"contributions":{},"includedScopes":[]},"contributions":{},"includedScopes":[]},"contributions":{},"includedScopes":[]},"contributions":{},"includedScopes":[]}]},"contributions":{},"includedScopes":[]},"contributions":{},"includedScopes":[]},"sourceMap":{"end":{"column":30,"line":5,"offset":84},"start":{"column":26,"line":5,"offset":80}}}],"problems":[],"scope":{"containerScope":{"containerScope":{"containerScope":{"containerScope":{"contributions":{},"includedScopes":[]},"contributions":{},"includedScopes":[]},"contributions":{},"includedScopes":[]},"contributions":{},"includedScopes":[{"containerScope":{"containerScope":{"containerScope":{"contributions":{},"includedScopes":[]},"contributions":{},"includedScopes":[]},"contributions":{},"includedScopes":[]},"contributions":{},"includedScopes":[]}]},"contributions":{},"includedScopes":[]},"sourceMap":{"end":{"column":4,"line":11,"offset":277},"start":{"column":2,"line":5,"offset":56}}},{"body":{"id":"b90efb41-bdf0-4954-a6d1-46c3c4029582","metadata":[],"problems":[],"scope":{"containerScope":{"containerScope":{"containerScope":{"containerScope":{"containerScope":{"contributions":{},"includedScopes":[]},"contributions":{},"includedScopes":[]},"contributions":{},"includedScopes":[]},"contributions":{},"includedScopes":[{"containerScope":{"containerScope":{"containerScope":{"contributions":{},"includedScopes":[]},"contributions":{},"includedScopes":[]},"contributions":{},"includedScopes":[]},"contributions":{},"includedScopes":[]}]},"contributions":{},"includedScopes":[]},"contributions":{},"includedScopes":[]},"sentences":[{"id":"16b5933f-bafb-430a-85b6-5d0b7efa4c62","metadata":[],"scope":{"containerScope":{"containerScope":{"containerScope":{"containerScope":{"containerScope":{"containerScope":{"contributions":{},"includedScopes":[]},"contributions":{},"includedScopes":[]},"contributions":{},"includedScopes":[]},"contributions":{},"includedScopes":[{"containerScope":{"containerScope":{"containerScope":{"contributions":{},"includedScopes":[]},"contributions":{},"includedScopes":[]},"contributions":{},"includedScopes":[]},"contributions":{},"includedScopes":[]}]},"contributions":{},"includedScopes":[]},"contributions":{},"includedScopes":[]},"contributions":{},"includedScopes":[]},"sourceMap":{"end":{"column":90,"line":14,"offset":397},"start":{"column":3,"line":14,"offset":310}},"value":{"args":[{"id":"a6ad1ab3-b89b-438d-9815-cc5ba548d880","members":[{"body":{"id":"5ea27ee0-eae9-4490-b5aa-dd8168780957","metadata":[],"scope":{"containerScope":{"containerScope":{"containerScope":{"containerScope":{"containerScope":{"containerScope":{"containerScope":{"containerScope":{"containerScope":{"containerScope":{"contributions":{},"includedScopes":[]},"contributions":{},"includedScopes":[]},"contributions":{},"includedScopes":[]},"contributions":{},"includedScopes":[{"containerScope":{"containerScope":{"containerScope":{"contributions":{},"includedScopes":[]},"contributions":{},"includedScopes":[]},"contributions":{},"includedScopes":[]},"contributions":{},"includedScopes":[]}]},"contributions":{},"includedScopes":[]},"contributions":{},"includedScopes":[]},"contributions":{},"includedScopes":[]},"contributions":{},"includedScopes":[]},"contributions":{},"includedScopes":[{"containerScope":{"containerScope":{"containerScope":{"contributions":{},"includedScopes":[]},"contributions":{},"includedScopes":[]},"contributions":{},"includedScopes":[]},"contributions":{},"includedScopes":[{"containerScope":{"containerScope":{"containerScope":{"contributions":{},"includedScopes":[]},"contributions":{},"includedScopes":[]},"contributions":{},"includedScopes":[]},"contributions":{},"includedScopes":[]}]},{"containerScope":{"containerScope":{"containerScope":{"contributions":{},"includedScopes":[]},"contributions":{},"includedScopes":[]},"contributions":{},"includedScopes":[]},"contributions":{},"includedScopes":[]}]},"contributions":{},"includedScopes":[]},"contributions":{},"includedScopes":[]},"sentences":[{"id":"0b5e1dc0-ee50-4163-bd77-150d89dbe400","metadata":[],"scope":{"containerScope":{"containerScope":{"containerScope":{"containerScope":{"containerScope":{"containerScope":{"containerScope":{"containerScope":{"containerScope":{"containerScope":{"containerScope":{"contributions":{},"includedScopes":[]},"contributions":{},"includedScopes":[]},"contributions":{},"includedScopes":[]},"contributions":{},"includedScopes":[{"containerScope":{"containerScope":{"containerScope":{"contributions":{},"includedScopes":[]},"contributions":{},"includedScopes":[]},"contributions":{},"includedScopes":[]},"contributions":{},"includedScopes":[]}]},"contributions":{},"includedScopes":[]},"contributions":{},"includedScopes":[]},"contributions":{},"includedScopes":[]},"contributions":{},"includedScopes":[]},"contributions":{},"includedScopes":[{"containerScope":{"containerScope":{"containerScope":{"contributions":{},"includedScopes":[]},"contributions":{},"includedScopes":[]},"contributions":{},"includedScopes":[]},"contributions":{},"includedScopes":[{"containerScope":{"containerScope":{"containerScope":{"contributions":{},"includedScopes":[]},"contributions":{},"includedScopes":[]},"contributions":{},"includedScopes":[]},"contributions":{},"includedScopes":[]}]},{"containerScope":{"containerScope":{"containerScope":{"contributions":{},"includedScopes":[]},"contributions":{},"includedScopes":[]},"contributions":{},"includedScopes":[]},"contributions":{},"includedScopes":[]}]},"contributions":{},"includedScopes":[]},"contributions":{},"includedScopes":[]},"contributions":{},"includedScopes":[]},"value":{"args":[{"id":"99a2b3a6-b589-4b46-9eae-0fbce3c36936","metadata":[],"name":"materia","scope":{"containerScope":{"containerScope":{"containerScope":{"containerScope":{"containerScope":{"containerScope":{"containerScope":{"containerScope":{"containerScope":{"containerScope":{"containerScope":{"containerScope":{"containerScope":{"contributions":{},"includedScopes":[]},"contributions":{},"includedScopes":[]},"contributions":{},"includedScopes":[]},"contributions":{},"includedScopes":[{"containerScope":{"containerScope":{"containerScope":{"contributions":{},"includedScopes":[]},"contributions":{},"includedScopes":[]},"contributions":{},"includedScopes":[]},"contributions":{},"includedScopes":[]}]},"contributions":{},"includedScopes":[]},"contributions":{},"includedScopes":[]},"contributions":{},"includedScopes":[]},"contributions":{},"includedScopes":[]},"contributions":{},"includedScopes":[{"containerScope":{"containerScope":{"containerScope":{"contributions":{},"includedScopes":[]},"contributions":{},"includedScopes":[]},"contributions":{},"includedScopes":[]},"contributions":{},"includedScopes":[{"containerScope":{"containerScope":{"containerScope":{"contributions":{},"includedScopes":[]},"contributions":{},"includedScopes":[]},"contributions":{},"includedScopes":[]},"contributions":{},"includedScopes":[]}]},{"containerScope":{"containerScope":{"containerScope":{"contributions":{},"includedScopes":[]},"contributions":{},"includedScopes":[]},"contributions":{},"includedScopes":[]},"contributions":{},"includedScopes":[]}]},"contributions":{},"includedScopes":[]},"contributions":{},"includedScopes":[]},"contributions":{},"includedScopes":[]},"contributions":{},"includedScopes":[]},"contributions":{},"includedScopes":[]},"sourceMap":{"end":{"column":88,"line":14,"offset":395},"start":{"column":81,"line":14,"offset":388}}}],"id":"9f3a3afb-b809-4962-9e2c-b6b902eb299c","message":"==","metadata":[],"receiver":{"args":[],"id":"9478d760-189d-4083-8b4c-daec07562603","message":"materia","metadata":[],"receiver":{"id":"2c8844c4-0e01-49c5-953a-d0b042a0edec","metadata":[],"name":"materiaAprobada","scope":{"containerScope":{"containerScope":{"containerScope":{"containerScope":{"containerScope":{"containerScope":{"containerScope":{"containerScope":{"containerScope":{"containerScope":{"containerScope":{"containerScope":{"containerScope":{"containerScope":{"contributions":{},"includedScopes":[]},"contributions":{},"includedScopes":[]},"contributions":{},"includedScopes":[]},"contributions":{},"includedScopes":[{"containerScope":{"containerScope":{"containerScope":{"contributions":{},"includedScopes":[]},"contributions":{},"includedScopes":[]},"contributions":{},"includedScopes":[]},"contributions":{},"includedScopes":[]}]},"contributions":{},"includedScopes":[]},"contributions":{},"includedScopes":[]},"contributions":{},"includedScopes":[]},"contributions":{},"includedScopes":[]},"contributions":{},"includedScopes":[{"containerScope":{"containerScope":{"containerScope":{"contributions":{},"includedScopes":[]},"contributions":{},"includedScopes":[]},"contributions":{},"includedScopes":[]},"contributions":{},"includedScopes":[{"containerScope":{"containerScope":{"containerScope":{"contributions":{},"includedScopes":[]},"contributions":{},"includedScopes":[]},"contributions":{},"includedScopes":[]},"contributions":{},"includedScopes":[]}]},{"containerScope":{"containerScope":{"containerScope":{"contributions":{},"includedScopes":[]},"contributions":{},"includedScopes":[]},"contributions":{},"includedScopes":[]},"contributions":{},"includedScopes":[]}]},"contributions":{},"includedScopes":[]},"contributions":{},"includedScopes":[]},"contributions":{},"includedScopes":[]},"contributions":{},"includedScopes":[]},"contributions":{},"includedScopes":[]},"contributions":{},"includedScopes":[]},"sourceMap":{"end":{"column":67,"line":14,"offset":374},"start":{"column":52,"line":14,"offset":359}}},"scope":{"containerScope":{"containerScope":{"containerScope":{"containerScope":{"containerScope":{"containerScope":{"containerScope":{"containerScope":{"containerScope":{"containerScope":{"containerScope":{"containerScope":{"containerScope":{"contributions":{},"includedScopes":[]},"contributions":{},"includedScopes":[]},"contributions":{},"includedScopes":[]},"contributions":{},"includedScopes":[{"containerScope":{"containerScope":{"containerScope":{"contributions":{},"includedScopes":[]},"contributions":{},"includedScopes":[]},"contributions":{},"includedScopes":[]},"contributions":{},"includedScopes":[]}]},"contributions":{},"includedScopes":[]},"contributions":{},"includedScopes":[]},"contributions":{},"includedScopes":[]},"contributions":{},"includedScopes":[]},"contributions":{},"includedScopes":[{"containerScope":{"containerScope":{"containerScope":{"contributions":{},"includedScopes":[]},"contributions":{},"includedScopes":[]},"contributions":{},"includedScopes":[]},"contributions":{},"includedScopes":[{"containerScope":{"containerScope":{"containerScope":{"contributions":{},"includedScopes":[]},"contributions":{},"includedScopes":[]},"contributions":{},"includedScopes":[]},"contributions":{},"includedScopes":[]}]},{"containerScope":{"containerScope":{"containerScope":{"contributions":{},"includedScopes":[]},"contributions":{},"includedScopes":[]},"contributions":{},"includedScopes":[]},"contributions":{},"includedScopes":[]}]},"contributions":{},"includedScopes":[]},"contributions":{},"includedScopes":[]},"contributions":{},"includedScopes":[]},"contributions":{},"includedScopes":[]},"contributions":{},"includedScopes":[]},"sourceMap":{"end":{"column":77,"line":14,"offset":384},"start":{"column":52,"line":14,"offset":359}}},"scope":{"containerScope":{"containerScope":{"containerScope":{"containerScope":{"containerScope":{"containerScope":{"containerScope":{"containerScope":{"containerScope":{"containerScope":{"containerScope":{"containerScope":{"contributions":{},"includedScopes":[]},"contributions":{},"includedScopes":[]},"contributions":{},"includedScopes":[]},"contributions":{},"includedScopes":[{"containerScope":{"containerScope":{"containerScope":{"contributions":{},"includedScopes":[]},"contributions":{},"includedScopes":[]},"contributions":{},"includedScopes":[]},"contributions":{},"includedScopes":[]}]},"contributions":{},"includedScopes":[]},"contributions":{},"includedScopes":[]},"contributions":{},"includedScopes":[]},"contributions":{},"includedScopes":[]},"contributions":{},"includedScopes":[{"containerScope":{"containerScope":{"containerScope":{"contributions":{},"includedScopes":[]},"contributions":{},"includedScopes":[]},"contributions":{},"includedScopes":[]},"contributions":{},"includedScopes":[{"containerScope":{"containerScope":{"containerScope":{"contributions":{},"includedScopes":[]},"contributions":{},"includedScopes":[]},"contributions":{},"includedScopes":[]},"contributions":{},"includedScopes":[]}]},{"containerScope":{"containerScope":{"containerScope":{"contributions":{},"includedScopes":[]},"contributions":{},"includedScopes":[]},"contributions":{},"includedScopes":[]},"contributions":{},"includedScopes":[]}]},"contributions":{},"includedScopes":[]},"contributions":{},"includedScopes":[]},"contributions":{},"includedScopes":[]},"contributions":{},"includedScopes":[]},"sourceMap":{"end":{"column":88,"line":14,"offset":395},"start":{"column":52,"line":14,"offset":359}}}}]},"compiled":false,"id":"dccd1c3e-26b2-42f1-ad1a-f45784ce2775","isOverride":false,"metadata":[],"name":"<apply>","parameters":[{"id":"6d3e4982-c849-4b5d-99ee-47052cfa0880","isVarArg":false,"metadata":[],"name":"materiaAprobada","scope":{"containerScope":{"containerScope":{"containerScope":{"containerScope":{"containerScope":{"containerScope":{"containerScope":{"containerScope":{"containerScope":{"containerScope":{"contributions":{},"includedScopes":[]},"contributions":{},"includedScopes":[]},"contributions":{},"includedScopes":[]},"contributions":{},"includedScopes":[{"containerScope":{"containerScope":{"containerScope":{"contributions":{},"includedScopes":[]},"contributions":{},"includedScopes":[]},"contributions":{},"includedScopes":[]},"contributions":{},"includedScopes":[]}]},"contributions":{},"includedScopes":[]},"contributions":{},"includedScopes":[]},"contributions":{},"includedScopes":[]},"contributions":{},"includedScopes":[]},"contributions":{},"includedScopes":[{"containerScope":{"containerScope":{"containerScope":{"contributions":{},"includedScopes":[]},"contributions":{},"includedScopes":[]},"contributions":{},"includedScopes":[]},"contributions":{},"includedScopes":[{"containerScope":{"containerScope":{"containerScope":{"contributions":{},"includedScopes":[]},"contributions":{},"includedScopes":[]},"contributions":{},"includedScopes":[]},"contributions":{},"includedScopes":[]}]},{"containerScope":{"containerScope":{"containerScope":{"contributions":{},"includedScopes":[]},"contributions":{},"includedScopes":[]},"contributions":{},"includedScopes":[]},"contributions":{},"includedScopes":[]}]},"contributions":{},"includedScopes":[]},"contributions":{},"includedScopes":[]},"sourceMap":{"end":{"column":48,"line":14,"offset":355},"start":{"column":33,"line":14,"offset":340}}}],"scope":{"containerScope":{"containerScope":{"containerScope":{"containerScope":{"containerScope":{"containerScope":{"containerScope":{"containerScope":{"containerScope":{"contributions":{},"includedScopes":[]},"contributions":{},"includedScopes":[]},"contributions":{},"includedScopes":[]},"contributions":{},"includedScopes":[{"containerScope":{"containerScope":{"containerScope":{"contributions":{},"includedScopes":[]},"contributions":{},"includedScopes":[]},"contributions":{},"includedScopes":[]},"contributions":{},"includedScopes":[]}]},"contributions":{},"includedScopes":[]},"contributions":{},"includedScopes":[]},"contributions":{},"includedScopes":[]},"contributions":{},"includedScopes":[]},"contributions":{},"includedScopes":[{"containerScope":{"containerScope":{"containerScope":{"contributions":{},"includedScopes":[]},"contributions":{},"includedScopes":[]},"contributions":{},"includedScopes":[]},"contributions":{},"includedScopes":[{"containerScope":{"containerScope":{"containerScope":{"contributions":{},"includedScopes":[]},"contributions":{},"includedScopes":[]},"contributions":{},"includedScopes":[]},"contributions":{},"includedScopes":[]}]},{"containerScope":{"containerScope":{"containerScope":{"contributions":{},"includedScopes":[]},"contributions":{},"includedScopes":[]},"contributions":{},"includedScopes":[]},"contributions":{},"includedScopes":[]}]},"contributions":{},"includedScopes":[]}},{"id":"5c731fef-c437-461b-b0e2-1774d5c71847","isConstant":true,"isProperty":false,"metadata":[],"name":"<toString>","scope":{"containerScope":{"containerScope":{"containerScope":{"containerScope":{"containerScope":{"containerScope":{"containerScope":{"containerScope":{"containerScope":{"contributions":{},"includedScopes":[]},"contributions":{},"includedScopes":[]},"contributions":{},"includedScopes":[]},"contributions":{},"includedScopes":[{"containerScope":{"containerScope":{"containerScope":{"contributions":{},"includedScopes":[]},"contributions":{},"includedScopes":[]},"contributions":{},"includedScopes":[]},"contributions":{},"includedScopes":[]}]},"contributions":{},"includedScopes":[]},"contributions":{},"includedScopes":[]},"contributions":{},"includedScopes":[]},"contributions":{},"includedScopes":[]},"contributions":{},"includedScopes":[{"containerScope":{"containerScope":{"containerScope":{"contributions":{},"includedScopes":[]},"contributions":{},"includedScopes":[]},"contributions":{},"includedScopes":[]},"contributions":{},"includedScopes":[{"containerScope":{"containerScope":{"containerScope":{"contributions":{},"includedScopes":[]},"contributions":{},"includedScopes":[]},"contributions":{},"includedScopes":[]},"contributions":{},"includedScopes":[]}]},{"containerScope":{"containerScope":{"containerScope":{"contributions":{},"includedScopes":[]},"contributions":{},"includedScopes":[]},"contributions":{},"includedScopes":[]},"contributions":{},"includedScopes":[]}]},"contributions":{},"includedScopes":[]},"value":{"id":"90610e9a-98b9-4d09-8287-4b70246211de","metadata":[],"scope":{"containerScope":{"containerScope":{"containerScope":{"containerScope":{"containerScope":{"containerScope":{"containerScope":{"containerScope":{"containerScope":{"containerScope":{"contributions":{},"includedScopes":[]},"contributions":{},"includedScopes":[]},"contributions":{},"includedScopes":[]},"contributions":{},"includedScopes":[{"containerScope":{"containerScope":{"containerScope":{"contributions":{},"includedScopes":[]},"contributions":{},"includedScopes":[]},"contributions":{},"includedScopes":[]},"contributions":{},"includedScopes":[]}]},"contributions":{},"includedScopes":[]},"contributions":{},"includedScopes":[]},"contributions":{},"includedScopes":[]},"contributions":{},"includedScopes":[]},"contributions":{},"includedScopes":[{"containerScope":{"containerScope":{"containerScope":{"contributions":{},"includedScopes":[]},"contributions":{},"includedScopes":[]},"contributions":{},"includedScopes":[]},"contributions":{},"includedScopes":[{"containerScope":{"containerScope":{"containerScope":{"contributions":{},"includedScopes":[]},"contributions":{},"includedScopes":[]},"contributions":{},"includedScopes":[]},"contributions":{},"includedScopes":[]}]},{"containerScope":{"containerScope":{"containerScope":{"contributions":{},"includedScopes":[]},"contributions":{},"includedScopes":[]},"contributions":{},"includedScopes":[]},"contributions":{},"includedScopes":[]}]},"contributions":{},"includedScopes":[]},"contributions":{},"includedScopes":[]},"value":"{materiaAprobada => materiaAprobada.materia() == materia}"}}],"metadata":[],"scope":{"containerScope":{"containerScope":{"containerScope":{"containerScope":{"containerScope":{"containerScope":{"containerScope":{"containerScope":{"contributions":{},"includedScopes":[]},"contributions":{},"includedScopes":[]},"contributions":{},"includedScopes":[]},"contributions":{},"includedScopes":[{"containerScope":{"containerScope":{"containerScope":{"contributions":{},"includedScopes":[]},"contributions":{},"includedScopes":[]},"contributions":{},"includedScopes":[]},"contributions":{},"includedScopes":[]}]},"contributions":{},"includedScopes":[]},"contributions":{},"includedScopes":[]},"contributions":{},"includedScopes":[]},"contributions":{},"includedScopes":[]},"contributions":{},"includedScopes":[{"containerScope":{"containerScope":{"containerScope":{"contributions":{},"includedScopes":[]},"contributions":{},"includedScopes":[]},"contributions":{},"includedScopes":[]},"contributions":{},"includedScopes":[{"containerScope":{"containerScope":{"containerScope":{"contributions":{},"includedScopes":[]},"contributions":{},"includedScopes":[]},"contributions":{},"includedScopes":[]},"contributions":{},"includedScopes":[]}]},{"containerScope":{"containerScope":{"containerScope":{"contributions":{},"includedScopes":[]},"contributions":{},"includedScopes":[]},"contributions":{},"includedScopes":[]},"contributions":{},"includedScopes":[]}]},"sourceMap":{"end":{"column":89,"line":14,"offset":396},"start":{"column":32,"line":14,"offset":339}},"supertypes":[{"args":[],"id":"c9ccfd5d-fba9-41c5-b78d-cbcedc420e91","metadata":[],"reference":{"id":"d8db7543-3ad4-44d7-bdf8-6b77642bfc28","metadata":[],"name":"wollok.lang.Closure","scope":{"containerScope":{"containerScope":{"containerScope":{"containerScope":{"containerScope":{"containerScope":{"containerScope":{"containerScope":{"containerScope":{"contributions":{},"includedScopes":[]},"contributions":{},"includedScopes":[]},"contributions":{},"includedScopes":[]},"contributions":{},"includedScopes":[{"containerScope":{"containerScope":{"containerScope":{"contributions":{},"includedScopes":[]},"contributions":{},"includedScopes":[]},"contributions":{},"includedScopes":[]},"contributions":{},"includedScopes":[]}]},"contributions":{},"includedScopes":[]},"contributions":{},"includedScopes":[]},"contributions":{},"includedScopes":[]},"contributions":{},"includedScopes":[]},"contributions":{},"includedScopes":[{"containerScope":{"containerScope":{"containerScope":{"contributions":{},"includedScopes":[]},"contributions":{},"includedScopes":[]},"contributions":{},"includedScopes":[]},"contributions":{},"includedScopes":[{"containerScope":{"containerScope":{"containerScope":{"contributions":{},"includedScopes":[]},"contributions":{},"includedScopes":[]},"contributions":{},"includedScopes":[]},"contributions":{},"includedScopes":[]}]},{"containerScope":{"containerScope":{"containerScope":{"contributions":{},"includedScopes":[]},"contributions":{},"includedScopes":[]},"contributions":{},"includedScopes":[]},"contributions":{},"includedScopes":[]}]},"contributions":{},"includedScopes":[]}},"scope":{"containerScope":{"containerScope":{"containerScope":{"containerScope":{"containerScope":{"containerScope":{"containerScope":{"containerScope":{"containerScope":{"contributions":{},"includedScopes":[]},"contributions":{},"includedScopes":[]},"contributions":{},"includedScopes":[]},"contributions":{},"includedScopes":[{"containerScope":{"containerScope":{"containerScope":{"contributions":{},"includedScopes":[]},"contributions":{},"includedScopes":[]},"contributions":{},"includedScopes":[]},"contributions":{},"includedScopes":[]}]},"contributions":{},"includedScopes":[]},"contributions":{},"includedScopes":[]},"contributions":{},"includedScopes":[]},"contributions":{},"includedScopes":[]},"contributions":{},"includedScopes":[{"containerScope":{"containerScope":{"containerScope":{"contributions":{},"includedScopes":[]},"contributions":{},"includedScopes":[]},"contributions":{},"includedScopes":[]},"contributions":{},"includedScopes":[{"containerScope":{"containerScope":{"containerScope":{"contributions":{},"includedScopes":[]},"contributions":{},"includedScopes":[]},"contributions":{},"includedScopes":[]},"contributions":{},"includedScopes":[]}]},{"containerScope":{"containerScope":{"containerScope":{"contributions":{},"includedScopes":[]},"contributions":{},"includedScopes":[]},"contributions":{},"includedScopes":[]},"contributions":{},"includedScopes":[]}]},"contributions":{},"includedScopes":[]}}]}],"id":"331cba57-af79-4b20-a5f3-4b0ed0f12da4","message":"any","metadata":[],"receiver":{"id":"1eca4a91-a1bc-4ac0-a5b7-cad5ea98cbdf","metadata":[],"name":"materiasAprobadas","scope":{"containerScope":{"containerScope":{"containerScope":{"containerScope":{"containerScope":{"containerScope":{"containerScope":{"containerScope":{"contributions":{},"includedScopes":[]},"contributions":{},"includedScopes":[]},"contributions":{},"includedScopes":[]},"contributions":{},"includedScopes":[{"containerScope":{"containerScope":{"containerScope":{"contributions":{},"includedScopes":[]},"contributions":{},"includedScopes":[]},"contributions":{},"includedScopes":[]},"contributions":{},"includedScopes":[]}]},"contributions":{},"includedScopes":[]},"contributions":{},"includedScopes":[]},"contributions":{},"includedScopes":[]},"contributions":{},"includedScopes":[]},"contributions":{},"includedScopes":[]},"sourceMap":{"end":{"column":27,"line":14,"offset":334},"start":{"column":10,"line":14,"offset":317}}},"scope":{"containerScope":{"containerScope":{"containerScope":{"containerScope":{"containerScope":{"containerScope":{"containerScope":{"contributions":{},"includedScopes":[]},"contributions":{},"includedScopes":[]},"contributions":{},"includedScopes":[]},"contributions":{},"includedScopes":[{"containerScope":{"containerScope":{"containerScope":{"contributions":{},"includedScopes":[]},"contributions":{},"includedScopes":[]},"contributions":{},"includedScopes":[]},"contributions":{},"includedScopes":[]}]},"contributions":{},"includedScopes":[]},"contributions":{},"includedScopes":[]},"contributions":{},"includedScopes":[]},"contributions":{},"includedScopes":[]},"sourceMap":{"end":{"column":90,"line":14,"offset":397},"start":{"column":10,"line":14,"offset":317}}}}],"sourceMap":{"end":{"column":3,"line":15,"offset":401},"start":{"column":25,"line":13,"offset":305}}},"compiled":false,"id":"c9001f0c-bc72-407d-a986-5d8e75298251","isOverride":false,"metadata":[],"name":"aprobo","parameters":[{"id":"78934e39-1af1-49aa-a0af-2be00a685857","isVarArg":false,"metadata":[],"name":"materia","scope":{"containerScope":{"containerScope":{"containerScope":{"containerScope":{"containerScope":{"contributions":{},"includedScopes":[]},"contributions":{},"includedScopes":[]},"contributions":{},"includedScopes":[]},"contributions":{},"includedScopes":[{"containerScope":{"containerScope":{"containerScope":{"contributions":{},"includedScopes":[]},"contributions":{},"includedScopes":[]},"contributions":{},"includedScopes":[]},"contributions":{},"includedScopes":[]}]},"contributions":{},"includedScopes":[]},"contributions":{},"includedScopes":[]},"sourceMap":{"end":{"column":23,"line":13,"offset":303},"start":{"column":16,"line":13,"offset":296}}}],"problems":[],"scope":{"containerScope":{"containerScope":{"containerScope":{"containerScope":{"contributions":{},"includedScopes":[]},"contributions":{},"includedScopes":[]},"contributions":{},"includedScopes":[]},"contributions":{},"includedScopes":[{"containerScope":{"containerScope":{"containerScope":{"contributions":{},"includedScopes":[]},"contributions":{},"includedScopes":[]},"contributions":{},"includedScopes":[]},"contributions":{},"includedScopes":[]}]},"contributions":{},"includedScopes":[]},"sourceMap":{"end":{"column":3,"line":15,"offset":401},"start":{"column":2,"line":13,"offset":282}}}],"metadata":[],"name":"Estudiante","problems":[],"scope":{"containerScope":{"containerScope":{"containerScope":{"contributions":{},"includedScopes":[]},"contributions":{},"includedScopes":[]},"contributions":{},"includedScopes":[]},"contributions":{},"includedScopes":[{"containerScope":{"containerScope":{"containerScope":{"contributions":{},"includedScopes":[]},"contributions":{},"includedScopes":[]},"contributions":{},"includedScopes":[]},"contributions":{},"includedScopes":[]}]},"sourceMap":{"end":{"column":2,"line":18,"offset":408},"start":{"column":1,"line":1,"offset":0}},"supertypes":[]}],"metadata":[],"name":"example","problems":[{"code":"malformedEntity","sourceMap":{"end":{"column":2,"line":25,"offset":461},"start":{"column":1,"line":22,"offset":416}}}],"scope":{"containerScope":{"containerScope":{"contributions":{},"includedScopes":[]},"contributions":{},"includedScopes":[]},"contributions":{},"includedScopes":[]}},"stack":"Error: Failed to print, found malformed node\n    at c:\\Users\\estudiante\\.vscode\\extensions\\uqbar.wollok-lsp-ide-0.5.4\\out\\server\\src\\server.js:68:3585\n    at Kbn (c:\\Users\\estudiante\\.vscode\\extensions\\uqbar.wollok-lsp-ide-0.5.4\\out\\server\\src\\server.js:68:3396)\n    at c:\\Users\\estudiante\\.vscode\\extensions\\uqbar.wollok-lsp-ide-0.5.4\\out\\server\\src\\server.js:2398:847\n    at c:\\Users\\estudiante\\.vscode\\extensions\\uqbar.wollok-lsp-ide-0.5.4\\out\\server\\src\\server.js:2398:8440\n    at c:\\Users\\estudiante\\.vscode\\extensions\\uqbar.wollok-lsp-ide-0.5.4\\out\\server\\src\\server.js:37:74770\n    at Ke (c:\\Users\\estudiante\\.vscode\\extensions\\uqbar.wollok-lsp-ide-0.5.4\\out\\server\\src\\server.js:7:8527)\n    at Lt (c:\\Users\\estudiante\\.vscode\\extensions\\uqbar.wollok-lsp-ide-0.5.4\\out\\server\\src\\server.js:7:6189)\n    at ct (c:\\Users\\estudiante\\.vscode\\extensions\\uqbar.wollok-lsp-ide-0.5.4\\out\\server\\src\\server.js:7:6378)\n    at Immediate._onImmediate (c:\\Users\\estudiante\\.vscode\\extensions\\uqbar.wollok-lsp-ide-0.5.4\\out\\server\\src\\server.js:7:6142)\n    at process.processImmediate (node:internal/timers:484:21)","timestamp":"2026-05-13T22:55:04.889Z"}
{"level":"error","message":"✘ Failed to get type description: Error: Failed to print, found malformed node Failed to print, found malformed node","node":{"fileName":"src/example.wlk","id":"2baab15a-49e9-4d28-8cfd-5896fae3a4b5","imports":[],"members":[{"id":"2ff8894f-b74f-4ca1-b358-7130677c4344","members":[{"id":"8e73956d-ebb8-4e07-83d9-04729fcd24e5","isConstant":true,"isProperty":false,"metadata":[],"name":"materiasAprobadas","scope":{"containerScope":{"containerScope":{"containerScope":{"containerScope":{"contributions":{},"includedScopes":[]},"contributions":{},"includedScopes":[]},"contributions":{},"includedScopes":[]},"contributions":{},"includedScopes":[{"containerScope":{"containerScope":{"containerScope":{"contributions":{},"includedScopes":[]},"contributions":{},"includedScopes":[]},"contributions":{},"includedScopes":[]},"contributions":{},"includedScopes":[]}]},"contributions":{},"includedScopes":[]},"sourceMap":{"end":{"column":30,"line":2,"offset":49},"start":{"column":2,"line":2,"offset":21}},"value":{"id":"17a40ec1-82b7-4458-b6b4-94d6efaefca6","metadata":[],"scope":{"containerScope":{"containerScope":{"containerScope":{"containerScope":{"containerScope":{"contributions":{},"includedScopes":[]},"contributions":{},"includedScopes":[]},"contributions":{},"includedScopes":[]},"contributions":{},"includedScopes":[{"containerScope":{"containerScope":{"containerScope":{"contributions":{},"includedScopes":[]},"contributions":{},"includedScopes":[]},"contributions":{},"includedScopes":[]},"contributions":{},"includedScopes":[]}]},"contributions":{},"includedScopes":[]},"contributions":{},"includedScopes":[]},"sourceMap":{"end":{"column":30,"line":2,"offset":49},"start":{"column":28,"line":2,"offset":47}},"value":[{"id":"cacea10b-5c55-4573-ae6d-1d58566124b1","metadata":[],"name":"wollok.lang.List","scope":{"containerScope":{"containerScope":{"containerScope":{"containerScope":{"containerScope":{"containerScope":{"contributions":{},"includedScopes":[]},"contributions":{},"includedScopes":[]},"contributions":{},"includedScopes":[]},"contributions":{},"includedScopes":[{"containerScope":{"containerScope":{"containerScope":{"contributions":{},"includedScopes":[]},"contributions":{},"includedScopes":[]},"contributions":{},"includedScopes":[]},"contributions":{},"includedScopes":[]}]},"contributions":{},"includedScopes":[]},"contributions":{},"includedScopes":[]},"contributions":{},"includedScopes":[]}},[]]}},{"body":{"id":"6307f500-127a-481a-bd26-578f877f1e36","metadata":[],"problems":[],"scope":{"containerScope":{"containerScope":{"containerScope":{"containerScope":{"containerScope":{"contributions":{},"includedScopes":[]},"contributions":{},"includedScopes":[]},"contributions":{},"includedScopes":[]},"contributions":{},"includedScopes":[{"containerScope":{"containerScope":{"containerScope":{"contributions":{},"includedScopes":[]},"contributions":{},"includedScopes":[]},"contributions":{},"includedScopes":[]},"contributions":{},"includedScopes":[]}]},"contributions":{},"includedScopes":[]},"contributions":{},"includedScopes":[]},"sentences":[{"condition":{"args":[{"id":"2af3eb3c-de33-496d-9c08-3c563aaed32e","metadata":[],"name":"materia","scope":{"containerScope":{"containerScope":{"containerScope":{"containerScope":{"containerScope":{"containerScope":{"containerScope":{"containerScope":{"contributions":{},"includedScopes":[]},"contributions":{},"includedScopes":[]},"contributions":{},"includedScopes":[]},"contributions":{},"includedScopes":[{"containerScope":{"containerScope":{"containerScope":{"contributions":{},"includedScopes":[]},"contributions":{},"includedScopes":[]},"contributions":{},"includedScopes":[]},"contributions":{},"includedScopes":[]}]},"contributions":{},"includedScopes":[]},"contributions":{},"includedScopes":[]},"contributions":{},"includedScopes":[]},"contributions":{},"includedScopes":[]},"contributions":{},"includedScopes":[]},"sourceMap":{"end":{"column":24,"line":6,"offset":112},"start":{"column":17,"line":6,"offset":105}}}],"id":"dd676bde-ac9f-4405-80b4-dab52707c1a1","message":"aprobo","metadata":[],"receiver":{"id":"db4c36ea-8bf6-42a5-bc5d-f22bbfb23b0d","metadata":[],"scope":{"containerScope":{"containerScope":{"containerScope":{"containerScope":{"containerScope":{"containerScope":{"containerScope":{"containerScope":{"contributions":{},"includedScopes":[]},"contributions":{},"includedScopes":[]},"contributions":{},"includedScopes":[]},"contributions":{},"includedScopes":[{"containerScope":{"containerScope":{"containerScope":{"contributions":{},"includedScopes":[]},"contributions":{},"includedScopes":[]},"contributions":{},"includedScopes":[]},"contributions":{},"includedScopes":[]}]},"contributions":{},"includedScopes":[]},"contributions":{},"includedScopes":[]},"contributions":{},"includedScopes":[]},"contributions":{},"includedScopes":[]},"contributions":{},"includedScopes":[]},"sourceMap":{"end":{"column":9,"line":6,"offset":97},"start":{"column":5,"line":6,"offset":93}}},"scope":{"containerScope":{"containerScope":{"containerScope":{"containerScope":{"containerScope":{"containerScope":{"containerScope":{"contributions":{},"includedScopes":[]},"contributions":{},"includedScopes":[]},"contributions":{},"includedScopes":[]},"contributions":{},"includedScopes":[{"containerScope":{"containerScope":{"containerScope":{"contributions":{},"includedScopes":[]},"contributions":{},"includedScopes":[]},"contributions":{},"includedScopes":[]},"contributions":{},"includedScopes":[]}]},"contributions":{},"includedScopes":[]},"contributions":{},"includedScopes":[]},"contributions":{},"includedScopes":[]},"contributions":{},"includedScopes":[]},"sourceMap":{"end":{"column":25,"line":6,"offset":113},"start":{"column":5,"line":6,"offset":93}}},"elseBody":{"id":"511f35b4-8166-4bd2-8ce6-e34d32f60dc1","metadata":[],"scope":{"containerScope":{"containerScope":{"containerScope":{"containerScope":{"containerScope":{"containerScope":{"containerScope":{"contributions":{},"includedScopes":[]},"contributions":{},"includedScopes":[]},"contributions":{},"includedScopes":[]},"contributions":{},"includedScopes":[{"containerScope":{"containerScope":{"containerScope":{"contributions":{},"includedScopes":[]},"contributions":{},"includedScopes":[]},"contributions":{},"includedScopes":[]},"contributions":{},"includedScopes":[]}]},"contributions":{},"includedScopes":[]},"contributions":{},"includedScopes":[]},"contributions":{},"includedScopes":[]},"contributions":{},"includedScopes":[]},"sentences":[]},"id":"005aa3fd-507d-4f9a-a3f6-486fb605739a","metadata":[],"scope":{"containerScope":{"containerScope":{"containerScope":{"containerScope":{"containerScope":{"containerScope":{"contributions":{},"includedScopes":[]},"contributions":{},"includedScopes":[]},"contributions":{},"includedScopes":[]},"contributions":{},"includedScopes":[{"containerScope":{"containerScope":{"containerScope":{"contributions":{},"includedScopes":[]},"contributions":{},"includedScopes":[]},"contributions":{},"includedScopes":[]},"contributions":{},"includedScopes":[]}]},"contributions":{},"includedScopes":[]},"contributions":{},"includedScopes":[]},"contributions":{},"includedScopes":[]},"sourceMap":{"end":{"column":3,"line":8,"offset":181},"start":{"column":2,"line":6,"offset":90}},"thenBody":{"id":"cb6b94b5-5551-4614-884f-b2c98d39d326","metadata":[],"problems":[],"scope":{"containerScope":{"containerScope":{"containerScope":{"containerScope":{"containerScope":{"containerScope":{"containerScope":{"contributions":{},"includedScopes":[]},"contributions":{},"includedScopes":[]},"contributions":{},"includedScopes":[]},"contributions":{},"includedScopes":[{"containerScope":{"containerScope":{"containerScope":{"contributions":{},"includedScopes":[]},"contributions":{},"includedScopes":[]},"contributions":{},"includedScopes":[]},"contributions":{},"includedScopes":[]}]},"contributions":{},"includedScopes":[]},"contributions":{},"includedScopes":[]},"contributions":{},"includedScopes":[]},"contributions":{},"includedScopes":[]},"sentences":[{"args":[{"id":"db0f881d-3550-44c2-9cca-980bd8b15588","metadata":[],"scope":{"containerScope":{"containerScope":{"containerScope":{"containerScope":{"containerScope":{"containerScope":{"containerScope":{"containerScope":{"containerScope":{"contributions":{},"includedScopes":[]},"contributions":{},"includedScopes":[]},"contributions":{},"includedScopes":[]},"contributions":{},"includedScopes":[{"containerScope":{"containerScope":{"containerScope":{"contributions":{},"includedScopes":[]},"contributions":{},"includedScopes":[]},"contributions":{},"includedScopes":[]},"contributions":{},"includedScopes":[]}]},"contributions":{},"includedScopes":[]},"contributions":{},"includedScopes":[]},"contributions":{},"includedScopes":[]},"contributions":{},"includedScopes":[]},"contributions":{},"includedScopes":[]},"contributions":{},"includedScopes":[]},"sourceMap":{"end":{"column":60,"line":7,"offset":176},"start":{"column":14,"line":7,"offset":130}},"value":"Ya se registro la aprobacion de esta materia"}],"id":"5ac861ac-722f-48dc-8af6-ff8b7a115cad","message":"error","metadata":[],"receiver":{"id":"4410203e-29c2-4676-b177-d5300e98e928","metadata":[],"scope":{"containerScope":{"containerScope":{"containerScope":{"containerScope":{"containerScope":{"containerScope":{"containerScope":{"containerScope":{"containerScope":{"contributions":{},"includedScopes":[]},"contributions":{},"includedScopes":[]},"contributions":{},"includedScopes":[]},"contributions":{},"includedScopes":[{"containerScope":{"containerScope":{"containerScope":{"contributions":{},"includedScopes":[]},"contributions":{},"includedScopes":[]},"contributions":{},"includedScopes":[]},"contributions":{},"includedScopes":[]}]},"contributions":{},"includedScopes":[]},"contributions":{},"includedScopes":[]},"contributions":{},"includedScopes":[]},"contributions":{},"includedScopes":[]},"contributions":{},"includedScopes":[]},"contributions":{},"includedScopes":[]},"sourceMap":{"end":{"column":7,"line":7,"offset":123},"start":{"column":3,"line":7,"offset":119}}},"scope":{"containerScope":{"containerScope":{"containerScope":{"containerScope":{"containerScope":{"containerScope":{"containerScope":{"containerScope":{"contributions":{},"includedScopes":[]},"contributions":{},"includedScopes":[]},"contributions":{},"includedScopes":[]},"contributions":{},"includedScopes":[{"containerScope":{"containerScope":{"containerScope":{"contributions":{},"includedScopes":[]},"contributions":{},"includedScopes":[]},"contributions":{},"includedScopes":[]},"contributions":{},"includedScopes":[]}]},"contributions":{},"includedScopes":[]},"contributions":{},"includedScopes":[]},"contributions":{},"includedScopes":[]},"contributions":{},"includedScopes":[]},"contributions":{},"includedScopes":[]},"sourceMap":{"end":{"column":61,"line":7,"offset":177},"start":{"column":3,"line":7,"offset":119}}}],"sourceMap":{"end":{"column":3,"line":8,"offset":181},"start":{"column":26,"line":6,"offset":114}}}},{"args":[{"args":[{"id":"cc232b58-b585-4316-aeba-7ee0a2468298","metadata":[],"name":"materia","scope":{"containerScope":{"containerScope":{"containerScope":{"containerScope":{"containerScope":{"containerScope":{"containerScope":{"containerScope":{"contributions":{},"includedScopes":[]},"contributions":{},"includedScopes":[]},"contributions":{},"includedScopes":[]},"contributions":{},"includedScopes":[{"containerScope":{"containerScope":{"containerScope":{"contributions":{},"includedScopes":[]},"contributions":{},"includedScopes":[]},"contributions":{},"includedScopes":[]},"contributions":{},"includedScopes":[]}]},"contributions":{},"includedScopes":[]},"contributions":{},"includedScopes":[]},"contributions":{},"includedScopes":[]},"contributions":{},"includedScopes":[]},"contributions":{},"includedScopes":[]},"sourceMap":{"end":{"column":61,"line":9,"offset":243},"start":{"column":44,"line":9,"offset":226}},"value":{"id":"410b1960-01ea-46d0-a2e3-f181d1bb023c","metadata":[],"name":"materia","scope":{"containerScope":{"containerScope":{"containerScope":{"containerScope":{"containerScope":{"containerScope":{"containerScope":{"containerScope":{"containerScope":{"contributions":{},"includedScopes":[]},"contributions":{},"includedScopes":[]},"contributions":{},"includedScopes":[]},"contributions":{},"includedScopes":[{"containerScope":{"containerScope":{"containerScope":{"contributions":{},"includedScopes":[]},"contributions":{},"includedScopes":[]},"contributions":{},"includedScopes":[]},"contributions":{},"includedScopes":[]}]},"contributions":{},"includedScopes":[]},"contributions":{},"includedScopes":[]},"contributions":{},"includedScopes":[]},"contributions":{},"includedScopes":[]},"contributions":{},"includedScopes":[]},"contributions":{},"includedScopes":[]},"sourceMap":{"end":{"column":61,"line":9,"offset":243},"start":{"column":54,"line":9,"offset":236}}}},{"id":"3708ed24-dbd4-4906-b22c-bdf726ccd9f5","metadata":[],"name":"nota","scope":{"containerScope":{"containerScope":{"containerScope":{"containerScope":{"containerScope":{"containerScope":{"containerScope":{"containerScope":{"contributions":{},"includedScopes":[]},"contributions":{},"includedScopes":[]},"contributions":{},"includedScopes":[]},"contributions":{},"includedScopes":[{"containerScope":{"containerScope":{"containerScope":{"contributions":{},"includedScopes":[]},"contributions":{},"includedScopes":[]},"contributions":{},"includedScopes":[]},"contributions":{},"includedScopes":[]}]},"contributions":{},"includedScopes":[]},"contributions":{},"includedScopes":[]},"contributions":{},"includedScopes":[]},"contributions":{},"includedScopes":[]},"contributions":{},"includedScopes":[]},"sourceMap":{"end":{"column":25,"line":10,"offset":270},"start":{"column":14,"line":10,"offset":259}},"value":{"id":"9fc6157e-1aa4-4f69-8c0d-55f9069203c2","metadata":[],"name":"nota","scope":{"containerScope":{"containerScope":{"containerScope":{"containerScope":{"containerScope":{"containerScope":{"containerScope":{"containerScope":{"containerScope":{"contributions":{},"includedScopes":[]},"contributions":{},"includedScopes":[]},"contributions":{},"includedScopes":[]},"contributions":{},"includedScopes":[{"containerScope":{"containerScope":{"containerScope":{"contributions":{},"includedScopes":[]},"contributions":{},"includedScopes":[]},"contributions":{},"includedScopes":[]},"contributions":{},"includedScopes":[]}]},"contributions":{},"includedScopes":[]},"contributions":{},"includedScopes":[]},"contributions":{},"includedScopes":[]},"contributions":{},"includedScopes":[]},"contributions":{},"includedScopes":[]},"contributions":{},"includedScopes":[]},"sourceMap":{"end":{"column":25,"line":10,"offset":270},"start":{"column":21,"line":10,"offset":266}}}}],"id":"d261ae3e-9d5d-4aa6-929d-6fa22cf1fc5b","instantiated":{"id":"8e8345a7-5be9-4ce6-bcd9-2b31e21020dc","metadata":[],"name":"materiaAprobada","scope":{"containerScope":{"containerScope":{"containerScope":{"containerScope":{"containerScope":{"containerScope":{"containerScope":{"containerScope":{"contributions":{},"includedScopes":[]},"contributions":{},"includedScopes":[]},"contributions":{},"includedScopes":[]},"contributions":{},"includedScopes":[{"containerScope":{"containerScope":{"containerScope":{"contributions":{},"includedScopes":[]},"contributions":{},"includedScopes":[]},"contributions":{},"includedScopes":[]},"contributions":{},"includedScopes":[]}]},"contributions":{},"includedScopes":[]},"contributions":{},"includedScopes":[]},"contributions":{},"includedScopes":[]},"contributions":{},"includedScopes":[]},"contributions":{},"includedScopes":[]},"sourceMap":{"end":{"column":43,"line":9,"offset":225},"start":{"column":28,"line":9,"offset":210}}},"metadata":[],"scope":{"containerScope":{"containerScope":{"containerScope":{"containerScope":{"containerScope":{"containerScope":{"containerScope":{"contributions":{},"includedScopes":[]},"contributions":{},"includedScopes":[]},"contributions":{},"includedScopes":[]},"contributions":{},"includedScopes":[{"containerScope":{"containerScope":{"containerScope":{"contributions":{},"includedScopes":[]},"contributions":{},"includedScopes":[]},"contributions":{},"includedScopes":[]},"contributions":{},"includedScopes":[]}]},"contributions":{},"includedScopes":[]},"contributions":{},"includedScopes":[]},"contributions":{},"includedScopes":[]},"contributions":{},"includedScopes":[]},"sourceMap":{"end":{"column":26,"line":10,"offset":271},"start":{"column":24,"line":9,"offset":206}}}],"id":"50b41669-7147-4bef-a942-0f74805d03cd","message":"add","metadata":[],"receiver":{"id":"fe9f526e-0661-436b-a123-ee96c67f0163","metadata":[],"name":"materiasAprobadas","scope":{"containerScope":{"containerScope":{"containerScope":{"containerScope":{"containerScope":{"containerScope":{"containerScope":{"contributions":{},"includedScopes":[]},"contributions":{},"includedScopes":[]},"contributions":{},"includedScopes":[]},"contributions":{},"includedScopes":[{"containerScope":{"containerScope":{"containerScope":{"contributions":{},"includedScopes":[]},"contributions":{},"includedScopes":[]},"contributions":{},"includedScopes":[]},"contributions":{},"includedScopes":[]}]},"contributions":{},"includedScopes":[]},"contributions":{},"includedScopes":[]},"contributions":{},"includedScopes":[]},"contributions":{},"includedScopes":[]},"sourceMap":{"end":{"column":19,"line":9,"offset":201},"start":{"column":2,"line":9,"offset":184}}},"scope":{"containerScope":{"containerScope":{"containerScope":{"containerScope":{"containerScope":{"containerScope":{"contributions":{},"includedScopes":[]},"contributions":{},"includedScopes":[]},"contributions":{},"includedScopes":[]},"contributions":{},"includedScopes":[{"containerScope":{"containerScope":{"containerScope":{"contributions":{},"includedScopes":[]},"contributions":{},"includedScopes":[]},"contributions":{},"includedScopes":[]},"contributions":{},"includedScopes":[]}]},"contributions":{},"includedScopes":[]},"contributions":{},"includedScopes":[]},"contributions":{},"includedScopes":[]},"sourceMap":{"end":{"column":27,"line":10,"offset":272},"start":{"column":1,"line":9,"offset":184}}}],"sourceMap":{"end":{"column":4,"line":11,"offset":277},"start":{"column":32,"line":5,"offset":86}}},"compiled":false,"id":"0a18d2b6-2f42-416e-9191-5fb8f0a61a06","isOverride":false,"metadata":[],"name":"aprobar","parameters":[{"id":"9cbf4435-2cfd-45c0-adbf-948718e7fe5d","isVarArg":false,"metadata":[],"name":"materia","scope":{"containerScope":{"containerScope":{"containerScope":{"containerScope":{"containerScope":{"contributions":{},"includedScopes":[]},"contributions":{},"includedScopes":[]},"contributions":{},"includedScopes":[]},"contributions":{},"includedScopes":[{"containerScope":{"containerScope":{"containerScope":{"contributions":{},"includedScopes":[]},"contributions":{},"includedScopes":[]},"contributions":{},"includedScopes":[]},"contributions":{},"includedScopes":[]}]},"contributions":{},"includedScopes":[]},"contributions":{},"includedScopes":[]},"sourceMap":{"end":{"column":24,"line":5,"offset":78},"start":{"column":17,"line":5,"offset":71}}},{"id":"26eb2c45-6b82-4d89-b34d-18251204c0d6","isVarArg":false,"metadata":[],"name":"nota","scope":{"containerScope":{"containerScope":{"containerScope":{"containerScope":{"containerScope":{"contributions":{},"includedScopes":[]},"contributions":{},"includedScopes":[]},"contributions":{},"includedScopes":[]},"contributions":{},"includedScopes":[{"containerScope":{"containerScope":{"containerScope":{"contributions":{},"includedScopes":[]},"contributions":{},"includedScopes":[]},"contributions":{},"includedScopes":[]},"contributions":{},"includedScopes":[]}]},"contributions":{},"includedScopes":[]},"contributions":{},"includedScopes":[]},"sourceMap":{"end":{"column":30,"line":5,"offset":84},"start":{"column":26,"line":5,"offset":80}}}],"problems":[],"scope":{"containerScope":{"containerScope":{"containerScope":{"containerScope":{"contributions":{},"includedScopes":[]},"contributions":{},"includedScopes":[]},"contributions":{},"includedScopes":[]},"contributions":{},"includedScopes":[{"containerScope":{"containerScope":{"containerScope":{"contributions":{},"includedScopes":[]},"contributions":{},"includedScopes":[]},"contributions":{},"includedScopes":[]},"contributions":{},"includedScopes":[]}]},"contributions":{},"includedScopes":[]},"sourceMap":{"end":{"column":4,"line":11,"offset":277},"start":{"column":2,"line":5,"offset":56}}},{"body":{"id":"b90efb41-bdf0-4954-a6d1-46c3c4029582","metadata":[],"problems":[],"scope":{"containerScope":{"containerScope":{"containerScope":{"containerScope":{"containerScope":{"contributions":{},"includedScopes":[]},"contributions":{},"includedScopes":[]},"contributions":{},"includedScopes":[]},"contributions":{},"includedScopes":[{"containerScope":{"containerScope":{"containerScope":{"contributions":{},"includedScopes":[]},"contributions":{},"includedScopes":[]},"contributions":{},"includedScopes":[]},"contributions":{},"includedScopes":[]}]},"contributions":{},"includedScopes":[]},"contributions":{},"includedScopes":[]},"sentences":[{"id":"16b5933f-bafb-430a-85b6-5d0b7efa4c62","metadata":[],"scope":{"containerScope":{"containerScope":{"containerScope":{"containerScope":{"containerScope":{"containerScope":{"contributions":{},"includedScopes":[]},"contributions":{},"includedScopes":[]},"contributions":{},"includedScopes":[]},"contributions":{},"includedScopes":[{"containerScope":{"containerScope":{"containerScope":{"contributions":{},"includedScopes":[]},"contributions":{},"includedScopes":[]},"contributions":{},"includedScopes":[]},"contributions":{},"includedScopes":[]}]},"contributions":{},"includedScopes":[]},"contributions":{},"includedScopes":[]},"contributions":{},"includedScopes":[]},"sourceMap":{"end":{"column":90,"line":14,"offset":397},"start":{"column":3,"line":14,"offset":310}},"value":{"args":[{"id":"a6ad1ab3-b89b-438d-9815-cc5ba548d880","members":[{"body":{"id":"5ea27ee0-eae9-4490-b5aa-dd8168780957","metadata":[],"scope":{"containerScope":{"containerScope":{"containerScope":{"containerScope":{"containerScope":{"containerScope":{"containerScope":{"containerScope":{"containerScope":{"containerScope":{"contributions":{},"includedScopes":[]},"contributions":{},"includedScopes":[]},"contributions":{},"includedScopes":[]},"contributions":{},"includedScopes":[{"containerScope":{"containerScope":{"containerScope":{"contributions":{},"includedScopes":[]},"contributions":{},"includedScopes":[]},"contributions":{},"includedScopes":[]},"contributions":{},"includedScopes":[]}]},"contributions":{},"includedScopes":[]},"contributions":{},"includedScopes":[]},"contributions":{},"includedScopes":[]},"contributions":{},"includedScopes":[]},"contributions":{},"includedScopes":[{"containerScope":{"containerScope":{"containerScope":{"contributions":{},"includedScopes":[]},"contributions":{},"includedScopes":[]},"contributions":{},"includedScopes":[]},"contributions":{},"includedScopes":[{"containerScope":{"containerScope":{"containerScope":{"contributions":{},"includedScopes":[]},"contributions":{},"includedScopes":[]},"contributions":{},"includedScopes":[]},"contributions":{},"includedScopes":[]}]},{"containerScope":{"containerScope":{"containerScope":{"contributions":{},"includedScopes":[]},"contributions":{},"includedScopes":[]},"contributions":{},"includedScopes":[]},"contributions":{},"includedScopes":[]}]},"contributions":{},"includedScopes":[]},"contributions":{},"includedScopes":[]},"sentences":[{"id":"0b5e1dc0-ee50-4163-bd77-150d89dbe400","metadata":[],"scope":{"containerScope":{"containerScope":{"containerScope":{"containerScope":{"containerScope":{"containerScope":{"containerScope":{"containerScope":{"containerScope":{"containerScope":{"containerScope":{"contributions":{},"includedScopes":[]},"contributions":{},"includedScopes":[]},"contributions":{},"includedScopes":[]},"contributions":{},"includedScopes":[{"containerScope":{"containerScope":{"containerScope":{"contributions":{},"includedScopes":[]},"contributions":{},"includedScopes":[]},"contributions":{},"includedScopes":[]},"contributions":{},"includedScopes":[]}]},"contributions":{},"includedScopes":[]},"contributions":{},"includedScopes":[]},"contributions":{},"includedScopes":[]},"contributions":{},"includedScopes":[]},"contributions":{},"includedScopes":[{"containerScope":{"containerScope":{"containerScope":{"contributions":{},"includedScopes":[]},"contributions":{},"includedScopes":[]},"contributions":{},"includedScopes":[]},"contributions":{},"includedScopes":[{"containerScope":{"containerScope":{"containerScope":{"contributions":{},"includedScopes":[]},"contributions":{},"includedScopes":[]},"contributions":{},"includedScopes":[]},"contributions":{},"includedScopes":[]}]},{"containerScope":{"containerScope":{"containerScope":{"contributions":{},"includedScopes":[]},"contributions":{},"includedScopes":[]},"contributions":{},"includedScopes":[]},"contributions":{},"includedScopes":[]}]},"contributions":{},"includedScopes":[]},"contributions":{},"includedScopes":[]},"contributions":{},"includedScopes":[]},"value":{"args":[{"id":"99a2b3a6-b589-4b46-9eae-0fbce3c36936","metadata":[],"name":"materia","scope":{"containerScope":{"containerScope":{"containerScope":{"containerScope":{"containerScope":{"containerScope":{"containerScope":{"containerScope":{"containerScope":{"containerScope":{"containerScope":{"containerScope":{"containerScope":{"contributions":{},"includedScopes":[]},"contributions":{},"includedScopes":[]},"contributions":{},"includedScopes":[]},"contributions":{},"includedScopes":[{"containerScope":{"containerScope":{"containerScope":{"contributions":{},"includedScopes":[]},"contributions":{},"includedScopes":[]},"contributions":{},"includedScopes":[]},"contributions":{},"includedScopes":[]}]},"contributions":{},"includedScopes":[]},"contributions":{},"includedScopes":[]},"contributions":{},"includedScopes":[]},"contributions":{},"includedScopes":[]},"contributions":{},"includedScopes":[{"containerScope":{"containerScope":{"containerScope":{"contributions":{},"includedScopes":[]},"contributions":{},"includedScopes":[]},"contributions":{},"includedScopes":[]},"contributions":{},"includedScopes":[{"containerScope":{"containerScope":{"containerScope":{"contributions":{},"includedScopes":[]},"contributions":{},"includedScopes":[]},"contributions":{},"includedScopes":[]},"contributions":{},"includedScopes":[]}]},{"containerScope":{"containerScope":{"containerScope":{"contributions":{},"includedScopes":[]},"contributions":{},"includedScopes":[]},"contributions":{},"includedScopes":[]},"contributions":{},"includedScopes":[]}]},"contributions":{},"includedScopes":[]},"contributions":{},"includedScopes":[]},"contributions":{},"includedScopes":[]},"contributions":{},"includedScopes":[]},"contributions":{},"includedScopes":[]},"sourceMap":{"end":{"column":88,"line":14,"offset":395},"start":{"column":81,"line":14,"offset":388}}}],"id":"9f3a3afb-b809-4962-9e2c-b6b902eb299c","message":"==","metadata":[],"receiver":{"args":[],"id":"9478d760-189d-4083-8b4c-daec07562603","message":"materia","metadata":[],"receiver":{"id":"2c8844c4-0e01-49c5-953a-d0b042a0edec","metadata":[],"name":"materiaAprobada","scope":{"containerScope":{"containerScope":{"containerScope":{"containerScope":{"containerScope":{"containerScope":{"containerScope":{"containerScope":{"containerScope":{"containerScope":{"containerScope":{"containerScope":{"containerScope":{"containerScope":{"contributions":{},"includedScopes":[]},"contributions":{},"includedScopes":[]},"contributions":{},"includedScopes":[]},"contributions":{},"includedScopes":[{"containerScope":{"containerScope":{"containerScope":{"contributions":{},"includedScopes":[]},"contributions":{},"includedScopes":[]},"contributions":{},"includedScopes":[]},"contributions":{},"includedScopes":[]}]},"contributions":{},"includedScopes":[]},"contributions":{},"includedScopes":[]},"contributions":{},"includedScopes":[]},"contributions":{},"includedScopes":[]},"contributions":{},"includedScopes":[{"containerScope":{"containerScope":{"containerScope":{"contributions":{},"includedScopes":[]},"contributions":{},"includedScopes":[]},"contributions":{},"includedScopes":[]},"contributions":{},"includedScopes":[{"containerScope":{"containerScope":{"containerScope":{"contributions":{},"includedScopes":[]},"contributions":{},"includedScopes":[]},"contributions":{},"includedScopes":[]},"contributions":{},"includedScopes":[]}]},{"containerScope":{"containerScope":{"containerScope":{"contributions":{},"includedScopes":[]},"contributions":{},"includedScopes":[]},"contributions":{},"includedScopes":[]},"contributions":{},"includedScopes":[]}]},"contributions":{},"includedScopes":[]},"contributions":{},"includedScopes":[]},"contributions":{},"includedScopes":[]},"contributions":{},"includedScopes":[]},"contributions":{},"includedScopes":[]},"contributions":{},"includedScopes":[]},"sourceMap":{"end":{"column":67,"line":14,"offset":374},"start":{"column":52,"line":14,"offset":359}}},"scope":{"containerScope":{"containerScope":{"containerScope":{"containerScope":{"containerScope":{"containerScope":{"containerScope":{"containerScope":{"containerScope":{"containerScope":{"containerScope":{"containerScope":{"containerScope":{"contributions":{},"includedScopes":[]},"contributions":{},"includedScopes":[]},"contributions":{},"includedScopes":[]},"contributions":{},"includedScopes":[{"containerScope":{"containerScope":{"containerScope":{"contributions":{},"includedScopes":[]},"contributions":{},"includedScopes":[]},"contributions":{},"includedScopes":[]},"contributions":{},"includedScopes":[]}]},"contributions":{},"includedScopes":[]},"contributions":{},"includedScopes":[]},"contributions":{},"includedScopes":[]},"contributions":{},"includedScopes":[]},"contributions":{},"includedScopes":[{"containerScope":{"containerScope":{"containerScope":{"contributions":{},"includedScopes":[]},"contributions":{},"includedScopes":[]},"contributions":{},"includedScopes":[]},"contributions":{},"includedScopes":[{"containerScope":{"containerScope":{"containerScope":{"contributions":{},"includedScopes":[]},"contributions":{},"includedScopes":[]},"contributions":{},"includedScopes":[]},"contributions":{},"includedScopes":[]}]},{"containerScope":{"containerScope":{"containerScope":{"contributions":{},"includedScopes":[]},"contributions":{},"includedScopes":[]},"contributions":{},"includedScopes":[]},"contributions":{},"includedScopes":[]}]},"contributions":{},"includedScopes":[]},"contributions":{},"includedScopes":[]},"contributions":{},"includedScopes":[]},"contributions":{},"includedScopes":[]},"contributions":{},"includedScopes":[]},"sourceMap":{"end":{"column":77,"line":14,"offset":384},"start":{"column":52,"line":14,"offset":359}}},"scope":{"containerScope":{"containerScope":{"containerScope":{"containerScope":{"containerScope":{"containerScope":{"containerScope":{"containerScope":{"containerScope":{"containerScope":{"containerScope":{"containerScope":{"contributions":{},"includedScopes":[]},"contributions":{},"includedScopes":[]},"contributions":{},"includedScopes":[]},"contributions":{},"includedScopes":[{"containerScope":{"containerScope":{"containerScope":{"contributions":{},"includedScopes":[]},"contributions":{},"includedScopes":[]},"contributions":{},"includedScopes":[]},"contributions":{},"includedScopes":[]}]},"contributions":{},"includedScopes":[]},"contributions":{},"includedScopes":[]},"contributions":{},"includedScopes":[]},"contributions":{},"includedScopes":[]},"contributions":{},"includedScopes":[{"containerScope":{"containerScope":{"containerScope":{"contributions":{},"includedScopes":[]},"contributions":{},"includedScopes":[]},"contributions":{},"includedScopes":[]},"contributions":{},"includedScopes":[{"containerScope":{"containerScope":{"containerScope":{"contributions":{},"includedScopes":[]},"contributions":{},"includedScopes":[]},"contributions":{},"includedScopes":[]},"contributions":{},"includedScopes":[]}]},{"containerScope":{"containerScope":{"containerScope":{"contributions":{},"includedScopes":[]},"contributions":{},"includedScopes":[]},"contributions":{},"includedScopes":[]},"contributions":{},"includedScopes":[]}]},"contributions":{},"includedScopes":[]},"contributions":{},"includedScopes":[]},"contributions":{},"includedScopes":[]},"contributions":{},"includedScopes":[]},"sourceMap":{"end":{"column":88,"line":14,"offset":395},"start":{"column":52,"line":14,"offset":359}}}}]},"compiled":false,"id":"dccd1c3e-26b2-42f1-ad1a-f45784ce2775","isOverride":false,"metadata":[],"name":"<apply>","parameters":[{"id":"6d3e4982-c849-4b5d-99ee-47052cfa0880","isVarArg":false,"metadata":[],"name":"materiaAprobada","scope":{"containerScope":{"containerScope":{"containerScope":{"containerScope":{"containerScope":{"containerScope":{"containerScope":{"containerScope":{"containerScope":{"containerScope":{"contributions":{},"includedScopes":[]},"contributions":{},"includedScopes":[]},"contributions":{},"includedScopes":[]},"contributions":{},"includedScopes":[{"containerScope":{"containerScope":{"containerScope":{"contributions":{},"includedScopes":[]},"contributions":{},"includedScopes":[]},"contributions":{},"includedScopes":[]},"contributions":{},"includedScopes":[]}]},"contributions":{},"includedScopes":[]},"contributions":{},"includedScopes":[]},"contributions":{},"includedScopes":[]},"contributions":{},"includedScopes":[]},"contributions":{},"includedScopes":[{"containerScope":{"containerScope":{"containerScope":{"contributions":{},"includedScopes":[]},"contributions":{},"includedScopes":[]},"contributions":{},"includedScopes":[]},"contributions":{},"includedScopes":[{"containerScope":{"containerScope":{"containerScope":{"contributions":{},"includedScopes":[]},"contributions":{},"includedScopes":[]},"contributions":{},"includedScopes":[]},"contributions":{},"includedScopes":[]}]},{"containerScope":{"containerScope":{"containerScope":{"contributions":{},"includedScopes":[]},"contributions":{},"includedScopes":[]},"contributions":{},"includedScopes":[]},"contributions":{},"includedScopes":[]}]},"contributions":{},"includedScopes":[]},"contributions":{},"includedScopes":[]},"sourceMap":{"end":{"column":48,"line":14,"offset":355},"start":{"column":33,"line":14,"offset":340}}}],"scope":{"containerScope":{"containerScope":{"containerScope":{"containerScope":{"containerScope":{"containerScope":{"containerScope":{"containerScope":{"containerScope":{"contributions":{},"includedScopes":[]},"contributions":{},"includedScopes":[]},"contributions":{},"includedScopes":[]},"contributions":{},"includedScopes":[{"containerScope":{"containerScope":{"containerScope":{"contributions":{},"includedScopes":[]},"contributions":{},"includedScopes":[]},"contributions":{},"includedScopes":[]},"contributions":{},"includedScopes":[]}]},"contributions":{},"includedScopes":[]},"contributions":{},"includedScopes":[]},"contributions":{},"includedScopes":[]},"contributions":{},"includedScopes":[]},"contributions":{},"includedScopes":[{"containerScope":{"containerScope":{"containerScope":{"contributions":{},"includedScopes":[]},"contributions":{},"includedScopes":[]},"contributions":{},"includedScopes":[]},"contributions":{},"includedScopes":[{"containerScope":{"containerScope":{"containerScope":{"contributions":{},"includedScopes":[]},"contributions":{},"includedScopes":[]},"contributions":{},"includedScopes":[]},"contributions":{},"includedScopes":[]}]},{"containerScope":{"containerScope":{"containerScope":{"contributions":{},"includedScopes":[]},"contributions":{},"includedScopes":[]},"contributions":{},"includedScopes":[]},"contributions":{},"includedScopes":[]}]},"contributions":{},"includedScopes":[]}},{"id":"5c731fef-c437-461b-b0e2-1774d5c71847","isConstant":true,"isProperty":false,"metadata":[],"name":"<toString>","scope":{"containerScope":{"containerScope":{"containerScope":{"containerScope":{"containerScope":{"containerScope":{"containerScope":{"containerScope":{"containerScope":{"contributions":{},"includedScopes":[]},"contributions":{},"includedScopes":[]},"contributions":{},"includedScopes":[]},"contributions":{},"includedScopes":[{"containerScope":{"containerScope":{"containerScope":{"contributions":{},"includedScopes":[]},"contributions":{},"includedScopes":[]},"contributions":{},"includedScopes":[]},"contributions":{},"includedScopes":[]}]},"contributions":{},"includedScopes":[]},"contributions":{},"includedScopes":[]},"contributions":{},"includedScopes":[]},"contributions":{},"includedScopes":[]},"contributions":{},"includedScopes":[{"containerScope":{"containerScope":{"containerScope":{"contributions":{},"includedScopes":[]},"contributions":{},"includedScopes":[]},"contributions":{},"includedScopes":[]},"contributions":{},"includedScopes":[{"containerScope":{"containerScope":{"containerScope":{"contributions":{},"includedScopes":[]},"contributions":{},"includedScopes":[]},"contributions":{},"includedScopes":[]},"contributions":{},"includedScopes":[]}]},{"containerScope":{"containerScope":{"containerScope":{"contributions":{},"includedScopes":[]},"contributions":{},"includedScopes":[]},"contributions":{},"includedScopes":[]},"contributions":{},"includedScopes":[]}]},"contributions":{},"includedScopes":[]},"value":{"id":"90610e9a-98b9-4d09-8287-4b70246211de","metadata":[],"scope":{"containerScope":{"containerScope":{"containerScope":{"containerScope":{"containerScope":{"containerScope":{"containerScope":{"containerScope":{"containerScope":{"containerScope":{"contributions":{},"includedScopes":[]},"contributions":{},"includedScopes":[]},"contributions":{},"includedScopes":[]},"contributions":{},"includedScopes":[{"containerScope":{"containerScope":{"containerScope":{"contributions":{},"includedScopes":[]},"contributions":{},"includedScopes":[]},"contributions":{},"includedScopes":[]},"contributions":{},"includedScopes":[]}]},"contributions":{},"includedScopes":[]},"contributions":{},"includedScopes":[]},"contributions":{},"includedScopes":[]},"contributions":{},"includedScopes":[]},"contributions":{},"includedScopes":[{"containerScope":{"containerScope":{"containerScope":{"contributions":{},"includedScopes":[]},"contributions":{},"includedScopes":[]},"contributions":{},"includedScopes":[]},"contributions":{},"includedScopes":[{"containerScope":{"containerScope":{"containerScope":{"contributions":{},"includedScopes":[]},"contributions":{},"includedScopes":[]},"contributions":{},"includedScopes":[]},"contributions":{},"includedScopes":[]}]},{"containerScope":{"containerScope":{"containerScope":{"contributions":{},"includedScopes":[]},"contributions":{},"includedScopes":[]},"contributions":{},"includedScopes":[]},"contributions":{},"includedScopes":[]}]},"contributions":{},"includedScopes":[]},"contributions":{},"includedScopes":[]},"value":"{materiaAprobada => materiaAprobada.materia() == materia}"}}],"metadata":[],"scope":{"containerScope":{"containerScope":{"containerScope":{"containerScope":{"containerScope":{"containerScope":{"containerScope":{"containerScope":{"contributions":{},"includedScopes":[]},"contributions":{},"includedScopes":[]},"contributions":{},"includedScopes":[]},"contributions":{},"includedScopes":[{"containerScope":{"containerScope":{"containerScope":{"contributions":{},"includedScopes":[]},"contributions":{},"includedScopes":[]},"contributions":{},"includedScopes":[]},"contributions":{},"includedScopes":[]}]},"contributions":{},"includedScopes":[]},"contributions":{},"includedScopes":[]},"contributions":{},"includedScopes":[]},"contributions":{},"includedScopes":[]},"contributions":{},"includedScopes":[{"containerScope":{"containerScope":{"containerScope":{"contributions":{},"includedScopes":[]},"contributions":{},"includedScopes":[]},"contributions":{},"includedScopes":[]},"contributions":{},"includedScopes":[{"containerScope":{"containerScope":{"containerScope":{"contributions":{},"includedScopes":[]},"contributions":{},"includedScopes":[]},"contributions":{},"includedScopes":[]},"contributions":{},"includedScopes":[]}]},{"containerScope":{"containerScope":{"containerScope":{"contributions":{},"includedScopes":[]},"contributions":{},"includedScopes":[]},"contributions":{},"includedScopes":[]},"contributions":{},"includedScopes":[]}]},"sourceMap":{"end":{"column":89,"line":14,"offset":396},"start":{"column":32,"line":14,"offset":339}},"supertypes":[{"args":[],"id":"c9ccfd5d-fba9-41c5-b78d-cbcedc420e91","metadata":[],"reference":{"id":"d8db7543-3ad4-44d7-bdf8-6b77642bfc28","metadata":[],"name":"wollok.lang.Closure","scope":{"containerScope":{"containerScope":{"containerScope":{"containerScope":{"containerScope":{"containerScope":{"containerScope":{"containerScope":{"containerScope":{"contributions":{},"includedScopes":[]},"contributions":{},"includedScopes":[]},"contributions":{},"includedScopes":[]},"contributions":{},"includedScopes":[{"containerScope":{"containerScope":{"containerScope":{"contributions":{},"includedScopes":[]},"contributions":{},"includedScopes":[]},"contributions":{},"includedScopes":[]},"contributions":{},"includedScopes":[]}]},"contributions":{},"includedScopes":[]},"contributions":{},"includedScopes":[]},"contributions":{},"includedScopes":[]},"contributions":{},"includedScopes":[]},"contributions":{},"includedScopes":[{"containerScope":{"containerScope":{"containerScope":{"contributions":{},"includedScopes":[]},"contributions":{},"includedScopes":[]},"contributions":{},"includedScopes":[]},"contributions":{},"includedScopes":[{"containerScope":{"containerScope":{"containerScope":{"contributions":{},"includedScopes":[]},"contributions":{},"includedScopes":[]},"contributions":{},"includedScopes":[]},"contributions":{},"includedScopes":[]}]},{"containerScope":{"containerScope":{"containerScope":{"contributions":{},"includedScopes":[]},"contributions":{},"includedScopes":[]},"contributions":{},"includedScopes":[]},"contributions":{},"includedScopes":[]}]},"contributions":{},"includedScopes":[]}},"scope":{"containerScope":{"containerScope":{"containerScope":{"containerScope":{"containerScope":{"containerScope":{"containerScope":{"containerScope":{"containerScope":{"contributions":{},"includedScopes":[]},"contributions":{},"includedScopes":[]},"contributions":{},"includedScopes":[]},"contributions":{},"includedScopes":[{"containerScope":{"containerScope":{"containerScope":{"contributions":{},"includedScopes":[]},"contributions":{},"includedScopes":[]},"contributions":{},"includedScopes":[]},"contributions":{},"includedScopes":[]}]},"contributions":{},"includedScopes":[]},"contributions":{},"includedScopes":[]},"contributions":{},"includedScopes":[]},"contributions":{},"includedScopes":[]},"contributions":{},"includedScopes":[{"containerScope":{"containerScope":{"containerScope":{"contributions":{},"includedScopes":[]},"contributions":{},"includedScopes":[]},"contributions":{},"includedScopes":[]},"contributions":{},"includedScopes":[{"containerScope":{"containerScope":{"containerScope":{"contributions":{},"includedScopes":[]},"contributions":{},"includedScopes":[]},"contributions":{},"includedScopes":[]},"contributions":{},"includedScopes":[]}]},{"containerScope":{"containerScope":{"containerScope":{"contributions":{},"includedScopes":[]},"contributions":{},"includedScopes":[]},"contributions":{},"includedScopes":[]},"contributions":{},"includedScopes":[]}]},"contributions":{},"includedScopes":[]}}]}],"id":"331cba57-af79-4b20-a5f3-4b0ed0f12da4","message":"any","metadata":[],"receiver":{"id":"1eca4a91-a1bc-4ac0-a5b7-cad5ea98cbdf","metadata":[],"name":"materiasAprobadas","scope":{"containerScope":{"containerScope":{"containerScope":{"containerScope":{"containerScope":{"containerScope":{"containerScope":{"containerScope":{"contributions":{},"includedScopes":[]},"contributions":{},"includedScopes":[]},"contributions":{},"includedScopes":[]},"contributions":{},"includedScopes":[{"containerScope":{"containerScope":{"containerScope":{"contributions":{},"includedScopes":[]},"contributions":{},"includedScopes":[]},"contributions":{},"includedScopes":[]},"contributions":{},"includedScopes":[]}]},"contributions":{},"includedScopes":[]},"contributions":{},"includedScopes":[]},"contributions":{},"includedScopes":[]},"contributions":{},"includedScopes":[]},"contributions":{},"includedScopes":[]},"sourceMap":{"end":{"column":27,"line":14,"offset":334},"start":{"column":10,"line":14,"offset":317}}},"scope":{"containerScope":{"containerScope":{"containerScope":{"containerScope":{"containerScope":{"containerScope":{"containerScope":{"contributions":{},"includedScopes":[]},"contributions":{},"includedScopes":[]},"contributions":{},"includedScopes":[]},"contributions":{},"includedScopes":[{"containerScope":{"containerScope":{"containerScope":{"contributions":{},"includedScopes":[]},"contributions":{},"includedScopes":[]},"contributions":{},"includedScopes":[]},"contributions":{},"includedScopes":[]}]},"contributions":{},"includedScopes":[]},"contributions":{},"includedScopes":[]},"contributions":{},"includedScopes":[]},"contributions":{},"includedScopes":[]},"sourceMap":{"end":{"column":90,"line":14,"offset":397},"start":{"column":10,"line":14,"offset":317}}}}],"sourceMap":{"end":{"column":3,"line":15,"offset":401},"start":{"column":25,"line":13,"offset":305}}},"compiled":false,"id":"c9001f0c-bc72-407d-a986-5d8e75298251","isOverride":false,"metadata":[],"name":"aprobo","parameters":[{"id":"78934e39-1af1-49aa-a0af-2be00a685857","isVarArg":false,"metadata":[],"name":"materia","scope":{"containerScope":{"containerScope":{"containerScope":{"containerScope":{"containerScope":{"contributions":{},"includedScopes":[]},"contributions":{},"includedScopes":[]},"contributions":{},"includedScopes":[]},"contributions":{},"includedScopes":[{"containerScope":{"containerScope":{"containerScope":{"contributions":{},"includedScopes":[]},"contributions":{},"includedScopes":[]},"contributions":{},"includedScopes":[]},"contributions":{},"includedScopes":[]}]},"contributions":{},"includedScopes":[]},"contributions":{},"includedScopes":[]},"sourceMap":{"end":{"column":23,"line":13,"offset":303},"start":{"column":16,"line":13,"offset":296}}}],"problems":[],"scope":{"containerScope":{"containerScope":{"containerScope":{"containerScope":{"contributions":{},"includedScopes":[]},"contributions":{},"includedScopes":[]},"contributions":{},"includedScopes":[]},"contributions":{},"includedScopes":[{"containerScope":{"containerScope":{"containerScope":{"contributions":{},"includedScopes":[]},"contributions":{},"includedScopes":[]},"contributions":{},"includedScopes":[]},"contributions":{},"includedScopes":[]}]},"contributions":{},"includedScopes":[]},"sourceMap":{"end":{"column":3,"line":15,"offset":401},"start":{"column":2,"line":13,"offset":282}}}],"metadata":[],"name":"Estudiante","problems":[],"scope":{"containerScope":{"containerScope":{"containerScope":{"contributions":{},"includedScopes":[]},"contributions":{},"includedScopes":[]},"contributions":{},"includedScopes":[]},"contributions":{},"includedScopes":[{"containerScope":{"containerScope":{"containerScope":{"contributions":{},"includedScopes":[]},"contributions":{},"includedScopes":[]},"contributions":{},"includedScopes":[]},"contributions":{},"includedScopes":[]}]},"sourceMap":{"end":{"column":2,"line":18,"offset":408},"start":{"column":1,"line":1,"offset":0}},"supertypes":[]}],"metadata":[],"name":"example","problems":[{"code":"malformedEntity","sourceMap":{"end":{"column":2,"line":25,"offset":461},"start":{"column":1,"line":22,"offset":416}}}],"scope":{"containerScope":{"containerScope":{"contributions":{},"includedScopes":[]},"contributions":{},"includedScopes":[]},"contributions":{},"includedScopes":[]}},"stack":"Error: Failed to print, found malformed node\n    at c:\\Users\\estudiante\\.vscode\\extensions\\uqbar.wollok-lsp-ide-0.5.4\\out\\server\\src\\server.js:68:3585\n    at Kbn (c:\\Users\\estudiante\\.vscode\\extensions\\uqbar.wollok-lsp-ide-0.5.4\\out\\server\\src\\server.js:68:3396)\n    at c:\\Users\\estudiante\\.vscode\\extensions\\uqbar.wollok-lsp-ide-0.5.4\\out\\server\\src\\server.js:2398:847\n    at c:\\Users\\estudiante\\.vscode\\extensions\\uqbar.wollok-lsp-ide-0.5.4\\out\\server\\src\\server.js:2398:8440\n    at c:\\Users\\estudiante\\.vscode\\extensions\\uqbar.wollok-lsp-ide-0.5.4\\out\\server\\src\\server.js:37:74770\n    at Ke (c:\\Users\\estudiante\\.vscode\\extensions\\uqbar.wollok-lsp-ide-0.5.4\\out\\server\\src\\server.js:7:8527)\n    at Lt (c:\\Users\\estudiante\\.vscode\\extensions\\uqbar.wollok-lsp-ide-0.5.4\\out\\server\\src\\server.js:7:6189)\n    at ct (c:\\Users\\estudiante\\.vscode\\extensions\\uqbar.wollok-lsp-ide-0.5.4\\out\\server\\src\\server.js:7:6378)\n    at Immediate._onImmediate (c:\\Users\\estudiante\\.vscode\\extensions\\uqbar.wollok-lsp-ide-0.5.4\\out\\server\\src\\server.js:7:6142)\n    at process.processImmediate (node:internal/timers:484:21)","timestamp":"2026-05-13T22:55:05.168Z"}
{"level":"info","message":"⌛ Building environment","timeElapsed":358,"timestamp":"2026-05-13T22:55:06.334Z"}
{"level":"info","message":"⌛ Validating src/example.wlk","timeElapsed":267,"timestamp":"2026-05-13T22:55:06.677Z"}
{"level":"info","message":"⌛ Building environment","timeElapsed":335,"timestamp":"2026-05-13T22:55:08.060Z"}
{"level":"info","message":"⌛ Validating src/example.wlk","timeElapsed":231,"timestamp":"2026-05-13T22:55:08.315Z"}
{"level":"info","message":"⌛ Building environment","timeElapsed":146,"timestamp":"2026-05-13T22:55:08.516Z"}
{"level":"info","message":"⌛ Validating src/example.wlk","timeElapsed":262,"timestamp":"2026-05-13T22:55:08.800Z"}
{"level":"info","message":"⌛ Building environment","timeElapsed":138,"timestamp":"2026-05-13T22:55:08.941Z"}
{"level":"info","message":"⌛ Validating src/example.wlk","timeElapsed":319,"timestamp":"2026-05-13T22:55:09.357Z"}
{"level":"info","message":"⌛ Validating src/example.wlk","timeElapsed":134,"timestamp":"2026-05-13T22:55:09.493Z"}
{"level":"info","message":"⌛ Building environment","timeElapsed":109,"timestamp":"2026-05-13T22:55:09.795Z"}
{"level":"info","message":"⌛ Validating src/example.wlk","timeElapsed":245,"timestamp":"2026-05-13T22:55:10.041Z"}
{"level":"info","message":"⌛ Building environment","timeElapsed":199,"timestamp":"2026-05-13T22:55:10.461Z"}
{"level":"info","message":"⌛ Validating src/example.wlk","timeElapsed":154,"timestamp":"2026-05-13T22:55:10.649Z"}
{"level":"info","message":"⌛ Building environment","timeElapsed":259,"timestamp":"2026-05-13T22:55:12.843Z"}
{"level":"info","message":"⌛ Validating src/example.wlk","timeElapsed":184,"timestamp":"2026-05-13T22:55:13.045Z"}
{"level":"info","message":"⌛ Building environment","timeElapsed":260,"timestamp":"2026-05-13T22:55:14.637Z"}
{"level":"info","message":"⌛ Validating src/example.wlk","timeElapsed":238,"timestamp":"2026-05-13T22:55:14.879Z"}
{"level":"info","message":"⌛ Building environment","timeElapsed":228,"timestamp":"2026-05-13T22:55:24.031Z"}
{"level":"info","message":"⌛ Building environment","timeElapsed":129,"timestamp":"2026-05-13T22:55:24.184Z"}
{"level":"info","message":"⌛ Validating src/example.wlk","timeElapsed":164,"timestamp":"2026-05-13T22:55:24.361Z"}
{"level":"info","message":"⌛ Validating src/example.wlk","timeElapsed":169,"timestamp":"2026-05-13T22:55:24.535Z"}
{"level":"error","message":"✘ Failed to rebuild document Failed to parse src/example.wlk: \n-- PARSING FAILED --------------------------------------------------\n\n  24 | \t\tvar\n  25 | \n> 26 | }\n     | ^\n\nExpected one of the following: \n\n'property', identifier, whitespace\n","stack":"Error: Failed to parse src/example.wlk: \n-- PARSING FAILED --------------------------------------------------\n\n  24 | \t\tvar\n  25 | \n> 26 | }\n     | ^\n\nExpected one of the following: \n\n'property', identifier, whitespace\n\n    at c:\\Users\\estudiante\\.vscode\\extensions\\uqbar.wollok-lsp-ide-0.5.4\\out\\server\\src\\server.js:2353:13026\n    at Array.map (<anonymous>)\n    at U1n (c:\\Users\\estudiante\\.vscode\\extensions\\uqbar.wollok-lsp-ide-0.5.4\\out\\server\\src\\server.js:2353:12950)\n    at H2.buildEnvironmentFrom (c:\\Users\\estudiante\\.vscode\\extensions\\uqbar.wollok-lsp-ide-0.5.4\\out\\server\\src\\server.js:2398:5254)\n    at H2.updateEnvironmentWith (c:\\Users\\estudiante\\.vscode\\extensions\\uqbar.wollok-lsp-ide-0.5.4\\out\\server\\src\\server.js:2398:4989)\n    at GF (c:\\Users\\estudiante\\.vscode\\extensions\\uqbar.wollok-lsp-ide-0.5.4\\out\\server\\src\\server.js:2398:7383)\n    at V3.invoke (c:\\Users\\estudiante\\.vscode\\extensions\\uqbar.wollok-lsp-ide-0.5.4\\out\\server\\src\\server.js:3:157328)\n    at o.fire (c:\\Users\\estudiante\\.vscode\\extensions\\uqbar.wollok-lsp-ide-0.5.4\\out\\server\\src\\server.js:3:158098)\n    at c:\\Users\\estudiante\\.vscode\\extensions\\uqbar.wollok-lsp-ide-0.5.4\\out\\server\\src\\server.js:37:57871\n    at nd (c:\\Users\\estudiante\\.vscode\\extensions\\uqbar.wollok-lsp-ide-0.5.4\\out\\server\\src\\server.js:8:1561)","timestamp":"2026-05-13T22:55:24.561Z"}
{"level":"error","message":"✘ Failed to rebuild document Failed to parse src/example.wlk: \n-- PARSING FAILED --------------------------------------------------\n\n  24 | \t\tvar \n  25 | \n> 26 | }\n     | ^\n\nExpected one of the following: \n\n'property', identifier, whitespace\n","stack":"Error: Failed to parse src/example.wlk: \n-- PARSING FAILED --------------------------------------------------\n\n  24 | \t\tvar \n  25 | \n> 26 | }\n     | ^\n\nExpected one of the following: \n\n'property', identifier, whitespace\n\n    at c:\\Users\\estudiante\\.vscode\\extensions\\uqbar.wollok-lsp-ide-0.5.4\\out\\server\\src\\server.js:2353:13026\n    at Array.map (<anonymous>)\n    at U1n (c:\\Users\\estudiante\\.vscode\\extensions\\uqbar.wollok-lsp-ide-0.5.4\\out\\server\\src\\server.js:2353:12950)\n    at H2.buildEnvironmentFrom (c:\\Users\\estudiante\\.vscode\\extensions\\uqbar.wollok-lsp-ide-0.5.4\\out\\server\\src\\server.js:2398:5254)\n    at H2.updateEnvironmentWith (c:\\Users\\estudiante\\.vscode\\extensions\\uqbar.wollok-lsp-ide-0.5.4\\out\\server\\src\\server.js:2398:4989)\n    at GF (c:\\Users\\estudiante\\.vscode\\extensions\\uqbar.wollok-lsp-ide-0.5.4\\out\\server\\src\\server.js:2398:7383)\n    at V3.invoke (c:\\Users\\estudiante\\.vscode\\extensions\\uqbar.wollok-lsp-ide-0.5.4\\out\\server\\src\\server.js:3:157328)\n    at o.fire (c:\\Users\\estudiante\\.vscode\\extensions\\uqbar.wollok-lsp-ide-0.5.4\\out\\server\\src\\server.js:3:158098)\n    at c:\\Users\\estudiante\\.vscode\\extensions\\uqbar.wollok-lsp-ide-0.5.4\\out\\server\\src\\server.js:37:57871\n    at nd (c:\\Users\\estudiante\\.vscode\\extensions\\uqbar.wollok-lsp-ide-0.5.4\\out\\server\\src\\server.js:8:1561)","timestamp":"2026-05-13T22:55:24.630Z"}
{"level":"info","message":"⌛ Building environment","timeElapsed":261,"timestamp":"2026-05-13T22:55:31.786Z"}
{"level":"info","message":"⌛ Building environment","timeElapsed":203,"timestamp":"2026-05-13T22:55:31.992Z"}
{"level":"info","message":"⌛ Building environment","timeElapsed":105,"timestamp":"2026-05-13T22:55:32.113Z"}
{"level":"info","message":"⌛ Validating src/example.wlk","timeElapsed":443,"timestamp":"2026-05-13T22:55:32.676Z"}
{"level":"info","message":"⌛ Validating src/example.wlk","timeElapsed":177,"timestamp":"2026-05-13T22:55:32.859Z"}
{"level":"info","message":"⌛ Validating src/example.wlk","timeElapsed":330,"timestamp":"2026-05-13T22:55:33.196Z"}
{"level":"info","message":"⌛ Validating src/example.wlk","timeElapsed":207,"timestamp":"2026-05-13T22:55:33.404Z"}
{"level":"info","message":"⌛ Building environment","timeElapsed":245,"timestamp":"2026-05-13T22:55:45.219Z"}
{"level":"info","message":"⌛ Validating src/example.wlk","timeElapsed":172,"timestamp":"2026-05-13T22:55:45.398Z"}
{"level":"info","message":"⌛ Validating src/example.wlk","timeElapsed":197,"timestamp":"2026-05-13T22:55:45.774Z"}
{"level":"info","message":"⌛ Building environment","timeElapsed":291,"timestamp":"2026-05-13T22:56:53.701Z"}
{"level":"info","message":"⌛ Validating src/example.wlk","timeElapsed":240,"timestamp":"2026-05-13T22:56:53.966Z"}
{"level":"info","message":"⌛ Building environment","timeElapsed":127,"timestamp":"2026-05-13T22:56:54.096Z"}
{"level":"info","message":"⌛ Validating src/example.wlk","timeElapsed":209,"timestamp":"2026-05-13T22:56:54.310Z"}
{"level":"info","message":"⌛ Building environment","timeElapsed":244,"timestamp":"2026-05-13T22:56:55.655Z"}
{"level":"info","message":"⌛ Building environment","timeElapsed":283,"timestamp":"2026-05-13T22:56:56.063Z"}
{"level":"info","message":"⌛ Building environment","timeElapsed":112,"timestamp":"2026-05-13T22:56:56.176Z"}
{"level":"info","message":"⌛ Building environment","timeElapsed":119,"timestamp":"2026-05-13T22:56:56.350Z"}
{"level":"info","message":"⌛ Building environment","timeElapsed":109,"timestamp":"2026-05-13T22:56:56.460Z"}
{"level":"error","message":"✘ Failed to rebuild document Failed to parse src/example.wlk: \n-- PARSING FAILED --------------------------------------------------\n\n  26 | \t\tmethod\n  27 | \n> 28 | }\n     | ^\n\nExpected one of the following: \n\n'!=', '!==', '%', '&&', '*', '**', '+', '-', '->', '..', '..<', '/', '<', '<<', '<<<', '<=', '<=>', '<>', '==', '===', '>', '>..', '>=', '>>', '>>>', '?:', 'and', 'invert', 'negate', 'or', 'plus', '||', identifier, whitespace\n","stack":"Error: Failed to parse src/example.wlk: \n-- PARSING FAILED --------------------------------------------------\n\n  26 | \t\tmethod\n  27 | \n> 28 | }\n     | ^\n\nExpected one of the following: \n\n'!=', '!==', '%', '&&', '*', '**', '+', '-', '->', '..', '..<', '/', '<', '<<', '<<<', '<=', '<=>', '<>', '==', '===', '>', '>..', '>=', '>>', '>>>', '?:', 'and', 'invert', 'negate', 'or', 'plus', '||', identifier, whitespace\n\n    at c:\\Users\\estudiante\\.vscode\\extensions\\uqbar.wollok-lsp-ide-0.5.4\\out\\server\\src\\server.js:2353:13026\n    at Array.map (<anonymous>)\n    at U1n (c:\\Users\\estudiante\\.vscode\\extensions\\uqbar.wollok-lsp-ide-0.5.4\\out\\server\\src\\server.js:2353:12950)\n    at H2.buildEnvironmentFrom (c:\\Users\\estudiante\\.vscode\\extensions\\uqbar.wollok-lsp-ide-0.5.4\\out\\server\\src\\server.js:2398:5254)\n    at H2.updateEnvironmentWith (c:\\Users\\estudiante\\.vscode\\extensions\\uqbar.wollok-lsp-ide-0.5.4\\out\\server\\src\\server.js:2398:4989)\n    at GF (c:\\Users\\estudiante\\.vscode\\extensions\\uqbar.wollok-lsp-ide-0.5.4\\out\\server\\src\\server.js:2398:7383)\n    at V3.invoke (c:\\Users\\estudiante\\.vscode\\extensions\\uqbar.wollok-lsp-ide-0.5.4\\out\\server\\src\\server.js:3:157328)\n    at o.fire (c:\\Users\\estudiante\\.vscode\\extensions\\uqbar.wollok-lsp-ide-0.5.4\\out\\server\\src\\server.js:3:158098)\n    at c:\\Users\\estudiante\\.vscode\\extensions\\uqbar.wollok-lsp-ide-0.5.4\\out\\server\\src\\server.js:37:57871\n    at nd (c:\\Users\\estudiante\\.vscode\\extensions\\uqbar.wollok-lsp-ide-0.5.4\\out\\server\\src\\server.js:8:1561)","timestamp":"2026-05-13T22:56:56.480Z"}
{"level":"info","message":"⌛ Validating src/example.wlk","timeElapsed":151,"timestamp":"2026-05-13T22:56:56.657Z"}
{"level":"info","message":"⌛ Validating src/example.wlk","timeElapsed":160,"timestamp":"2026-05-13T22:56:56.820Z"}
{"level":"info","message":"⌛ Validating src/example.wlk","timeElapsed":200,"timestamp":"2026-05-13T22:56:57.026Z"}
{"level":"error","message":"✘ Failed to rebuild document Failed to parse src/example.wlk: \n-- PARSING FAILED --------------------------------------------------\n\n  26 | \t\tmethod \n  27 | \n> 28 | }\n     | ^\n\nExpected one of the following: \n\n'!=', '!==', '%', '&&', '*', '**', '+', '-', '->', '..', '..<', '/', '<', '<<', '<<<', '<=', '<=>', '<>', '==', '===', '>', '>..', '>=', '>>', '>>>', '?:', 'and', 'invert', 'negate', 'or', 'plus', '||', identifier, whitespace\n","stack":"Error: Failed to parse src/example.wlk: \n-- PARSING FAILED --------------------------------------------------\n\n  26 | \t\tmethod \n  27 | \n> 28 | }\n     | ^\n\nExpected one of the following: \n\n'!=', '!==', '%', '&&', '*', '**', '+', '-', '->', '..', '..<', '/', '<', '<<', '<<<', '<=', '<=>', '<>', '==', '===', '>', '>..', '>=', '>>', '>>>', '?:', 'and', 'invert', 'negate', 'or', 'plus', '||', identifier, whitespace\n\n    at c:\\Users\\estudiante\\.vscode\\extensions\\uqbar.wollok-lsp-ide-0.5.4\\out\\server\\src\\server.js:2353:13026\n    at Array.map (<anonymous>)\n    at U1n (c:\\Users\\estudiante\\.vscode\\extensions\\uqbar.wollok-lsp-ide-0.5.4\\out\\server\\src\\server.js:2353:12950)\n    at H2.buildEnvironmentFrom (c:\\Users\\estudiante\\.vscode\\extensions\\uqbar.wollok-lsp-ide-0.5.4\\out\\server\\src\\server.js:2398:5254)\n    at H2.updateEnvironmentWith (c:\\Users\\estudiante\\.vscode\\extensions\\uqbar.wollok-lsp-ide-0.5.4\\out\\server\\src\\server.js:2398:4989)\n    at GF (c:\\Users\\estudiante\\.vscode\\extensions\\uqbar.wollok-lsp-ide-0.5.4\\out\\server\\src\\server.js:2398:7383)\n    at V3.invoke (c:\\Users\\estudiante\\.vscode\\extensions\\uqbar.wollok-lsp-ide-0.5.4\\out\\server\\src\\server.js:3:157328)\n    at o.fire (c:\\Users\\estudiante\\.vscode\\extensions\\uqbar.wollok-lsp-ide-0.5.4\\out\\server\\src\\server.js:3:158098)\n    at c:\\Users\\estudiante\\.vscode\\extensions\\uqbar.wollok-lsp-ide-0.5.4\\out\\server\\src\\server.js:37:57871\n    at nd (c:\\Users\\estudiante\\.vscode\\extensions\\uqbar.wollok-lsp-ide-0.5.4\\out\\server\\src\\server.js:8:1561)","timestamp":"2026-05-13T22:56:57.052Z"}
{"level":"info","message":"⌛ Validating src/example.wlk","timeElapsed":291,"timestamp":"2026-05-13T22:56:57.345Z"}
{"level":"info","message":"⌛ Validating src/example.wlk","timeElapsed":218,"timestamp":"2026-05-13T22:56:57.564Z"}
{"level":"info","message":"⌛ Building environment","timeElapsed":134,"timestamp":"2026-05-13T22:56:57.704Z"}
{"level":"info","message":"⌛ Validating src/example.wlk","timeElapsed":138,"timestamp":"2026-05-13T22:56:57.865Z"}
{"level":"error","message":"✘ Failed to rebuild document Failed to parse src/example.wlk: \n-- PARSING FAILED --------------------------------------------------\n\n  24 | \t\tvar nota\n  25 | \n> 26 | \t\tmethod () {\n     |          ^\n  27 | \t\t  \n  28 | \t\t}\n\nExpected one of the following: \n\n'!=', '!==', '%', '&&', '*', '**', '+', '-', '->', '..', '..<', '/', '<', '<<', '<<<', '<=', '<=>', '<>', '==', '===', '>', '>..', '>=', '>>', '>>>', '?:', 'and', 'invert', 'negate', 'or', 'plus', '||', identifier, whitespace\n","stack":"Error: Failed to parse src/example.wlk: \n-- PARSING FAILED --------------------------------------------------\n\n  24 | \t\tvar nota\n  25 | \n> 26 | \t\tmethod () {\n     |          ^\n  27 | \t\t  \n  28 | \t\t}\n\nExpected one of the following: \n\n'!=', '!==', '%', '&&', '*', '**', '+', '-', '->', '..', '..<', '/', '<', '<<', '<<<', '<=', '<=>', '<>', '==', '===', '>', '>..', '>=', '>>', '>>>', '?:', 'and', 'invert', 'negate', 'or', 'plus', '||', identifier, whitespace\n\n    at c:\\Users\\estudiante\\.vscode\\extensions\\uqbar.wollok-lsp-ide-0.5.4\\out\\server\\src\\server.js:2353:13026\n    at Array.map (<anonymous>)\n    at U1n (c:\\Users\\estudiante\\.vscode\\extensions\\uqbar.wollok-lsp-ide-0.5.4\\out\\server\\src\\server.js:2353:12950)\n    at H2.buildEnvironmentFrom (c:\\Users\\estudiante\\.vscode\\extensions\\uqbar.wollok-lsp-ide-0.5.4\\out\\server\\src\\server.js:2398:5254)\n    at H2.updateEnvironmentWith (c:\\Users\\estudiante\\.vscode\\extensions\\uqbar.wollok-lsp-ide-0.5.4\\out\\server\\src\\server.js:2398:4989)\n    at GF (c:\\Users\\estudiante\\.vscode\\extensions\\uqbar.wollok-lsp-ide-0.5.4\\out\\server\\src\\server.js:2398:7383)\n    at V3.invoke (c:\\Users\\estudiante\\.vscode\\extensions\\uqbar.wollok-lsp-ide-0.5.4\\out\\server\\src\\server.js:3:157328)\n    at o.fire (c:\\Users\\estudiante\\.vscode\\extensions\\uqbar.wollok-lsp-ide-0.5.4\\out\\server\\src\\server.js:3:158098)\n    at c:\\Users\\estudiante\\.vscode\\extensions\\uqbar.wollok-lsp-ide-0.5.4\\out\\server\\src\\server.js:37:57871\n    at nd (c:\\Users\\estudiante\\.vscode\\extensions\\uqbar.wollok-lsp-ide-0.5.4\\out\\server\\src\\server.js:8:1561)","timestamp":"2026-05-13T22:56:57.873Z"}
{"level":"info","message":"⌛ Building environment","timeElapsed":219,"timestamp":"2026-05-13T22:56:59.086Z"}
{"level":"info","message":"⌛ Building environment","timeElapsed":114,"timestamp":"2026-05-13T22:56:59.200Z"}
{"level":"info","message":"⌛ Building environment","timeElapsed":134,"timestamp":"2026-05-13T22:56:59.393Z"}
{"level":"info","message":"⌛ Validating src/example.wlk","timeElapsed":125,"timestamp":"2026-05-13T22:56:59.519Z"}
{"level":"info","message":"⌛ Building environment","timeElapsed":203,"timestamp":"2026-05-13T22:56:59.723Z"}
{"level":"info","message":"⌛ Validating src/example.wlk","timeElapsed":125,"timestamp":"2026-05-13T22:56:59.848Z"}
{"level":"info","message":"⌛ Building environment","timeElapsed":142,"timestamp":"2026-05-13T22:57:00.092Z"}
{"level":"info","message":"⌛ Building environment","timeElapsed":117,"timestamp":"2026-05-13T22:57:00.210Z"}
{"level":"info","message":"⌛ Validating src/example.wlk","timeElapsed":309,"timestamp":"2026-05-13T22:57:00.520Z"}
{"level":"info","message":"⌛ Validating src/example.wlk","timeElapsed":124,"timestamp":"2026-05-13T22:57:00.654Z"}
{"level":"info","message":"⌛ Validating src/example.wlk","timeElapsed":142,"timestamp":"2026-05-13T22:57:00.801Z"}
{"level":"info","message":"⌛ Validating src/example.wlk","timeElapsed":144,"timestamp":"2026-05-13T22:57:00.948Z"}
{"level":"info","message":"⌛ Validating src/example.wlk","timeElapsed":372,"timestamp":"2026-05-13T22:57:01.334Z"}
{"level":"error","message":"✘ Failed to rebuild document Failed to parse src/example.wlk: \n-- PARSING FAILED --------------------------------------------------\n\nGot the end of the input\n\nExpected one of the following: \n\n' ', '@', 'const', 'method', 'override', 'var', '{', '}', any character/byte, comment, whitespace\n","stack":"Error: Failed to parse src/example.wlk: \n-- PARSING FAILED --------------------------------------------------\n\nGot the end of the input\n\nExpected one of the following: \n\n' ', '@', 'const', 'method', 'override', 'var', '{', '}', any character/byte, comment, whitespace\n\n    at c:\\Users\\estudiante\\.vscode\\extensions\\uqbar.wollok-lsp-ide-0.5.4\\out\\server\\src\\server.js:2353:13026\n    at Array.map (<anonymous>)\n    at U1n (c:\\Users\\estudiante\\.vscode\\extensions\\uqbar.wollok-lsp-ide-0.5.4\\out\\server\\src\\server.js:2353:12950)\n    at H2.buildEnvironmentFrom (c:\\Users\\estudiante\\.vscode\\extensions\\uqbar.wollok-lsp-ide-0.5.4\\out\\server\\src\\server.js:2398:5254)\n    at H2.updateEnvironmentWith (c:\\Users\\estudiante\\.vscode\\extensions\\uqbar.wollok-lsp-ide-0.5.4\\out\\server\\src\\server.js:2398:4989)\n    at GF (c:\\Users\\estudiante\\.vscode\\extensions\\uqbar.wollok-lsp-ide-0.5.4\\out\\server\\src\\server.js:2398:7383)\n    at V3.invoke (c:\\Users\\estudiante\\.vscode\\extensions\\uqbar.wollok-lsp-ide-0.5.4\\out\\server\\src\\server.js:3:157328)\n    at o.fire (c:\\Users\\estudiante\\.vscode\\extensions\\uqbar.wollok-lsp-ide-0.5.4\\out\\server\\src\\server.js:3:158098)\n    at c:\\Users\\estudiante\\.vscode\\extensions\\uqbar.wollok-lsp-ide-0.5.4\\out\\server\\src\\server.js:37:57871\n    at nd (c:\\Users\\estudiante\\.vscode\\extensions\\uqbar.wollok-lsp-ide-0.5.4\\out\\server\\src\\server.js:8:1561)","timestamp":"2026-05-13T22:57:01.408Z"}
{"level":"error","message":"✘ Failed to rebuild document Failed to parse src/example.wlk: \n-- PARSING FAILED --------------------------------------------------\n\nGot the end of the input\n\nExpected one of the following: \n\n' ', '@', 'const', 'method', 'override', 'var', '{', '}', any character/byte, comment, whitespace\n","stack":"Error: Failed to parse src/example.wlk: \n-- PARSING FAILED --------------------------------------------------\n\nGot the end of the input\n\nExpected one of the following: \n\n' ', '@', 'const', 'method', 'override', 'var', '{', '}', any character/byte, comment, whitespace\n\n    at c:\\Users\\estudiante\\.vscode\\extensions\\uqbar.wollok-lsp-ide-0.5.4\\out\\server\\src\\server.js:2353:13026\n    at Array.map (<anonymous>)\n    at U1n (c:\\Users\\estudiante\\.vscode\\extensions\\uqbar.wollok-lsp-ide-0.5.4\\out\\server\\src\\server.js:2353:12950)\n    at H2.buildEnvironmentFrom (c:\\Users\\estudiante\\.vscode\\extensions\\uqbar.wollok-lsp-ide-0.5.4\\out\\server\\src\\server.js:2398:5254)\n    at H2.updateEnvironmentWith (c:\\Users\\estudiante\\.vscode\\extensions\\uqbar.wollok-lsp-ide-0.5.4\\out\\server\\src\\server.js:2398:4989)\n    at GF (c:\\Users\\estudiante\\.vscode\\extensions\\uqbar.wollok-lsp-ide-0.5.4\\out\\server\\src\\server.js:2398:7383)\n    at V3.invoke (c:\\Users\\estudiante\\.vscode\\extensions\\uqbar.wollok-lsp-ide-0.5.4\\out\\server\\src\\server.js:3:157328)\n    at o.fire (c:\\Users\\estudiante\\.vscode\\extensions\\uqbar.wollok-lsp-ide-0.5.4\\out\\server\\src\\server.js:3:158098)\n    at c:\\Users\\estudiante\\.vscode\\extensions\\uqbar.wollok-lsp-ide-0.5.4\\out\\server\\src\\server.js:37:57871\n    at nd (c:\\Users\\estudiante\\.vscode\\extensions\\uqbar.wollok-lsp-ide-0.5.4\\out\\server\\src\\server.js:8:1561)","timestamp":"2026-05-13T22:57:01.553Z"}
{"level":"error","message":"✘ Failed to rebuild document Failed to parse src/example.wlk: \n-- PARSING FAILED --------------------------------------------------\n\nGot the end of the input\n\nExpected one of the following: \n\n' ', '@', 'const', 'method', 'override', 'var', '{', '}', any character/byte, comment, whitespace\n","stack":"Error: Failed to parse src/example.wlk: \n-- PARSING FAILED --------------------------------------------------\n\nGot the end of the input\n\nExpected one of the following: \n\n' ', '@', 'const', 'method', 'override', 'var', '{', '}', any character/byte, comment, whitespace\n\n    at c:\\Users\\estudiante\\.vscode\\extensions\\uqbar.wollok-lsp-ide-0.5.4\\out\\server\\src\\server.js:2353:13026\n    at Array.map (<anonymous>)\n    at U1n (c:\\Users\\estudiante\\.vscode\\extensions\\uqbar.wollok-lsp-ide-0.5.4\\out\\server\\src\\server.js:2353:12950)\n    at H2.buildEnvironmentFrom (c:\\Users\\estudiante\\.vscode\\extensions\\uqbar.wollok-lsp-ide-0.5.4\\out\\server\\src\\server.js:2398:5254)\n    at H2.updateEnvironmentWith (c:\\Users\\estudiante\\.vscode\\extensions\\uqbar.wollok-lsp-ide-0.5.4\\out\\server\\src\\server.js:2398:4989)\n    at GF (c:\\Users\\estudiante\\.vscode\\extensions\\uqbar.wollok-lsp-ide-0.5.4\\out\\server\\src\\server.js:2398:7383)\n    at V3.invoke (c:\\Users\\estudiante\\.vscode\\extensions\\uqbar.wollok-lsp-ide-0.5.4\\out\\server\\src\\server.js:3:157328)\n    at o.fire (c:\\Users\\estudiante\\.vscode\\extensions\\uqbar.wollok-lsp-ide-0.5.4\\out\\server\\src\\server.js:3:158098)\n    at c:\\Users\\estudiante\\.vscode\\extensions\\uqbar.wollok-lsp-ide-0.5.4\\out\\server\\src\\server.js:37:57871\n    at nd (c:\\Users\\estudiante\\.vscode\\extensions\\uqbar.wollok-lsp-ide-0.5.4\\out\\server\\src\\server.js:8:1561)","timestamp":"2026-05-13T22:57:01.750Z"}
{"level":"error","message":"✘ Failed to rebuild document Failed to parse src/example.wlk: \n-- PARSING FAILED --------------------------------------------------\n\nGot the end of the input\n\nExpected one of the following: \n\n' ', '@', 'const', 'method', 'override', 'var', '{', '}', any character/byte, comment, whitespace\n","stack":"Error: Failed to parse src/example.wlk: \n-- PARSING FAILED --------------------------------------------------\n\nGot the end of the input\n\nExpected one of the following: \n\n' ', '@', 'const', 'method', 'override', 'var', '{', '}', any character/byte, comment, whitespace\n\n    at c:\\Users\\estudiante\\.vscode\\extensions\\uqbar.wollok-lsp-ide-0.5.4\\out\\server\\src\\server.js:2353:13026\n    at Array.map (<anonymous>)\n    at U1n (c:\\Users\\estudiante\\.vscode\\extensions\\uqbar.wollok-lsp-ide-0.5.4\\out\\server\\src\\server.js:2353:12950)\n    at H2.buildEnvironmentFrom (c:\\Users\\estudiante\\.vscode\\extensions\\uqbar.wollok-lsp-ide-0.5.4\\out\\server\\src\\server.js:2398:5254)\n    at H2.updateEnvironmentWith (c:\\Users\\estudiante\\.vscode\\extensions\\uqbar.wollok-lsp-ide-0.5.4\\out\\server\\src\\server.js:2398:4989)\n    at GF (c:\\Users\\estudiante\\.vscode\\extensions\\uqbar.wollok-lsp-ide-0.5.4\\out\\server\\src\\server.js:2398:7383)\n    at V3.invoke (c:\\Users\\estudiante\\.vscode\\extensions\\uqbar.wollok-lsp-ide-0.5.4\\out\\server\\src\\server.js:3:157328)\n    at o.fire (c:\\Users\\estudiante\\.vscode\\extensions\\uqbar.wollok-lsp-ide-0.5.4\\out\\server\\src\\server.js:3:158098)\n    at c:\\Users\\estudiante\\.vscode\\extensions\\uqbar.wollok-lsp-ide-0.5.4\\out\\server\\src\\server.js:37:57871\n    at nd (c:\\Users\\estudiante\\.vscode\\extensions\\uqbar.wollok-lsp-ide-0.5.4\\out\\server\\src\\server.js:8:1561)","timestamp":"2026-05-13T22:57:02.130Z"}
{"level":"error","message":"✘ Failed to rebuild document Failed to parse src/example.wlk: \n-- PARSING FAILED --------------------------------------------------\n\nGot the end of the input\n\nExpected one of the following: \n\n' ', '@', 'const', 'method', 'override', 'var', '{', '}', any character/byte, comment, whitespace\n","stack":"Error: Failed to parse src/example.wlk: \n-- PARSING FAILED --------------------------------------------------\n\nGot the end of the input\n\nExpected one of the following: \n\n' ', '@', 'const', 'method', 'override', 'var', '{', '}', any character/byte, comment, whitespace\n\n    at c:\\Users\\estudiante\\.vscode\\extensions\\uqbar.wollok-lsp-ide-0.5.4\\out\\server\\src\\server.js:2353:13026\n    at Array.map (<anonymous>)\n    at U1n (c:\\Users\\estudiante\\.vscode\\extensions\\uqbar.wollok-lsp-ide-0.5.4\\out\\server\\src\\server.js:2353:12950)\n    at H2.buildEnvironmentFrom (c:\\Users\\estudiante\\.vscode\\extensions\\uqbar.wollok-lsp-ide-0.5.4\\out\\server\\src\\server.js:2398:5254)\n    at H2.updateEnvironmentWith (c:\\Users\\estudiante\\.vscode\\extensions\\uqbar.wollok-lsp-ide-0.5.4\\out\\server\\src\\server.js:2398:4989)\n    at GF (c:\\Users\\estudiante\\.vscode\\extensions\\uqbar.wollok-lsp-ide-0.5.4\\out\\server\\src\\server.js:2398:7383)\n    at V3.invoke (c:\\Users\\estudiante\\.vscode\\extensions\\uqbar.wollok-lsp-ide-0.5.4\\out\\server\\src\\server.js:3:157328)\n    at o.fire (c:\\Users\\estudiante\\.vscode\\extensions\\uqbar.wollok-lsp-ide-0.5.4\\out\\server\\src\\server.js:3:158098)\n    at c:\\Users\\estudiante\\.vscode\\extensions\\uqbar.wollok-lsp-ide-0.5.4\\out\\server\\src\\server.js:37:57871\n    at nd (c:\\Users\\estudiante\\.vscode\\extensions\\uqbar.wollok-lsp-ide-0.5.4\\out\\server\\src\\server.js:8:1561)","timestamp":"2026-05-13T22:57:02.478Z"}
{"level":"error","message":"✘ Failed to rebuild document Failed to parse src/example.wlk: \n-- PARSING FAILED --------------------------------------------------\n\nGot the end of the input\n\nExpected one of the following: \n\n' ', '@', 'const', 'method', 'override', 'var', '{', '}', any character/byte, comment, whitespace\n","stack":"Error: Failed to parse src/example.wlk: \n-- PARSING FAILED --------------------------------------------------\n\nGot the end of the input\n\nExpected one of the following: \n\n' ', '@', 'const', 'method', 'override', 'var', '{', '}', any character/byte, comment, whitespace\n\n    at c:\\Users\\estudiante\\.vscode\\extensions\\uqbar.wollok-lsp-ide-0.5.4\\out\\server\\src\\server.js:2353:13026\n    at Array.map (<anonymous>)\n    at U1n (c:\\Users\\estudiante\\.vscode\\extensions\\uqbar.wollok-lsp-ide-0.5.4\\out\\server\\src\\server.js:2353:12950)\n    at H2.buildEnvironmentFrom (c:\\Users\\estudiante\\.vscode\\extensions\\uqbar.wollok-lsp-ide-0.5.4\\out\\server\\src\\server.js:2398:5254)\n    at H2.updateEnvironmentWith (c:\\Users\\estudiante\\.vscode\\extensions\\uqbar.wollok-lsp-ide-0.5.4\\out\\server\\src\\server.js:2398:4989)\n    at GF (c:\\Users\\estudiante\\.vscode\\extensions\\uqbar.wollok-lsp-ide-0.5.4\\out\\server\\src\\server.js:2398:7383)\n    at V3.invoke (c:\\Users\\estudiante\\.vscode\\extensions\\uqbar.wollok-lsp-ide-0.5.4\\out\\server\\src\\server.js:3:157328)\n    at o.fire (c:\\Users\\estudiante\\.vscode\\extensions\\uqbar.wollok-lsp-ide-0.5.4\\out\\server\\src\\server.js:3:158098)\n    at c:\\Users\\estudiante\\.vscode\\extensions\\uqbar.wollok-lsp-ide-0.5.4\\out\\server\\src\\server.js:37:57871\n    at nd (c:\\Users\\estudiante\\.vscode\\extensions\\uqbar.wollok-lsp-ide-0.5.4\\out\\server\\src\\server.js:8:1561)","timestamp":"2026-05-13T22:57:02.750Z"}
{"level":"error","message":"✘ Failed to rebuild document Failed to parse src/example.wlk: \n-- PARSING FAILED --------------------------------------------------\n\nGot the end of the input\n\nExpected one of the following: \n\n' ', '@', 'const', 'method', 'override', 'var', '{', '}', any character/byte, comment, whitespace\n","stack":"Error: Failed to parse src/example.wlk: \n-- PARSING FAILED --------------------------------------------------\n\nGot the end of the input\n\nExpected one of the following: \n\n' ', '@', 'const', 'method', 'override', 'var', '{', '}', any character/byte, comment, whitespace\n\n    at c:\\Users\\estudiante\\.vscode\\extensions\\uqbar.wollok-lsp-ide-0.5.4\\out\\server\\src\\server.js:2353:13026\n    at Array.map (<anonymous>)\n    at U1n (c:\\Users\\estudiante\\.vscode\\extensions\\uqbar.wollok-lsp-ide-0.5.4\\out\\server\\src\\server.js:2353:12950)\n    at H2.buildEnvironmentFrom (c:\\Users\\estudiante\\.vscode\\extensions\\uqbar.wollok-lsp-ide-0.5.4\\out\\server\\src\\server.js:2398:5254)\n    at H2.updateEnvironmentWith (c:\\Users\\estudiante\\.vscode\\extensions\\uqbar.wollok-lsp-ide-0.5.4\\out\\server\\src\\server.js:2398:4989)\n    at GF (c:\\Users\\estudiante\\.vscode\\extensions\\uqbar.wollok-lsp-ide-0.5.4\\out\\server\\src\\server.js:2398:7383)\n    at V3.invoke (c:\\Users\\estudiante\\.vscode\\extensions\\uqbar.wollok-lsp-ide-0.5.4\\out\\server\\src\\server.js:3:157328)\n    at o.fire (c:\\Users\\estudiante\\.vscode\\extensions\\uqbar.wollok-lsp-ide-0.5.4\\out\\server\\src\\server.js:3:158098)\n    at c:\\Users\\estudiante\\.vscode\\extensions\\uqbar.wollok-lsp-ide-0.5.4\\out\\server\\src\\server.js:37:57871\n    at nd (c:\\Users\\estudiante\\.vscode\\extensions\\uqbar.wollok-lsp-ide-0.5.4\\out\\server\\src\\server.js:8:1561)","timestamp":"2026-05-13T22:57:02.983Z"}
{"level":"error","message":"✘ Failed to rebuild document Failed to parse src/example.wlk: \n-- PARSING FAILED --------------------------------------------------\n\nGot the end of the input\n\nExpected one of the following: \n\n' ', '@', 'const', 'method', 'override', 'var', '{', '}', any character/byte, comment, whitespace\n","stack":"Error: Failed to parse src/example.wlk: \n-- PARSING FAILED --------------------------------------------------\n\nGot the end of the input\n\nExpected one of the following: \n\n' ', '@', 'const', 'method', 'override', 'var', '{', '}', any character/byte, comment, whitespace\n\n    at c:\\Users\\estudiante\\.vscode\\extensions\\uqbar.wollok-lsp-ide-0.5.4\\out\\server\\src\\server.js:2353:13026\n    at Array.map (<anonymous>)\n    at U1n (c:\\Users\\estudiante\\.vscode\\extensions\\uqbar.wollok-lsp-ide-0.5.4\\out\\server\\src\\server.js:2353:12950)\n    at H2.buildEnvironmentFrom (c:\\Users\\estudiante\\.vscode\\extensions\\uqbar.wollok-lsp-ide-0.5.4\\out\\server\\src\\server.js:2398:5254)\n    at H2.updateEnvironmentWith (c:\\Users\\estudiante\\.vscode\\extensions\\uqbar.wollok-lsp-ide-0.5.4\\out\\server\\src\\server.js:2398:4989)\n    at GF (c:\\Users\\estudiante\\.vscode\\extensions\\uqbar.wollok-lsp-ide-0.5.4\\out\\server\\src\\server.js:2398:7383)\n    at V3.invoke (c:\\Users\\estudiante\\.vscode\\extensions\\uqbar.wollok-lsp-ide-0.5.4\\out\\server\\src\\server.js:3:157328)\n    at o.fire (c:\\Users\\estudiante\\.vscode\\extensions\\uqbar.wollok-lsp-ide-0.5.4\\out\\server\\src\\server.js:3:158098)\n    at c:\\Users\\estudiante\\.vscode\\extensions\\uqbar.wollok-lsp-ide-0.5.4\\out\\server\\src\\server.js:37:57871\n    at nd (c:\\Users\\estudiante\\.vscode\\extensions\\uqbar.wollok-lsp-ide-0.5.4\\out\\server\\src\\server.js:8:1561)","timestamp":"2026-05-13T22:57:03.153Z"}
{"level":"info","message":"⌛ Building environment","timeElapsed":113,"timestamp":"2026-05-13T22:57:03.560Z"}
{"level":"info","message":"⌛ Validating src/example.wlk","timeElapsed":188,"timestamp":"2026-05-13T22:57:03.753Z"}
{"level":"info","message":"⌛ Building environment","timeElapsed":169,"timestamp":"2026-05-13T22:57:04.626Z"}
{"level":"info","message":"⌛ Building environment","timeElapsed":108,"timestamp":"2026-05-13T22:57:04.736Z"}
{"level":"info","message":"⌛ Validating src/example.wlk","timeElapsed":167,"timestamp":"2026-05-13T22:57:04.904Z"}
{"level":"info","message":"⌛ Validating src/example.wlk","timeElapsed":168,"timestamp":"2026-05-13T22:57:05.073Z"}
{"level":"error","message":"✘ Completions for node Return (undefined - src/example.wlk) failed: Error: [Return]{c1d023} at src/example.wlk:-- exhausted all cases without a match [Return]{c1d023} at src/example.wlk:-- exhausted all cases without a match","stack":"Error: [Return]{c1d023} at src/example.wlk:-- exhausted all cases without a match\n    at c:\\Users\\estudiante\\.vscode\\extensions\\uqbar.wollok-lsp-ide-0.5.4\\out\\server\\src\\server.js:38:6142\n    at L2 (c:\\Users\\estudiante\\.vscode\\extensions\\uqbar.wollok-lsp-ide-0.5.4\\out\\server\\src\\server.js:2389:42)\n    at Jh (c:\\Users\\estudiante\\.vscode\\extensions\\uqbar.wollok-lsp-ide-0.5.4\\out\\server\\src\\server.js:2389:1092)\n    at M5n (c:\\Users\\estudiante\\.vscode\\extensions\\uqbar.wollok-lsp-ide-0.5.4\\out\\server\\src\\server.js:2389:1248)\n    at c:\\Users\\estudiante\\.vscode\\extensions\\uqbar.wollok-lsp-ide-0.5.4\\out\\server\\src\\server.js:38:6131\n    at L2 (c:\\Users\\estudiante\\.vscode\\extensions\\uqbar.wollok-lsp-ide-0.5.4\\out\\server\\src\\server.js:2389:42)\n    at c:\\Users\\estudiante\\.vscode\\extensions\\uqbar.wollok-lsp-ide-0.5.4\\out\\server\\src\\server.js:2389:2988\n    at c:\\Users\\estudiante\\.vscode\\extensions\\uqbar.wollok-lsp-ide-0.5.4\\out\\server\\src\\server.js:2398:8440\n    at c:\\Users\\estudiante\\.vscode\\extensions\\uqbar.wollok-lsp-ide-0.5.4\\out\\server\\src\\server.js:37:74872\n    at Ke (c:\\Users\\estudiante\\.vscode\\extensions\\uqbar.wollok-lsp-ide-0.5.4\\out\\server\\src\\server.js:7:8527)","timestamp":"2026-05-13T22:57:05.211Z"}
{"level":"info","message":"⌛ Validating src/example.wlk","timeElapsed":206,"timestamp":"2026-05-13T22:57:05.423Z"}
{"level":"info","message":"⌛ Building environment","timeElapsed":170,"timestamp":"2026-05-13T22:57:05.595Z"}
{"level":"info","message":"⌛ Building environment","timeElapsed":148,"timestamp":"2026-05-13T22:57:05.762Z"}
{"level":"info","message":"⌛ Building environment","timeElapsed":139,"timestamp":"2026-05-13T22:57:05.919Z"}
{"level":"info","message":"⌛ Validating src/example.wlk","timeElapsed":218,"timestamp":"2026-05-13T22:57:06.139Z"}
{"level":"info","message":"⌛ Building environment","timeElapsed":122,"timestamp":"2026-05-13T22:57:06.262Z"}
{"level":"info","message":"⌛ Validating src/example.wlk","timeElapsed":155,"timestamp":"2026-05-13T22:57:06.418Z"}
{"level":"info","message":"⌛ Building environment","timeElapsed":104,"timestamp":"2026-05-13T22:57:06.560Z"}
{"level":"info","message":"⌛ Validating src/example.wlk","timeElapsed":154,"timestamp":"2026-05-13T22:57:06.818Z"}
{"level":"info","message":"⌛ Building environment","timeElapsed":101,"timestamp":"2026-05-13T22:57:07.014Z"}
{"level":"info","message":"⌛ Validating src/example.wlk","timeElapsed":159,"timestamp":"2026-05-13T22:57:07.175Z"}
{"level":"info","message":"⌛ Validating src/example.wlk","timeElapsed":118,"timestamp":"2026-05-13T22:57:07.304Z"}
{"level":"info","message":"⌛ Validating src/example.wlk","timeElapsed":111,"timestamp":"2026-05-13T22:57:07.416Z"}
{"level":"info","message":"⌛ Validating src/example.wlk","timeElapsed":118,"timestamp":"2026-05-13T22:57:07.538Z"}
{"level":"info","message":"⌛ Validating src/example.wlk","timeElapsed":175,"timestamp":"2026-05-13T22:57:07.716Z"}
{"level":"info","message":"⌛ Building environment","timeElapsed":172,"timestamp":"2026-05-13T22:57:09.406Z"}
{"level":"info","message":"⌛ Validating src/example.wlk","timeElapsed":192,"timestamp":"2026-05-13T22:57:09.601Z"}
{"level":"info","message":"⌛ Building environment","timeElapsed":180,"timestamp":"2026-05-13T22:57:13.001Z"}
{"level":"info","message":"⌛ Validating src/example.wlk","timeElapsed":173,"timestamp":"2026-05-13T22:57:13.175Z"}
{"level":"info","message":"⌛ Building environment","timeElapsed":318,"timestamp":"2026-05-13T22:57:13.949Z"}
{"level":"info","message":"⌛ Building environment","timeElapsed":163,"timestamp":"2026-05-13T22:57:14.113Z"}
{"level":"info","message":"⌛ Building environment","timeElapsed":119,"timestamp":"2026-05-13T22:57:14.269Z"}
{"level":"info","message":"⌛ Validating src/example.wlk","timeElapsed":203,"timestamp":"2026-05-13T22:57:14.504Z"}
{"level":"info","message":"⌛ Building environment","timeElapsed":105,"timestamp":"2026-05-13T22:57:14.610Z"}
{"level":"info","message":"⌛ Building environment","timeElapsed":154,"timestamp":"2026-05-13T22:57:14.766Z"}
{"level":"info","message":"⌛ Validating src/example.wlk","timeElapsed":158,"timestamp":"2026-05-13T22:57:14.940Z"}
{"level":"info","message":"⌛ Validating src/example.wlk","timeElapsed":128,"timestamp":"2026-05-13T22:57:15.071Z"}
{"level":"info","message":"⌛ Validating src/example.wlk","timeElapsed":149,"timestamp":"2026-05-13T22:57:15.247Z"}
{"level":"info","message":"⌛ Validating src/example.wlk","timeElapsed":185,"timestamp":"2026-05-13T22:57:15.627Z"}
{"level":"error","message":"✘ Failed to rebuild document Failed to parse src/example.wlk: \n-- PARSING FAILED --------------------------------------------------\n\n  25 | \n  26 | \t\tmethod materia() = materia\n> 27 | \t\tmethod () {\n     |          ^\n  28 | \t\t  \n  29 | \t\t}\n\nExpected one of the following: \n\n'!=', '!==', '%', '&&', '*', '**', '+', '-', '->', '..', '..<', '/', '<', '<<', '<<<', '<=', '<=>', '<>', '==', '===', '>', '>..', '>=', '>>', '>>>', '?:', 'and', 'invert', 'negate', 'or', 'plus', '||', identifier, whitespace\n","stack":"Error: Failed to parse src/example.wlk: \n-- PARSING FAILED --------------------------------------------------\n\n  25 | \n  26 | \t\tmethod materia() = materia\n> 27 | \t\tmethod () {\n     |          ^\n  28 | \t\t  \n  29 | \t\t}\n\nExpected one of the following: \n\n'!=', '!==', '%', '&&', '*', '**', '+', '-', '->', '..', '..<', '/', '<', '<<', '<<<', '<=', '<=>', '<>', '==', '===', '>', '>..', '>=', '>>', '>>>', '?:', 'and', 'invert', 'negate', 'or', 'plus', '||', identifier, whitespace\n\n    at c:\\Users\\estudiante\\.vscode\\extensions\\uqbar.wollok-lsp-ide-0.5.4\\out\\server\\src\\server.js:2353:13026\n    at Array.map (<anonymous>)\n    at U1n (c:\\Users\\estudiante\\.vscode\\extensions\\uqbar.wollok-lsp-ide-0.5.4\\out\\server\\src\\server.js:2353:12950)\n    at H2.buildEnvironmentFrom (c:\\Users\\estudiante\\.vscode\\extensions\\uqbar.wollok-lsp-ide-0.5.4\\out\\server\\src\\server.js:2398:5254)\n    at H2.updateEnvironmentWith (c:\\Users\\estudiante\\.vscode\\extensions\\uqbar.wollok-lsp-ide-0.5.4\\out\\server\\src\\server.js:2398:4989)\n    at GF (c:\\Users\\estudiante\\.vscode\\extensions\\uqbar.wollok-lsp-ide-0.5.4\\out\\server\\src\\server.js:2398:7383)\n    at V3.invoke (c:\\Users\\estudiante\\.vscode\\extensions\\uqbar.wollok-lsp-ide-0.5.4\\out\\server\\src\\server.js:3:157328)\n    at o.fire (c:\\Users\\estudiante\\.vscode\\extensions\\uqbar.wollok-lsp-ide-0.5.4\\out\\server\\src\\server.js:3:158098)\n    at c:\\Users\\estudiante\\.vscode\\extensions\\uqbar.wollok-lsp-ide-0.5.4\\out\\server\\src\\server.js:37:57871\n    at nd (c:\\Users\\estudiante\\.vscode\\extensions\\uqbar.wollok-lsp-ide-0.5.4\\out\\server\\src\\server.js:8:1561)","timestamp":"2026-05-13T22:57:16.834Z"}
{"level":"info","message":"⌛ Building environment","timeElapsed":122,"timestamp":"2026-05-13T22:57:17.279Z"}
{"level":"info","message":"⌛ Building environment","timeElapsed":129,"timestamp":"2026-05-13T22:57:17.439Z"}
{"level":"info","message":"⌛ Validating src/example.wlk","timeElapsed":181,"timestamp":"2026-05-13T22:57:17.621Z"}
{"level":"info","message":"⌛ Building environment","timeElapsed":226,"timestamp":"2026-05-13T22:57:17.849Z"}
{"level":"info","message":"⌛ Validating src/example.wlk","timeElapsed":128,"timestamp":"2026-05-13T22:57:17.978Z"}
{"level":"info","message":"⌛ Validating src/example.wlk","timeElapsed":283,"timestamp":"2026-05-13T22:57:18.395Z"}
{"level":"info","message":"⌛ Validating src/example.wlk","timeElapsed":286,"timestamp":"2026-05-13T22:57:18.689Z"}
{"level":"error","message":"✘ Failed to rebuild document Failed to parse src/example.wlk: \n-- PARSING FAILED --------------------------------------------------\n\nGot the end of the input\n\nExpected one of the following: \n\n' ', '@', 'const', 'method', 'override', 'var', '{', '}', any character/byte, comment, whitespace\n","stack":"Error: Failed to parse src/example.wlk: \n-- PARSING FAILED --------------------------------------------------\n\nGot the end of the input\n\nExpected one of the following: \n\n' ', '@', 'const', 'method', 'override', 'var', '{', '}', any character/byte, comment, whitespace\n\n    at c:\\Users\\estudiante\\.vscode\\extensions\\uqbar.wollok-lsp-ide-0.5.4\\out\\server\\src\\server.js:2353:13026\n    at Array.map (<anonymous>)\n    at U1n (c:\\Users\\estudiante\\.vscode\\extensions\\uqbar.wollok-lsp-ide-0.5.4\\out\\server\\src\\server.js:2353:12950)\n    at H2.buildEnvironmentFrom (c:\\Users\\estudiante\\.vscode\\extensions\\uqbar.wollok-lsp-ide-0.5.4\\out\\server\\src\\server.js:2398:5254)\n    at H2.updateEnvironmentWith (c:\\Users\\estudiante\\.vscode\\extensions\\uqbar.wollok-lsp-ide-0.5.4\\out\\server\\src\\server.js:2398:4989)\n    at GF (c:\\Users\\estudiante\\.vscode\\extensions\\uqbar.wollok-lsp-ide-0.5.4\\out\\server\\src\\server.js:2398:7383)\n    at V3.invoke (c:\\Users\\estudiante\\.vscode\\extensions\\uqbar.wollok-lsp-ide-0.5.4\\out\\server\\src\\server.js:3:157328)\n    at o.fire (c:\\Users\\estudiante\\.vscode\\extensions\\uqbar.wollok-lsp-ide-0.5.4\\out\\server\\src\\server.js:3:158098)\n    at c:\\Users\\estudiante\\.vscode\\extensions\\uqbar.wollok-lsp-ide-0.5.4\\out\\server\\src\\server.js:37:57871\n    at nd (c:\\Users\\estudiante\\.vscode\\extensions\\uqbar.wollok-lsp-ide-0.5.4\\out\\server\\src\\server.js:8:1561)","timestamp":"2026-05-13T22:57:19.132Z"}
{"level":"error","message":"✘ Failed to rebuild document Failed to parse src/example.wlk: \n-- PARSING FAILED --------------------------------------------------\n\nGot the end of the input\n\nExpected one of the following: \n\n' ', '@', 'const', 'method', 'override', 'var', '{', '}', any character/byte, comment, whitespace\n","stack":"Error: Failed to parse src/example.wlk: \n-- PARSING FAILED --------------------------------------------------\n\nGot the end of the input\n\nExpected one of the following: \n\n' ', '@', 'const', 'method', 'override', 'var', '{', '}', any character/byte, comment, whitespace\n\n    at c:\\Users\\estudiante\\.vscode\\extensions\\uqbar.wollok-lsp-ide-0.5.4\\out\\server\\src\\server.js:2353:13026\n    at Array.map (<anonymous>)\n    at U1n (c:\\Users\\estudiante\\.vscode\\extensions\\uqbar.wollok-lsp-ide-0.5.4\\out\\server\\src\\server.js:2353:12950)\n    at H2.buildEnvironmentFrom (c:\\Users\\estudiante\\.vscode\\extensions\\uqbar.wollok-lsp-ide-0.5.4\\out\\server\\src\\server.js:2398:5254)\n    at H2.updateEnvironmentWith (c:\\Users\\estudiante\\.vscode\\extensions\\uqbar.wollok-lsp-ide-0.5.4\\out\\server\\src\\server.js:2398:4989)\n    at GF (c:\\Users\\estudiante\\.vscode\\extensions\\uqbar.wollok-lsp-ide-0.5.4\\out\\server\\src\\server.js:2398:7383)\n    at V3.invoke (c:\\Users\\estudiante\\.vscode\\extensions\\uqbar.wollok-lsp-ide-0.5.4\\out\\server\\src\\server.js:3:157328)\n    at o.fire (c:\\Users\\estudiante\\.vscode\\extensions\\uqbar.wollok-lsp-ide-0.5.4\\out\\server\\src\\server.js:3:158098)\n    at c:\\Users\\estudiante\\.vscode\\extensions\\uqbar.wollok-lsp-ide-0.5.4\\out\\server\\src\\server.js:37:57871\n    at nd (c:\\Users\\estudiante\\.vscode\\extensions\\uqbar.wollok-lsp-ide-0.5.4\\out\\server\\src\\server.js:8:1561)","timestamp":"2026-05-13T22:57:19.290Z"}
{"level":"error","message":"✘ Failed to rebuild document Failed to parse src/example.wlk: \n-- PARSING FAILED --------------------------------------------------\n\nGot the end of the input\n\nExpected one of the following: \n\n' ', '@', 'const', 'method', 'override', 'var', '{', '}', any character/byte, comment, whitespace\n","stack":"Error: Failed to parse src/example.wlk: \n-- PARSING FAILED --------------------------------------------------\n\nGot the end of the input\n\nExpected one of the following: \n\n' ', '@', 'const', 'method', 'override', 'var', '{', '}', any character/byte, comment, whitespace\n\n    at c:\\Users\\estudiante\\.vscode\\extensions\\uqbar.wollok-lsp-ide-0.5.4\\out\\server\\src\\server.js:2353:13026\n    at Array.map (<anonymous>)\n    at U1n (c:\\Users\\estudiante\\.vscode\\extensions\\uqbar.wollok-lsp-ide-0.5.4\\out\\server\\src\\server.js:2353:12950)\n    at H2.buildEnvironmentFrom (c:\\Users\\estudiante\\.vscode\\extensions\\uqbar.wollok-lsp-ide-0.5.4\\out\\server\\src\\server.js:2398:5254)\n    at H2.updateEnvironmentWith (c:\\Users\\estudiante\\.vscode\\extensions\\uqbar.wollok-lsp-ide-0.5.4\\out\\server\\src\\server.js:2398:4989)\n    at GF (c:\\Users\\estudiante\\.vscode\\extensions\\uqbar.wollok-lsp-ide-0.5.4\\out\\server\\src\\server.js:2398:7383)\n    at V3.invoke (c:\\Users\\estudiante\\.vscode\\extensions\\uqbar.wollok-lsp-ide-0.5.4\\out\\server\\src\\server.js:3:157328)\n    at o.fire (c:\\Users\\estudiante\\.vscode\\extensions\\uqbar.wollok-lsp-ide-0.5.4\\out\\server\\src\\server.js:3:158098)\n    at c:\\Users\\estudiante\\.vscode\\extensions\\uqbar.wollok-lsp-ide-0.5.4\\out\\server\\src\\server.js:37:57871\n    at nd (c:\\Users\\estudiante\\.vscode\\extensions\\uqbar.wollok-lsp-ide-0.5.4\\out\\server\\src\\server.js:8:1561)","timestamp":"2026-05-13T22:57:19.706Z"}
{"level":"error","message":"✘ Failed to rebuild document Failed to parse src/example.wlk: \n-- PARSING FAILED --------------------------------------------------\n\nGot the end of the input\n\nExpected one of the following: \n\n' ', '@', 'const', 'method', 'override', 'var', '{', '}', any character/byte, comment, whitespace\n","stack":"Error: Failed to parse src/example.wlk: \n-- PARSING FAILED --------------------------------------------------\n\nGot the end of the input\n\nExpected one of the following: \n\n' ', '@', 'const', 'method', 'override', 'var', '{', '}', any character/byte, comment, whitespace\n\n    at c:\\Users\\estudiante\\.vscode\\extensions\\uqbar.wollok-lsp-ide-0.5.4\\out\\server\\src\\server.js:2353:13026\n    at Array.map (<anonymous>)\n    at U1n (c:\\Users\\estudiante\\.vscode\\extensions\\uqbar.wollok-lsp-ide-0.5.4\\out\\server\\src\\server.js:2353:12950)\n    at H2.buildEnvironmentFrom (c:\\Users\\estudiante\\.vscode\\extensions\\uqbar.wollok-lsp-ide-0.5.4\\out\\server\\src\\server.js:2398:5254)\n    at H2.updateEnvironmentWith (c:\\Users\\estudiante\\.vscode\\extensions\\uqbar.wollok-lsp-ide-0.5.4\\out\\server\\src\\server.js:2398:4989)\n    at GF (c:\\Users\\estudiante\\.vscode\\extensions\\uqbar.wollok-lsp-ide-0.5.4\\out\\server\\src\\server.js:2398:7383)\n    at V3.invoke (c:\\Users\\estudiante\\.vscode\\extensions\\uqbar.wollok-lsp-ide-0.5.4\\out\\server\\src\\server.js:3:157328)\n    at o.fire (c:\\Users\\estudiante\\.vscode\\extensions\\uqbar.wollok-lsp-ide-0.5.4\\out\\server\\src\\server.js:3:158098)\n    at c:\\Users\\estudiante\\.vscode\\extensions\\uqbar.wollok-lsp-ide-0.5.4\\out\\server\\src\\server.js:37:57871\n    at nd (c:\\Users\\estudiante\\.vscode\\extensions\\uqbar.wollok-lsp-ide-0.5.4\\out\\server\\src\\server.js:8:1561)","timestamp":"2026-05-13T22:57:20.180Z"}
{"level":"error","message":"✘ Failed to rebuild document Failed to parse src/example.wlk: \n-- PARSING FAILED --------------------------------------------------\n\nGot the end of the input\n\nExpected one of the following: \n\n' ', '@', 'const', 'method', 'override', 'var', '{', '}', any character/byte, comment, whitespace\n","stack":"Error: Failed to parse src/example.wlk: \n-- PARSING FAILED --------------------------------------------------\n\nGot the end of the input\n\nExpected one of the following: \n\n' ', '@', 'const', 'method', 'override', 'var', '{', '}', any character/byte, comment, whitespace\n\n    at c:\\Users\\estudiante\\.vscode\\extensions\\uqbar.wollok-lsp-ide-0.5.4\\out\\server\\src\\server.js:2353:13026\n    at Array.map (<anonymous>)\n    at U1n (c:\\Users\\estudiante\\.vscode\\extensions\\uqbar.wollok-lsp-ide-0.5.4\\out\\server\\src\\server.js:2353:12950)\n    at H2.buildEnvironmentFrom (c:\\Users\\estudiante\\.vscode\\extensions\\uqbar.wollok-lsp-ide-0.5.4\\out\\server\\src\\server.js:2398:5254)\n    at H2.updateEnvironmentWith (c:\\Users\\estudiante\\.vscode\\extensions\\uqbar.wollok-lsp-ide-0.5.4\\out\\server\\src\\server.js:2398:4989)\n    at GF (c:\\Users\\estudiante\\.vscode\\extensions\\uqbar.wollok-lsp-ide-0.5.4\\out\\server\\src\\server.js:2398:7383)\n    at V3.invoke (c:\\Users\\estudiante\\.vscode\\extensions\\uqbar.wollok-lsp-ide-0.5.4\\out\\server\\src\\server.js:3:157328)\n    at o.fire (c:\\Users\\estudiante\\.vscode\\extensions\\uqbar.wollok-lsp-ide-0.5.4\\out\\server\\src\\server.js:3:158098)\n    at c:\\Users\\estudiante\\.vscode\\extensions\\uqbar.wollok-lsp-ide-0.5.4\\out\\server\\src\\server.js:37:57871\n    at nd (c:\\Users\\estudiante\\.vscode\\extensions\\uqbar.wollok-lsp-ide-0.5.4\\out\\server\\src\\server.js:8:1561)","timestamp":"2026-05-13T22:57:20.469Z"}
{"level":"error","message":"✘ Failed to rebuild document Failed to parse src/example.wlk: \n-- PARSING FAILED --------------------------------------------------\n\nGot the end of the input\n\nExpected one of the following: \n\n' ', '@', 'const', 'method', 'override', 'var', '{', '}', any character/byte, comment, whitespace\n","stack":"Error: Failed to parse src/example.wlk: \n-- PARSING FAILED --------------------------------------------------\n\nGot the end of the input\n\nExpected one of the following: \n\n' ', '@', 'const', 'method', 'override', 'var', '{', '}', any character/byte, comment, whitespace\n\n    at c:\\Users\\estudiante\\.vscode\\extensions\\uqbar.wollok-lsp-ide-0.5.4\\out\\server\\src\\server.js:2353:13026\n    at Array.map (<anonymous>)\n    at U1n (c:\\Users\\estudiante\\.vscode\\extensions\\uqbar.wollok-lsp-ide-0.5.4\\out\\server\\src\\server.js:2353:12950)\n    at H2.buildEnvironmentFrom (c:\\Users\\estudiante\\.vscode\\extensions\\uqbar.wollok-lsp-ide-0.5.4\\out\\server\\src\\server.js:2398:5254)\n    at H2.updateEnvironmentWith (c:\\Users\\estudiante\\.vscode\\extensions\\uqbar.wollok-lsp-ide-0.5.4\\out\\server\\src\\server.js:2398:4989)\n    at GF (c:\\Users\\estudiante\\.vscode\\extensions\\uqbar.wollok-lsp-ide-0.5.4\\out\\server\\src\\server.js:2398:7383)\n    at V3.invoke (c:\\Users\\estudiante\\.vscode\\extensions\\uqbar.wollok-lsp-ide-0.5.4\\out\\server\\src\\server.js:3:157328)\n    at o.fire (c:\\Users\\estudiante\\.vscode\\extensions\\uqbar.wollok-lsp-ide-0.5.4\\out\\server\\src\\server.js:3:158098)\n    at c:\\Users\\estudiante\\.vscode\\extensions\\uqbar.wollok-lsp-ide-0.5.4\\out\\server\\src\\server.js:37:57871\n    at nd (c:\\Users\\estudiante\\.vscode\\extensions\\uqbar.wollok-lsp-ide-0.5.4\\out\\server\\src\\server.js:8:1561)","timestamp":"2026-05-13T22:57:20.812Z"}
{"level":"error","message":"✘ Failed to rebuild document Failed to parse src/example.wlk: \n-- PARSING FAILED --------------------------------------------------\n\nGot the end of the input\n\nExpected one of the following: \n\n' ', '@', 'const', 'method', 'override', 'var', '{', '}', any character/byte, comment, whitespace\n","stack":"Error: Failed to parse src/example.wlk: \n-- PARSING FAILED --------------------------------------------------\n\nGot the end of the input\n\nExpected one of the following: \n\n' ', '@', 'const', 'method', 'override', 'var', '{', '}', any character/byte, comment, whitespace\n\n    at c:\\Users\\estudiante\\.vscode\\extensions\\uqbar.wollok-lsp-ide-0.5.4\\out\\server\\src\\server.js:2353:13026\n    at Array.map (<anonymous>)\n    at U1n (c:\\Users\\estudiante\\.vscode\\extensions\\uqbar.wollok-lsp-ide-0.5.4\\out\\server\\src\\server.js:2353:12950)\n    at H2.buildEnvironmentFrom (c:\\Users\\estudiante\\.vscode\\extensions\\uqbar.wollok-lsp-ide-0.5.4\\out\\server\\src\\server.js:2398:5254)\n    at H2.updateEnvironmentWith (c:\\Users\\estudiante\\.vscode\\extensions\\uqbar.wollok-lsp-ide-0.5.4\\out\\server\\src\\server.js:2398:4989)\n    at GF (c:\\Users\\estudiante\\.vscode\\extensions\\uqbar.wollok-lsp-ide-0.5.4\\out\\server\\src\\server.js:2398:7383)\n    at V3.invoke (c:\\Users\\estudiante\\.vscode\\extensions\\uqbar.wollok-lsp-ide-0.5.4\\out\\server\\src\\server.js:3:157328)\n    at o.fire (c:\\Users\\estudiante\\.vscode\\extensions\\uqbar.wollok-lsp-ide-0.5.4\\out\\server\\src\\server.js:3:158098)\n    at c:\\Users\\estudiante\\.vscode\\extensions\\uqbar.wollok-lsp-ide-0.5.4\\out\\server\\src\\server.js:37:57871\n    at nd (c:\\Users\\estudiante\\.vscode\\extensions\\uqbar.wollok-lsp-ide-0.5.4\\out\\server\\src\\server.js:8:1561)","timestamp":"2026-05-13T22:57:20.973Z"}
{"level":"error","message":"✘ Failed to rebuild document Failed to parse src/example.wlk: \n-- PARSING FAILED --------------------------------------------------\n\nGot the end of the input\n\nExpected one of the following: \n\n' ', '@', 'const', 'method', 'override', 'var', '{', '}', any character/byte, comment, whitespace\n","stack":"Error: Failed to parse src/example.wlk: \n-- PARSING FAILED --------------------------------------------------\n\nGot the end of the input\n\nExpected one of the following: \n\n' ', '@', 'const', 'method', 'override', 'var', '{', '}', any character/byte, comment, whitespace\n\n    at c:\\Users\\estudiante\\.vscode\\extensions\\uqbar.wollok-lsp-ide-0.5.4\\out\\server\\src\\server.js:2353:13026\n    at Array.map (<anonymous>)\n    at U1n (c:\\Users\\estudiante\\.vscode\\extensions\\uqbar.wollok-lsp-ide-0.5.4\\out\\server\\src\\server.js:2353:12950)\n    at H2.buildEnvironmentFrom (c:\\Users\\estudiante\\.vscode\\extensions\\uqbar.wollok-lsp-ide-0.5.4\\out\\server\\src\\server.js:2398:5254)\n    at H2.updateEnvironmentWith (c:\\Users\\estudiante\\.vscode\\extensions\\uqbar.wollok-lsp-ide-0.5.4\\out\\server\\src\\server.js:2398:4989)\n    at GF (c:\\Users\\estudiante\\.vscode\\extensions\\uqbar.wollok-lsp-ide-0.5.4\\out\\server\\src\\server.js:2398:7383)\n    at V3.invoke (c:\\Users\\estudiante\\.vscode\\extensions\\uqbar.wollok-lsp-ide-0.5.4\\out\\server\\src\\server.js:3:157328)\n    at o.fire (c:\\Users\\estudiante\\.vscode\\extensions\\uqbar.wollok-lsp-ide-0.5.4\\out\\server\\src\\server.js:3:158098)\n    at c:\\Users\\estudiante\\.vscode\\extensions\\uqbar.wollok-lsp-ide-0.5.4\\out\\server\\src\\server.js:37:57871\n    at nd (c:\\Users\\estudiante\\.vscode\\extensions\\uqbar.wollok-lsp-ide-0.5.4\\out\\server\\src\\server.js:8:1561)","timestamp":"2026-05-13T22:57:21.148Z"}
{"level":"info","message":"⌛ Validating src/example.wlk","timeElapsed":118,"timestamp":"2026-05-13T22:57:21.732Z"}
{"level":"info","message":"⌛ Building environment","timeElapsed":112,"timestamp":"2026-05-13T22:57:22.534Z"}
{"level":"info","message":"⌛ Validating src/example.wlk","timeElapsed":157,"timestamp":"2026-05-13T22:57:22.693Z"}
{"level":"info","message":"⌛ Building environment","timeElapsed":113,"timestamp":"2026-05-13T22:57:22.807Z"}
{"level":"info","message":"⌛ Validating src/example.wlk","timeElapsed":160,"timestamp":"2026-05-13T22:57:22.969Z"}
{"level":"info","message":"⌛ Building environment","timeElapsed":316,"timestamp":"2026-05-13T22:57:23.456Z"}
{"level":"info","message":"⌛ Building environment","timeElapsed":136,"timestamp":"2026-05-13T22:57:23.609Z"}
{"level":"info","message":"⌛ Building environment","timeElapsed":126,"timestamp":"2026-05-13T22:57:23.738Z"}
{"level":"error","message":"✘ Completions for node Return (undefined - src/example.wlk) failed: Error: [Return]{2e35ed} at src/example.wlk:-- exhausted all cases without a match [Return]{2e35ed} at src/example.wlk:-- exhausted all cases without a match","stack":"Error: [Return]{2e35ed} at src/example.wlk:-- exhausted all cases without a match\n    at c:\\Users\\estudiante\\.vscode\\extensions\\uqbar.wollok-lsp-ide-0.5.4\\out\\server\\src\\server.js:38:6142\n    at L2 (c:\\Users\\estudiante\\.vscode\\extensions\\uqbar.wollok-lsp-ide-0.5.4\\out\\server\\src\\server.js:2389:42)\n    at Jh (c:\\Users\\estudiante\\.vscode\\extensions\\uqbar.wollok-lsp-ide-0.5.4\\out\\server\\src\\server.js:2389:1092)\n    at M5n (c:\\Users\\estudiante\\.vscode\\extensions\\uqbar.wollok-lsp-ide-0.5.4\\out\\server\\src\\server.js:2389:1248)\n    at c:\\Users\\estudiante\\.vscode\\extensions\\uqbar.wollok-lsp-ide-0.5.4\\out\\server\\src\\server.js:38:6131\n    at L2 (c:\\Users\\estudiante\\.vscode\\extensions\\uqbar.wollok-lsp-ide-0.5.4\\out\\server\\src\\server.js:2389:42)\n    at c:\\Users\\estudiante\\.vscode\\extensions\\uqbar.wollok-lsp-ide-0.5.4\\out\\server\\src\\server.js:2389:2988\n    at c:\\Users\\estudiante\\.vscode\\extensions\\uqbar.wollok-lsp-ide-0.5.4\\out\\server\\src\\server.js:2398:8440\n    at c:\\Users\\estudiante\\.vscode\\extensions\\uqbar.wollok-lsp-ide-0.5.4\\out\\server\\src\\server.js:37:74872\n    at Ke (c:\\Users\\estudiante\\.vscode\\extensions\\uqbar.wollok-lsp-ide-0.5.4\\out\\server\\src\\server.js:7:8527)","timestamp":"2026-05-13T22:57:23.788Z"}
{"level":"info","message":"⌛ Validating src/example.wlk","timeElapsed":127,"timestamp":"2026-05-13T22:57:23.998Z"}
{"level":"info","message":"⌛ Validating src/example.wlk","timeElapsed":147,"timestamp":"2026-05-13T22:57:24.145Z"}
{"level":"info","message":"⌛ Validating src/example.wlk","timeElapsed":151,"timestamp":"2026-05-13T22:57:24.311Z"}
{"level":"info","message":"⌛ Validating src/example.wlk","timeElapsed":153,"timestamp":"2026-05-13T22:57:24.468Z"}
{"level":"info","message":"⌛ Building environment","timeElapsed":239,"timestamp":"2026-05-13T22:57:38.516Z"}
{"level":"info","message":"⌛ Validating src/example.wlk","timeElapsed":139,"timestamp":"2026-05-13T22:57:38.657Z"}
{"level":"info","message":"⌛ Building environment","timeElapsed":201,"timestamp":"2026-05-13T22:57:38.971Z"}
{"level":"info","message":"⌛ Validating src/example.wlk","timeElapsed":243,"timestamp":"2026-05-13T22:57:39.221Z"}
{"level":"info","message":"⌛ Building environment","timeElapsed":103,"timestamp":"2026-05-13T22:57:39.369Z"}
{"level":"info","message":"⌛ Validating src/example.wlk","timeElapsed":144,"timestamp":"2026-05-13T22:57:39.519Z"}
{"level":"info","message":"⌛ Building environment","timeElapsed":131,"timestamp":"2026-05-13T22:57:44.001Z"}
{"level":"info","message":"⌛ Building environment","timeElapsed":110,"timestamp":"2026-05-13T22:57:44.175Z"}
{"level":"info","message":"⌛ Validating src/example.wlk","timeElapsed":150,"timestamp":"2026-05-13T22:57:44.339Z"}
{"level":"info","message":"⌛ Building environment","timeElapsed":105,"timestamp":"2026-05-13T22:57:44.445Z"}
{"level":"info","message":"⌛ Building environment","timeElapsed":142,"timestamp":"2026-05-13T22:57:44.589Z"}
{"level":"info","message":"⌛ Validating src/example.wlk","timeElapsed":160,"timestamp":"2026-05-13T22:57:44.750Z"}
{"level":"error","message":"✘ Failed to rebuild document Failed to parse src/example.wlk: \n-- PARSING FAILED --------------------------------------------------\n\nGot the end of the input\n\nExpected one of the following: \n\nidentifier, whitespace\n","stack":"Error: Failed to parse src/example.wlk: \n-- PARSING FAILED --------------------------------------------------\n\nGot the end of the input\n\nExpected one of the following: \n\nidentifier, whitespace\n\n    at c:\\Users\\estudiante\\.vscode\\extensions\\uqbar.wollok-lsp-ide-0.5.4\\out\\server\\src\\server.js:2353:13026\n    at Array.map (<anonymous>)\n    at U1n (c:\\Users\\estudiante\\.vscode\\extensions\\uqbar.wollok-lsp-ide-0.5.4\\out\\server\\src\\server.js:2353:12950)\n    at H2.buildEnvironmentFrom (c:\\Users\\estudiante\\.vscode\\extensions\\uqbar.wollok-lsp-ide-0.5.4\\out\\server\\src\\server.js:2398:5254)\n    at H2.updateEnvironmentWith (c:\\Users\\estudiante\\.vscode\\extensions\\uqbar.wollok-lsp-ide-0.5.4\\out\\server\\src\\server.js:2398:4989)\n    at GF (c:\\Users\\estudiante\\.vscode\\extensions\\uqbar.wollok-lsp-ide-0.5.4\\out\\server\\src\\server.js:2398:7383)\n    at V3.invoke (c:\\Users\\estudiante\\.vscode\\extensions\\uqbar.wollok-lsp-ide-0.5.4\\out\\server\\src\\server.js:3:157328)\n    at o.fire (c:\\Users\\estudiante\\.vscode\\extensions\\uqbar.wollok-lsp-ide-0.5.4\\out\\server\\src\\server.js:3:158098)\n    at c:\\Users\\estudiante\\.vscode\\extensions\\uqbar.wollok-lsp-ide-0.5.4\\out\\server\\src\\server.js:37:57871\n    at nd (c:\\Users\\estudiante\\.vscode\\extensions\\uqbar.wollok-lsp-ide-0.5.4\\out\\server\\src\\server.js:8:1561)","timestamp":"2026-05-13T22:57:44.758Z"}
{"level":"info","message":"⌛ Validating src/example.wlk","timeElapsed":175,"timestamp":"2026-05-13T22:57:44.934Z"}
{"level":"info","message":"⌛ Validating src/example.wlk","timeElapsed":156,"timestamp":"2026-05-13T22:57:45.096Z"}
{"level":"info","message":"⌛ Building environment","timeElapsed":110,"timestamp":"2026-05-13T22:57:45.211Z"}
{"level":"info","message":"⌛ Building environment","timeElapsed":101,"timestamp":"2026-05-13T22:57:45.316Z"}
{"level":"info","message":"⌛ Building environment","timeElapsed":142,"timestamp":"2026-05-13T22:57:45.465Z"}
{"level":"info","message":"⌛ Validating src/example.wlk","timeElapsed":191,"timestamp":"2026-05-13T22:57:45.764Z"}
{"level":"info","message":"⌛ Validating src/example.wlk","timeElapsed":259,"timestamp":"2026-05-13T22:57:46.027Z"}
{"level":"info","message":"⌛ Validating src/example.wlk","timeElapsed":116,"timestamp":"2026-05-13T22:57:46.155Z"}
{"level":"info","message":"⌛ Validating src/example.wlk","timeElapsed":102,"timestamp":"2026-05-13T22:57:46.259Z"}
{"level":"info","message":"⌛ Building environment","timeElapsed":101,"timestamp":"2026-05-13T22:57:46.362Z"}
{"level":"info","message":"⌛ Validating src/example.wlk","timeElapsed":197,"timestamp":"2026-05-13T22:57:46.574Z"}
{"level":"info","message":"⌛ Building environment","timeElapsed":250,"timestamp":"2026-05-13T22:57:47.470Z"}
{"level":"info","message":"⌛ Validating src/example.wlk","timeElapsed":204,"timestamp":"2026-05-13T22:57:47.678Z"}
{"level":"info","message":"⌛ Building environment","timeElapsed":134,"timestamp":"2026-05-13T22:57:48.896Z"}
{"level":"info","message":"⌛ Validating src/example.wlk","timeElapsed":132,"timestamp":"2026-05-13T22:57:49.030Z"}
{"level":"info","message":"⌛ Building environment","timeElapsed":296,"timestamp":"2026-05-13T22:59:19.218Z"}
{"level":"info","message":"⌛ Validating src/example.wlk","timeElapsed":134,"timestamp":"2026-05-13T22:59:19.373Z"}
{"level":"info","message":"⌛ Building environment","timeElapsed":207,"timestamp":"2026-05-13T22:59:22.228Z"}
{"level":"info","message":"⌛ Validating src/example.wlk","timeElapsed":155,"timestamp":"2026-05-13T22:59:22.384Z"}
{"level":"info","message":"⌛ Building environment","timeElapsed":320,"timestamp":"2026-05-13T22:59:22.914Z"}
{"level":"info","message":"⌛ Validating src/example.wlk","timeElapsed":137,"timestamp":"2026-05-13T22:59:23.078Z"}
{"level":"info","message":"⌛ Building environment","timeElapsed":215,"timestamp":"2026-05-13T22:59:23.665Z"}
{"level":"info","message":"⌛ Building environment","timeElapsed":114,"timestamp":"2026-05-13T22:59:23.825Z"}
{"level":"info","message":"⌛ Building environment","timeElapsed":176,"timestamp":"2026-05-13T22:59:24.015Z"}
{"level":"info","message":"⌛ Validating src/example.wlk","timeElapsed":109,"timestamp":"2026-05-13T22:59:24.164Z"}
{"level":"info","message":"⌛ Building environment","timeElapsed":107,"timestamp":"2026-05-13T22:59:24.287Z"}
{"level":"info","message":"⌛ Validating src/example.wlk","timeElapsed":160,"timestamp":"2026-05-13T22:59:24.449Z"}
{"level":"error","message":"✘ Failed to rebuild document Failed to parse src/example.wlk: \n-- PARSING FAILED --------------------------------------------------\n\nGot the end of the input\n\nExpected one of the following: \n\nidentifier, whitespace\n","stack":"Error: Failed to parse src/example.wlk: \n-- PARSING FAILED --------------------------------------------------\n\nGot the end of the input\n\nExpected one of the following: \n\nidentifier, whitespace\n\n    at c:\\Users\\estudiante\\.vscode\\extensions\\uqbar.wollok-lsp-ide-0.5.4\\out\\server\\src\\server.js:2353:13026\n    at Array.map (<anonymous>)\n    at U1n (c:\\Users\\estudiante\\.vscode\\extensions\\uqbar.wollok-lsp-ide-0.5.4\\out\\server\\src\\server.js:2353:12950)\n    at H2.buildEnvironmentFrom (c:\\Users\\estudiante\\.vscode\\extensions\\uqbar.wollok-lsp-ide-0.5.4\\out\\server\\src\\server.js:2398:5254)\n    at H2.updateEnvironmentWith (c:\\Users\\estudiante\\.vscode\\extensions\\uqbar.wollok-lsp-ide-0.5.4\\out\\server\\src\\server.js:2398:4989)\n    at GF (c:\\Users\\estudiante\\.vscode\\extensions\\uqbar.wollok-lsp-ide-0.5.4\\out\\server\\src\\server.js:2398:7383)\n    at V3.invoke (c:\\Users\\estudiante\\.vscode\\extensions\\uqbar.wollok-lsp-ide-0.5.4\\out\\server\\src\\server.js:3:157328)\n    at o.fire (c:\\Users\\estudiante\\.vscode\\extensions\\uqbar.wollok-lsp-ide-0.5.4\\out\\server\\src\\server.js:3:158098)\n    at c:\\Users\\estudiante\\.vscode\\extensions\\uqbar.wollok-lsp-ide-0.5.4\\out\\server\\src\\server.js:37:57871\n    at nd (c:\\Users\\estudiante\\.vscode\\extensions\\uqbar.wollok-lsp-ide-0.5.4\\out\\server\\src\\server.js:8:1561)","timestamp":"2026-05-13T22:59:24.543Z"}
{"level":"error","message":"✘ Failed to rebuild document Failed to parse src/example.wlk: \n-- PARSING FAILED --------------------------------------------------\n\nGot the end of the input\n\nExpected one of the following: \n\nidentifier, whitespace\n","stack":"Error: Failed to parse src/example.wlk: \n-- PARSING FAILED --------------------------------------------------\n\nGot the end of the input\n\nExpected one of the following: \n\nidentifier, whitespace\n\n    at c:\\Users\\estudiante\\.vscode\\extensions\\uqbar.wollok-lsp-ide-0.5.4\\out\\server\\src\\server.js:2353:13026\n    at Array.map (<anonymous>)\n    at U1n (c:\\Users\\estudiante\\.vscode\\extensions\\uqbar.wollok-lsp-ide-0.5.4\\out\\server\\src\\server.js:2353:12950)\n    at H2.buildEnvironmentFrom (c:\\Users\\estudiante\\.vscode\\extensions\\uqbar.wollok-lsp-ide-0.5.4\\out\\server\\src\\server.js:2398:5254)\n    at H2.updateEnvironmentWith (c:\\Users\\estudiante\\.vscode\\extensions\\uqbar.wollok-lsp-ide-0.5.4\\out\\server\\src\\server.js:2398:4989)\n    at GF (c:\\Users\\estudiante\\.vscode\\extensions\\uqbar.wollok-lsp-ide-0.5.4\\out\\server\\src\\server.js:2398:7383)\n    at V3.invoke (c:\\Users\\estudiante\\.vscode\\extensions\\uqbar.wollok-lsp-ide-0.5.4\\out\\server\\src\\server.js:3:157328)\n    at o.fire (c:\\Users\\estudiante\\.vscode\\extensions\\uqbar.wollok-lsp-ide-0.5.4\\out\\server\\src\\server.js:3:158098)\n    at c:\\Users\\estudiante\\.vscode\\extensions\\uqbar.wollok-lsp-ide-0.5.4\\out\\server\\src\\server.js:37:57871\n    at nd (c:\\Users\\estudiante\\.vscode\\extensions\\uqbar.wollok-lsp-ide-0.5.4\\out\\server\\src\\server.js:8:1561)","timestamp":"2026-05-13T22:59:24.555Z"}
{"level":"info","message":"⌛ Validating src/example.wlk","timeElapsed":293,"timestamp":"2026-05-13T22:59:24.849Z"}
{"level":"info","message":"⌛ Validating src/example.wlk","timeElapsed":150,"timestamp":"2026-05-13T22:59:25.024Z"}
{"level":"error","message":"✘ Failed to rebuild document Failed to parse src/example.wlk: \n-- PARSING FAILED --------------------------------------------------\n\nGot the end of the input\n\nExpected one of the following: \n\n'inherits', '{', whitespace\n","stack":"Error: Failed to parse src/example.wlk: \n-- PARSING FAILED --------------------------------------------------\n\nGot the end of the input\n\nExpected one of the following: \n\n'inherits', '{', whitespace\n\n    at c:\\Users\\estudiante\\.vscode\\extensions\\uqbar.wollok-lsp-ide-0.5.4\\out\\server\\src\\server.js:2353:13026\n    at Array.map (<anonymous>)\n    at U1n (c:\\Users\\estudiante\\.vscode\\extensions\\uqbar.wollok-lsp-ide-0.5.4\\out\\server\\src\\server.js:2353:12950)\n    at H2.buildEnvironmentFrom (c:\\Users\\estudiante\\.vscode\\extensions\\uqbar.wollok-lsp-ide-0.5.4\\out\\server\\src\\server.js:2398:5254)\n    at H2.updateEnvironmentWith (c:\\Users\\estudiante\\.vscode\\extensions\\uqbar.wollok-lsp-ide-0.5.4\\out\\server\\src\\server.js:2398:4989)\n    at GF (c:\\Users\\estudiante\\.vscode\\extensions\\uqbar.wollok-lsp-ide-0.5.4\\out\\server\\src\\server.js:2398:7383)\n    at V3.invoke (c:\\Users\\estudiante\\.vscode\\extensions\\uqbar.wollok-lsp-ide-0.5.4\\out\\server\\src\\server.js:3:157328)\n    at o.fire (c:\\Users\\estudiante\\.vscode\\extensions\\uqbar.wollok-lsp-ide-0.5.4\\out\\server\\src\\server.js:3:158098)\n    at c:\\Users\\estudiante\\.vscode\\extensions\\uqbar.wollok-lsp-ide-0.5.4\\out\\server\\src\\server.js:37:57871\n    at nd (c:\\Users\\estudiante\\.vscode\\extensions\\uqbar.wollok-lsp-ide-0.5.4\\out\\server\\src\\server.js:8:1561)","timestamp":"2026-05-13T22:59:25.032Z"}
{"level":"error","message":"✘ Failed to rebuild document Failed to parse src/example.wlk: \n-- PARSING FAILED --------------------------------------------------\n\nGot the end of the input\n\nExpected one of the following: \n\n'inherits', '{', whitespace\n","stack":"Error: Failed to parse src/example.wlk: \n-- PARSING FAILED --------------------------------------------------\n\nGot the end of the input\n\nExpected one of the following: \n\n'inherits', '{', whitespace\n\n    at c:\\Users\\estudiante\\.vscode\\extensions\\uqbar.wollok-lsp-ide-0.5.4\\out\\server\\src\\server.js:2353:13026\n    at Array.map (<anonymous>)\n    at U1n (c:\\Users\\estudiante\\.vscode\\extensions\\uqbar.wollok-lsp-ide-0.5.4\\out\\server\\src\\server.js:2353:12950)\n    at H2.buildEnvironmentFrom (c:\\Users\\estudiante\\.vscode\\extensions\\uqbar.wollok-lsp-ide-0.5.4\\out\\server\\src\\server.js:2398:5254)\n    at H2.updateEnvironmentWith (c:\\Users\\estudiante\\.vscode\\extensions\\uqbar.wollok-lsp-ide-0.5.4\\out\\server\\src\\server.js:2398:4989)\n    at GF (c:\\Users\\estudiante\\.vscode\\extensions\\uqbar.wollok-lsp-ide-0.5.4\\out\\server\\src\\server.js:2398:7383)\n    at V3.invoke (c:\\Users\\estudiante\\.vscode\\extensions\\uqbar.wollok-lsp-ide-0.5.4\\out\\server\\src\\server.js:3:157328)\n    at o.fire (c:\\Users\\estudiante\\.vscode\\extensions\\uqbar.wollok-lsp-ide-0.5.4\\out\\server\\src\\server.js:3:158098)\n    at c:\\Users\\estudiante\\.vscode\\extensions\\uqbar.wollok-lsp-ide-0.5.4\\out\\server\\src\\server.js:37:57871\n    at nd (c:\\Users\\estudiante\\.vscode\\extensions\\uqbar.wollok-lsp-ide-0.5.4\\out\\server\\src\\server.js:8:1561)","timestamp":"2026-05-13T22:59:25.099Z"}
{"level":"error","message":"✘ Failed to rebuild document Failed to parse src/example.wlk: \n-- PARSING FAILED --------------------------------------------------\n\nGot the end of the input\n\nExpected one of the following: \n\n'inherits', '{', whitespace\n","stack":"Error: Failed to parse src/example.wlk: \n-- PARSING FAILED --------------------------------------------------\n\nGot the end of the input\n\nExpected one of the following: \n\n'inherits', '{', whitespace\n\n    at c:\\Users\\estudiante\\.vscode\\extensions\\uqbar.wollok-lsp-ide-0.5.4\\out\\server\\src\\server.js:2353:13026\n    at Array.map (<anonymous>)\n    at U1n (c:\\Users\\estudiante\\.vscode\\extensions\\uqbar.wollok-lsp-ide-0.5.4\\out\\server\\src\\server.js:2353:12950)\n    at H2.buildEnvironmentFrom (c:\\Users\\estudiante\\.vscode\\extensions\\uqbar.wollok-lsp-ide-0.5.4\\out\\server\\src\\server.js:2398:5254)\n    at H2.updateEnvironmentWith (c:\\Users\\estudiante\\.vscode\\extensions\\uqbar.wollok-lsp-ide-0.5.4\\out\\server\\src\\server.js:2398:4989)\n    at GF (c:\\Users\\estudiante\\.vscode\\extensions\\uqbar.wollok-lsp-ide-0.5.4\\out\\server\\src\\server.js:2398:7383)\n    at V3.invoke (c:\\Users\\estudiante\\.vscode\\extensions\\uqbar.wollok-lsp-ide-0.5.4\\out\\server\\src\\server.js:3:157328)\n    at o.fire (c:\\Users\\estudiante\\.vscode\\extensions\\uqbar.wollok-lsp-ide-0.5.4\\out\\server\\src\\server.js:3:158098)\n    at c:\\Users\\estudiante\\.vscode\\extensions\\uqbar.wollok-lsp-ide-0.5.4\\out\\server\\src\\server.js:37:57871\n    at nd (c:\\Users\\estudiante\\.vscode\\extensions\\uqbar.wollok-lsp-ide-0.5.4\\out\\server\\src\\server.js:8:1561)","timestamp":"2026-05-13T22:59:25.129Z"}
{"level":"error","message":"✘ Failed to rebuild document Failed to parse src/example.wlk: \n-- PARSING FAILED --------------------------------------------------\n\nGot the end of the input\n\nExpected one of the following: \n\n'inherits', '{', whitespace\n","stack":"Error: Failed to parse src/example.wlk: \n-- PARSING FAILED --------------------------------------------------\n\nGot the end of the input\n\nExpected one of the following: \n\n'inherits', '{', whitespace\n\n    at c:\\Users\\estudiante\\.vscode\\extensions\\uqbar.wollok-lsp-ide-0.5.4\\out\\server\\src\\server.js:2353:13026\n    at Array.map (<anonymous>)\n    at U1n (c:\\Users\\estudiante\\.vscode\\extensions\\uqbar.wollok-lsp-ide-0.5.4\\out\\server\\src\\server.js:2353:12950)\n    at H2.buildEnvironmentFrom (c:\\Users\\estudiante\\.vscode\\extensions\\uqbar.wollok-lsp-ide-0.5.4\\out\\server\\src\\server.js:2398:5254)\n    at H2.updateEnvironmentWith (c:\\Users\\estudiante\\.vscode\\extensions\\uqbar.wollok-lsp-ide-0.5.4\\out\\server\\src\\server.js:2398:4989)\n    at GF (c:\\Users\\estudiante\\.vscode\\extensions\\uqbar.wollok-lsp-ide-0.5.4\\out\\server\\src\\server.js:2398:7383)\n    at V3.invoke (c:\\Users\\estudiante\\.vscode\\extensions\\uqbar.wollok-lsp-ide-0.5.4\\out\\server\\src\\server.js:3:157328)\n    at o.fire (c:\\Users\\estudiante\\.vscode\\extensions\\uqbar.wollok-lsp-ide-0.5.4\\out\\server\\src\\server.js:3:158098)\n    at c:\\Users\\estudiante\\.vscode\\extensions\\uqbar.wollok-lsp-ide-0.5.4\\out\\server\\src\\server.js:37:57871\n    at nd (c:\\Users\\estudiante\\.vscode\\extensions\\uqbar.wollok-lsp-ide-0.5.4\\out\\server\\src\\server.js:8:1561)","timestamp":"2026-05-13T22:59:25.206Z"}
{"level":"error","message":"✘ Failed to rebuild document Failed to parse src/example.wlk: \n-- PARSING FAILED --------------------------------------------------\n\nGot the end of the input\n\nExpected one of the following: \n\n'inherits', '{', whitespace\n","stack":"Error: Failed to parse src/example.wlk: \n-- PARSING FAILED --------------------------------------------------\n\nGot the end of the input\n\nExpected one of the following: \n\n'inherits', '{', whitespace\n\n    at c:\\Users\\estudiante\\.vscode\\extensions\\uqbar.wollok-lsp-ide-0.5.4\\out\\server\\src\\server.js:2353:13026\n    at Array.map (<anonymous>)\n    at U1n (c:\\Users\\estudiante\\.vscode\\extensions\\uqbar.wollok-lsp-ide-0.5.4\\out\\server\\src\\server.js:2353:12950)\n    at H2.buildEnvironmentFrom (c:\\Users\\estudiante\\.vscode\\extensions\\uqbar.wollok-lsp-ide-0.5.4\\out\\server\\src\\server.js:2398:5254)\n    at H2.updateEnvironmentWith (c:\\Users\\estudiante\\.vscode\\extensions\\uqbar.wollok-lsp-ide-0.5.4\\out\\server\\src\\server.js:2398:4989)\n    at GF (c:\\Users\\estudiante\\.vscode\\extensions\\uqbar.wollok-lsp-ide-0.5.4\\out\\server\\src\\server.js:2398:7383)\n    at V3.invoke (c:\\Users\\estudiante\\.vscode\\extensions\\uqbar.wollok-lsp-ide-0.5.4\\out\\server\\src\\server.js:3:157328)\n    at o.fire (c:\\Users\\estudiante\\.vscode\\extensions\\uqbar.wollok-lsp-ide-0.5.4\\out\\server\\src\\server.js:3:158098)\n    at c:\\Users\\estudiante\\.vscode\\extensions\\uqbar.wollok-lsp-ide-0.5.4\\out\\server\\src\\server.js:37:57871\n    at nd (c:\\Users\\estudiante\\.vscode\\extensions\\uqbar.wollok-lsp-ide-0.5.4\\out\\server\\src\\server.js:8:1561)","timestamp":"2026-05-13T22:59:25.317Z"}
{"level":"error","message":"✘ Failed to rebuild document Failed to parse src/example.wlk: \n-- PARSING FAILED --------------------------------------------------\n\nGot the end of the input\n\nExpected one of the following: \n\n'inherits', '{', whitespace\n","stack":"Error: Failed to parse src/example.wlk: \n-- PARSING FAILED --------------------------------------------------\n\nGot the end of the input\n\nExpected one of the following: \n\n'inherits', '{', whitespace\n\n    at c:\\Users\\estudiante\\.vscode\\extensions\\uqbar.wollok-lsp-ide-0.5.4\\out\\server\\src\\server.js:2353:13026\n    at Array.map (<anonymous>)\n    at U1n (c:\\Users\\estudiante\\.vscode\\extensions\\uqbar.wollok-lsp-ide-0.5.4\\out\\server\\src\\server.js:2353:12950)\n    at H2.buildEnvironmentFrom (c:\\Users\\estudiante\\.vscode\\extensions\\uqbar.wollok-lsp-ide-0.5.4\\out\\server\\src\\server.js:2398:5254)\n    at H2.updateEnvironmentWith (c:\\Users\\estudiante\\.vscode\\extensions\\uqbar.wollok-lsp-ide-0.5.4\\out\\server\\src\\server.js:2398:4989)\n    at GF (c:\\Users\\estudiante\\.vscode\\extensions\\uqbar.wollok-lsp-ide-0.5.4\\out\\server\\src\\server.js:2398:7383)\n    at V3.invoke (c:\\Users\\estudiante\\.vscode\\extensions\\uqbar.wollok-lsp-ide-0.5.4\\out\\server\\src\\server.js:3:157328)\n    at o.fire (c:\\Users\\estudiante\\.vscode\\extensions\\uqbar.wollok-lsp-ide-0.5.4\\out\\server\\src\\server.js:3:158098)\n    at c:\\Users\\estudiante\\.vscode\\extensions\\uqbar.wollok-lsp-ide-0.5.4\\out\\server\\src\\server.js:37:57871\n    at nd (c:\\Users\\estudiante\\.vscode\\extensions\\uqbar.wollok-lsp-ide-0.5.4\\out\\server\\src\\server.js:8:1561)","timestamp":"2026-05-13T22:59:25.372Z"}
{"level":"error","message":"✘ Failed to rebuild document Failed to parse src/example.wlk: \n-- PARSING FAILED --------------------------------------------------\n\nGot the end of the input\n\nExpected one of the following: \n\n'inherits', '{', whitespace\n","stack":"Error: Failed to parse src/example.wlk: \n-- PARSING FAILED --------------------------------------------------\n\nGot the end of the input\n\nExpected one of the following: \n\n'inherits', '{', whitespace\n\n    at c:\\Users\\estudiante\\.vscode\\extensions\\uqbar.wollok-lsp-ide-0.5.4\\out\\server\\src\\server.js:2353:13026\n    at Array.map (<anonymous>)\n    at U1n (c:\\Users\\estudiante\\.vscode\\extensions\\uqbar.wollok-lsp-ide-0.5.4\\out\\server\\src\\server.js:2353:12950)\n    at H2.buildEnvironmentFrom (c:\\Users\\estudiante\\.vscode\\extensions\\uqbar.wollok-lsp-ide-0.5.4\\out\\server\\src\\server.js:2398:5254)\n    at H2.updateEnvironmentWith (c:\\Users\\estudiante\\.vscode\\extensions\\uqbar.wollok-lsp-ide-0.5.4\\out\\server\\src\\server.js:2398:4989)\n    at GF (c:\\Users\\estudiante\\.vscode\\extensions\\uqbar.wollok-lsp-ide-0.5.4\\out\\server\\src\\server.js:2398:7383)\n    at V3.invoke (c:\\Users\\estudiante\\.vscode\\extensions\\uqbar.wollok-lsp-ide-0.5.4\\out\\server\\src\\server.js:3:157328)\n    at o.fire (c:\\Users\\estudiante\\.vscode\\extensions\\uqbar.wollok-lsp-ide-0.5.4\\out\\server\\src\\server.js:3:158098)\n    at c:\\Users\\estudiante\\.vscode\\extensions\\uqbar.wollok-lsp-ide-0.5.4\\out\\server\\src\\server.js:37:57871\n    at nd (c:\\Users\\estudiante\\.vscode\\extensions\\uqbar.wollok-lsp-ide-0.5.4\\out\\server\\src\\server.js:8:1561)","timestamp":"2026-05-13T22:59:25.477Z"}
{"level":"error","message":"✘ Failed to rebuild document Failed to parse src/example.wlk: \n-- PARSING FAILED --------------------------------------------------\n\nGot the end of the input\n\nExpected one of the following: \n\n'inherits', '{', whitespace\n","stack":"Error: Failed to parse src/example.wlk: \n-- PARSING FAILED --------------------------------------------------\n\nGot the end of the input\n\nExpected one of the following: \n\n'inherits', '{', whitespace\n\n    at c:\\Users\\estudiante\\.vscode\\extensions\\uqbar.wollok-lsp-ide-0.5.4\\out\\server\\src\\server.js:2353:13026\n    at Array.map (<anonymous>)\n    at U1n (c:\\Users\\estudiante\\.vscode\\extensions\\uqbar.wollok-lsp-ide-0.5.4\\out\\server\\src\\server.js:2353:12950)\n    at H2.buildEnvironmentFrom (c:\\Users\\estudiante\\.vscode\\extensions\\uqbar.wollok-lsp-ide-0.5.4\\out\\server\\src\\server.js:2398:5254)\n    at H2.updateEnvironmentWith (c:\\Users\\estudiante\\.vscode\\extensions\\uqbar.wollok-lsp-ide-0.5.4\\out\\server\\src\\server.js:2398:4989)\n    at GF (c:\\Users\\estudiante\\.vscode\\extensions\\uqbar.wollok-lsp-ide-0.5.4\\out\\server\\src\\server.js:2398:7383)\n    at V3.invoke (c:\\Users\\estudiante\\.vscode\\extensions\\uqbar.wollok-lsp-ide-0.5.4\\out\\server\\src\\server.js:3:157328)\n    at o.fire (c:\\Users\\estudiante\\.vscode\\extensions\\uqbar.wollok-lsp-ide-0.5.4\\out\\server\\src\\server.js:3:158098)\n    at c:\\Users\\estudiante\\.vscode\\extensions\\uqbar.wollok-lsp-ide-0.5.4\\out\\server\\src\\server.js:37:57871\n    at nd (c:\\Users\\estudiante\\.vscode\\extensions\\uqbar.wollok-lsp-ide-0.5.4\\out\\server\\src\\server.js:8:1561)","timestamp":"2026-05-13T22:59:25.623Z"}
{"level":"error","message":"✘ Failed to rebuild document Failed to parse src/example.wlk: \n-- PARSING FAILED --------------------------------------------------\n\nGot the end of the input\n\nExpected one of the following: \n\n'inherits', '{', whitespace\n","stack":"Error: Failed to parse src/example.wlk: \n-- PARSING FAILED --------------------------------------------------\n\nGot the end of the input\n\nExpected one of the following: \n\n'inherits', '{', whitespace\n\n    at c:\\Users\\estudiante\\.vscode\\extensions\\uqbar.wollok-lsp-ide-0.5.4\\out\\server\\src\\server.js:2353:13026\n    at Array.map (<anonymous>)\n    at U1n (c:\\Users\\estudiante\\.vscode\\extensions\\uqbar.wollok-lsp-ide-0.5.4\\out\\server\\src\\server.js:2353:12950)\n    at H2.buildEnvironmentFrom (c:\\Users\\estudiante\\.vscode\\extensions\\uqbar.wollok-lsp-ide-0.5.4\\out\\server\\src\\server.js:2398:5254)\n    at H2.updateEnvironmentWith (c:\\Users\\estudiante\\.vscode\\extensions\\uqbar.wollok-lsp-ide-0.5.4\\out\\server\\src\\server.js:2398:4989)\n    at GF (c:\\Users\\estudiante\\.vscode\\extensions\\uqbar.wollok-lsp-ide-0.5.4\\out\\server\\src\\server.js:2398:7383)\n    at V3.invoke (c:\\Users\\estudiante\\.vscode\\extensions\\uqbar.wollok-lsp-ide-0.5.4\\out\\server\\src\\server.js:3:157328)\n    at o.fire (c:\\Users\\estudiante\\.vscode\\extensions\\uqbar.wollok-lsp-ide-0.5.4\\out\\server\\src\\server.js:3:158098)\n    at c:\\Users\\estudiante\\.vscode\\extensions\\uqbar.wollok-lsp-ide-0.5.4\\out\\server\\src\\server.js:37:57871\n    at nd (c:\\Users\\estudiante\\.vscode\\extensions\\uqbar.wollok-lsp-ide-0.5.4\\out\\server\\src\\server.js:8:1561)","timestamp":"2026-05-13T22:59:26.367Z"}
{"level":"info","message":"⌛ Building environment","timeElapsed":241,"timestamp":"2026-05-13T22:59:28.320Z"}
{"level":"info","message":"⌛ Validating src/example.wlk","timeElapsed":184,"timestamp":"2026-05-13T22:59:28.613Z"}
{"level":"info","message":"⌛ Validating src/example.wlk","timeElapsed":177,"timestamp":"2026-05-13T22:59:28.793Z"}
{"level":"info","message":"⌛ Building environment","timeElapsed":226,"timestamp":"2026-05-13T22:59:31.125Z"}
{"level":"info","message":"⌛ Building environment","timeElapsed":158,"timestamp":"2026-05-13T22:59:31.418Z"}
{"level":"info","message":"⌛ Validating src/example.wlk","timeElapsed":371,"timestamp":"2026-05-13T22:59:31.789Z"}
{"level":"info","message":"⌛ Validating src/example.wlk","timeElapsed":214,"timestamp":"2026-05-13T22:59:32.004Z"}
{"level":"info","message":"⌛ Building environment","timeElapsed":102,"timestamp":"2026-05-13T22:59:32.106Z"}
{"level":"info","message":"⌛ Building environment","timeElapsed":199,"timestamp":"2026-05-13T22:59:32.311Z"}
{"level":"info","message":"⌛ Building environment","timeElapsed":118,"timestamp":"2026-05-13T22:59:32.434Z"}
{"level":"info","message":"⌛ Validating src/example.wlk","timeElapsed":142,"timestamp":"2026-05-13T22:59:32.576Z"}
{"level":"info","message":"⌛ Building environment","timeElapsed":105,"timestamp":"2026-05-13T22:59:32.820Z"}
{"level":"info","message":"⌛ Building environment","timeElapsed":211,"timestamp":"2026-05-13T22:59:33.124Z"}
{"level":"info","message":"⌛ Building environment","timeElapsed":282,"timestamp":"2026-05-13T22:59:33.499Z"}
{"level":"info","message":"⌛ Validating src/example.wlk","timeElapsed":211,"timestamp":"2026-05-13T22:59:33.793Z"}
{"level":"info","message":"⌛ Building environment","timeElapsed":208,"timestamp":"2026-05-13T22:59:34.011Z"}
{"level":"info","message":"⌛ Validating src/example.wlk","timeElapsed":251,"timestamp":"2026-05-13T22:59:34.333Z"}
{"level":"info","message":"⌛ Validating src/example.wlk","timeElapsed":272,"timestamp":"2026-05-13T22:59:34.610Z"}
{"level":"info","message":"⌛ Building environment","timeElapsed":120,"timestamp":"2026-05-13T22:59:34.734Z"}
{"level":"info","message":"⌛ Validating src/example.wlk","timeElapsed":136,"timestamp":"2026-05-13T22:59:34.871Z"}
{"level":"info","message":"⌛ Validating src/example.wlk","timeElapsed":285,"timestamp":"2026-05-13T22:59:35.167Z"}
{"level":"info","message":"⌛ Validating src/example.wlk","timeElapsed":117,"timestamp":"2026-05-13T22:59:35.284Z"}
{"level":"info","message":"⌛ Validating src/example.wlk","timeElapsed":152,"timestamp":"2026-05-13T22:59:35.436Z"}
{"level":"info","message":"⌛ Validating src/example.wlk","timeElapsed":237,"timestamp":"2026-05-13T22:59:35.890Z"}
{"level":"info","message":"⌛ Building environment","timeElapsed":130,"timestamp":"2026-05-13T22:59:36.023Z"}
{"level":"info","message":"⌛ Building environment","timeElapsed":211,"timestamp":"2026-05-13T22:59:36.358Z"}
{"level":"info","message":"⌛ Building environment","timeElapsed":173,"timestamp":"2026-05-13T22:59:36.599Z"}
{"level":"info","message":"⌛ Building environment","timeElapsed":108,"timestamp":"2026-05-13T22:59:36.708Z"}
{"level":"error","message":"✘ Failed to rebuild document Failed to parse src/example.wlk: \n-- PARSING FAILED --------------------------------------------------\n\n  32 | \tclass Materia{\n  33 | \t\tconst\n> 34 | \t}\n     |  ^\n\nExpected one of the following: \n\n'property', identifier, whitespace\n","stack":"Error: Failed to parse src/example.wlk: \n-- PARSING FAILED --------------------------------------------------\n\n  32 | \tclass Materia{\n  33 | \t\tconst\n> 34 | \t}\n     |  ^\n\nExpected one of the following: \n\n'property', identifier, whitespace\n\n    at c:\\Users\\estudiante\\.vscode\\extensions\\uqbar.wollok-lsp-ide-0.5.4\\out\\server\\src\\server.js:2353:13026\n    at Array.map (<anonymous>)\n    at U1n (c:\\Users\\estudiante\\.vscode\\extensions\\uqbar.wollok-lsp-ide-0.5.4\\out\\server\\src\\server.js:2353:12950)\n    at H2.buildEnvironmentFrom (c:\\Users\\estudiante\\.vscode\\extensions\\uqbar.wollok-lsp-ide-0.5.4\\out\\server\\src\\server.js:2398:5254)\n    at H2.updateEnvironmentWith (c:\\Users\\estudiante\\.vscode\\extensions\\uqbar.wollok-lsp-ide-0.5.4\\out\\server\\src\\server.js:2398:4989)\n    at GF (c:\\Users\\estudiante\\.vscode\\extensions\\uqbar.wollok-lsp-ide-0.5.4\\out\\server\\src\\server.js:2398:7383)\n    at V3.invoke (c:\\Users\\estudiante\\.vscode\\extensions\\uqbar.wollok-lsp-ide-0.5.4\\out\\server\\src\\server.js:3:157328)\n    at o.fire (c:\\Users\\estudiante\\.vscode\\extensions\\uqbar.wollok-lsp-ide-0.5.4\\out\\server\\src\\server.js:3:158098)\n    at c:\\Users\\estudiante\\.vscode\\extensions\\uqbar.wollok-lsp-ide-0.5.4\\out\\server\\src\\server.js:37:57871\n    at nd (c:\\Users\\estudiante\\.vscode\\extensions\\uqbar.wollok-lsp-ide-0.5.4\\out\\server\\src\\server.js:8:1561)","timestamp":"2026-05-13T22:59:36.797Z"}
{"level":"info","message":"⌛ Validating src/example.wlk","timeElapsed":202,"timestamp":"2026-05-13T22:59:36.999Z"}
{"level":"error","message":"✘ Failed to rebuild document Failed to parse src/example.wlk: \n-- PARSING FAILED --------------------------------------------------\n\n  32 | \tclass Materia{\n  33 | \t\tconst \n> 34 | \t}\n     |  ^\n\nExpected one of the following: \n\n'property', identifier, whitespace\n","stack":"Error: Failed to parse src/example.wlk: \n-- PARSING FAILED --------------------------------------------------\n\n  32 | \tclass Materia{\n  33 | \t\tconst \n> 34 | \t}\n     |  ^\n\nExpected one of the following: \n\n'property', identifier, whitespace\n\n    at c:\\Users\\estudiante\\.vscode\\extensions\\uqbar.wollok-lsp-ide-0.5.4\\out\\server\\src\\server.js:2353:13026\n    at Array.map (<anonymous>)\n    at U1n (c:\\Users\\estudiante\\.vscode\\extensions\\uqbar.wollok-lsp-ide-0.5.4\\out\\server\\src\\server.js:2353:12950)\n    at H2.buildEnvironmentFrom (c:\\Users\\estudiante\\.vscode\\extensions\\uqbar.wollok-lsp-ide-0.5.4\\out\\server\\src\\server.js:2398:5254)\n    at H2.updateEnvironmentWith (c:\\Users\\estudiante\\.vscode\\extensions\\uqbar.wollok-lsp-ide-0.5.4\\out\\server\\src\\server.js:2398:4989)\n    at GF (c:\\Users\\estudiante\\.vscode\\extensions\\uqbar.wollok-lsp-ide-0.5.4\\out\\server\\src\\server.js:2398:7383)\n    at V3.invoke (c:\\Users\\estudiante\\.vscode\\extensions\\uqbar.wollok-lsp-ide-0.5.4\\out\\server\\src\\server.js:3:157328)\n    at o.fire (c:\\Users\\estudiante\\.vscode\\extensions\\uqbar.wollok-lsp-ide-0.5.4\\out\\server\\src\\server.js:3:158098)\n    at c:\\Users\\estudiante\\.vscode\\extensions\\uqbar.wollok-lsp-ide-0.5.4\\out\\server\\src\\server.js:37:57871\n    at nd (c:\\Users\\estudiante\\.vscode\\extensions\\uqbar.wollok-lsp-ide-0.5.4\\out\\server\\src\\server.js:8:1561)","timestamp":"2026-05-13T22:59:37.052Z"}
{"level":"info","message":"⌛ Building environment","timeElapsed":178,"timestamp":"2026-05-13T22:59:37.383Z"}
{"level":"info","message":"⌛ Building environment","timeElapsed":163,"timestamp":"2026-05-13T22:59:37.547Z"}
{"level":"info","message":"⌛ Building environment","timeElapsed":145,"timestamp":"2026-05-13T22:59:37.694Z"}
{"level":"info","message":"⌛ Validating src/example.wlk","timeElapsed":165,"timestamp":"2026-05-13T22:59:37.883Z"}
{"level":"info","message":"⌛ Validating src/example.wlk","timeElapsed":188,"timestamp":"2026-05-13T22:59:38.074Z"}
{"level":"info","message":"⌛ Building environment","timeElapsed":148,"timestamp":"2026-05-13T22:59:38.244Z"}
{"level":"info","message":"⌛ Validating src/example.wlk","timeElapsed":218,"timestamp":"2026-05-13T22:59:38.641Z"}
{"level":"info","message":"⌛ Validating src/example.wlk","timeElapsed":212,"timestamp":"2026-05-13T22:59:38.875Z"}
{"level":"info","message":"⌛ Validating src/example.wlk","timeElapsed":162,"timestamp":"2026-05-13T22:59:39.134Z"}
{"level":"info","message":"⌛ Validating src/example.wlk","timeElapsed":143,"timestamp":"2026-05-13T22:59:39.293Z"}
{"level":"info","message":"⌛ Validating src/example.wlk","timeElapsed":126,"timestamp":"2026-05-13T22:59:39.530Z"}
{"level":"info","message":"⌛ Validating src/example.wlk","timeElapsed":260,"timestamp":"2026-05-13T22:59:39.795Z"}
{"level":"info","message":"⌛ Building environment","timeElapsed":391,"timestamp":"2026-05-13T22:59:40.219Z"}
{"level":"info","message":"⌛ Building environment","timeElapsed":181,"timestamp":"2026-05-13T22:59:40.449Z"}
{"level":"info","message":"⌛ Building environment","timeElapsed":124,"timestamp":"2026-05-13T22:59:40.574Z"}
{"level":"info","message":"⌛ Validating src/example.wlk","timeElapsed":266,"timestamp":"2026-05-13T22:59:40.856Z"}
{"level":"info","message":"⌛ Building environment","timeElapsed":182,"timestamp":"2026-05-13T22:59:41.084Z"}
{"level":"info","message":"⌛ Validating src/example.wlk","timeElapsed":167,"timestamp":"2026-05-13T22:59:41.252Z"}
{"level":"info","message":"⌛ Building environment","timeElapsed":116,"timestamp":"2026-05-13T22:59:41.369Z"}
{"level":"info","message":"⌛ Building environment","timeElapsed":239,"timestamp":"2026-05-13T22:59:41.611Z"}
{"level":"info","message":"⌛ Validating src/example.wlk","timeElapsed":163,"timestamp":"2026-05-13T22:59:41.777Z"}
{"level":"info","message":"⌛ Validating src/example.wlk","timeElapsed":194,"timestamp":"2026-05-13T22:59:42.094Z"}
{"level":"info","message":"⌛ Validating src/example.wlk","timeElapsed":182,"timestamp":"2026-05-13T22:59:42.281Z"}
{"level":"info","message":"⌛ Validating src/example.wlk","timeElapsed":161,"timestamp":"2026-05-13T22:59:42.444Z"}
{"level":"info","message":"⌛ Validating src/example.wlk","timeElapsed":194,"timestamp":"2026-05-13T22:59:42.641Z"}
{"level":"info","message":"⌛ Validating src/example.wlk","timeElapsed":133,"timestamp":"2026-05-13T22:59:42.780Z"}
{"level":"info","message":"⌛ Building environment","timeElapsed":150,"timestamp":"2026-05-13T22:59:42.934Z"}
{"level":"info","message":"⌛ Building environment","timeElapsed":183,"timestamp":"2026-05-13T22:59:43.129Z"}
{"level":"info","message":"⌛ Validating src/example.wlk","timeElapsed":141,"timestamp":"2026-05-13T22:59:43.275Z"}
{"level":"info","message":"⌛ Building environment","timeElapsed":154,"timestamp":"2026-05-13T22:59:43.430Z"}
{"level":"info","message":"⌛ Building environment","timeElapsed":230,"timestamp":"2026-05-13T22:59:43.666Z"}
{"level":"info","message":"⌛ Validating src/example.wlk","timeElapsed":146,"timestamp":"2026-05-13T22:59:43.864Z"}
{"level":"info","message":"⌛ Building environment","timeElapsed":223,"timestamp":"2026-05-13T22:59:44.088Z"}
{"level":"info","message":"⌛ Validating src/example.wlk","timeElapsed":166,"timestamp":"2026-05-13T22:59:44.261Z"}
{"level":"info","message":"⌛ Building environment","timeElapsed":222,"timestamp":"2026-05-13T22:59:44.556Z"}
{"level":"error","message":"✘ Failed to rebuild document Failed to parse src/example.wlk: \n-- PARSING FAILED --------------------------------------------------\n\n  34 | \n  35 | \t\tmethod\n> 36 | \t}\n     |  ^\n\nExpected one of the following: \n\n'!=', '!==', '%', '&&', '*', '**', '+', '-', '->', '..', '..<', '/', '<', '<<', '<<<', '<=', '<=>', '<>', '==', '===', '>', '>..', '>=', '>>', '>>>', '?:', 'and', 'invert', 'negate', 'or', 'plus', '||', identifier, whitespace\n","stack":"Error: Failed to parse src/example.wlk: \n-- PARSING FAILED --------------------------------------------------\n\n  34 | \n  35 | \t\tmethod\n> 36 | \t}\n     |  ^\n\nExpected one of the following: \n\n'!=', '!==', '%', '&&', '*', '**', '+', '-', '->', '..', '..<', '/', '<', '<<', '<<<', '<=', '<=>', '<>', '==', '===', '>', '>..', '>=', '>>', '>>>', '?:', 'and', 'invert', 'negate', 'or', 'plus', '||', identifier, whitespace\n\n    at c:\\Users\\estudiante\\.vscode\\extensions\\uqbar.wollok-lsp-ide-0.5.4\\out\\server\\src\\server.js:2353:13026\n    at Array.map (<anonymous>)\n    at U1n (c:\\Users\\estudiante\\.vscode\\extensions\\uqbar.wollok-lsp-ide-0.5.4\\out\\server\\src\\server.js:2353:12950)\n    at H2.buildEnvironmentFrom (c:\\Users\\estudiante\\.vscode\\extensions\\uqbar.wollok-lsp-ide-0.5.4\\out\\server\\src\\server.js:2398:5254)\n    at H2.updateEnvironmentWith (c:\\Users\\estudiante\\.vscode\\extensions\\uqbar.wollok-lsp-ide-0.5.4\\out\\server\\src\\server.js:2398:4989)\n    at GF (c:\\Users\\estudiante\\.vscode\\extensions\\uqbar.wollok-lsp-ide-0.5.4\\out\\server\\src\\server.js:2398:7383)\n    at V3.invoke (c:\\Users\\estudiante\\.vscode\\extensions\\uqbar.wollok-lsp-ide-0.5.4\\out\\server\\src\\server.js:3:157328)\n    at o.fire (c:\\Users\\estudiante\\.vscode\\extensions\\uqbar.wollok-lsp-ide-0.5.4\\out\\server\\src\\server.js:3:158098)\n    at c:\\Users\\estudiante\\.vscode\\extensions\\uqbar.wollok-lsp-ide-0.5.4\\out\\server\\src\\server.js:37:57871\n    at nd (c:\\Users\\estudiante\\.vscode\\extensions\\uqbar.wollok-lsp-ide-0.5.4\\out\\server\\src\\server.js:8:1561)","timestamp":"2026-05-13T22:59:44.565Z"}
{"level":"info","message":"⌛ Validating src/example.wlk","timeElapsed":176,"timestamp":"2026-05-13T22:59:44.741Z"}
{"level":"info","message":"⌛ Validating src/example.wlk","timeElapsed":165,"timestamp":"2026-05-13T22:59:44.928Z"}
{"level":"info","message":"⌛ Validating src/example.wlk","timeElapsed":313,"timestamp":"2026-05-13T22:59:45.243Z"}
{"level":"error","message":"✘ Failed to rebuild document Failed to parse src/example.wlk: \n-- PARSING FAILED --------------------------------------------------\n\n  34 | \n  35 | \t\tmethod \n> 36 | \t}\n     |  ^\n\nExpected one of the following: \n\n'!=', '!==', '%', '&&', '*', '**', '+', '-', '->', '..', '..<', '/', '<', '<<', '<<<', '<=', '<=>', '<>', '==', '===', '>', '>..', '>=', '>>', '>>>', '?:', 'and', 'invert', 'negate', 'or', 'plus', '||', identifier, whitespace\n","stack":"Error: Failed to parse src/example.wlk: \n-- PARSING FAILED --------------------------------------------------\n\n  34 | \n  35 | \t\tmethod \n> 36 | \t}\n     |  ^\n\nExpected one of the following: \n\n'!=', '!==', '%', '&&', '*', '**', '+', '-', '->', '..', '..<', '/', '<', '<<', '<<<', '<=', '<=>', '<>', '==', '===', '>', '>..', '>=', '>>', '>>>', '?:', 'and', 'invert', 'negate', 'or', 'plus', '||', identifier, whitespace\n\n    at c:\\Users\\estudiante\\.vscode\\extensions\\uqbar.wollok-lsp-ide-0.5.4\\out\\server\\src\\server.js:2353:13026\n    at Array.map (<anonymous>)\n    at U1n (c:\\Users\\estudiante\\.vscode\\extensions\\uqbar.wollok-lsp-ide-0.5.4\\out\\server\\src\\server.js:2353:12950)\n    at H2.buildEnvironmentFrom (c:\\Users\\estudiante\\.vscode\\extensions\\uqbar.wollok-lsp-ide-0.5.4\\out\\server\\src\\server.js:2398:5254)\n    at H2.updateEnvironmentWith (c:\\Users\\estudiante\\.vscode\\extensions\\uqbar.wollok-lsp-ide-0.5.4\\out\\server\\src\\server.js:2398:4989)\n    at GF (c:\\Users\\estudiante\\.vscode\\extensions\\uqbar.wollok-lsp-ide-0.5.4\\out\\server\\src\\server.js:2398:7383)\n    at V3.invoke (c:\\Users\\estudiante\\.vscode\\extensions\\uqbar.wollok-lsp-ide-0.5.4\\out\\server\\src\\server.js:3:157328)\n    at o.fire (c:\\Users\\estudiante\\.vscode\\extensions\\uqbar.wollok-lsp-ide-0.5.4\\out\\server\\src\\server.js:3:158098)\n    at c:\\Users\\estudiante\\.vscode\\extensions\\uqbar.wollok-lsp-ide-0.5.4\\out\\server\\src\\server.js:37:57871\n    at nd (c:\\Users\\estudiante\\.vscode\\extensions\\uqbar.wollok-lsp-ide-0.5.4\\out\\server\\src\\server.js:8:1561)","timestamp":"2026-05-13T22:59:45.252Z"}
{"level":"info","message":"⌛ Validating src/example.wlk","timeElapsed":226,"timestamp":"2026-05-13T22:59:45.478Z"}
{"level":"info","message":"⌛ Building environment","timeElapsed":109,"timestamp":"2026-05-13T22:59:45.598Z"}
{"level":"info","message":"⌛ Building environment","timeElapsed":152,"timestamp":"2026-05-13T22:59:45.753Z"}
{"level":"info","message":"⌛ Building environment","timeElapsed":132,"timestamp":"2026-05-13T22:59:45.894Z"}
{"level":"info","message":"⌛ Building environment","timeElapsed":267,"timestamp":"2026-05-13T22:59:46.176Z"}
{"level":"info","message":"⌛ Building environment","timeElapsed":118,"timestamp":"2026-05-13T22:59:46.295Z"}
{"level":"info","message":"⌛ Validating src/example.wlk","timeElapsed":141,"timestamp":"2026-05-13T22:59:46.567Z"}
{"level":"info","message":"⌛ Building environment","timeElapsed":215,"timestamp":"2026-05-13T22:59:46.856Z"}
{"level":"info","message":"⌛ Validating src/example.wlk","timeElapsed":281,"timestamp":"2026-05-13T22:59:47.142Z"}
{"level":"info","message":"⌛ Validating src/example.wlk","timeElapsed":113,"timestamp":"2026-05-13T22:59:47.350Z"}
{"level":"info","message":"⌛ Building environment","timeElapsed":243,"timestamp":"2026-05-13T22:59:47.596Z"}
{"level":"info","message":"⌛ Building environment","timeElapsed":112,"timestamp":"2026-05-13T22:59:47.711Z"}
{"level":"info","message":"⌛ Validating src/example.wlk","timeElapsed":121,"timestamp":"2026-05-13T22:59:47.836Z"}
{"level":"info","message":"⌛ Building environment","timeElapsed":104,"timestamp":"2026-05-13T22:59:48.026Z"}
{"level":"info","message":"⌛ Validating src/example.wlk","timeElapsed":126,"timestamp":"2026-05-13T22:59:48.293Z"}
{"level":"info","message":"⌛ Validating src/example.wlk","timeElapsed":137,"timestamp":"2026-05-13T22:59:48.439Z"}
{"level":"info","message":"⌛ Validating src/example.wlk","timeElapsed":137,"timestamp":"2026-05-13T22:59:48.582Z"}
{"level":"info","message":"⌛ Building environment","timeElapsed":237,"timestamp":"2026-05-13T22:59:48.828Z"}
{"level":"info","message":"⌛ Validating src/example.wlk","timeElapsed":113,"timestamp":"2026-05-13T22:59:49.037Z"}
{"level":"info","message":"⌛ Validating src/example.wlk","timeElapsed":156,"timestamp":"2026-05-13T22:59:49.203Z"}
{"level":"info","message":"⌛ Validating src/example.wlk","timeElapsed":151,"timestamp":"2026-05-13T22:59:49.358Z"}
{"level":"info","message":"⌛ Validating src/example.wlk","timeElapsed":154,"timestamp":"2026-05-13T22:59:49.514Z"}
{"level":"info","message":"⌛ Validating src/example.wlk","timeElapsed":191,"timestamp":"2026-05-13T22:59:49.709Z"}
{"level":"info","message":"⌛ Validating src/example.wlk","timeElapsed":118,"timestamp":"2026-05-13T22:59:49.829Z"}
{"level":"info","message":"⌛ Validating src/example.wlk","timeElapsed":153,"timestamp":"2026-05-13T22:59:49.991Z"}
{"level":"info","message":"⌛ Validating src/example.wlk","timeElapsed":213,"timestamp":"2026-05-13T22:59:50.208Z"}
{"level":"info","message":"⌛ Validating src/example.wlk","timeElapsed":289,"timestamp":"2026-05-13T22:59:50.499Z"}
{"level":"info","message":"⌛ Validating src/example.wlk","timeElapsed":245,"timestamp":"2026-05-13T22:59:50.748Z"}
{"level":"info","message":"⌛ Validating src/example.wlk","timeElapsed":113,"timestamp":"2026-05-13T22:59:50.865Z"}
{"level":"info","message":"⌛ Validating src/example.wlk","timeElapsed":259,"timestamp":"2026-05-13T22:59:51.126Z"}
{"level":"info","message":"⌛ Validating src/example.wlk","timeElapsed":209,"timestamp":"2026-05-13T22:59:51.349Z"}
{"level":"info","message":"⌛ Validating src/example.wlk","timeElapsed":221,"timestamp":"2026-05-13T22:59:51.619Z"}
{"level":"info","message":"⌛ Validating src/example.wlk","timeElapsed":141,"timestamp":"2026-05-13T22:59:51.765Z"}
{"level":"info","message":"⌛ Building environment","timeElapsed":119,"timestamp":"2026-05-13T22:59:51.967Z"}
{"level":"info","message":"⌛ Building environment","timeElapsed":150,"timestamp":"2026-05-13T22:59:52.127Z"}
{"level":"info","message":"⌛ Building environment","timeElapsed":345,"timestamp":"2026-05-13T22:59:52.581Z"}
{"level":"info","message":"⌛ Building environment","timeElapsed":266,"timestamp":"2026-05-13T22:59:52.859Z"}
{"level":"error","message":"✘ Completions for node Return (undefined - src/example.wlk) failed: Error: [Return]{552500} at src/example.wlk:-- exhausted all cases without a match [Return]{552500} at src/example.wlk:-- exhausted all cases without a match","stack":"Error: [Return]{552500} at src/example.wlk:-- exhausted all cases without a match\n    at c:\\Users\\estudiante\\.vscode\\extensions\\uqbar.wollok-lsp-ide-0.5.4\\out\\server\\src\\server.js:38:6142\n    at L2 (c:\\Users\\estudiante\\.vscode\\extensions\\uqbar.wollok-lsp-ide-0.5.4\\out\\server\\src\\server.js:2389:42)\n    at Jh (c:\\Users\\estudiante\\.vscode\\extensions\\uqbar.wollok-lsp-ide-0.5.4\\out\\server\\src\\server.js:2389:1092)\n    at M5n (c:\\Users\\estudiante\\.vscode\\extensions\\uqbar.wollok-lsp-ide-0.5.4\\out\\server\\src\\server.js:2389:1248)\n    at c:\\Users\\estudiante\\.vscode\\extensions\\uqbar.wollok-lsp-ide-0.5.4\\out\\server\\src\\server.js:38:6131\n    at L2 (c:\\Users\\estudiante\\.vscode\\extensions\\uqbar.wollok-lsp-ide-0.5.4\\out\\server\\src\\server.js:2389:42)\n    at c:\\Users\\estudiante\\.vscode\\extensions\\uqbar.wollok-lsp-ide-0.5.4\\out\\server\\src\\server.js:2389:2988\n    at c:\\Users\\estudiante\\.vscode\\extensions\\uqbar.wollok-lsp-ide-0.5.4\\out\\server\\src\\server.js:2398:8440\n    at c:\\Users\\estudiante\\.vscode\\extensions\\uqbar.wollok-lsp-ide-0.5.4\\out\\server\\src\\server.js:37:74872\n    at Ke (c:\\Users\\estudiante\\.vscode\\extensions\\uqbar.wollok-lsp-ide-0.5.4\\out\\server\\src\\server.js:7:8527)","timestamp":"2026-05-13T22:59:52.939Z"}
{"level":"info","message":"⌛ Building environment","timeElapsed":276,"timestamp":"2026-05-13T22:59:53.225Z"}
{"level":"info","message":"⌛ Building environment","timeElapsed":328,"timestamp":"2026-05-13T22:59:53.594Z"}
{"level":"info","message":"⌛ Building environment","timeElapsed":246,"timestamp":"2026-05-13T22:59:53.890Z"}
{"level":"info","message":"⌛ Building environment","timeElapsed":198,"timestamp":"2026-05-13T22:59:54.096Z"}
{"level":"info","message":"⌛ Building environment","timeElapsed":254,"timestamp":"2026-05-13T22:59:54.394Z"}
{"level":"info","message":"⌛ Building environment","timeElapsed":102,"timestamp":"2026-05-13T22:59:54.496Z"}
{"level":"info","message":"⌛ Validating src/example.wlk","timeElapsed":145,"timestamp":"2026-05-13T22:59:54.642Z"}
{"level":"info","message":"⌛ Validating src/example.wlk","timeElapsed":127,"timestamp":"2026-05-13T22:59:54.870Z"}
{"level":"info","message":"⌛ Building environment","timeElapsed":366,"timestamp":"2026-05-13T22:59:55.243Z"}
{"level":"info","message":"⌛ Validating src/example.wlk","timeElapsed":218,"timestamp":"2026-05-13T22:59:55.464Z"}
{"level":"info","message":"⌛ Building environment","timeElapsed":276,"timestamp":"2026-05-13T22:59:55.756Z"}
{"level":"info","message":"⌛ Building environment","timeElapsed":246,"timestamp":"2026-05-13T22:59:56.102Z"}
{"level":"info","message":"⌛ Validating src/example.wlk","timeElapsed":196,"timestamp":"2026-05-13T22:59:56.347Z"}
{"level":"info","message":"⌛ Validating src/example.wlk","timeElapsed":289,"timestamp":"2026-05-13T22:59:56.641Z"}
{"level":"info","message":"⌛ Validating src/example.wlk","timeElapsed":174,"timestamp":"2026-05-13T22:59:56.816Z"}
{"level":"info","message":"⌛ Validating src/example.wlk","timeElapsed":172,"timestamp":"2026-05-13T22:59:56.991Z"}
{"level":"info","message":"⌛ Validating src/example.wlk","timeElapsed":289,"timestamp":"2026-05-13T22:59:57.284Z"}
{"level":"info","message":"⌛ Validating src/example.wlk","timeElapsed":180,"timestamp":"2026-05-13T22:59:57.466Z"}
{"level":"info","message":"⌛ Validating src/example.wlk","timeElapsed":342,"timestamp":"2026-05-13T22:59:57.815Z"}
{"level":"info","message":"⌛ Validating src/example.wlk","timeElapsed":358,"timestamp":"2026-05-13T22:59:58.202Z"}
{"level":"info","message":"⌛ Validating src/example.wlk","timeElapsed":158,"timestamp":"2026-05-13T22:59:58.365Z"}
{"level":"info","message":"⌛ Validating src/example.wlk","timeElapsed":141,"timestamp":"2026-05-13T22:59:58.511Z"}
{"level":"info","message":"⌛ Validating src/example.wlk","timeElapsed":406,"timestamp":"2026-05-13T22:59:58.924Z"}
{"level":"info","message":"⌛ Validating src/example.wlk","timeElapsed":131,"timestamp":"2026-05-13T22:59:59.059Z"}
{"level":"info","message":"⌛ Validating src/example.wlk","timeElapsed":300,"timestamp":"2026-05-13T22:59:59.364Z"}
{"level":"info","message":"⌛ Building environment","timeElapsed":352,"timestamp":"2026-05-13T23:40:04.242Z"}
{"level":"info","message":"⌛ Validating src/example.wlk","timeElapsed":179,"timestamp":"2026-05-13T23:40:04.438Z"}
{"level":"info","message":"⌛ Building environment","timeElapsed":173,"timestamp":"2026-05-13T23:40:04.996Z"}
{"level":"info","message":"⌛ Validating src/example.wlk","timeElapsed":251,"timestamp":"2026-05-13T23:40:05.249Z"}
{"level":"info","message":"⌛ Building environment","timeElapsed":130,"timestamp":"2026-05-13T23:40:06.126Z"}
{"level":"info","message":"⌛ Validating src/example.wlk","timeElapsed":261,"timestamp":"2026-05-13T23:40:06.470Z"}
{"level":"info","message":"⌛ Building environment","timeElapsed":142,"timestamp":"2026-05-13T23:40:06.620Z"}
{"level":"info","message":"⌛ Validating src/example.wlk","timeElapsed":140,"timestamp":"2026-05-13T23:40:06.880Z"}
{"level":"info","message":"⌛ Validating src/example.wlk","timeElapsed":169,"timestamp":"2026-05-13T23:40:07.050Z"}
{"level":"info","message":"⌛ Building environment","timeElapsed":157,"timestamp":"2026-05-13T23:40:07.655Z"}
{"level":"info","message":"⌛ Validating src/example.wlk","timeElapsed":310,"timestamp":"2026-05-13T23:40:07.976Z"}
{"level":"error","message":"✘ Failed to rebuild document Failed to parse src/example.wlk: \n-- PARSING FAILED --------------------------------------------------\n\n  15 | \t}\n  16 | \n> 17 | \tmethod () {\n     |         ^\n  18 | \t  \n  19 | \t}\n\nExpected one of the following: \n\n'!=', '!==', '%', '&&', '*', '**', '+', '-', '->', '..', '..<', '/', '<', '<<', '<<<', '<=', '<=>', '<>', '==', '===', '>', '>..', '>=', '>>', '>>>', '?:', 'and', 'invert', 'negate', 'or', 'plus', '||', identifier, whitespace\n","stack":"Error: Failed to parse src/example.wlk: \n-- PARSING FAILED --------------------------------------------------\n\n  15 | \t}\n  16 | \n> 17 | \tmethod () {\n     |         ^\n  18 | \t  \n  19 | \t}\n\nExpected one of the following: \n\n'!=', '!==', '%', '&&', '*', '**', '+', '-', '->', '..', '..<', '/', '<', '<<', '<<<', '<=', '<=>', '<>', '==', '===', '>', '>..', '>=', '>>', '>>>', '?:', 'and', 'invert', 'negate', 'or', 'plus', '||', identifier, whitespace\n\n    at c:\\Users\\estudiante\\.vscode\\extensions\\uqbar.wollok-lsp-ide-0.5.4\\out\\server\\src\\server.js:2353:13026\n    at Array.map (<anonymous>)\n    at U1n (c:\\Users\\estudiante\\.vscode\\extensions\\uqbar.wollok-lsp-ide-0.5.4\\out\\server\\src\\server.js:2353:12950)\n    at H2.buildEnvironmentFrom (c:\\Users\\estudiante\\.vscode\\extensions\\uqbar.wollok-lsp-ide-0.5.4\\out\\server\\src\\server.js:2398:5254)\n    at H2.updateEnvironmentWith (c:\\Users\\estudiante\\.vscode\\extensions\\uqbar.wollok-lsp-ide-0.5.4\\out\\server\\src\\server.js:2398:4989)\n    at GF (c:\\Users\\estudiante\\.vscode\\extensions\\uqbar.wollok-lsp-ide-0.5.4\\out\\server\\src\\server.js:2398:7383)\n    at V3.invoke (c:\\Users\\estudiante\\.vscode\\extensions\\uqbar.wollok-lsp-ide-0.5.4\\out\\server\\src\\server.js:3:157328)\n    at o.fire (c:\\Users\\estudiante\\.vscode\\extensions\\uqbar.wollok-lsp-ide-0.5.4\\out\\server\\src\\server.js:3:158098)\n    at c:\\Users\\estudiante\\.vscode\\extensions\\uqbar.wollok-lsp-ide-0.5.4\\out\\server\\src\\server.js:37:57871\n    at nd (c:\\Users\\estudiante\\.vscode\\extensions\\uqbar.wollok-lsp-ide-0.5.4\\out\\server\\src\\server.js:8:1561)","timestamp":"2026-05-13T23:40:08.562Z"}
{"level":"info","message":"⌛ Building environment","timeElapsed":137,"timestamp":"2026-05-13T23:40:08.886Z"}
{"level":"info","message":"⌛ Validating src/example.wlk","timeElapsed":155,"timestamp":"2026-05-13T23:40:09.090Z"}
{"level":"info","message":"⌛ Building environment","timeElapsed":110,"timestamp":"2026-05-13T23:40:09.221Z"}
{"level":"info","message":"⌛ Validating src/example.wlk","timeElapsed":175,"timestamp":"2026-05-13T23:40:09.429Z"}
{"level":"info","message":"⌛ Building environment","timeElapsed":240,"timestamp":"2026-05-13T23:40:10.081Z"}
{"level":"info","message":"⌛ Building environment","timeElapsed":252,"timestamp":"2026-05-13T23:40:10.334Z"}
{"level":"info","message":"⌛ Validating src/example.wlk","timeElapsed":134,"timestamp":"2026-05-13T23:40:10.519Z"}
{"level":"info","message":"⌛ Building environment","timeElapsed":136,"timestamp":"2026-05-13T23:40:10.674Z"}
{"level":"info","message":"⌛ Validating src/example.wlk","timeElapsed":139,"timestamp":"2026-05-13T23:40:10.813Z"}
{"level":"info","message":"⌛ Validating src/example.wlk","timeElapsed":249,"timestamp":"2026-05-13T23:40:11.156Z"}
{"level":"info","message":"⌛ Validating src/example.wlk","timeElapsed":270,"timestamp":"2026-05-13T23:40:11.432Z"}
{"level":"info","message":"⌛ Building environment","timeElapsed":185,"timestamp":"2026-05-13T23:40:11.800Z"}
{"level":"info","message":"⌛ Validating src/example.wlk","timeElapsed":329,"timestamp":"2026-05-13T23:40:12.138Z"}
{"level":"info","message":"⌛ Validating src/example.wlk","timeElapsed":133,"timestamp":"2026-05-13T23:40:12.280Z"}
{"level":"info","message":"⌛ Building environment","timeElapsed":213,"timestamp":"2026-05-13T23:40:12.828Z"}
{"level":"info","message":"⌛ Validating src/example.wlk","timeElapsed":199,"timestamp":"2026-05-13T23:40:13.074Z"}
{"level":"info","message":"⌛ Building environment","timeElapsed":186,"timestamp":"2026-05-13T23:40:13.581Z"}
{"level":"info","message":"⌛ Building environment","timeElapsed":125,"timestamp":"2026-05-13T23:40:13.707Z"}
{"level":"info","message":"⌛ Validating src/example.wlk","timeElapsed":155,"timestamp":"2026-05-13T23:40:13.869Z"}
{"level":"info","message":"⌛ Validating src/example.wlk","timeElapsed":114,"timestamp":"2026-05-13T23:40:13.991Z"}
{"level":"info","message":"⌛ Building environment","timeElapsed":261,"timestamp":"2026-05-13T23:40:15.074Z"}
{"level":"info","message":"⌛ Building environment","timeElapsed":175,"timestamp":"2026-05-13T23:40:15.250Z"}
{"level":"info","message":"⌛ Validating src/example.wlk","timeElapsed":166,"timestamp":"2026-05-13T23:40:15.418Z"}
{"level":"info","message":"⌛ Validating src/example.wlk","timeElapsed":138,"timestamp":"2026-05-13T23:40:15.610Z"}
{"level":"info","message":"⌛ Building environment","timeElapsed":128,"timestamp":"2026-05-13T23:40:15.740Z"}
{"level":"info","message":"⌛ Building environment","timeElapsed":177,"timestamp":"2026-05-13T23:40:15.922Z"}
{"level":"error","message":"✘ Completions for node Variable ([18:4, 18:11] - src/example.wlk) failed: Error: n [Variable]{586ca5} at src/example.wlk:18 exhausted all cases without a match n [Variable]{586ca5} at src/example.wlk:18 exhausted all cases without a match","stack":"Error: n [Variable]{586ca5} at src/example.wlk:18 exhausted all cases without a match\n    at c:\\Users\\estudiante\\.vscode\\extensions\\uqbar.wollok-lsp-ide-0.5.4\\out\\server\\src\\server.js:38:6142\n    at L2 (c:\\Users\\estudiante\\.vscode\\extensions\\uqbar.wollok-lsp-ide-0.5.4\\out\\server\\src\\server.js:2389:42)\n    at c:\\Users\\estudiante\\.vscode\\extensions\\uqbar.wollok-lsp-ide-0.5.4\\out\\server\\src\\server.js:2389:2988\n    at c:\\Users\\estudiante\\.vscode\\extensions\\uqbar.wollok-lsp-ide-0.5.4\\out\\server\\src\\server.js:2398:8440\n    at c:\\Users\\estudiante\\.vscode\\extensions\\uqbar.wollok-lsp-ide-0.5.4\\out\\server\\src\\server.js:37:74872\n    at Ke (c:\\Users\\estudiante\\.vscode\\extensions\\uqbar.wollok-lsp-ide-0.5.4\\out\\server\\src\\server.js:7:8527)\n    at Lt (c:\\Users\\estudiante\\.vscode\\extensions\\uqbar.wollok-lsp-ide-0.5.4\\out\\server\\src\\server.js:7:6189)\n    at ct (c:\\Users\\estudiante\\.vscode\\extensions\\uqbar.wollok-lsp-ide-0.5.4\\out\\server\\src\\server.js:7:6378)\n    at Immediate._onImmediate (c:\\Users\\estudiante\\.vscode\\extensions\\uqbar.wollok-lsp-ide-0.5.4\\out\\server\\src\\server.js:7:6142)\n    at process.processImmediate (node:internal/timers:484:21)","timestamp":"2026-05-13T23:40:15.951Z"}
{"level":"info","message":"⌛ Validating src/example.wlk","timeElapsed":118,"timestamp":"2026-05-13T23:40:16.072Z"}
{"level":"info","message":"⌛ Building environment","timeElapsed":110,"timestamp":"2026-05-13T23:40:16.183Z"}
{"level":"info","message":"⌛ Validating src/example.wlk","timeElapsed":265,"timestamp":"2026-05-13T23:40:16.457Z"}
{"level":"info","message":"⌛ Validating src/example.wlk","timeElapsed":256,"timestamp":"2026-05-13T23:40:16.761Z"}
{"level":"info","message":"⌛ Building environment","timeElapsed":111,"timestamp":"2026-05-13T23:40:16.904Z"}
{"level":"info","message":"⌛ Validating src/example.wlk","timeElapsed":147,"timestamp":"2026-05-13T23:40:17.053Z"}
{"level":"info","message":"⌛ Building environment","timeElapsed":276,"timestamp":"2026-05-13T23:40:17.333Z"}
{"level":"info","message":"⌛ Building environment","timeElapsed":141,"timestamp":"2026-05-13T23:40:17.476Z"}
{"level":"info","message":"⌛ Validating src/example.wlk","timeElapsed":163,"timestamp":"2026-05-13T23:40:17.737Z"}
{"level":"info","message":"⌛ Building environment","timeElapsed":123,"timestamp":"2026-05-13T23:40:17.891Z"}
{"level":"info","message":"⌛ Validating src/example.wlk","timeElapsed":158,"timestamp":"2026-05-13T23:40:18.051Z"}
{"level":"info","message":"⌛ Validating src/example.wlk","timeElapsed":342,"timestamp":"2026-05-13T23:40:18.393Z"}
{"level":"info","message":"⌛ Building environment","timeElapsed":160,"timestamp":"2026-05-13T23:40:18.555Z"}
{"level":"info","message":"⌛ Validating src/example.wlk","timeElapsed":183,"timestamp":"2026-05-13T23:40:18.762Z"}
{"level":"info","message":"⌛ Building environment","timeElapsed":152,"timestamp":"2026-05-13T23:40:18.924Z"}
{"level":"info","message":"⌛ Building environment","timeElapsed":144,"timestamp":"2026-05-13T23:40:19.156Z"}
{"level":"info","message":"⌛ Validating src/example.wlk","timeElapsed":153,"timestamp":"2026-05-13T23:40:19.311Z"}
{"level":"info","message":"⌛ Building environment","timeElapsed":230,"timestamp":"2026-05-13T23:40:19.548Z"}
{"level":"info","message":"⌛ Validating src/example.wlk","timeElapsed":133,"timestamp":"2026-05-13T23:40:19.741Z"}
{"level":"info","message":"⌛ Validating src/example.wlk","timeElapsed":125,"timestamp":"2026-05-13T23:40:19.978Z"}
{"level":"info","message":"⌛ Building environment","timeElapsed":170,"timestamp":"2026-05-13T23:40:20.205Z"}
{"level":"info","message":"⌛ Validating src/example.wlk","timeElapsed":283,"timestamp":"2026-05-13T23:40:20.512Z"}
{"level":"info","message":"⌛ Validating src/example.wlk","timeElapsed":159,"timestamp":"2026-05-13T23:40:20.781Z"}
{"level":"info","message":"⌛ Validating src/example.wlk","timeElapsed":126,"timestamp":"2026-05-13T23:40:20.908Z"}
{"level":"info","message":"⌛ Validating src/example.wlk","timeElapsed":269,"timestamp":"2026-05-13T23:40:21.180Z"}
{"level":"info","message":"⌛ Building environment","timeElapsed":103,"timestamp":"2026-05-13T23:40:21.353Z"}
{"level":"error","message":"✘ Completions for node Variable ([18:4, 18:9] - src/example.wlk) failed: Error: n [Variable]{257a25} at src/example.wlk:18 exhausted all cases without a match n [Variable]{257a25} at src/example.wlk:18 exhausted all cases without a match","stack":"Error: n [Variable]{257a25} at src/example.wlk:18 exhausted all cases without a match\n    at c:\\Users\\estudiante\\.vscode\\extensions\\uqbar.wollok-lsp-ide-0.5.4\\out\\server\\src\\server.js:38:6142\n    at L2 (c:\\Users\\estudiante\\.vscode\\extensions\\uqbar.wollok-lsp-ide-0.5.4\\out\\server\\src\\server.js:2389:42)\n    at c:\\Users\\estudiante\\.vscode\\extensions\\uqbar.wollok-lsp-ide-0.5.4\\out\\server\\src\\server.js:2389:2988\n    at c:\\Users\\estudiante\\.vscode\\extensions\\uqbar.wollok-lsp-ide-0.5.4\\out\\server\\src\\server.js:2398:8440\n    at c:\\Users\\estudiante\\.vscode\\extensions\\uqbar.wollok-lsp-ide-0.5.4\\out\\server\\src\\server.js:37:74872\n    at Ke (c:\\Users\\estudiante\\.vscode\\extensions\\uqbar.wollok-lsp-ide-0.5.4\\out\\server\\src\\server.js:7:8527)\n    at Lt (c:\\Users\\estudiante\\.vscode\\extensions\\uqbar.wollok-lsp-ide-0.5.4\\out\\server\\src\\server.js:7:6189)\n    at ct (c:\\Users\\estudiante\\.vscode\\extensions\\uqbar.wollok-lsp-ide-0.5.4\\out\\server\\src\\server.js:7:6378)\n    at Immediate._onImmediate (c:\\Users\\estudiante\\.vscode\\extensions\\uqbar.wollok-lsp-ide-0.5.4\\out\\server\\src\\server.js:7:6142)\n    at process.processImmediate (node:internal/timers:484:21)","timestamp":"2026-05-13T23:40:21.379Z"}
{"level":"info","message":"⌛ Validating src/example.wlk","timeElapsed":192,"timestamp":"2026-05-13T23:40:21.575Z"}
{"level":"info","message":"⌛ Building environment","timeElapsed":158,"timestamp":"2026-05-13T23:40:21.734Z"}
{"level":"error","message":"✘ Completions for node Variable ([18:4, 18:10] - src/example.wlk) failed: Error: no [Variable]{824229} at src/example.wlk:18 exhausted all cases without a match no [Variable]{824229} at src/example.wlk:18 exhausted all cases without a match","stack":"Error: no [Variable]{824229} at src/example.wlk:18 exhausted all cases without a match\n    at c:\\Users\\estudiante\\.vscode\\extensions\\uqbar.wollok-lsp-ide-0.5.4\\out\\server\\src\\server.js:38:6142\n    at L2 (c:\\Users\\estudiante\\.vscode\\extensions\\uqbar.wollok-lsp-ide-0.5.4\\out\\server\\src\\server.js:2389:42)\n    at c:\\Users\\estudiante\\.vscode\\extensions\\uqbar.wollok-lsp-ide-0.5.4\\out\\server\\src\\server.js:2389:2988\n    at c:\\Users\\estudiante\\.vscode\\extensions\\uqbar.wollok-lsp-ide-0.5.4\\out\\server\\src\\server.js:2398:8440\n    at c:\\Users\\estudiante\\.vscode\\extensions\\uqbar.wollok-lsp-ide-0.5.4\\out\\server\\src\\server.js:37:74872\n    at Ke (c:\\Users\\estudiante\\.vscode\\extensions\\uqbar.wollok-lsp-ide-0.5.4\\out\\server\\src\\server.js:7:8527)\n    at Lt (c:\\Users\\estudiante\\.vscode\\extensions\\uqbar.wollok-lsp-ide-0.5.4\\out\\server\\src\\server.js:7:6189)\n    at ct (c:\\Users\\estudiante\\.vscode\\extensions\\uqbar.wollok-lsp-ide-0.5.4\\out\\server\\src\\server.js:7:6378)\n    at Immediate._onImmediate (c:\\Users\\estudiante\\.vscode\\extensions\\uqbar.wollok-lsp-ide-0.5.4\\out\\server\\src\\server.js:7:6142)\n    at process.processImmediate (node:internal/timers:484:21)","timestamp":"2026-05-13T23:40:21.768Z"}
{"level":"info","message":"⌛ Validating src/example.wlk","timeElapsed":182,"timestamp":"2026-05-13T23:40:21.954Z"}
{"level":"info","message":"⌛ Building environment","timeElapsed":214,"timestamp":"2026-05-13T23:40:22.516Z"}
{"level":"error","message":"✘ Completions for node Variable ([18:4, 18:11] - src/example.wlk) failed: Error: not [Variable]{dd1586} at src/example.wlk:18 exhausted all cases without a match not [Variable]{dd1586} at src/example.wlk:18 exhausted all cases without a match","stack":"Error: not [Variable]{dd1586} at src/example.wlk:18 exhausted all cases without a match\n    at c:\\Users\\estudiante\\.vscode\\extensions\\uqbar.wollok-lsp-ide-0.5.4\\out\\server\\src\\server.js:38:6142\n    at L2 (c:\\Users\\estudiante\\.vscode\\extensions\\uqbar.wollok-lsp-ide-0.5.4\\out\\server\\src\\server.js:2389:42)\n    at c:\\Users\\estudiante\\.vscode\\extensions\\uqbar.wollok-lsp-ide-0.5.4\\out\\server\\src\\server.js:2389:2988\n    at c:\\Users\\estudiante\\.vscode\\extensions\\uqbar.wollok-lsp-ide-0.5.4\\out\\server\\src\\server.js:2398:8440\n    at c:\\Users\\estudiante\\.vscode\\extensions\\uqbar.wollok-lsp-ide-0.5.4\\out\\server\\src\\server.js:37:74872\n    at Ke (c:\\Users\\estudiante\\.vscode\\extensions\\uqbar.wollok-lsp-ide-0.5.4\\out\\server\\src\\server.js:7:8527)\n    at Lt (c:\\Users\\estudiante\\.vscode\\extensions\\uqbar.wollok-lsp-ide-0.5.4\\out\\server\\src\\server.js:7:6189)\n    at ct (c:\\Users\\estudiante\\.vscode\\extensions\\uqbar.wollok-lsp-ide-0.5.4\\out\\server\\src\\server.js:7:6378)\n    at Immediate._onImmediate (c:\\Users\\estudiante\\.vscode\\extensions\\uqbar.wollok-lsp-ide-0.5.4\\out\\server\\src\\server.js:7:6142)\n    at process.processImmediate (node:internal/timers:484:21)","timestamp":"2026-05-13T23:40:22.552Z"}
{"level":"info","message":"⌛ Validating src/example.wlk","timeElapsed":134,"timestamp":"2026-05-13T23:40:22.689Z"}
{"level":"info","message":"⌛ Building environment","timeElapsed":109,"timestamp":"2026-05-13T23:40:22.858Z"}
{"level":"error","message":"✘ Completions for node Variable ([18:4, 18:12] - src/example.wlk) failed: Error: nota [Variable]{639a4c} at src/example.wlk:18 exhausted all cases without a match nota [Variable]{639a4c} at src/example.wlk:18 exhausted all cases without a match","stack":"Error: nota [Variable]{639a4c} at src/example.wlk:18 exhausted all cases without a match\n    at c:\\Users\\estudiante\\.vscode\\extensions\\uqbar.wollok-lsp-ide-0.5.4\\out\\server\\src\\server.js:38:6142\n    at L2 (c:\\Users\\estudiante\\.vscode\\extensions\\uqbar.wollok-lsp-ide-0.5.4\\out\\server\\src\\server.js:2389:42)\n    at c:\\Users\\estudiante\\.vscode\\extensions\\uqbar.wollok-lsp-ide-0.5.4\\out\\server\\src\\server.js:2389:2988\n    at c:\\Users\\estudiante\\.vscode\\extensions\\uqbar.wollok-lsp-ide-0.5.4\\out\\server\\src\\server.js:2398:8440\n    at c:\\Users\\estudiante\\.vscode\\extensions\\uqbar.wollok-lsp-ide-0.5.4\\out\\server\\src\\server.js:37:74872\n    at Ke (c:\\Users\\estudiante\\.vscode\\extensions\\uqbar.wollok-lsp-ide-0.5.4\\out\\server\\src\\server.js:7:8527)\n    at Lt (c:\\Users\\estudiante\\.vscode\\extensions\\uqbar.wollok-lsp-ide-0.5.4\\out\\server\\src\\server.js:7:6189)\n    at ct (c:\\Users\\estudiante\\.vscode\\extensions\\uqbar.wollok-lsp-ide-0.5.4\\out\\server\\src\\server.js:7:6378)\n    at Immediate._onImmediate (c:\\Users\\estudiante\\.vscode\\extensions\\uqbar.wollok-lsp-ide-0.5.4\\out\\server\\src\\server.js:7:6142)\n    at process.processImmediate (node:internal/timers:484:21)","timestamp":"2026-05-13T23:40:22.884Z"}
{"level":"info","message":"⌛ Building environment","timeElapsed":177,"timestamp":"2026-05-13T23:40:23.065Z"}
{"level":"info","message":"⌛ Validating src/example.wlk","timeElapsed":141,"timestamp":"2026-05-13T23:40:23.206Z"}
{"level":"info","message":"⌛ Validating src/example.wlk","timeElapsed":198,"timestamp":"2026-05-13T23:40:23.413Z"}
{"level":"info","message":"⌛ Building environment","timeElapsed":112,"timestamp":"2026-05-13T23:40:24.531Z"}
{"level":"error","message":"✘ Completions for node Variable ([18:4, 18:14] - src/example.wlk) failed: Error: notasD [Variable]{5b449c} at src/example.wlk:18 exhausted all cases without a match notasD [Variable]{5b449c} at src/example.wlk:18 exhausted all cases without a match","stack":"Error: notasD [Variable]{5b449c} at src/example.wlk:18 exhausted all cases without a match\n    at c:\\Users\\estudiante\\.vscode\\extensions\\uqbar.wollok-lsp-ide-0.5.4\\out\\server\\src\\server.js:38:6142\n    at L2 (c:\\Users\\estudiante\\.vscode\\extensions\\uqbar.wollok-lsp-ide-0.5.4\\out\\server\\src\\server.js:2389:42)\n    at c:\\Users\\estudiante\\.vscode\\extensions\\uqbar.wollok-lsp-ide-0.5.4\\out\\server\\src\\server.js:2389:2988\n    at c:\\Users\\estudiante\\.vscode\\extensions\\uqbar.wollok-lsp-ide-0.5.4\\out\\server\\src\\server.js:2398:8440\n    at c:\\Users\\estudiante\\.vscode\\extensions\\uqbar.wollok-lsp-ide-0.5.4\\out\\server\\src\\server.js:37:74872\n    at Ke (c:\\Users\\estudiante\\.vscode\\extensions\\uqbar.wollok-lsp-ide-0.5.4\\out\\server\\src\\server.js:7:8527)\n    at Lt (c:\\Users\\estudiante\\.vscode\\extensions\\uqbar.wollok-lsp-ide-0.5.4\\out\\server\\src\\server.js:7:6189)\n    at ct (c:\\Users\\estudiante\\.vscode\\extensions\\uqbar.wollok-lsp-ide-0.5.4\\out\\server\\src\\server.js:7:6378)\n    at Immediate._onImmediate (c:\\Users\\estudiante\\.vscode\\extensions\\uqbar.wollok-lsp-ide-0.5.4\\out\\server\\src\\server.js:7:6142)\n    at process.processImmediate (node:internal/timers:484:21)","timestamp":"2026-05-13T23:40:24.591Z"}
{"level":"info","message":"⌛ Validating src/example.wlk","timeElapsed":216,"timestamp":"2026-05-13T23:40:24.815Z"}
{"level":"info","message":"⌛ Building environment","timeElapsed":177,"timestamp":"2026-05-13T23:40:25.135Z"}
{"level":"error","message":"✘ Completions for node Variable ([18:4, 18:15] - src/example.wlk) failed: Error: notasDE [Variable]{c63542} at src/example.wlk:18 exhausted all cases without a match notasDE [Variable]{c63542} at src/example.wlk:18 exhausted all cases without a match","stack":"Error: notasDE [Variable]{c63542} at src/example.wlk:18 exhausted all cases without a match\n    at c:\\Users\\estudiante\\.vscode\\extensions\\uqbar.wollok-lsp-ide-0.5.4\\out\\server\\src\\server.js:38:6142\n    at L2 (c:\\Users\\estudiante\\.vscode\\extensions\\uqbar.wollok-lsp-ide-0.5.4\\out\\server\\src\\server.js:2389:42)\n    at c:\\Users\\estudiante\\.vscode\\extensions\\uqbar.wollok-lsp-ide-0.5.4\\out\\server\\src\\server.js:2389:2988\n    at c:\\Users\\estudiante\\.vscode\\extensions\\uqbar.wollok-lsp-ide-0.5.4\\out\\server\\src\\server.js:2398:8440\n    at c:\\Users\\estudiante\\.vscode\\extensions\\uqbar.wollok-lsp-ide-0.5.4\\out\\server\\src\\server.js:37:74872\n    at Ke (c:\\Users\\estudiante\\.vscode\\extensions\\uqbar.wollok-lsp-ide-0.5.4\\out\\server\\src\\server.js:7:8527)\n    at Lt (c:\\Users\\estudiante\\.vscode\\extensions\\uqbar.wollok-lsp-ide-0.5.4\\out\\server\\src\\server.js:7:6189)\n    at ct (c:\\Users\\estudiante\\.vscode\\extensions\\uqbar.wollok-lsp-ide-0.5.4\\out\\server\\src\\server.js:7:6378)\n    at Immediate._onImmediate (c:\\Users\\estudiante\\.vscode\\extensions\\uqbar.wollok-lsp-ide-0.5.4\\out\\server\\src\\server.js:7:6142)\n    at process.processImmediate (node:internal/timers:484:21)","timestamp":"2026-05-13T23:40:25.178Z"}
{"level":"info","message":"⌛ Validating src/example.wlk","timeElapsed":178,"timestamp":"2026-05-13T23:40:25.362Z"}
{"level":"info","message":"⌛ Building environment","timeElapsed":335,"timestamp":"2026-05-13T23:40:25.964Z"}
{"level":"error","message":"✘ Completions for node Variable ([18:4, 18:14] - src/example.wlk) failed: Error: notasD [Variable]{c5b162} at src/example.wlk:18 exhausted all cases without a match notasD [Variable]{c5b162} at src/example.wlk:18 exhausted all cases without a match","stack":"Error: notasD [Variable]{c5b162} at src/example.wlk:18 exhausted all cases without a match\n    at c:\\Users\\estudiante\\.vscode\\extensions\\uqbar.wollok-lsp-ide-0.5.4\\out\\server\\src\\server.js:38:6142\n    at L2 (c:\\Users\\estudiante\\.vscode\\extensions\\uqbar.wollok-lsp-ide-0.5.4\\out\\server\\src\\server.js:2389:42)\n    at c:\\Users\\estudiante\\.vscode\\extensions\\uqbar.wollok-lsp-ide-0.5.4\\out\\server\\src\\server.js:2389:2988\n    at c:\\Users\\estudiante\\.vscode\\extensions\\uqbar.wollok-lsp-ide-0.5.4\\out\\server\\src\\server.js:2398:8440\n    at c:\\Users\\estudiante\\.vscode\\extensions\\uqbar.wollok-lsp-ide-0.5.4\\out\\server\\src\\server.js:37:74872\n    at Ke (c:\\Users\\estudiante\\.vscode\\extensions\\uqbar.wollok-lsp-ide-0.5.4\\out\\server\\src\\server.js:7:8527)\n    at Lt (c:\\Users\\estudiante\\.vscode\\extensions\\uqbar.wollok-lsp-ide-0.5.4\\out\\server\\src\\server.js:7:6189)\n    at ct (c:\\Users\\estudiante\\.vscode\\extensions\\uqbar.wollok-lsp-ide-0.5.4\\out\\server\\src\\server.js:7:6378)\n    at Immediate._onImmediate (c:\\Users\\estudiante\\.vscode\\extensions\\uqbar.wollok-lsp-ide-0.5.4\\out\\server\\src\\server.js:7:6142)\n    at process.processImmediate (node:internal/timers:484:21)","timestamp":"2026-05-13T23:40:26.007Z"}
{"level":"info","message":"⌛ Validating src/example.wlk","timeElapsed":152,"timestamp":"2026-05-13T23:40:26.171Z"}
{"level":"info","message":"⌛ Building environment","timeElapsed":130,"timestamp":"2026-05-13T23:40:26.442Z"}
{"level":"error","message":"✘ Completions for node Variable ([18:4, 18:15] - src/example.wlk) failed: Error: notasDe [Variable]{24e9d0} at src/example.wlk:18 exhausted all cases without a match notasDe [Variable]{24e9d0} at src/example.wlk:18 exhausted all cases without a match","stack":"Error: notasDe [Variable]{24e9d0} at src/example.wlk:18 exhausted all cases without a match\n    at c:\\Users\\estudiante\\.vscode\\extensions\\uqbar.wollok-lsp-ide-0.5.4\\out\\server\\src\\server.js:38:6142\n    at L2 (c:\\Users\\estudiante\\.vscode\\extensions\\uqbar.wollok-lsp-ide-0.5.4\\out\\server\\src\\server.js:2389:42)\n    at c:\\Users\\estudiante\\.vscode\\extensions\\uqbar.wollok-lsp-ide-0.5.4\\out\\server\\src\\server.js:2389:2988\n    at c:\\Users\\estudiante\\.vscode\\extensions\\uqbar.wollok-lsp-ide-0.5.4\\out\\server\\src\\server.js:2398:8440\n    at c:\\Users\\estudiante\\.vscode\\extensions\\uqbar.wollok-lsp-ide-0.5.4\\out\\server\\src\\server.js:37:74872\n    at Ke (c:\\Users\\estudiante\\.vscode\\extensions\\uqbar.wollok-lsp-ide-0.5.4\\out\\server\\src\\server.js:7:8527)\n    at Lt (c:\\Users\\estudiante\\.vscode\\extensions\\uqbar.wollok-lsp-ide-0.5.4\\out\\server\\src\\server.js:7:6189)\n    at ct (c:\\Users\\estudiante\\.vscode\\extensions\\uqbar.wollok-lsp-ide-0.5.4\\out\\server\\src\\server.js:7:6378)\n    at Immediate._onImmediate (c:\\Users\\estudiante\\.vscode\\extensions\\uqbar.wollok-lsp-ide-0.5.4\\out\\server\\src\\server.js:7:6142)\n    at process.processImmediate (node:internal/timers:484:21)","timestamp":"2026-05-13T23:40:26.472Z"}
{"level":"info","message":"⌛ Validating src/example.wlk","timeElapsed":171,"timestamp":"2026-05-13T23:40:26.646Z"}
{"level":"info","message":"⌛ Building environment","timeElapsed":203,"timestamp":"2026-05-13T23:40:27.212Z"}
{"level":"error","message":"✘ Completions for node Variable ([18:4, 18:16] - src/example.wlk) failed: Error: notasDeM [Variable]{41271a} at src/example.wlk:18 exhausted all cases without a match notasDeM [Variable]{41271a} at src/example.wlk:18 exhausted all cases without a match","stack":"Error: notasDeM [Variable]{41271a} at src/example.wlk:18 exhausted all cases without a match\n    at c:\\Users\\estudiante\\.vscode\\extensions\\uqbar.wollok-lsp-ide-0.5.4\\out\\server\\src\\server.js:38:6142\n    at L2 (c:\\Users\\estudiante\\.vscode\\extensions\\uqbar.wollok-lsp-ide-0.5.4\\out\\server\\src\\server.js:2389:42)\n    at c:\\Users\\estudiante\\.vscode\\extensions\\uqbar.wollok-lsp-ide-0.5.4\\out\\server\\src\\server.js:2389:2988\n    at c:\\Users\\estudiante\\.vscode\\extensions\\uqbar.wollok-lsp-ide-0.5.4\\out\\server\\src\\server.js:2398:8440\n    at c:\\Users\\estudiante\\.vscode\\extensions\\uqbar.wollok-lsp-ide-0.5.4\\out\\server\\src\\server.js:37:74872\n    at Ke (c:\\Users\\estudiante\\.vscode\\extensions\\uqbar.wollok-lsp-ide-0.5.4\\out\\server\\src\\server.js:7:8527)\n    at Lt (c:\\Users\\estudiante\\.vscode\\extensions\\uqbar.wollok-lsp-ide-0.5.4\\out\\server\\src\\server.js:7:6189)\n    at ct (c:\\Users\\estudiante\\.vscode\\extensions\\uqbar.wollok-lsp-ide-0.5.4\\out\\server\\src\\server.js:7:6378)\n    at Immediate._onImmediate (c:\\Users\\estudiante\\.vscode\\extensions\\uqbar.wollok-lsp-ide-0.5.4\\out\\server\\src\\server.js:7:6142)\n    at process.processImmediate (node:internal/timers:484:21)","timestamp":"2026-05-13T23:40:27.243Z"}
{"level":"info","message":"⌛ Validating src/example.wlk","timeElapsed":152,"timestamp":"2026-05-13T23:40:27.400Z"}
{"level":"info","message":"⌛ Building environment","timeElapsed":339,"timestamp":"2026-05-13T23:40:28.151Z"}
{"level":"error","message":"✘ Completions for node Variable ([18:4, 18:17] - src/example.wlk) failed: Error: notasDeMa [Variable]{38049c} at src/example.wlk:18 exhausted all cases without a match notasDeMa [Variable]{38049c} at src/example.wlk:18 exhausted all cases without a match","stack":"Error: notasDeMa [Variable]{38049c} at src/example.wlk:18 exhausted all cases without a match\n    at c:\\Users\\estudiante\\.vscode\\extensions\\uqbar.wollok-lsp-ide-0.5.4\\out\\server\\src\\server.js:38:6142\n    at L2 (c:\\Users\\estudiante\\.vscode\\extensions\\uqbar.wollok-lsp-ide-0.5.4\\out\\server\\src\\server.js:2389:42)\n    at c:\\Users\\estudiante\\.vscode\\extensions\\uqbar.wollok-lsp-ide-0.5.4\\out\\server\\src\\server.js:2389:2988\n    at c:\\Users\\estudiante\\.vscode\\extensions\\uqbar.wollok-lsp-ide-0.5.4\\out\\server\\src\\server.js:2398:8440\n    at c:\\Users\\estudiante\\.vscode\\extensions\\uqbar.wollok-lsp-ide-0.5.4\\out\\server\\src\\server.js:37:74872\n    at Ke (c:\\Users\\estudiante\\.vscode\\extensions\\uqbar.wollok-lsp-ide-0.5.4\\out\\server\\src\\server.js:7:8527)\n    at Lt (c:\\Users\\estudiante\\.vscode\\extensions\\uqbar.wollok-lsp-ide-0.5.4\\out\\server\\src\\server.js:7:6189)\n    at ct (c:\\Users\\estudiante\\.vscode\\extensions\\uqbar.wollok-lsp-ide-0.5.4\\out\\server\\src\\server.js:7:6378)\n    at Immediate._onImmediate (c:\\Users\\estudiante\\.vscode\\extensions\\uqbar.wollok-lsp-ide-0.5.4\\out\\server\\src\\server.js:7:6142)\n    at process.processImmediate (node:internal/timers:484:21)","timestamp":"2026-05-13T23:40:28.187Z"}
{"level":"info","message":"⌛ Building environment","timeElapsed":123,"timestamp":"2026-05-13T23:40:28.314Z"}
{"level":"info","message":"⌛ Validating src/example.wlk","timeElapsed":129,"timestamp":"2026-05-13T23:40:28.443Z"}
{"level":"info","message":"⌛ Building environment","timeElapsed":127,"timestamp":"2026-05-13T23:40:28.596Z"}
{"level":"error","message":"✘ Completions for node Variable ([18:4, 18:19] - src/example.wlk) failed: Error: notasDeMate [Variable]{8f6761} at src/example.wlk:18 exhausted all cases without a match notasDeMate [Variable]{8f6761} at src/example.wlk:18 exhausted all cases without a match","stack":"Error: notasDeMate [Variable]{8f6761} at src/example.wlk:18 exhausted all cases without a match\n    at c:\\Users\\estudiante\\.vscode\\extensions\\uqbar.wollok-lsp-ide-0.5.4\\out\\server\\src\\server.js:38:6142\n    at L2 (c:\\Users\\estudiante\\.vscode\\extensions\\uqbar.wollok-lsp-ide-0.5.4\\out\\server\\src\\server.js:2389:42)\n    at c:\\Users\\estudiante\\.vscode\\extensions\\uqbar.wollok-lsp-ide-0.5.4\\out\\server\\src\\server.js:2389:2988\n    at c:\\Users\\estudiante\\.vscode\\extensions\\uqbar.wollok-lsp-ide-0.5.4\\out\\server\\src\\server.js:2398:8440\n    at c:\\Users\\estudiante\\.vscode\\extensions\\uqbar.wollok-lsp-ide-0.5.4\\out\\server\\src\\server.js:37:74872\n    at Ke (c:\\Users\\estudiante\\.vscode\\extensions\\uqbar.wollok-lsp-ide-0.5.4\\out\\server\\src\\server.js:7:8527)\n    at Lt (c:\\Users\\estudiante\\.vscode\\extensions\\uqbar.wollok-lsp-ide-0.5.4\\out\\server\\src\\server.js:7:6189)\n    at ct (c:\\Users\\estudiante\\.vscode\\extensions\\uqbar.wollok-lsp-ide-0.5.4\\out\\server\\src\\server.js:7:6378)\n    at Immediate._onImmediate (c:\\Users\\estudiante\\.vscode\\extensions\\uqbar.wollok-lsp-ide-0.5.4\\out\\server\\src\\server.js:7:6142)\n    at process.processImmediate (node:internal/timers:484:21)","timestamp":"2026-05-13T23:40:28.627Z"}
{"level":"info","message":"⌛ Validating src/example.wlk","timeElapsed":148,"timestamp":"2026-05-13T23:40:28.779Z"}
{"level":"info","message":"⌛ Building environment","timeElapsed":163,"timestamp":"2026-05-13T23:40:28.945Z"}
{"level":"info","message":"⌛ Validating src/example.wlk","timeElapsed":237,"timestamp":"2026-05-13T23:40:29.202Z"}
{"level":"info","message":"⌛ Validating src/example.wlk","timeElapsed":189,"timestamp":"2026-05-13T23:40:29.399Z"}
{"level":"error","message":"✘ Completions for node Variable ([18:4, 18:21] - src/example.wlk) failed: Error: notasDeMateri [Variable]{eaa958} at src/example.wlk:18 exhausted all cases without a match notasDeMateri [Variable]{eaa958} at src/example.wlk:18 exhausted all cases without a match","stack":"Error: notasDeMateri [Variable]{eaa958} at src/example.wlk:18 exhausted all cases without a match\n    at c:\\Users\\estudiante\\.vscode\\extensions\\uqbar.wollok-lsp-ide-0.5.4\\out\\server\\src\\server.js:38:6142\n    at L2 (c:\\Users\\estudiante\\.vscode\\extensions\\uqbar.wollok-lsp-ide-0.5.4\\out\\server\\src\\server.js:2389:42)\n    at c:\\Users\\estudiante\\.vscode\\extensions\\uqbar.wollok-lsp-ide-0.5.4\\out\\server\\src\\server.js:2389:2988\n    at c:\\Users\\estudiante\\.vscode\\extensions\\uqbar.wollok-lsp-ide-0.5.4\\out\\server\\src\\server.js:2398:8440\n    at c:\\Users\\estudiante\\.vscode\\extensions\\uqbar.wollok-lsp-ide-0.5.4\\out\\server\\src\\server.js:37:74872\n    at Ke (c:\\Users\\estudiante\\.vscode\\extensions\\uqbar.wollok-lsp-ide-0.5.4\\out\\server\\src\\server.js:7:8527)\n    at Lt (c:\\Users\\estudiante\\.vscode\\extensions\\uqbar.wollok-lsp-ide-0.5.4\\out\\server\\src\\server.js:7:6189)\n    at ct (c:\\Users\\estudiante\\.vscode\\extensions\\uqbar.wollok-lsp-ide-0.5.4\\out\\server\\src\\server.js:7:6378)\n    at Immediate._onImmediate (c:\\Users\\estudiante\\.vscode\\extensions\\uqbar.wollok-lsp-ide-0.5.4\\out\\server\\src\\server.js:7:6142)\n    at process.processImmediate (node:internal/timers:484:21)","timestamp":"2026-05-13T23:40:29.527Z"}
{"level":"info","message":"⌛ Building environment","timeElapsed":104,"timestamp":"2026-05-13T23:40:29.636Z"}
{"level":"info","message":"⌛ Validating src/example.wlk","timeElapsed":228,"timestamp":"2026-05-13T23:40:29.868Z"}
{"level":"info","message":"⌛ Building environment","timeElapsed":158,"timestamp":"2026-05-13T23:40:30.136Z"}
{"level":"error","message":"✘ Completions for node Variable ([18:4, 18:23] - src/example.wlk) failed: Error: notasDeMaterias [Variable]{600b06} at src/example.wlk:18 exhausted all cases without a match notasDeMaterias [Variable]{600b06} at src/example.wlk:18 exhausted all cases without a match","stack":"Error: notasDeMaterias [Variable]{600b06} at src/example.wlk:18 exhausted all cases without a match\n    at c:\\Users\\estudiante\\.vscode\\extensions\\uqbar.wollok-lsp-ide-0.5.4\\out\\server\\src\\server.js:38:6142\n    at L2 (c:\\Users\\estudiante\\.vscode\\extensions\\uqbar.wollok-lsp-ide-0.5.4\\out\\server\\src\\server.js:2389:42)\n    at c:\\Users\\estudiante\\.vscode\\extensions\\uqbar.wollok-lsp-ide-0.5.4\\out\\server\\src\\server.js:2389:2988\n    at c:\\Users\\estudiante\\.vscode\\extensions\\uqbar.wollok-lsp-ide-0.5.4\\out\\server\\src\\server.js:2398:8440\n    at c:\\Users\\estudiante\\.vscode\\extensions\\uqbar.wollok-lsp-ide-0.5.4\\out\\server\\src\\server.js:37:74872\n    at Ke (c:\\Users\\estudiante\\.vscode\\extensions\\uqbar.wollok-lsp-ide-0.5.4\\out\\server\\src\\server.js:7:8527)\n    at Lt (c:\\Users\\estudiante\\.vscode\\extensions\\uqbar.wollok-lsp-ide-0.5.4\\out\\server\\src\\server.js:7:6189)\n    at ct (c:\\Users\\estudiante\\.vscode\\extensions\\uqbar.wollok-lsp-ide-0.5.4\\out\\server\\src\\server.js:7:6378)\n    at Immediate._onImmediate (c:\\Users\\estudiante\\.vscode\\extensions\\uqbar.wollok-lsp-ide-0.5.4\\out\\server\\src\\server.js:7:6142)\n    at process.processImmediate (node:internal/timers:484:21)","timestamp":"2026-05-13T23:40:30.193Z"}
{"level":"info","message":"⌛ Validating src/example.wlk","timeElapsed":191,"timestamp":"2026-05-13T23:40:30.389Z"}
{"level":"info","message":"⌛ Validating src/example.wlk","timeElapsed":146,"timestamp":"2026-05-13T23:40:30.549Z"}
{"level":"info","message":"⌛ Building environment","timeElapsed":134,"timestamp":"2026-05-13T23:40:30.684Z"}
{"level":"info","message":"⌛ Validating src/example.wlk","timeElapsed":155,"timestamp":"2026-05-13T23:40:30.854Z"}
{"level":"info","message":"⌛ Building environment","timeElapsed":238,"timestamp":"2026-05-13T23:41:30.739Z"}
{"level":"info","message":"⌛ Building environment","timeElapsed":111,"timestamp":"2026-05-13T23:41:30.853Z"}
{"level":"info","message":"⌛ Building environment","timeElapsed":236,"timestamp":"2026-05-13T23:41:31.092Z"}
{"level":"error","message":"✘ Completions for node Variable ([18:4, 18:27] - src/example.wlk) failed: Error: notasDeMateriasApro [Variable]{457ed9} at src/example.wlk:18 exhausted all cases without a match notasDeMateriasApro [Variable]{457ed9} at src/example.wlk:18 exhausted all cases without a match","stack":"Error: notasDeMateriasApro [Variable]{457ed9} at src/example.wlk:18 exhausted all cases without a match\n    at c:\\Users\\estudiante\\.vscode\\extensions\\uqbar.wollok-lsp-ide-0.5.4\\out\\server\\src\\server.js:38:6142\n    at L2 (c:\\Users\\estudiante\\.vscode\\extensions\\uqbar.wollok-lsp-ide-0.5.4\\out\\server\\src\\server.js:2389:42)\n    at c:\\Users\\estudiante\\.vscode\\extensions\\uqbar.wollok-lsp-ide-0.5.4\\out\\server\\src\\server.js:2389:2988\n    at c:\\Users\\estudiante\\.vscode\\extensions\\uqbar.wollok-lsp-ide-0.5.4\\out\\server\\src\\server.js:2398:8440\n    at c:\\Users\\estudiante\\.vscode\\extensions\\uqbar.wollok-lsp-ide-0.5.4\\out\\server\\src\\server.js:37:74872\n    at Ke (c:\\Users\\estudiante\\.vscode\\extensions\\uqbar.wollok-lsp-ide-0.5.4\\out\\server\\src\\server.js:7:8527)\n    at Lt (c:\\Users\\estudiante\\.vscode\\extensions\\uqbar.wollok-lsp-ide-0.5.4\\out\\server\\src\\server.js:7:6189)\n    at ct (c:\\Users\\estudiante\\.vscode\\extensions\\uqbar.wollok-lsp-ide-0.5.4\\out\\server\\src\\server.js:7:6378)\n    at Immediate._onImmediate (c:\\Users\\estudiante\\.vscode\\extensions\\uqbar.wollok-lsp-ide-0.5.4\\out\\server\\src\\server.js:7:6142)\n    at process.processImmediate (node:internal/timers:484:21)","timestamp":"2026-05-13T23:41:31.130Z"}
{"level":"info","message":"⌛ Validating src/example.wlk","timeElapsed":132,"timestamp":"2026-05-13T23:41:31.266Z"}
{"level":"info","message":"⌛ Validating src/example.wlk","timeElapsed":250,"timestamp":"2026-05-13T23:41:31.517Z"}
{"level":"info","message":"⌛ Building environment","timeElapsed":107,"timestamp":"2026-05-13T23:41:31.632Z"}
{"level":"info","message":"⌛ Building environment","timeElapsed":107,"timestamp":"2026-05-13T23:41:31.748Z"}
{"level":"info","message":"⌛ Validating src/example.wlk","timeElapsed":150,"timestamp":"2026-05-13T23:41:31.900Z"}
{"level":"info","message":"⌛ Building environment","timeElapsed":121,"timestamp":"2026-05-13T23:41:32.039Z"}
{"level":"error","message":"✘ Completions for node Variable ([18:4, 18:30] - src/example.wlk) failed: Error: notasDeMateriasAprobad [Variable]{366a80} at src/example.wlk:18 exhausted all cases without a match notasDeMateriasAprobad [Variable]{366a80} at src/example.wlk:18 exhausted all cases without a match","stack":"Error: notasDeMateriasAprobad [Variable]{366a80} at src/example.wlk:18 exhausted all cases without a match\n    at c:\\Users\\estudiante\\.vscode\\extensions\\uqbar.wollok-lsp-ide-0.5.4\\out\\server\\src\\server.js:38:6142\n    at L2 (c:\\Users\\estudiante\\.vscode\\extensions\\uqbar.wollok-lsp-ide-0.5.4\\out\\server\\src\\server.js:2389:42)\n    at c:\\Users\\estudiante\\.vscode\\extensions\\uqbar.wollok-lsp-ide-0.5.4\\out\\server\\src\\server.js:2389:2988\n    at c:\\Users\\estudiante\\.vscode\\extensions\\uqbar.wollok-lsp-ide-0.5.4\\out\\server\\src\\server.js:2398:8440\n    at c:\\Users\\estudiante\\.vscode\\extensions\\uqbar.wollok-lsp-ide-0.5.4\\out\\server\\src\\server.js:37:74872\n    at Ke (c:\\Users\\estudiante\\.vscode\\extensions\\uqbar.wollok-lsp-ide-0.5.4\\out\\server\\src\\server.js:7:8527)\n    at Lt (c:\\Users\\estudiante\\.vscode\\extensions\\uqbar.wollok-lsp-ide-0.5.4\\out\\server\\src\\server.js:7:6189)\n    at ct (c:\\Users\\estudiante\\.vscode\\extensions\\uqbar.wollok-lsp-ide-0.5.4\\out\\server\\src\\server.js:7:6378)\n    at Immediate._onImmediate (c:\\Users\\estudiante\\.vscode\\extensions\\uqbar.wollok-lsp-ide-0.5.4\\out\\server\\src\\server.js:7:6142)\n    at process.processImmediate (node:internal/timers:484:21)","timestamp":"2026-05-13T23:41:32.077Z"}
{"level":"info","message":"⌛ Building environment","timeElapsed":135,"timestamp":"2026-05-13T23:41:32.316Z"}
{"level":"info","message":"⌛ Validating src/example.wlk","timeElapsed":303,"timestamp":"2026-05-13T23:41:32.622Z"}
{"level":"info","message":"⌛ Validating src/example.wlk","timeElapsed":109,"timestamp":"2026-05-13T23:41:32.738Z"}
{"level":"info","message":"⌛ Building environment","timeElapsed":191,"timestamp":"2026-05-13T23:41:32.933Z"}
{"level":"info","message":"⌛ Validating src/example.wlk","timeElapsed":335,"timestamp":"2026-05-13T23:41:33.283Z"}
{"level":"info","message":"⌛ Validating src/example.wlk","timeElapsed":246,"timestamp":"2026-05-13T23:41:33.531Z"}
{"level":"info","message":"⌛ Building environment","timeElapsed":109,"timestamp":"2026-05-13T23:41:33.640Z"}
{"level":"info","message":"⌛ Validating src/example.wlk","timeElapsed":197,"timestamp":"2026-05-13T23:41:33.838Z"}
{"level":"info","message":"⌛ Validating src/example.wlk","timeElapsed":174,"timestamp":"2026-05-13T23:41:34.019Z"}
{"level":"info","message":"⌛ Validating src/example.wlk","timeElapsed":269,"timestamp":"2026-05-13T23:41:34.292Z"}
{"level":"info","message":"⌛ Building environment","timeElapsed":193,"timestamp":"2026-05-13T23:41:34.533Z"}
{"level":"info","message":"⌛ Validating src/example.wlk","timeElapsed":178,"timestamp":"2026-05-13T23:41:34.728Z"}
{"level":"info","message":"⌛ Building environment","timeElapsed":112,"timestamp":"2026-05-13T23:41:37.673Z"}
{"level":"error","message":"✘ Completions for node Variable ([18:4, 18:36] - src/example.wlk) failed: Error: notasDeMateriasAprobadas [Variable]{385f0d} at src/example.wlk:18 exhausted all cases without a match notasDeMateriasAprobadas [Variable]{385f0d} at src/example.wlk:18 exhausted all cases without a match","stack":"Error: notasDeMateriasAprobadas [Variable]{385f0d} at src/example.wlk:18 exhausted all cases without a match\n    at c:\\Users\\estudiante\\.vscode\\extensions\\uqbar.wollok-lsp-ide-0.5.4\\out\\server\\src\\server.js:38:6142\n    at L2 (c:\\Users\\estudiante\\.vscode\\extensions\\uqbar.wollok-lsp-ide-0.5.4\\out\\server\\src\\server.js:2389:42)\n    at Jh (c:\\Users\\estudiante\\.vscode\\extensions\\uqbar.wollok-lsp-ide-0.5.4\\out\\server\\src\\server.js:2389:1092)\n    at M5n (c:\\Users\\estudiante\\.vscode\\extensions\\uqbar.wollok-lsp-ide-0.5.4\\out\\server\\src\\server.js:2389:1248)\n    at c:\\Users\\estudiante\\.vscode\\extensions\\uqbar.wollok-lsp-ide-0.5.4\\out\\server\\src\\server.js:38:6131\n    at L2 (c:\\Users\\estudiante\\.vscode\\extensions\\uqbar.wollok-lsp-ide-0.5.4\\out\\server\\src\\server.js:2389:42)\n    at c:\\Users\\estudiante\\.vscode\\extensions\\uqbar.wollok-lsp-ide-0.5.4\\out\\server\\src\\server.js:2389:2988\n    at c:\\Users\\estudiante\\.vscode\\extensions\\uqbar.wollok-lsp-ide-0.5.4\\out\\server\\src\\server.js:2398:8440\n    at c:\\Users\\estudiante\\.vscode\\extensions\\uqbar.wollok-lsp-ide-0.5.4\\out\\server\\src\\server.js:37:74872\n    at Ke (c:\\Users\\estudiante\\.vscode\\extensions\\uqbar.wollok-lsp-ide-0.5.4\\out\\server\\src\\server.js:7:8527)","timestamp":"2026-05-13T23:41:37.711Z"}
{"level":"info","message":"⌛ Building environment","timeElapsed":112,"timestamp":"2026-05-13T23:41:37.827Z"}
{"level":"info","message":"⌛ Validating src/example.wlk","timeElapsed":173,"timestamp":"2026-05-13T23:41:38.001Z"}
{"level":"info","message":"⌛ Building environment","timeElapsed":115,"timestamp":"2026-05-13T23:41:38.117Z"}
{"level":"info","message":"⌛ Validating src/example.wlk","timeElapsed":150,"timestamp":"2026-05-13T23:41:38.269Z"}
{"level":"info","message":"⌛ Building environment","timeElapsed":109,"timestamp":"2026-05-13T23:41:38.614Z"}
{"level":"info","message":"⌛ Validating src/example.wlk","timeElapsed":114,"timestamp":"2026-05-13T23:41:38.752Z"}
{"level":"info","message":"⌛ Validating src/example.wlk","timeElapsed":165,"timestamp":"2026-05-13T23:41:39.160Z"}
{"level":"info","message":"⌛ Validating src/example.wlk","timeElapsed":123,"timestamp":"2026-05-13T23:41:39.284Z"}
{"level":"info","message":"⌛ Validating src/example.wlk","timeElapsed":142,"timestamp":"2026-05-13T23:41:39.432Z"}
{"level":"info","message":"⌛ Validating src/example.wlk","timeElapsed":161,"timestamp":"2026-05-13T23:41:39.697Z"}
{"level":"info","message":"⌛ Validating src/example.wlk","timeElapsed":166,"timestamp":"2026-05-13T23:41:39.883Z"}
{"level":"info","message":"⌛ Validating src/example.wlk","timeElapsed":143,"timestamp":"2026-05-13T23:41:40.056Z"}
{"level":"info","message":"⌛ Building environment","timeElapsed":295,"timestamp":"2026-05-13T23:41:42.413Z"}
{"level":"info","message":"⌛ Building environment","timeElapsed":207,"timestamp":"2026-05-13T23:41:42.789Z"}
{"level":"info","message":"⌛ Validating src/example.wlk","timeElapsed":129,"timestamp":"2026-05-13T23:41:42.920Z"}
{"level":"info","message":"⌛ Building environment","timeElapsed":115,"timestamp":"2026-05-13T23:41:43.061Z"}
{"level":"info","message":"⌛ Validating src/example.wlk","timeElapsed":157,"timestamp":"2026-05-13T23:41:43.220Z"}
{"level":"info","message":"⌛ Validating src/example.wlk","timeElapsed":158,"timestamp":"2026-05-13T23:41:43.385Z"}
{"level":"info","message":"⌛ Validating src/example.wlk","timeElapsed":155,"timestamp":"2026-05-13T23:41:43.544Z"}
{"level":"info","message":"⌛ Building environment","timeElapsed":130,"timestamp":"2026-05-13T23:41:45.911Z"}
{"level":"info","message":"⌛ Validating src/example.wlk","timeElapsed":128,"timestamp":"2026-05-13T23:41:46.060Z"}
{"level":"info","message":"⌛ Building environment","timeElapsed":219,"timestamp":"2026-05-13T23:41:53.986Z"}
{"level":"error","message":"✘ Failed to rebuild document Failed to parse src/example.wlk: \n-- PARSING FAILED --------------------------------------------------\n\n  19 | \t}\n  20 | \n> 21 | }\n     | ^\n  22 | \n  23 | \n\nExpected one of the following: \n\n' ', '@', 'class', 'const', 'describe', 'mixin', 'object', 'only', 'package', 'program', 'test', 'var', '{', EOF, comment, not \"}\r\n\r\n\r\n\r\n\t\", whitespace\n","stack":"Error: Failed to parse src/example.wlk: \n-- PARSING FAILED --------------------------------------------------\n\n  19 | \t}\n  20 | \n> 21 | }\n     | ^\n  22 | \n  23 | \n\nExpected one of the following: \n\n' ', '@', 'class', 'const', 'describe', 'mixin', 'object', 'only', 'package', 'program', 'test', 'var', '{', EOF, comment, not \"}\r\n\r\n\r\n\r\n\t\", whitespace\n\n    at c:\\Users\\estudiante\\.vscode\\extensions\\uqbar.wollok-lsp-ide-0.5.4\\out\\server\\src\\server.js:2353:13026\n    at Array.map (<anonymous>)\n    at U1n (c:\\Users\\estudiante\\.vscode\\extensions\\uqbar.wollok-lsp-ide-0.5.4\\out\\server\\src\\server.js:2353:12950)\n    at H2.buildEnvironmentFrom (c:\\Users\\estudiante\\.vscode\\extensions\\uqbar.wollok-lsp-ide-0.5.4\\out\\server\\src\\server.js:2398:5254)\n    at H2.updateEnvironmentWith (c:\\Users\\estudiante\\.vscode\\extensions\\uqbar.wollok-lsp-ide-0.5.4\\out\\server\\src\\server.js:2398:4989)\n    at GF (c:\\Users\\estudiante\\.vscode\\extensions\\uqbar.wollok-lsp-ide-0.5.4\\out\\server\\src\\server.js:2398:7383)\n    at V3.invoke (c:\\Users\\estudiante\\.vscode\\extensions\\uqbar.wollok-lsp-ide-0.5.4\\out\\server\\src\\server.js:3:157328)\n    at o.fire (c:\\Users\\estudiante\\.vscode\\extensions\\uqbar.wollok-lsp-ide-0.5.4\\out\\server\\src\\server.js:3:158098)\n    at c:\\Users\\estudiante\\.vscode\\extensions\\uqbar.wollok-lsp-ide-0.5.4\\out\\server\\src\\server.js:37:57871\n    at nd (c:\\Users\\estudiante\\.vscode\\extensions\\uqbar.wollok-lsp-ide-0.5.4\\out\\server\\src\\server.js:8:1561)","timestamp":"2026-05-13T23:41:53.994Z"}
{"level":"info","message":"⌛ Validating src/example.wlk","timeElapsed":140,"timestamp":"2026-05-13T23:41:54.150Z"}
{"level":"info","message":"⌛ Building environment","timeElapsed":249,"timestamp":"2026-05-13T23:41:55.832Z"}
{"level":"info","message":"⌛ Validating src/example.wlk","timeElapsed":163,"timestamp":"2026-05-13T23:41:55.997Z"}
{"level":"info","message":"⌛ Building environment","timeElapsed":207,"timestamp":"2026-05-13T23:42:03.200Z"}
{"level":"error","message":"✘ Completions for node Return (undefined - src/example.wlk) failed: Error: [Return]{f3ab34} at src/example.wlk:-- exhausted all cases without a match [Return]{f3ab34} at src/example.wlk:-- exhausted all cases without a match","stack":"Error: [Return]{f3ab34} at src/example.wlk:-- exhausted all cases without a match\n    at c:\\Users\\estudiante\\.vscode\\extensions\\uqbar.wollok-lsp-ide-0.5.4\\out\\server\\src\\server.js:38:6142\n    at L2 (c:\\Users\\estudiante\\.vscode\\extensions\\uqbar.wollok-lsp-ide-0.5.4\\out\\server\\src\\server.js:2389:42)\n    at Jh (c:\\Users\\estudiante\\.vscode\\extensions\\uqbar.wollok-lsp-ide-0.5.4\\out\\server\\src\\server.js:2389:1092)\n    at M5n (c:\\Users\\estudiante\\.vscode\\extensions\\uqbar.wollok-lsp-ide-0.5.4\\out\\server\\src\\server.js:2389:1248)\n    at c:\\Users\\estudiante\\.vscode\\extensions\\uqbar.wollok-lsp-ide-0.5.4\\out\\server\\src\\server.js:38:6131\n    at L2 (c:\\Users\\estudiante\\.vscode\\extensions\\uqbar.wollok-lsp-ide-0.5.4\\out\\server\\src\\server.js:2389:42)\n    at c:\\Users\\estudiante\\.vscode\\extensions\\uqbar.wollok-lsp-ide-0.5.4\\out\\server\\src\\server.js:2389:2988\n    at c:\\Users\\estudiante\\.vscode\\extensions\\uqbar.wollok-lsp-ide-0.5.4\\out\\server\\src\\server.js:2398:8440\n    at c:\\Users\\estudiante\\.vscode\\extensions\\uqbar.wollok-lsp-ide-0.5.4\\out\\server\\src\\server.js:37:74872\n    at Ke (c:\\Users\\estudiante\\.vscode\\extensions\\uqbar.wollok-lsp-ide-0.5.4\\out\\server\\src\\server.js:7:8527)","timestamp":"2026-05-13T23:42:03.346Z"}
{"level":"info","message":"⌛ Validating src/example.wlk","timeElapsed":138,"timestamp":"2026-05-13T23:42:03.488Z"}
{"level":"info","message":"⌛ Validating src/example.wlk","timeElapsed":135,"timestamp":"2026-05-13T23:42:03.626Z"}
{"level":"info","message":"⌛ Building environment","timeElapsed":232,"timestamp":"2026-05-13T23:42:04.713Z"}
{"level":"error","message":"✘ Completions for node Return (undefined - src/example.wlk) failed: Error: [Return]{86c454} at src/example.wlk:-- exhausted all cases without a match [Return]{86c454} at src/example.wlk:-- exhausted all cases without a match","stack":"Error: [Return]{86c454} at src/example.wlk:-- exhausted all cases without a match\n    at c:\\Users\\estudiante\\.vscode\\extensions\\uqbar.wollok-lsp-ide-0.5.4\\out\\server\\src\\server.js:38:6142\n    at L2 (c:\\Users\\estudiante\\.vscode\\extensions\\uqbar.wollok-lsp-ide-0.5.4\\out\\server\\src\\server.js:2389:42)\n    at Jh (c:\\Users\\estudiante\\.vscode\\extensions\\uqbar.wollok-lsp-ide-0.5.4\\out\\server\\src\\server.js:2389:1092)\n    at M5n (c:\\Users\\estudiante\\.vscode\\extensions\\uqbar.wollok-lsp-ide-0.5.4\\out\\server\\src\\server.js:2389:1248)\n    at c:\\Users\\estudiante\\.vscode\\extensions\\uqbar.wollok-lsp-ide-0.5.4\\out\\server\\src\\server.js:38:6131\n    at L2 (c:\\Users\\estudiante\\.vscode\\extensions\\uqbar.wollok-lsp-ide-0.5.4\\out\\server\\src\\server.js:2389:42)\n    at c:\\Users\\estudiante\\.vscode\\extensions\\uqbar.wollok-lsp-ide-0.5.4\\out\\server\\src\\server.js:2389:2988\n    at c:\\Users\\estudiante\\.vscode\\extensions\\uqbar.wollok-lsp-ide-0.5.4\\out\\server\\src\\server.js:2398:8440\n    at c:\\Users\\estudiante\\.vscode\\extensions\\uqbar.wollok-lsp-ide-0.5.4\\out\\server\\src\\server.js:37:74872\n    at Ke (c:\\Users\\estudiante\\.vscode\\extensions\\uqbar.wollok-lsp-ide-0.5.4\\out\\server\\src\\server.js:7:8527)","timestamp":"2026-05-13T23:42:04.742Z"}
{"level":"info","message":"⌛ Building environment","timeElapsed":119,"timestamp":"2026-05-13T23:42:04.864Z"}
{"level":"info","message":"⌛ Validating src/example.wlk","timeElapsed":133,"timestamp":"2026-05-13T23:42:05.006Z"}
{"level":"error","message":"✘ Failed to rebuild document Failed to parse src/example.wlk: \n-- PARSING FAILED --------------------------------------------------\n\n  19 | \t}\n  20 | \n> 21 | }\n     | ^\n  22 | \n  23 | \n\nExpected one of the following: \n\n' ', '@', 'class', 'const', 'describe', 'mixin', 'object', 'only', 'package', 'program', 'test', 'var', '{', EOF, comment, not \"}\r\n\r\n\r\n\r\n\t\", whitespace\n","stack":"Error: Failed to parse src/example.wlk: \n-- PARSING FAILED --------------------------------------------------\n\n  19 | \t}\n  20 | \n> 21 | }\n     | ^\n  22 | \n  23 | \n\nExpected one of the following: \n\n' ', '@', 'class', 'const', 'describe', 'mixin', 'object', 'only', 'package', 'program', 'test', 'var', '{', EOF, comment, not \"}\r\n\r\n\r\n\r\n\t\", whitespace\n\n    at c:\\Users\\estudiante\\.vscode\\extensions\\uqbar.wollok-lsp-ide-0.5.4\\out\\server\\src\\server.js:2353:13026\n    at Array.map (<anonymous>)\n    at U1n (c:\\Users\\estudiante\\.vscode\\extensions\\uqbar.wollok-lsp-ide-0.5.4\\out\\server\\src\\server.js:2353:12950)\n    at H2.buildEnvironmentFrom (c:\\Users\\estudiante\\.vscode\\extensions\\uqbar.wollok-lsp-ide-0.5.4\\out\\server\\src\\server.js:2398:5254)\n    at H2.updateEnvironmentWith (c:\\Users\\estudiante\\.vscode\\extensions\\uqbar.wollok-lsp-ide-0.5.4\\out\\server\\src\\server.js:2398:4989)\n    at GF (c:\\Users\\estudiante\\.vscode\\extensions\\uqbar.wollok-lsp-ide-0.5.4\\out\\server\\src\\server.js:2398:7383)\n    at V3.invoke (c:\\Users\\estudiante\\.vscode\\extensions\\uqbar.wollok-lsp-ide-0.5.4\\out\\server\\src\\server.js:3:157328)\n    at o.fire (c:\\Users\\estudiante\\.vscode\\extensions\\uqbar.wollok-lsp-ide-0.5.4\\out\\server\\src\\server.js:3:158098)\n    at c:\\Users\\estudiante\\.vscode\\extensions\\uqbar.wollok-lsp-ide-0.5.4\\out\\server\\src\\server.js:37:57871\n    at nd (c:\\Users\\estudiante\\.vscode\\extensions\\uqbar.wollok-lsp-ide-0.5.4\\out\\server\\src\\server.js:8:1561)","timestamp":"2026-05-13T23:42:05.032Z"}
{"level":"info","message":"⌛ Validating src/example.wlk","timeElapsed":162,"timestamp":"2026-05-13T23:42:05.194Z"}
{"level":"error","message":"✘ Failed to rebuild document Failed to parse src/example.wlk: \n-- PARSING FAILED --------------------------------------------------\n\n  19 | \t}\n  20 | \n> 21 | }\n     | ^\n  22 | \n  23 | \n\nExpected one of the following: \n\n' ', '@', 'class', 'const', 'describe', 'mixin', 'object', 'only', 'package', 'program', 'test', 'var', '{', EOF, comment, not \"}\r\n\r\n\r\n\r\n\t\", whitespace\n","stack":"Error: Failed to parse src/example.wlk: \n-- PARSING FAILED --------------------------------------------------\n\n  19 | \t}\n  20 | \n> 21 | }\n     | ^\n  22 | \n  23 | \n\nExpected one of the following: \n\n' ', '@', 'class', 'const', 'describe', 'mixin', 'object', 'only', 'package', 'program', 'test', 'var', '{', EOF, comment, not \"}\r\n\r\n\r\n\r\n\t\", whitespace\n\n    at c:\\Users\\estudiante\\.vscode\\extensions\\uqbar.wollok-lsp-ide-0.5.4\\out\\server\\src\\server.js:2353:13026\n    at Array.map (<anonymous>)\n    at U1n (c:\\Users\\estudiante\\.vscode\\extensions\\uqbar.wollok-lsp-ide-0.5.4\\out\\server\\src\\server.js:2353:12950)\n    at H2.buildEnvironmentFrom (c:\\Users\\estudiante\\.vscode\\extensions\\uqbar.wollok-lsp-ide-0.5.4\\out\\server\\src\\server.js:2398:5254)\n    at H2.updateEnvironmentWith (c:\\Users\\estudiante\\.vscode\\extensions\\uqbar.wollok-lsp-ide-0.5.4\\out\\server\\src\\server.js:2398:4989)\n    at GF (c:\\Users\\estudiante\\.vscode\\extensions\\uqbar.wollok-lsp-ide-0.5.4\\out\\server\\src\\server.js:2398:7383)\n    at V3.invoke (c:\\Users\\estudiante\\.vscode\\extensions\\uqbar.wollok-lsp-ide-0.5.4\\out\\server\\src\\server.js:3:157328)\n    at o.fire (c:\\Users\\estudiante\\.vscode\\extensions\\uqbar.wollok-lsp-ide-0.5.4\\out\\server\\src\\server.js:3:158098)\n    at c:\\Users\\estudiante\\.vscode\\extensions\\uqbar.wollok-lsp-ide-0.5.4\\out\\server\\src\\server.js:37:57871\n    at nd (c:\\Users\\estudiante\\.vscode\\extensions\\uqbar.wollok-lsp-ide-0.5.4\\out\\server\\src\\server.js:8:1561)","timestamp":"2026-05-13T23:42:06.310Z"}
{"level":"error","message":"✘ Failed to rebuild document Failed to parse src/example.wlk: \n-- PARSING FAILED --------------------------------------------------\n\n  19 | \t}\n  20 | \n> 21 | }\n     | ^\n  22 | \n  23 | \n\nExpected one of the following: \n\n' ', '@', 'class', 'const', 'describe', 'mixin', 'object', 'only', 'package', 'program', 'test', 'var', '{', EOF, comment, not \"}\r\n\r\n\r\n\r\n\t\", whitespace\n","stack":"Error: Failed to parse src/example.wlk: \n-- PARSING FAILED --------------------------------------------------\n\n  19 | \t}\n  20 | \n> 21 | }\n     | ^\n  22 | \n  23 | \n\nExpected one of the following: \n\n' ', '@', 'class', 'const', 'describe', 'mixin', 'object', 'only', 'package', 'program', 'test', 'var', '{', EOF, comment, not \"}\r\n\r\n\r\n\r\n\t\", whitespace\n\n    at c:\\Users\\estudiante\\.vscode\\extensions\\uqbar.wollok-lsp-ide-0.5.4\\out\\server\\src\\server.js:2353:13026\n    at Array.map (<anonymous>)\n    at U1n (c:\\Users\\estudiante\\.vscode\\extensions\\uqbar.wollok-lsp-ide-0.5.4\\out\\server\\src\\server.js:2353:12950)\n    at H2.buildEnvironmentFrom (c:\\Users\\estudiante\\.vscode\\extensions\\uqbar.wollok-lsp-ide-0.5.4\\out\\server\\src\\server.js:2398:5254)\n    at H2.updateEnvironmentWith (c:\\Users\\estudiante\\.vscode\\extensions\\uqbar.wollok-lsp-ide-0.5.4\\out\\server\\src\\server.js:2398:4989)\n    at GF (c:\\Users\\estudiante\\.vscode\\extensions\\uqbar.wollok-lsp-ide-0.5.4\\out\\server\\src\\server.js:2398:7383)\n    at V3.invoke (c:\\Users\\estudiante\\.vscode\\extensions\\uqbar.wollok-lsp-ide-0.5.4\\out\\server\\src\\server.js:3:157328)\n    at o.fire (c:\\Users\\estudiante\\.vscode\\extensions\\uqbar.wollok-lsp-ide-0.5.4\\out\\server\\src\\server.js:3:158098)\n    at c:\\Users\\estudiante\\.vscode\\extensions\\uqbar.wollok-lsp-ide-0.5.4\\out\\server\\src\\server.js:37:57871\n    at nd (c:\\Users\\estudiante\\.vscode\\extensions\\uqbar.wollok-lsp-ide-0.5.4\\out\\server\\src\\server.js:8:1561)","timestamp":"2026-05-13T23:42:07.301Z"}
{"level":"error","message":"✘ Failed to rebuild document Failed to parse src/example.wlk: \n-- PARSING FAILED --------------------------------------------------\n\n  19 | \t}\n  20 | \n> 21 | }\n     | ^\n  22 | \n  23 | \n\nExpected one of the following: \n\n' ', '@', 'class', 'const', 'describe', 'mixin', 'object', 'only', 'package', 'program', 'test', 'var', '{', EOF, comment, not \"}\r\n\r\n\r\n\r\n\t\", whitespace\n","stack":"Error: Failed to parse src/example.wlk: \n-- PARSING FAILED --------------------------------------------------\n\n  19 | \t}\n  20 | \n> 21 | }\n     | ^\n  22 | \n  23 | \n\nExpected one of the following: \n\n' ', '@', 'class', 'const', 'describe', 'mixin', 'object', 'only', 'package', 'program', 'test', 'var', '{', EOF, comment, not \"}\r\n\r\n\r\n\r\n\t\", whitespace\n\n    at c:\\Users\\estudiante\\.vscode\\extensions\\uqbar.wollok-lsp-ide-0.5.4\\out\\server\\src\\server.js:2353:13026\n    at Array.map (<anonymous>)\n    at U1n (c:\\Users\\estudiante\\.vscode\\extensions\\uqbar.wollok-lsp-ide-0.5.4\\out\\server\\src\\server.js:2353:12950)\n    at H2.buildEnvironmentFrom (c:\\Users\\estudiante\\.vscode\\extensions\\uqbar.wollok-lsp-ide-0.5.4\\out\\server\\src\\server.js:2398:5254)\n    at H2.updateEnvironmentWith (c:\\Users\\estudiante\\.vscode\\extensions\\uqbar.wollok-lsp-ide-0.5.4\\out\\server\\src\\server.js:2398:4989)\n    at GF (c:\\Users\\estudiante\\.vscode\\extensions\\uqbar.wollok-lsp-ide-0.5.4\\out\\server\\src\\server.js:2398:7383)\n    at V3.invoke (c:\\Users\\estudiante\\.vscode\\extensions\\uqbar.wollok-lsp-ide-0.5.4\\out\\server\\src\\server.js:3:157328)\n    at o.fire (c:\\Users\\estudiante\\.vscode\\extensions\\uqbar.wollok-lsp-ide-0.5.4\\out\\server\\src\\server.js:3:158098)\n    at c:\\Users\\estudiante\\.vscode\\extensions\\uqbar.wollok-lsp-ide-0.5.4\\out\\server\\src\\server.js:37:57871\n    at nd (c:\\Users\\estudiante\\.vscode\\extensions\\uqbar.wollok-lsp-ide-0.5.4\\out\\server\\src\\server.js:8:1561)","timestamp":"2026-05-13T23:42:07.716Z"}
{"level":"error","message":"✘ Completions for node Send ([18:35, 18:60] - src/example.wlk) failed: Error: [Send]{38ab2c} at src/example.wlk:18 exhausted all cases without a match [Send]{38ab2c} at src/example.wlk:18 exhausted all cases without a match","stack":"Error: [Send]{38ab2c} at src/example.wlk:18 exhausted all cases without a match\n    at c:\\Users\\estudiante\\.vscode\\extensions\\uqbar.wollok-lsp-ide-0.5.4\\out\\server\\src\\server.js:38:6142\n    at L2 (c:\\Users\\estudiante\\.vscode\\extensions\\uqbar.wollok-lsp-ide-0.5.4\\out\\server\\src\\server.js:2389:42)\n    at c:\\Users\\estudiante\\.vscode\\extensions\\uqbar.wollok-lsp-ide-0.5.4\\out\\server\\src\\server.js:2389:2988\n    at c:\\Users\\estudiante\\.vscode\\extensions\\uqbar.wollok-lsp-ide-0.5.4\\out\\server\\src\\server.js:2398:8440\n    at c:\\Users\\estudiante\\.vscode\\extensions\\uqbar.wollok-lsp-ide-0.5.4\\out\\server\\src\\server.js:37:74872\n    at Ke (c:\\Users\\estudiante\\.vscode\\extensions\\uqbar.wollok-lsp-ide-0.5.4\\out\\server\\src\\server.js:7:8527)\n    at Lt (c:\\Users\\estudiante\\.vscode\\extensions\\uqbar.wollok-lsp-ide-0.5.4\\out\\server\\src\\server.js:7:6189)\n    at ct (c:\\Users\\estudiante\\.vscode\\extensions\\uqbar.wollok-lsp-ide-0.5.4\\out\\server\\src\\server.js:7:6378)\n    at Immediate._onImmediate (c:\\Users\\estudiante\\.vscode\\extensions\\uqbar.wollok-lsp-ide-0.5.4\\out\\server\\src\\server.js:7:6142)\n    at process.processImmediate (node:internal/timers:484:21)","timestamp":"2026-05-13T23:42:07.789Z"}
{"level":"error","message":"✘ Completions for node Variable ([18:4, 18:60] - src/example.wlk) failed: Error: notasDeMateriasAprobadas [Variable]{9193ba} at src/example.wlk:18 exhausted all cases without a match notasDeMateriasAprobadas [Variable]{9193ba} at src/example.wlk:18 exhausted all cases without a match","stack":"Error: notasDeMateriasAprobadas [Variable]{9193ba} at src/example.wlk:18 exhausted all cases without a match\n    at c:\\Users\\estudiante\\.vscode\\extensions\\uqbar.wollok-lsp-ide-0.5.4\\out\\server\\src\\server.js:38:6142\n    at L2 (c:\\Users\\estudiante\\.vscode\\extensions\\uqbar.wollok-lsp-ide-0.5.4\\out\\server\\src\\server.js:2389:42)\n    at Jh (c:\\Users\\estudiante\\.vscode\\extensions\\uqbar.wollok-lsp-ide-0.5.4\\out\\server\\src\\server.js:2389:1092)\n    at L2 (c:\\Users\\estudiante\\.vscode\\extensions\\uqbar.wollok-lsp-ide-0.5.4\\out\\server\\src\\server.js:2389:544)\n    at c:\\Users\\estudiante\\.vscode\\extensions\\uqbar.wollok-lsp-ide-0.5.4\\out\\server\\src\\server.js:2389:2988\n    at c:\\Users\\estudiante\\.vscode\\extensions\\uqbar.wollok-lsp-ide-0.5.4\\out\\server\\src\\server.js:2398:8440\n    at c:\\Users\\estudiante\\.vscode\\extensions\\uqbar.wollok-lsp-ide-0.5.4\\out\\server\\src\\server.js:37:74872\n    at Ke (c:\\Users\\estudiante\\.vscode\\extensions\\uqbar.wollok-lsp-ide-0.5.4\\out\\server\\src\\server.js:7:8527)\n    at Lt (c:\\Users\\estudiante\\.vscode\\extensions\\uqbar.wollok-lsp-ide-0.5.4\\out\\server\\src\\server.js:7:6189)\n    at ct (c:\\Users\\estudiante\\.vscode\\extensions\\uqbar.wollok-lsp-ide-0.5.4\\out\\server\\src\\server.js:7:6378)","timestamp":"2026-05-13T23:42:07.790Z"}
{"level":"error","message":"✘ Failed to rebuild document Failed to parse src/example.wlk: \n-- PARSING FAILED --------------------------------------------------\n\n  19 | \t}\n  20 | \n> 21 | }\n     | ^\n  22 | \n  23 | \n\nExpected one of the following: \n\n' ', '@', 'class', 'const', 'describe', 'mixin', 'object', 'only', 'package', 'program', 'test', 'var', '{', EOF, comment, not \"}\r\n\r\n\r\n\r\n\t\", whitespace\n","stack":"Error: Failed to parse src/example.wlk: \n-- PARSING FAILED --------------------------------------------------\n\n  19 | \t}\n  20 | \n> 21 | }\n     | ^\n  22 | \n  23 | \n\nExpected one of the following: \n\n' ', '@', 'class', 'const', 'describe', 'mixin', 'object', 'only', 'package', 'program', 'test', 'var', '{', EOF, comment, not \"}\r\n\r\n\r\n\r\n\t\", whitespace\n\n    at c:\\Users\\estudiante\\.vscode\\extensions\\uqbar.wollok-lsp-ide-0.5.4\\out\\server\\src\\server.js:2353:13026\n    at Array.map (<anonymous>)\n    at U1n (c:\\Users\\estudiante\\.vscode\\extensions\\uqbar.wollok-lsp-ide-0.5.4\\out\\server\\src\\server.js:2353:12950)\n    at H2.buildEnvironmentFrom (c:\\Users\\estudiante\\.vscode\\extensions\\uqbar.wollok-lsp-ide-0.5.4\\out\\server\\src\\server.js:2398:5254)\n    at H2.updateEnvironmentWith (c:\\Users\\estudiante\\.vscode\\extensions\\uqbar.wollok-lsp-ide-0.5.4\\out\\server\\src\\server.js:2398:4989)\n    at GF (c:\\Users\\estudiante\\.vscode\\extensions\\uqbar.wollok-lsp-ide-0.5.4\\out\\server\\src\\server.js:2398:7383)\n    at V3.invoke (c:\\Users\\estudiante\\.vscode\\extensions\\uqbar.wollok-lsp-ide-0.5.4\\out\\server\\src\\server.js:3:157328)\n    at o.fire (c:\\Users\\estudiante\\.vscode\\extensions\\uqbar.wollok-lsp-ide-0.5.4\\out\\server\\src\\server.js:3:158098)\n    at c:\\Users\\estudiante\\.vscode\\extensions\\uqbar.wollok-lsp-ide-0.5.4\\out\\server\\src\\server.js:37:57871\n    at nd (c:\\Users\\estudiante\\.vscode\\extensions\\uqbar.wollok-lsp-ide-0.5.4\\out\\server\\src\\server.js:8:1561)","timestamp":"2026-05-13T23:42:08.141Z"}
{"level":"error","message":"✘ Failed to rebuild document Failed to parse src/example.wlk: \n-- PARSING FAILED --------------------------------------------------\n\n  19 | \t}\n  20 | \n> 21 | }\n     | ^\n  22 | \n  23 | \n\nExpected one of the following: \n\n' ', '@', 'class', 'const', 'describe', 'mixin', 'object', 'only', 'package', 'program', 'test', 'var', '{', EOF, comment, not \"}\r\n\r\n\r\n\r\n\t\", whitespace\n","stack":"Error: Failed to parse src/example.wlk: \n-- PARSING FAILED --------------------------------------------------\n\n  19 | \t}\n  20 | \n> 21 | }\n     | ^\n  22 | \n  23 | \n\nExpected one of the following: \n\n' ', '@', 'class', 'const', 'describe', 'mixin', 'object', 'only', 'package', 'program', 'test', 'var', '{', EOF, comment, not \"}\r\n\r\n\r\n\r\n\t\", whitespace\n\n    at c:\\Users\\estudiante\\.vscode\\extensions\\uqbar.wollok-lsp-ide-0.5.4\\out\\server\\src\\server.js:2353:13026\n    at Array.map (<anonymous>)\n    at U1n (c:\\Users\\estudiante\\.vscode\\extensions\\uqbar.wollok-lsp-ide-0.5.4\\out\\server\\src\\server.js:2353:12950)\n    at H2.buildEnvironmentFrom (c:\\Users\\estudiante\\.vscode\\extensions\\uqbar.wollok-lsp-ide-0.5.4\\out\\server\\src\\server.js:2398:5254)\n    at H2.updateEnvironmentWith (c:\\Users\\estudiante\\.vscode\\extensions\\uqbar.wollok-lsp-ide-0.5.4\\out\\server\\src\\server.js:2398:4989)\n    at GF (c:\\Users\\estudiante\\.vscode\\extensions\\uqbar.wollok-lsp-ide-0.5.4\\out\\server\\src\\server.js:2398:7383)\n    at V3.invoke (c:\\Users\\estudiante\\.vscode\\extensions\\uqbar.wollok-lsp-ide-0.5.4\\out\\server\\src\\server.js:3:157328)\n    at o.fire (c:\\Users\\estudiante\\.vscode\\extensions\\uqbar.wollok-lsp-ide-0.5.4\\out\\server\\src\\server.js:3:158098)\n    at c:\\Users\\estudiante\\.vscode\\extensions\\uqbar.wollok-lsp-ide-0.5.4\\out\\server\\src\\server.js:37:57871\n    at nd (c:\\Users\\estudiante\\.vscode\\extensions\\uqbar.wollok-lsp-ide-0.5.4\\out\\server\\src\\server.js:8:1561)","timestamp":"2026-05-13T23:42:08.865Z"}
{"level":"error","message":"✘ Failed to rebuild document Failed to parse src/example.wlk: \n-- PARSING FAILED --------------------------------------------------\n\n  19 | \t}\n  20 | \n> 21 | }\n     | ^\n  22 | \n  23 | \n\nExpected one of the following: \n\n' ', '@', 'class', 'const', 'describe', 'mixin', 'object', 'only', 'package', 'program', 'test', 'var', '{', EOF, comment, not \"}\r\n\r\n\r\n\r\n\t\", whitespace\n","stack":"Error: Failed to parse src/example.wlk: \n-- PARSING FAILED --------------------------------------------------\n\n  19 | \t}\n  20 | \n> 21 | }\n     | ^\n  22 | \n  23 | \n\nExpected one of the following: \n\n' ', '@', 'class', 'const', 'describe', 'mixin', 'object', 'only', 'package', 'program', 'test', 'var', '{', EOF, comment, not \"}\r\n\r\n\r\n\r\n\t\", whitespace\n\n    at c:\\Users\\estudiante\\.vscode\\extensions\\uqbar.wollok-lsp-ide-0.5.4\\out\\server\\src\\server.js:2353:13026\n    at Array.map (<anonymous>)\n    at U1n (c:\\Users\\estudiante\\.vscode\\extensions\\uqbar.wollok-lsp-ide-0.5.4\\out\\server\\src\\server.js:2353:12950)\n    at H2.buildEnvironmentFrom (c:\\Users\\estudiante\\.vscode\\extensions\\uqbar.wollok-lsp-ide-0.5.4\\out\\server\\src\\server.js:2398:5254)\n    at H2.updateEnvironmentWith (c:\\Users\\estudiante\\.vscode\\extensions\\uqbar.wollok-lsp-ide-0.5.4\\out\\server\\src\\server.js:2398:4989)\n    at GF (c:\\Users\\estudiante\\.vscode\\extensions\\uqbar.wollok-lsp-ide-0.5.4\\out\\server\\src\\server.js:2398:7383)\n    at V3.invoke (c:\\Users\\estudiante\\.vscode\\extensions\\uqbar.wollok-lsp-ide-0.5.4\\out\\server\\src\\server.js:3:157328)\n    at o.fire (c:\\Users\\estudiante\\.vscode\\extensions\\uqbar.wollok-lsp-ide-0.5.4\\out\\server\\src\\server.js:3:158098)\n    at c:\\Users\\estudiante\\.vscode\\extensions\\uqbar.wollok-lsp-ide-0.5.4\\out\\server\\src\\server.js:37:57871\n    at nd (c:\\Users\\estudiante\\.vscode\\extensions\\uqbar.wollok-lsp-ide-0.5.4\\out\\server\\src\\server.js:8:1561)","timestamp":"2026-05-13T23:42:08.980Z"}
{"level":"error","message":"✘ Failed to rebuild document Failed to parse src/example.wlk: \n-- PARSING FAILED --------------------------------------------------\n\n  19 | \t}\n  20 | \n> 21 | }\n     | ^\n  22 | \n  23 | \n\nExpected one of the following: \n\n' ', '@', 'class', 'const', 'describe', 'mixin', 'object', 'only', 'package', 'program', 'test', 'var', '{', EOF, comment, not \"}\r\n\r\n\r\n\r\n\t\", whitespace\n","stack":"Error: Failed to parse src/example.wlk: \n-- PARSING FAILED --------------------------------------------------\n\n  19 | \t}\n  20 | \n> 21 | }\n     | ^\n  22 | \n  23 | \n\nExpected one of the following: \n\n' ', '@', 'class', 'const', 'describe', 'mixin', 'object', 'only', 'package', 'program', 'test', 'var', '{', EOF, comment, not \"}\r\n\r\n\r\n\r\n\t\", whitespace\n\n    at c:\\Users\\estudiante\\.vscode\\extensions\\uqbar.wollok-lsp-ide-0.5.4\\out\\server\\src\\server.js:2353:13026\n    at Array.map (<anonymous>)\n    at U1n (c:\\Users\\estudiante\\.vscode\\extensions\\uqbar.wollok-lsp-ide-0.5.4\\out\\server\\src\\server.js:2353:12950)\n    at H2.buildEnvironmentFrom (c:\\Users\\estudiante\\.vscode\\extensions\\uqbar.wollok-lsp-ide-0.5.4\\out\\server\\src\\server.js:2398:5254)\n    at H2.updateEnvironmentWith (c:\\Users\\estudiante\\.vscode\\extensions\\uqbar.wollok-lsp-ide-0.5.4\\out\\server\\src\\server.js:2398:4989)\n    at GF (c:\\Users\\estudiante\\.vscode\\extensions\\uqbar.wollok-lsp-ide-0.5.4\\out\\server\\src\\server.js:2398:7383)\n    at V3.invoke (c:\\Users\\estudiante\\.vscode\\extensions\\uqbar.wollok-lsp-ide-0.5.4\\out\\server\\src\\server.js:3:157328)\n    at o.fire (c:\\Users\\estudiante\\.vscode\\extensions\\uqbar.wollok-lsp-ide-0.5.4\\out\\server\\src\\server.js:3:158098)\n    at c:\\Users\\estudiante\\.vscode\\extensions\\uqbar.wollok-lsp-ide-0.5.4\\out\\server\\src\\server.js:37:57871\n    at nd (c:\\Users\\estudiante\\.vscode\\extensions\\uqbar.wollok-lsp-ide-0.5.4\\out\\server\\src\\server.js:8:1561)","timestamp":"2026-05-13T23:42:09.460Z"}
{"level":"error","message":"✘ Failed to rebuild document Failed to parse src/example.wlk: \n-- PARSING FAILED --------------------------------------------------\n\n  19 | \t}\n  20 | \n> 21 | }\n     | ^\n  22 | \n  23 | \n\nExpected one of the following: \n\n' ', '@', 'class', 'const', 'describe', 'mixin', 'object', 'only', 'package', 'program', 'test', 'var', '{', EOF, comment, not \"}\r\n\r\n\r\n\r\n\t\", whitespace\n","stack":"Error: Failed to parse src/example.wlk: \n-- PARSING FAILED --------------------------------------------------\n\n  19 | \t}\n  20 | \n> 21 | }\n     | ^\n  22 | \n  23 | \n\nExpected one of the following: \n\n' ', '@', 'class', 'const', 'describe', 'mixin', 'object', 'only', 'package', 'program', 'test', 'var', '{', EOF, comment, not \"}\r\n\r\n\r\n\r\n\t\", whitespace\n\n    at c:\\Users\\estudiante\\.vscode\\extensions\\uqbar.wollok-lsp-ide-0.5.4\\out\\server\\src\\server.js:2353:13026\n    at Array.map (<anonymous>)\n    at U1n (c:\\Users\\estudiante\\.vscode\\extensions\\uqbar.wollok-lsp-ide-0.5.4\\out\\server\\src\\server.js:2353:12950)\n    at H2.buildEnvironmentFrom (c:\\Users\\estudiante\\.vscode\\extensions\\uqbar.wollok-lsp-ide-0.5.4\\out\\server\\src\\server.js:2398:5254)\n    at H2.updateEnvironmentWith (c:\\Users\\estudiante\\.vscode\\extensions\\uqbar.wollok-lsp-ide-0.5.4\\out\\server\\src\\server.js:2398:4989)\n    at GF (c:\\Users\\estudiante\\.vscode\\extensions\\uqbar.wollok-lsp-ide-0.5.4\\out\\server\\src\\server.js:2398:7383)\n    at V3.invoke (c:\\Users\\estudiante\\.vscode\\extensions\\uqbar.wollok-lsp-ide-0.5.4\\out\\server\\src\\server.js:3:157328)\n    at o.fire (c:\\Users\\estudiante\\.vscode\\extensions\\uqbar.wollok-lsp-ide-0.5.4\\out\\server\\src\\server.js:3:158098)\n    at c:\\Users\\estudiante\\.vscode\\extensions\\uqbar.wollok-lsp-ide-0.5.4\\out\\server\\src\\server.js:37:57871\n    at nd (c:\\Users\\estudiante\\.vscode\\extensions\\uqbar.wollok-lsp-ide-0.5.4\\out\\server\\src\\server.js:8:1561)","timestamp":"2026-05-13T23:42:10.131Z"}
{"level":"error","message":"✘ Failed to rebuild document Failed to parse src/example.wlk: \n-- PARSING FAILED --------------------------------------------------\n\n  19 | \t}\n  20 | \n> 21 | }\n     | ^\n  22 | \n  23 | \n\nExpected one of the following: \n\n' ', '@', 'class', 'const', 'describe', 'mixin', 'object', 'only', 'package', 'program', 'test', 'var', '{', EOF, comment, not \"}\r\n\r\n\r\n\r\n\t\", whitespace\n","stack":"Error: Failed to parse src/example.wlk: \n-- PARSING FAILED --------------------------------------------------\n\n  19 | \t}\n  20 | \n> 21 | }\n     | ^\n  22 | \n  23 | \n\nExpected one of the following: \n\n' ', '@', 'class', 'const', 'describe', 'mixin', 'object', 'only', 'package', 'program', 'test', 'var', '{', EOF, comment, not \"}\r\n\r\n\r\n\r\n\t\", whitespace\n\n    at c:\\Users\\estudiante\\.vscode\\extensions\\uqbar.wollok-lsp-ide-0.5.4\\out\\server\\src\\server.js:2353:13026\n    at Array.map (<anonymous>)\n    at U1n (c:\\Users\\estudiante\\.vscode\\extensions\\uqbar.wollok-lsp-ide-0.5.4\\out\\server\\src\\server.js:2353:12950)\n    at H2.buildEnvironmentFrom (c:\\Users\\estudiante\\.vscode\\extensions\\uqbar.wollok-lsp-ide-0.5.4\\out\\server\\src\\server.js:2398:5254)\n    at H2.updateEnvironmentWith (c:\\Users\\estudiante\\.vscode\\extensions\\uqbar.wollok-lsp-ide-0.5.4\\out\\server\\src\\server.js:2398:4989)\n    at GF (c:\\Users\\estudiante\\.vscode\\extensions\\uqbar.wollok-lsp-ide-0.5.4\\out\\server\\src\\server.js:2398:7383)\n    at V3.invoke (c:\\Users\\estudiante\\.vscode\\extensions\\uqbar.wollok-lsp-ide-0.5.4\\out\\server\\src\\server.js:3:157328)\n    at o.fire (c:\\Users\\estudiante\\.vscode\\extensions\\uqbar.wollok-lsp-ide-0.5.4\\out\\server\\src\\server.js:3:158098)\n    at c:\\Users\\estudiante\\.vscode\\extensions\\uqbar.wollok-lsp-ide-0.5.4\\out\\server\\src\\server.js:37:57871\n    at nd (c:\\Users\\estudiante\\.vscode\\extensions\\uqbar.wollok-lsp-ide-0.5.4\\out\\server\\src\\server.js:8:1561)","timestamp":"2026-05-13T23:42:10.769Z"}
{"level":"error","message":"✘ Failed to rebuild document Failed to parse src/example.wlk: \n-- PARSING FAILED --------------------------------------------------\n\n  19 | \t}\n  20 | \n> 21 | }\n     | ^\n  22 | \n  23 | \n\nExpected one of the following: \n\n' ', '@', 'class', 'const', 'describe', 'mixin', 'object', 'only', 'package', 'program', 'test', 'var', '{', EOF, comment, not \"}\r\n\r\n\r\n\r\n\t\", whitespace\n","stack":"Error: Failed to parse src/example.wlk: \n-- PARSING FAILED --------------------------------------------------\n\n  19 | \t}\n  20 | \n> 21 | }\n     | ^\n  22 | \n  23 | \n\nExpected one of the following: \n\n' ', '@', 'class', 'const', 'describe', 'mixin', 'object', 'only', 'package', 'program', 'test', 'var', '{', EOF, comment, not \"}\r\n\r\n\r\n\r\n\t\", whitespace\n\n    at c:\\Users\\estudiante\\.vscode\\extensions\\uqbar.wollok-lsp-ide-0.5.4\\out\\server\\src\\server.js:2353:13026\n    at Array.map (<anonymous>)\n    at U1n (c:\\Users\\estudiante\\.vscode\\extensions\\uqbar.wollok-lsp-ide-0.5.4\\out\\server\\src\\server.js:2353:12950)\n    at H2.buildEnvironmentFrom (c:\\Users\\estudiante\\.vscode\\extensions\\uqbar.wollok-lsp-ide-0.5.4\\out\\server\\src\\server.js:2398:5254)\n    at H2.updateEnvironmentWith (c:\\Users\\estudiante\\.vscode\\extensions\\uqbar.wollok-lsp-ide-0.5.4\\out\\server\\src\\server.js:2398:4989)\n    at GF (c:\\Users\\estudiante\\.vscode\\extensions\\uqbar.wollok-lsp-ide-0.5.4\\out\\server\\src\\server.js:2398:7383)\n    at V3.invoke (c:\\Users\\estudiante\\.vscode\\extensions\\uqbar.wollok-lsp-ide-0.5.4\\out\\server\\src\\server.js:3:157328)\n    at o.fire (c:\\Users\\estudiante\\.vscode\\extensions\\uqbar.wollok-lsp-ide-0.5.4\\out\\server\\src\\server.js:3:158098)\n    at c:\\Users\\estudiante\\.vscode\\extensions\\uqbar.wollok-lsp-ide-0.5.4\\out\\server\\src\\server.js:37:57871\n    at nd (c:\\Users\\estudiante\\.vscode\\extensions\\uqbar.wollok-lsp-ide-0.5.4\\out\\server\\src\\server.js:8:1561)","timestamp":"2026-05-13T23:42:11.349Z"}
{"level":"error","message":"✘ Failed to rebuild document Failed to parse src/example.wlk: \n-- PARSING FAILED --------------------------------------------------\n\n  19 | \t}\n  20 | \n> 21 | }\n     | ^\n  22 | \n  23 | \n\nExpected one of the following: \n\n' ', '@', 'class', 'const', 'describe', 'mixin', 'object', 'only', 'package', 'program', 'test', 'var', '{', EOF, comment, not \"}\r\n\r\n\r\n\r\n\t\", whitespace\n","stack":"Error: Failed to parse src/example.wlk: \n-- PARSING FAILED --------------------------------------------------\n\n  19 | \t}\n  20 | \n> 21 | }\n     | ^\n  22 | \n  23 | \n\nExpected one of the following: \n\n' ', '@', 'class', 'const', 'describe', 'mixin', 'object', 'only', 'package', 'program', 'test', 'var', '{', EOF, comment, not \"}\r\n\r\n\r\n\r\n\t\", whitespace\n\n    at c:\\Users\\estudiante\\.vscode\\extensions\\uqbar.wollok-lsp-ide-0.5.4\\out\\server\\src\\server.js:2353:13026\n    at Array.map (<anonymous>)\n    at U1n (c:\\Users\\estudiante\\.vscode\\extensions\\uqbar.wollok-lsp-ide-0.5.4\\out\\server\\src\\server.js:2353:12950)\n    at H2.buildEnvironmentFrom (c:\\Users\\estudiante\\.vscode\\extensions\\uqbar.wollok-lsp-ide-0.5.4\\out\\server\\src\\server.js:2398:5254)\n    at H2.updateEnvironmentWith (c:\\Users\\estudiante\\.vscode\\extensions\\uqbar.wollok-lsp-ide-0.5.4\\out\\server\\src\\server.js:2398:4989)\n    at GF (c:\\Users\\estudiante\\.vscode\\extensions\\uqbar.wollok-lsp-ide-0.5.4\\out\\server\\src\\server.js:2398:7383)\n    at V3.invoke (c:\\Users\\estudiante\\.vscode\\extensions\\uqbar.wollok-lsp-ide-0.5.4\\out\\server\\src\\server.js:3:157328)\n    at o.fire (c:\\Users\\estudiante\\.vscode\\extensions\\uqbar.wollok-lsp-ide-0.5.4\\out\\server\\src\\server.js:3:158098)\n    at c:\\Users\\estudiante\\.vscode\\extensions\\uqbar.wollok-lsp-ide-0.5.4\\out\\server\\src\\server.js:37:57871\n    at nd (c:\\Users\\estudiante\\.vscode\\extensions\\uqbar.wollok-lsp-ide-0.5.4\\out\\server\\src\\server.js:8:1561)","timestamp":"2026-05-13T23:42:12.401Z"}
{"level":"error","message":"✘ Failed to rebuild document Failed to parse src/example.wlk: \n-- PARSING FAILED --------------------------------------------------\n\n  19 | \t}\n  20 | \n> 21 | }\n     | ^\n  22 | \n  23 | \n\nExpected one of the following: \n\n' ', '@', 'class', 'const', 'describe', 'mixin', 'object', 'only', 'package', 'program', 'test', 'var', '{', EOF, comment, not \"}\r\n\r\n\r\n\r\n\t\", whitespace\n","stack":"Error: Failed to parse src/example.wlk: \n-- PARSING FAILED --------------------------------------------------\n\n  19 | \t}\n  20 | \n> 21 | }\n     | ^\n  22 | \n  23 | \n\nExpected one of the following: \n\n' ', '@', 'class', 'const', 'describe', 'mixin', 'object', 'only', 'package', 'program', 'test', 'var', '{', EOF, comment, not \"}\r\n\r\n\r\n\r\n\t\", whitespace\n\n    at c:\\Users\\estudiante\\.vscode\\extensions\\uqbar.wollok-lsp-ide-0.5.4\\out\\server\\src\\server.js:2353:13026\n    at Array.map (<anonymous>)\n    at U1n (c:\\Users\\estudiante\\.vscode\\extensions\\uqbar.wollok-lsp-ide-0.5.4\\out\\server\\src\\server.js:2353:12950)\n    at H2.buildEnvironmentFrom (c:\\Users\\estudiante\\.vscode\\extensions\\uqbar.wollok-lsp-ide-0.5.4\\out\\server\\src\\server.js:2398:5254)\n    at H2.updateEnvironmentWith (c:\\Users\\estudiante\\.vscode\\extensions\\uqbar.wollok-lsp-ide-0.5.4\\out\\server\\src\\server.js:2398:4989)\n    at GF (c:\\Users\\estudiante\\.vscode\\extensions\\uqbar.wollok-lsp-ide-0.5.4\\out\\server\\src\\server.js:2398:7383)\n    at V3.invoke (c:\\Users\\estudiante\\.vscode\\extensions\\uqbar.wollok-lsp-ide-0.5.4\\out\\server\\src\\server.js:3:157328)\n    at o.fire (c:\\Users\\estudiante\\.vscode\\extensions\\uqbar.wollok-lsp-ide-0.5.4\\out\\server\\src\\server.js:3:158098)\n    at c:\\Users\\estudiante\\.vscode\\extensions\\uqbar.wollok-lsp-ide-0.5.4\\out\\server\\src\\server.js:37:57871\n    at nd (c:\\Users\\estudiante\\.vscode\\extensions\\uqbar.wollok-lsp-ide-0.5.4\\out\\server\\src\\server.js:8:1561)","timestamp":"2026-05-13T23:42:13.153Z"}
{"level":"error","message":"✘ Failed to rebuild document Failed to parse src/example.wlk: \n-- PARSING FAILED --------------------------------------------------\n\n  19 | \t}\n  20 | \n> 21 | }\n     | ^\n  22 | \n  23 | \n\nExpected one of the following: \n\n' ', '@', 'class', 'const', 'describe', 'mixin', 'object', 'only', 'package', 'program', 'test', 'var', '{', EOF, comment, not \"}\r\n\r\n\r\n\r\n\t\", whitespace\n","stack":"Error: Failed to parse src/example.wlk: \n-- PARSING FAILED --------------------------------------------------\n\n  19 | \t}\n  20 | \n> 21 | }\n     | ^\n  22 | \n  23 | \n\nExpected one of the following: \n\n' ', '@', 'class', 'const', 'describe', 'mixin', 'object', 'only', 'package', 'program', 'test', 'var', '{', EOF, comment, not \"}\r\n\r\n\r\n\r\n\t\", whitespace\n\n    at c:\\Users\\estudiante\\.vscode\\extensions\\uqbar.wollok-lsp-ide-0.5.4\\out\\server\\src\\server.js:2353:13026\n    at Array.map (<anonymous>)\n    at U1n (c:\\Users\\estudiante\\.vscode\\extensions\\uqbar.wollok-lsp-ide-0.5.4\\out\\server\\src\\server.js:2353:12950)\n    at H2.buildEnvironmentFrom (c:\\Users\\estudiante\\.vscode\\extensions\\uqbar.wollok-lsp-ide-0.5.4\\out\\server\\src\\server.js:2398:5254)\n    at H2.updateEnvironmentWith (c:\\Users\\estudiante\\.vscode\\extensions\\uqbar.wollok-lsp-ide-0.5.4\\out\\server\\src\\server.js:2398:4989)\n    at GF (c:\\Users\\estudiante\\.vscode\\extensions\\uqbar.wollok-lsp-ide-0.5.4\\out\\server\\src\\server.js:2398:7383)\n    at V3.invoke (c:\\Users\\estudiante\\.vscode\\extensions\\uqbar.wollok-lsp-ide-0.5.4\\out\\server\\src\\server.js:3:157328)\n    at o.fire (c:\\Users\\estudiante\\.vscode\\extensions\\uqbar.wollok-lsp-ide-0.5.4\\out\\server\\src\\server.js:3:158098)\n    at c:\\Users\\estudiante\\.vscode\\extensions\\uqbar.wollok-lsp-ide-0.5.4\\out\\server\\src\\server.js:37:57871\n    at nd (c:\\Users\\estudiante\\.vscode\\extensions\\uqbar.wollok-lsp-ide-0.5.4\\out\\server\\src\\server.js:8:1561)","timestamp":"2026-05-13T23:42:13.914Z"}
{"level":"error","message":"✘ Failed to rebuild document Failed to parse src/example.wlk: \n-- PARSING FAILED --------------------------------------------------\n\n  19 | \t}\n  20 | \n> 21 | }\n     | ^\n  22 | \n  23 | \n\nExpected one of the following: \n\n' ', '@', 'class', 'const', 'describe', 'mixin', 'object', 'only', 'package', 'program', 'test', 'var', '{', EOF, comment, not \"}\r\n\r\n\r\n\r\n\t\", whitespace\n","stack":"Error: Failed to parse src/example.wlk: \n-- PARSING FAILED --------------------------------------------------\n\n  19 | \t}\n  20 | \n> 21 | }\n     | ^\n  22 | \n  23 | \n\nExpected one of the following: \n\n' ', '@', 'class', 'const', 'describe', 'mixin', 'object', 'only', 'package', 'program', 'test', 'var', '{', EOF, comment, not \"}\r\n\r\n\r\n\r\n\t\", whitespace\n\n    at c:\\Users\\estudiante\\.vscode\\extensions\\uqbar.wollok-lsp-ide-0.5.4\\out\\server\\src\\server.js:2353:13026\n    at Array.map (<anonymous>)\n    at U1n (c:\\Users\\estudiante\\.vscode\\extensions\\uqbar.wollok-lsp-ide-0.5.4\\out\\server\\src\\server.js:2353:12950)\n    at H2.buildEnvironmentFrom (c:\\Users\\estudiante\\.vscode\\extensions\\uqbar.wollok-lsp-ide-0.5.4\\out\\server\\src\\server.js:2398:5254)\n    at H2.updateEnvironmentWith (c:\\Users\\estudiante\\.vscode\\extensions\\uqbar.wollok-lsp-ide-0.5.4\\out\\server\\src\\server.js:2398:4989)\n    at GF (c:\\Users\\estudiante\\.vscode\\extensions\\uqbar.wollok-lsp-ide-0.5.4\\out\\server\\src\\server.js:2398:7383)\n    at V3.invoke (c:\\Users\\estudiante\\.vscode\\extensions\\uqbar.wollok-lsp-ide-0.5.4\\out\\server\\src\\server.js:3:157328)\n    at o.fire (c:\\Users\\estudiante\\.vscode\\extensions\\uqbar.wollok-lsp-ide-0.5.4\\out\\server\\src\\server.js:3:158098)\n    at c:\\Users\\estudiante\\.vscode\\extensions\\uqbar.wollok-lsp-ide-0.5.4\\out\\server\\src\\server.js:37:57871\n    at nd (c:\\Users\\estudiante\\.vscode\\extensions\\uqbar.wollok-lsp-ide-0.5.4\\out\\server\\src\\server.js:8:1561)","timestamp":"2026-05-13T23:42:14.687Z"}
{"level":"info","message":"⌛ Building environment","timeElapsed":356,"timestamp":"2026-05-13T23:42:17.870Z"}
{"level":"info","message":"⌛ Validating src/example.wlk","timeElapsed":129,"timestamp":"2026-05-13T23:42:18.009Z"}
{"level":"info","message":"⌛ Building environment","timeElapsed":202,"timestamp":"2026-05-13T23:42:23.555Z"}
{"level":"info","message":"⌛ Validating src/example.wlk","timeElapsed":206,"timestamp":"2026-05-13T23:42:23.763Z"}
{"level":"info","message":"⌛ Building environment","timeElapsed":199,"timestamp":"2026-05-13T23:42:25.882Z"}
{"level":"error","message":"✘ Completions for node Return (undefined - src/example.wlk) failed: Error: [Return]{ded068} at src/example.wlk:-- exhausted all cases without a match [Return]{ded068} at src/example.wlk:-- exhausted all cases without a match","stack":"Error: [Return]{ded068} at src/example.wlk:-- exhausted all cases without a match\n    at c:\\Users\\estudiante\\.vscode\\extensions\\uqbar.wollok-lsp-ide-0.5.4\\out\\server\\src\\server.js:38:6142\n    at L2 (c:\\Users\\estudiante\\.vscode\\extensions\\uqbar.wollok-lsp-ide-0.5.4\\out\\server\\src\\server.js:2389:42)\n    at Jh (c:\\Users\\estudiante\\.vscode\\extensions\\uqbar.wollok-lsp-ide-0.5.4\\out\\server\\src\\server.js:2389:1092)\n    at M5n (c:\\Users\\estudiante\\.vscode\\extensions\\uqbar.wollok-lsp-ide-0.5.4\\out\\server\\src\\server.js:2389:1248)\n    at c:\\Users\\estudiante\\.vscode\\extensions\\uqbar.wollok-lsp-ide-0.5.4\\out\\server\\src\\server.js:38:6131\n    at L2 (c:\\Users\\estudiante\\.vscode\\extensions\\uqbar.wollok-lsp-ide-0.5.4\\out\\server\\src\\server.js:2389:42)\n    at c:\\Users\\estudiante\\.vscode\\extensions\\uqbar.wollok-lsp-ide-0.5.4\\out\\server\\src\\server.js:2389:2988\n    at c:\\Users\\estudiante\\.vscode\\extensions\\uqbar.wollok-lsp-ide-0.5.4\\out\\server\\src\\server.js:2398:8440\n    at c:\\Users\\estudiante\\.vscode\\extensions\\uqbar.wollok-lsp-ide-0.5.4\\out\\server\\src\\server.js:37:74872\n    at Ke (c:\\Users\\estudiante\\.vscode\\extensions\\uqbar.wollok-lsp-ide-0.5.4\\out\\server\\src\\server.js:7:8527)","timestamp":"2026-05-13T23:42:25.944Z"}
{"level":"info","message":"⌛ Validating src/example.wlk","timeElapsed":184,"timestamp":"2026-05-13T23:42:26.140Z"}
{"level":"info","message":"⌛ Building environment","timeElapsed":101,"timestamp":"2026-05-13T23:42:26.290Z"}
{"level":"info","message":"⌛ Validating src/example.wlk","timeElapsed":136,"timestamp":"2026-05-13T23:42:26.427Z"}
{"level":"info","message":"⌛ Validating src/example.wlk","timeElapsed":272,"timestamp":"2026-05-13T23:42:26.889Z"}
{"level":"info","message":"⌛ Building environment","timeElapsed":126,"timestamp":"2026-05-13T23:42:27.015Z"}
{"level":"info","message":"⌛ Building environment","timeElapsed":112,"timestamp":"2026-05-13T23:42:27.128Z"}
{"level":"info","message":"⌛ Validating src/example.wlk","timeElapsed":207,"timestamp":"2026-05-13T23:42:27.336Z"}
{"level":"info","message":"⌛ Validating src/example.wlk","timeElapsed":167,"timestamp":"2026-05-13T23:42:27.506Z"}
{"level":"info","message":"⌛ Building environment","timeElapsed":235,"timestamp":"2026-05-13T23:42:27.971Z"}
{"level":"info","message":"⌛ Validating src/example.wlk","timeElapsed":248,"timestamp":"2026-05-13T23:42:28.221Z"}
{"level":"info","message":"⌛ Building environment","timeElapsed":111,"timestamp":"2026-05-13T23:42:28.338Z"}
{"level":"info","message":"⌛ Validating src/example.wlk","timeElapsed":122,"timestamp":"2026-05-13T23:42:28.472Z"}
{"level":"info","message":"⌛ Building environment","timeElapsed":208,"timestamp":"2026-05-13T23:42:28.906Z"}
{"level":"info","message":"⌛ Validating src/example.wlk","timeElapsed":163,"timestamp":"2026-05-13T23:42:29.147Z"}
{"level":"info","message":"⌛ Building environment","timeElapsed":273,"timestamp":"2026-05-13T23:42:43.386Z"}
{"level":"info","message":"⌛ Building environment","timeElapsed":124,"timestamp":"2026-05-13T23:42:43.511Z"}
{"level":"info","message":"⌛ Building environment","timeElapsed":225,"timestamp":"2026-05-13T23:42:43.738Z"}
{"level":"info","message":"⌛ Validating src/example.wlk","timeElapsed":122,"timestamp":"2026-05-13T23:42:43.861Z"}
{"level":"info","message":"⌛ Building environment","timeElapsed":200,"timestamp":"2026-05-13T23:42:44.075Z"}
{"level":"info","message":"⌛ Validating src/example.wlk","timeElapsed":306,"timestamp":"2026-05-13T23:42:44.391Z"}
{"level":"info","message":"⌛ Validating src/example.wlk","timeElapsed":170,"timestamp":"2026-05-13T23:42:44.568Z"}
{"level":"info","message":"⌛ Validating src/example.wlk","timeElapsed":132,"timestamp":"2026-05-13T23:42:44.702Z"}
{"level":"info","message":"⌛ Building environment","timeElapsed":148,"timestamp":"2026-05-13T23:42:44.853Z"}
{"level":"info","message":"⌛ Building environment","timeElapsed":288,"timestamp":"2026-05-13T23:42:45.159Z"}
{"level":"info","message":"⌛ Validating src/example.wlk","timeElapsed":184,"timestamp":"2026-05-13T23:42:45.391Z"}
{"level":"info","message":"⌛ Validating src/example.wlk","timeElapsed":246,"timestamp":"2026-05-13T23:42:45.667Z"}
{"level":"info","message":"⌛ Building environment","timeElapsed":210,"timestamp":"2026-05-13T23:42:49.527Z"}
{"level":"info","message":"⌛ Validating src/example.wlk","timeElapsed":136,"timestamp":"2026-05-13T23:42:49.672Z"}
{"level":"info","message":"⌛ Building environment","timeElapsed":223,"timestamp":"2026-05-13T23:42:52.192Z"}
{"level":"info","message":"⌛ Validating src/example.wlk","timeElapsed":227,"timestamp":"2026-05-13T23:42:52.441Z"}
{"level":"info","message":"⌛ Building environment","timeElapsed":238,"timestamp":"2026-05-13T23:44:26.061Z"}
{"level":"info","message":"⌛ Validating src/example.wlk","timeElapsed":188,"timestamp":"2026-05-13T23:44:26.252Z"}
{"level":"info","message":"⌛ Building environment","timeElapsed":243,"timestamp":"2026-05-13T23:44:28.990Z"}
{"level":"info","message":"⌛ Building environment","timeElapsed":132,"timestamp":"2026-05-13T23:44:29.128Z"}
{"level":"info","message":"⌛ Building environment","timeElapsed":159,"timestamp":"2026-05-13T23:44:29.357Z"}
{"level":"info","message":"⌛ Validating src/example.wlk","timeElapsed":210,"timestamp":"2026-05-13T23:44:29.573Z"}
{"level":"info","message":"⌛ Building environment","timeElapsed":256,"timestamp":"2026-05-13T23:44:29.833Z"}
{"level":"info","message":"⌛ Validating src/example.wlk","timeElapsed":188,"timestamp":"2026-05-13T23:44:30.030Z"}
{"level":"info","message":"⌛ Building environment","timeElapsed":136,"timestamp":"2026-05-13T23:44:30.167Z"}
{"level":"info","message":"⌛ Building environment","timeElapsed":107,"timestamp":"2026-05-13T23:44:30.276Z"}
{"level":"error","message":"✘ Completions for node Return ([20:4, 20:10] - src/example.wlk) failed: Error: [Return]{4a906d} at src/example.wlk:20 exhausted all cases without a match [Return]{4a906d} at src/example.wlk:20 exhausted all cases without a match","stack":"Error: [Return]{4a906d} at src/example.wlk:20 exhausted all cases without a match\n    at c:\\Users\\estudiante\\.vscode\\extensions\\uqbar.wollok-lsp-ide-0.5.4\\out\\server\\src\\server.js:38:6142\n    at L2 (c:\\Users\\estudiante\\.vscode\\extensions\\uqbar.wollok-lsp-ide-0.5.4\\out\\server\\src\\server.js:2389:42)\n    at c:\\Users\\estudiante\\.vscode\\extensions\\uqbar.wollok-lsp-ide-0.5.4\\out\\server\\src\\server.js:2389:2988\n    at c:\\Users\\estudiante\\.vscode\\extensions\\uqbar.wollok-lsp-ide-0.5.4\\out\\server\\src\\server.js:2398:8440\n    at c:\\Users\\estudiante\\.vscode\\extensions\\uqbar.wollok-lsp-ide-0.5.4\\out\\server\\src\\server.js:37:74872\n    at Ke (c:\\Users\\estudiante\\.vscode\\extensions\\uqbar.wollok-lsp-ide-0.5.4\\out\\server\\src\\server.js:7:8527)\n    at Lt (c:\\Users\\estudiante\\.vscode\\extensions\\uqbar.wollok-lsp-ide-0.5.4\\out\\server\\src\\server.js:7:6189)\n    at ct (c:\\Users\\estudiante\\.vscode\\extensions\\uqbar.wollok-lsp-ide-0.5.4\\out\\server\\src\\server.js:7:6378)\n    at Immediate._onImmediate (c:\\Users\\estudiante\\.vscode\\extensions\\uqbar.wollok-lsp-ide-0.5.4\\out\\server\\src\\server.js:7:6142)\n    at process.processImmediate (node:internal/timers:484:21)","timestamp":"2026-05-13T23:44:30.393Z"}
{"level":"info","message":"⌛ Validating src/example.wlk","timeElapsed":353,"timestamp":"2026-05-13T23:44:30.750Z"}
{"level":"info","message":"⌛ Building environment","timeElapsed":124,"timestamp":"2026-05-13T23:44:30.891Z"}
{"level":"info","message":"⌛ Validating src/example.wlk","timeElapsed":155,"timestamp":"2026-05-13T23:44:31.051Z"}
{"level":"info","message":"⌛ Building environment","timeElapsed":203,"timestamp":"2026-05-13T23:44:31.255Z"}
{"level":"info","message":"⌛ Building environment","timeElapsed":104,"timestamp":"2026-05-13T23:44:31.460Z"}
{"level":"info","message":"⌛ Validating src/example.wlk","timeElapsed":184,"timestamp":"2026-05-13T23:44:31.646Z"}
{"level":"info","message":"⌛ Validating src/example.wlk","timeElapsed":272,"timestamp":"2026-05-13T23:44:31.946Z"}
{"level":"info","message":"⌛ Building environment","timeElapsed":213,"timestamp":"2026-05-13T23:44:32.160Z"}
{"level":"info","message":"⌛ Building environment","timeElapsed":265,"timestamp":"2026-05-13T23:44:32.427Z"}
{"level":"info","message":"⌛ Validating src/example.wlk","timeElapsed":283,"timestamp":"2026-05-13T23:44:32.767Z"}
{"level":"error","message":"✘ Completions for node Return ([20:4, 20:17] - src/example.wlk) failed: Error: [Return]{e83354} at src/example.wlk:20 exhausted all cases without a match [Return]{e83354} at src/example.wlk:20 exhausted all cases without a match","stack":"Error: [Return]{e83354} at src/example.wlk:20 exhausted all cases without a match\n    at c:\\Users\\estudiante\\.vscode\\extensions\\uqbar.wollok-lsp-ide-0.5.4\\out\\server\\src\\server.js:38:6142\n    at L2 (c:\\Users\\estudiante\\.vscode\\extensions\\uqbar.wollok-lsp-ide-0.5.4\\out\\server\\src\\server.js:2389:42)\n    at Jh (c:\\Users\\estudiante\\.vscode\\extensions\\uqbar.wollok-lsp-ide-0.5.4\\out\\server\\src\\server.js:2389:1092)\n    at M5n (c:\\Users\\estudiante\\.vscode\\extensions\\uqbar.wollok-lsp-ide-0.5.4\\out\\server\\src\\server.js:2389:1248)\n    at c:\\Users\\estudiante\\.vscode\\extensions\\uqbar.wollok-lsp-ide-0.5.4\\out\\server\\src\\server.js:38:6131\n    at L2 (c:\\Users\\estudiante\\.vscode\\extensions\\uqbar.wollok-lsp-ide-0.5.4\\out\\server\\src\\server.js:2389:42)\n    at c:\\Users\\estudiante\\.vscode\\extensions\\uqbar.wollok-lsp-ide-0.5.4\\out\\server\\src\\server.js:2389:2988\n    at c:\\Users\\estudiante\\.vscode\\extensions\\uqbar.wollok-lsp-ide-0.5.4\\out\\server\\src\\server.js:2398:8440\n    at c:\\Users\\estudiante\\.vscode\\extensions\\uqbar.wollok-lsp-ide-0.5.4\\out\\server\\src\\server.js:37:74872\n    at Ke (c:\\Users\\estudiante\\.vscode\\extensions\\uqbar.wollok-lsp-ide-0.5.4\\out\\server\\src\\server.js:7:8527)","timestamp":"2026-05-13T23:44:32.875Z"}
{"level":"info","message":"⌛ Building environment","timeElapsed":210,"timestamp":"2026-05-13T23:44:33.090Z"}
{"level":"info","message":"⌛ Building environment","timeElapsed":113,"timestamp":"2026-05-13T23:44:33.204Z"}
{"level":"info","message":"⌛ Validating src/example.wlk","timeElapsed":312,"timestamp":"2026-05-13T23:44:33.518Z"}
{"level":"info","message":"⌛ Validating src/example.wlk","timeElapsed":214,"timestamp":"2026-05-13T23:44:33.734Z"}
{"level":"info","message":"⌛ Validating src/example.wlk","timeElapsed":184,"timestamp":"2026-05-13T23:44:33.919Z"}
{"level":"info","message":"⌛ Building environment","timeElapsed":188,"timestamp":"2026-05-13T23:44:34.109Z"}
{"level":"info","message":"⌛ Validating src/example.wlk","timeElapsed":127,"timestamp":"2026-05-13T23:44:34.263Z"}
{"level":"info","message":"⌛ Validating src/example.wlk","timeElapsed":147,"timestamp":"2026-05-13T23:44:34.416Z"}
{"level":"info","message":"⌛ Building environment","timeElapsed":143,"timestamp":"2026-05-13T23:44:34.643Z"}
{"level":"info","message":"⌛ Building environment","timeElapsed":154,"timestamp":"2026-05-13T23:44:34.799Z"}
{"level":"info","message":"⌛ Validating src/example.wlk","timeElapsed":140,"timestamp":"2026-05-13T23:44:34.955Z"}
{"level":"info","message":"⌛ Building environment","timeElapsed":177,"timestamp":"2026-05-13T23:44:35.137Z"}
{"level":"info","message":"⌛ Building environment","timeElapsed":222,"timestamp":"2026-05-13T23:44:35.472Z"}
{"level":"info","message":"⌛ Validating src/example.wlk","timeElapsed":230,"timestamp":"2026-05-13T23:44:35.793Z"}
{"level":"info","message":"⌛ Validating src/example.wlk","timeElapsed":216,"timestamp":"2026-05-13T23:44:36.009Z"}
{"level":"info","message":"⌛ Building environment","timeElapsed":153,"timestamp":"2026-05-13T23:44:36.184Z"}
{"level":"info","message":"⌛ Building environment","timeElapsed":140,"timestamp":"2026-05-13T23:44:36.333Z"}
{"level":"info","message":"⌛ Building environment","timeElapsed":296,"timestamp":"2026-05-13T23:44:36.675Z"}
{"level":"info","message":"⌛ Building environment","timeElapsed":137,"timestamp":"2026-05-13T23:44:36.816Z"}
{"level":"info","message":"⌛ Validating src/example.wlk","timeElapsed":151,"timestamp":"2026-05-13T23:44:36.990Z"}
{"level":"info","message":"⌛ Validating src/example.wlk","timeElapsed":146,"timestamp":"2026-05-13T23:44:37.143Z"}
{"level":"info","message":"⌛ Validating src/example.wlk","timeElapsed":228,"timestamp":"2026-05-13T23:44:37.377Z"}
{"level":"info","message":"⌛ Validating src/example.wlk","timeElapsed":160,"timestamp":"2026-05-13T23:44:37.542Z"}
{"level":"info","message":"⌛ Validating src/example.wlk","timeElapsed":249,"timestamp":"2026-05-13T23:44:37.796Z"}
{"level":"info","message":"⌛ Validating src/example.wlk","timeElapsed":116,"timestamp":"2026-05-13T23:44:37.916Z"}
{"level":"info","message":"⌛ Validating src/example.wlk","timeElapsed":344,"timestamp":"2026-05-13T23:44:38.433Z"}
{"level":"info","message":"⌛ Validating src/example.wlk","timeElapsed":189,"timestamp":"2026-05-13T23:44:38.638Z"}
{"level":"info","message":"⌛ Building environment","timeElapsed":234,"timestamp":"2026-05-13T23:44:38.879Z"}
{"level":"info","message":"⌛ Building environment","timeElapsed":339,"timestamp":"2026-05-13T23:44:39.369Z"}
{"level":"info","message":"⌛ Building environment","timeElapsed":139,"timestamp":"2026-05-13T23:44:39.515Z"}
{"level":"info","message":"⌛ Validating src/example.wlk","timeElapsed":153,"timestamp":"2026-05-13T23:44:39.669Z"}
{"level":"info","message":"⌛ Building environment","timeElapsed":196,"timestamp":"2026-05-13T23:44:39.908Z"}
{"level":"info","message":"⌛ Validating src/example.wlk","timeElapsed":239,"timestamp":"2026-05-13T23:44:40.148Z"}
{"level":"info","message":"⌛ Building environment","timeElapsed":236,"timestamp":"2026-05-13T23:44:40.387Z"}
{"level":"info","message":"⌛ Validating src/example.wlk","timeElapsed":181,"timestamp":"2026-05-13T23:44:40.655Z"}
{"level":"info","message":"⌛ Validating src/example.wlk","timeElapsed":263,"timestamp":"2026-05-13T23:44:40.918Z"}
{"level":"info","message":"⌛ Validating src/example.wlk","timeElapsed":121,"timestamp":"2026-05-13T23:44:41.054Z"}
{"level":"info","message":"⌛ Validating src/example.wlk","timeElapsed":104,"timestamp":"2026-05-13T23:44:41.162Z"}
{"level":"info","message":"⌛ Validating src/example.wlk","timeElapsed":150,"timestamp":"2026-05-13T23:44:41.345Z"}
{"level":"info","message":"⌛ Validating src/example.wlk","timeElapsed":182,"timestamp":"2026-05-13T23:44:41.528Z"}
{"level":"info","message":"⌛ Validating src/example.wlk","timeElapsed":154,"timestamp":"2026-05-13T23:44:41.684Z"}
{"level":"info","message":"⌛ Validating src/example.wlk","timeElapsed":249,"timestamp":"2026-05-13T23:44:41.934Z"}
{"level":"info","message":"⌛ Validating src/example.wlk","timeElapsed":184,"timestamp":"2026-05-13T23:44:42.140Z"}
{"level":"info","message":"⌛ Validating src/example.wlk","timeElapsed":157,"timestamp":"2026-05-13T23:44:42.307Z"}
{"level":"info","message":"⌛ Building environment","timeElapsed":122,"timestamp":"2026-05-13T23:44:42.433Z"}
{"level":"info","message":"⌛ Validating src/example.wlk","timeElapsed":241,"timestamp":"2026-05-13T23:44:42.781Z"}
{"level":"info","message":"⌛ Validating src/example.wlk","timeElapsed":122,"timestamp":"2026-05-13T23:44:42.942Z"}
{"level":"info","message":"⌛ Building environment","timeElapsed":158,"timestamp":"2026-05-13T23:46:06.960Z"}
{"level":"info","message":"⌛ Validating src/example.wlk","timeElapsed":186,"timestamp":"2026-05-13T23:46:07.148Z"}
{"level":"info","message":"⌛ Building environment","timeElapsed":138,"timestamp":"2026-05-13T23:46:08.218Z"}
{"level":"info","message":"⌛ Validating src/example.wlk","timeElapsed":193,"timestamp":"2026-05-13T23:46:08.413Z"}
{"level":"info","message":"⌛ Building environment","timeElapsed":136,"timestamp":"2026-05-13T23:47:48.158Z"}
{"level":"info","message":"⌛ Validating src/example.wlk","timeElapsed":182,"timestamp":"2026-05-13T23:47:48.381Z"}
{"level":"error","message":"✘ Failed to rebuild document Failed to parse src/example.wlk: \n-- PARSING FAILED --------------------------------------------------\n\n  21 | \t}\n  22 | \n> 23 | }\n     | ^\n  24 | \n  25 | \n\nExpected one of the following: \n\n' ', '@', 'class', 'const', 'describe', 'mixin', 'object', 'only', 'package', 'program', 'test', 'var', '{', EOF, comment, not \"}\r\n\r\n\r\n\r\n\t\", whitespace\n","stack":"Error: Failed to parse src/example.wlk: \n-- PARSING FAILED --------------------------------------------------\n\n  21 | \t}\n  22 | \n> 23 | }\n     | ^\n  24 | \n  25 | \n\nExpected one of the following: \n\n' ', '@', 'class', 'const', 'describe', 'mixin', 'object', 'only', 'package', 'program', 'test', 'var', '{', EOF, comment, not \"}\r\n\r\n\r\n\r\n\t\", whitespace\n\n    at c:\\Users\\estudiante\\.vscode\\extensions\\uqbar.wollok-lsp-ide-0.5.4\\out\\server\\src\\server.js:2353:13026\n    at Array.map (<anonymous>)\n    at U1n (c:\\Users\\estudiante\\.vscode\\extensions\\uqbar.wollok-lsp-ide-0.5.4\\out\\server\\src\\server.js:2353:12950)\n    at H2.buildEnvironmentFrom (c:\\Users\\estudiante\\.vscode\\extensions\\uqbar.wollok-lsp-ide-0.5.4\\out\\server\\src\\server.js:2398:5254)\n    at H2.updateEnvironmentWith (c:\\Users\\estudiante\\.vscode\\extensions\\uqbar.wollok-lsp-ide-0.5.4\\out\\server\\src\\server.js:2398:4989)\n    at GF (c:\\Users\\estudiante\\.vscode\\extensions\\uqbar.wollok-lsp-ide-0.5.4\\out\\server\\src\\server.js:2398:7383)\n    at V3.invoke (c:\\Users\\estudiante\\.vscode\\extensions\\uqbar.wollok-lsp-ide-0.5.4\\out\\server\\src\\server.js:3:157328)\n    at o.fire (c:\\Users\\estudiante\\.vscode\\extensions\\uqbar.wollok-lsp-ide-0.5.4\\out\\server\\src\\server.js:3:158098)\n    at c:\\Users\\estudiante\\.vscode\\extensions\\uqbar.wollok-lsp-ide-0.5.4\\out\\server\\src\\server.js:37:57871\n    at nd (c:\\Users\\estudiante\\.vscode\\extensions\\uqbar.wollok-lsp-ide-0.5.4\\out\\server\\src\\server.js:8:1561)","timestamp":"2026-05-13T23:47:50.235Z"}
{"level":"info","message":"⌛ Building environment","timeElapsed":222,"timestamp":"2026-05-13T23:47:54.688Z"}
{"level":"info","message":"⌛ Validating src/example.wlk","timeElapsed":172,"timestamp":"2026-05-13T23:47:54.864Z"}
{"level":"error","message":"✘ Failed to get type description: Error: Failed to print, found malformed node Failed to print, found malformed node","node":{"id":"b4a774e6-7583-401a-845b-6f427cd6e151","metadata":[],"problems":[{"code":"malformedSentence","sourceMap":{"end":{"column":59,"line":18,"offset":485},"start":{"column":52,"line":18,"offset":478}}}],"scope":{"containerScope":{"containerScope":{"containerScope":{"containerScope":{"containerScope":{"contributions":{},"includedScopes":[]},"contributions":{},"includedScopes":[]},"contributions":{},"includedScopes":[]},"contributions":{},"includedScopes":[{"containerScope":{"containerScope":{"containerScope":{"contributions":{},"includedScopes":[]},"contributions":{},"includedScopes":[]},"contributions":{},"includedScopes":[]},"contributions":{},"includedScopes":[]}]},"contributions":{},"includedScopes":[]},"contributions":{},"includedScopes":[]},"sentences":[{"id":"aa8dff8e-0f65-4e7c-a4a0-83283b0a9612","isConstant":false,"metadata":[],"name":"notasDeMateriasAprobadas","scope":{"containerScope":{"containerScope":{"containerScope":{"containerScope":{"containerScope":{"containerScope":{"contributions":{},"includedScopes":[]},"contributions":{},"includedScopes":[]},"contributions":{},"includedScopes":[]},"contributions":{},"includedScopes":[{"containerScope":{"containerScope":{"containerScope":{"contributions":{},"includedScopes":[]},"contributions":{},"includedScopes":[]},"contributions":{},"includedScopes":[]},"contributions":{},"includedScopes":[]}]},"contributions":{},"includedScopes":[]},"contributions":{},"includedScopes":[]},"contributions":{},"includedScopes":[]},"sourceMap":{"end":{"column":52,"line":18,"offset":478},"start":{"column":4,"line":18,"offset":430}},"value":{"id":"e1c0c445-de60-446c-a308-415efa761838","metadata":[],"name":"materiasAprobadas","scope":{"containerScope":{"containerScope":{"containerScope":{"containerScope":{"containerScope":{"containerScope":{"containerScope":{"contributions":{},"includedScopes":[]},"contributions":{},"includedScopes":[]},"contributions":{},"includedScopes":[]},"contributions":{},"includedScopes":[{"containerScope":{"containerScope":{"containerScope":{"contributions":{},"includedScopes":[]},"contributions":{},"includedScopes":[]},"contributions":{},"includedScopes":[]},"contributions":{},"includedScopes":[]}]},"contributions":{},"includedScopes":[]},"contributions":{},"includedScopes":[]},"contributions":{},"includedScopes":[]},"contributions":{},"includedScopes":[]},"sourceMap":{"end":{"column":52,"line":18,"offset":478},"start":{"column":35,"line":18,"offset":461}}}},{"id":"8f9dc598-87b8-48bd-a0bf-39ee544cd941","metadata":[],"scope":{"containerScope":{"containerScope":{"containerScope":{"containerScope":{"containerScope":{"containerScope":{"contributions":{},"includedScopes":[]},"contributions":{},"includedScopes":[]},"contributions":{},"includedScopes":[]},"contributions":{},"includedScopes":[{"containerScope":{"containerScope":{"containerScope":{"contributions":{},"includedScopes":[]},"contributions":{},"includedScopes":[]},"contributions":{},"includedScopes":[]},"contributions":{},"includedScopes":[]}]},"contributions":{},"includedScopes":[]},"contributions":{},"includedScopes":[]},"contributions":{},"includedScopes":[]},"sourceMap":{"end":{"column":72,"line":20,"offset":560},"start":{"column":4,"line":20,"offset":492}},"value":{"args":[{"id":"c18e9a7b-1544-4ded-b92e-f052e848c0d7","members":[{"body":{"id":"ef4a4fa7-c9e2-47a3-b3a1-a05b1447f3b2","metadata":[],"scope":{"containerScope":{"containerScope":{"containerScope":{"containerScope":{"containerScope":{"containerScope":{"containerScope":{"containerScope":{"containerScope":{"containerScope":{"contributions":{},"includedScopes":[]},"contributions":{},"includedScopes":[]},"contributions":{},"includedScopes":[]},"contributions":{},"includedScopes":[{"containerScope":{"containerScope":{"containerScope":{"contributions":{},"includedScopes":[]},"contributions":{},"includedScopes":[]},"contributions":{},"includedScopes":[]},"contributions":{},"includedScopes":[]}]},"contributions":{},"includedScopes":[]},"contributions":{},"includedScopes":[]},"contributions":{},"includedScopes":[]},"contributions":{},"includedScopes":[]},"contributions":{},"includedScopes":[{"containerScope":{"containerScope":{"containerScope":{"contributions":{},"includedScopes":[]},"contributions":{},"includedScopes":[]},"contributions":{},"includedScopes":[]},"contributions":{},"includedScopes":[{"containerScope":{"containerScope":{"containerScope":{"contributions":{},"includedScopes":[]},"contributions":{},"includedScopes":[]},"contributions":{},"includedScopes":[]},"contributions":{},"includedScopes":[]}]},{"containerScope":{"containerScope":{"containerScope":{"contributions":{},"includedScopes":[]},"contributions":{},"includedScopes":[]},"contributions":{},"includedScopes":[]},"contributions":{},"includedScopes":[]}]},"contributions":{},"includedScopes":[]},"contributions":{},"includedScopes":[]},"sentences":[{"id":"0429a6e6-fbd2-4fcc-a90a-179b54185582","metadata":[],"scope":{"containerScope":{"containerScope":{"containerScope":{"containerScope":{"containerScope":{"containerScope":{"containerScope":{"containerScope":{"containerScope":{"containerScope":{"containerScope":{"contributions":{},"includedScopes":[]},"contributions":{},"includedScopes":[]},"contributions":{},"includedScopes":[]},"contributions":{},"includedScopes":[{"containerScope":{"containerScope":{"containerScope":{"contributions":{},"includedScopes":[]},"contributions":{},"includedScopes":[]},"contributions":{},"includedScopes":[]},"contributions":{},"includedScopes":[]}]},"contributions":{},"includedScopes":[]},"contributions":{},"includedScopes":[]},"contributions":{},"includedScopes":[]},"contributions":{},"includedScopes":[]},"contributions":{},"includedScopes":[{"containerScope":{"containerScope":{"containerScope":{"contributions":{},"includedScopes":[]},"contributions":{},"includedScopes":[]},"contributions":{},"includedScopes":[]},"contributions":{},"includedScopes":[{"containerScope":{"containerScope":{"containerScope":{"contributions":{},"includedScopes":[]},"contributions":{},"includedScopes":[]},"contributions":{},"includedScopes":[]},"contributions":{},"includedScopes":[]}]},{"containerScope":{"containerScope":{"containerScope":{"contributions":{},"includedScopes":[]},"contributions":{},"includedScopes":[]},"contributions":{},"includedScopes":[]},"contributions":{},"includedScopes":[]}]},"contributions":{},"includedScopes":[]},"contributions":{},"includedScopes":[]},"contributions":{},"includedScopes":[]},"value":{"args":[],"id":"e3a69449-c8a9-4944-b086-12e05ee0dbd5","message":"nota","metadata":[],"receiver":{"id":"979d9c59-6ac9-469b-99ab-f0b8a446333c","metadata":[],"name":"materia","scope":{"containerScope":{"containerScope":{"containerScope":{"containerScope":{"containerScope":{"containerScope":{"containerScope":{"containerScope":{"containerScope":{"containerScope":{"containerScope":{"containerScope":{"containerScope":{"contributions":{},"includedScopes":[]},"contributions":{},"includedScopes":[]},"contributions":{},"includedScopes":[]},"contributions":{},"includedScopes":[{"containerScope":{"containerScope":{"containerScope":{"contributions":{},"includedScopes":[]},"contributions":{},"includedScopes":[]},"contributions":{},"includedScopes":[]},"contributions":{},"includedScopes":[]}]},"contributions":{},"includedScopes":[]},"contributions":{},"includedScopes":[]},"contributions":{},"includedScopes":[]},"contributions":{},"includedScopes":[]},"contributions":{},"includedScopes":[{"containerScope":{"containerScope":{"containerScope":{"contributions":{},"includedScopes":[]},"contributions":{},"includedScopes":[]},"contributions":{},"includedScopes":[]},"contributions":{},"includedScopes":[{"containerScope":{"containerScope":{"containerScope":{"contributions":{},"includedScopes":[]},"contributions":{},"includedScopes":[]},"contributions":{},"includedScopes":[]},"contributions":{},"includedScopes":[]}]},{"containerScope":{"containerScope":{"containerScope":{"contributions":{},"includedScopes":[]},"contributions":{},"includedScopes":[]},"contributions":{},"includedScopes":[]},"contributions":{},"includedScopes":[]}]},"contributions":{},"includedScopes":[]},"contributions":{},"includedScopes":[]},"contributions":{},"includedScopes":[]},"contributions":{},"includedScopes":[]},"contributions":{},"includedScopes":[]},"sourceMap":{"end":{"column":63,"line":20,"offset":551},"start":{"column":56,"line":20,"offset":544}}},"scope":{"containerScope":{"containerScope":{"containerScope":{"containerScope":{"containerScope":{"containerScope":{"containerScope":{"containerScope":{"containerScope":{"containerScope":{"containerScope":{"containerScope":{"contributions":{},"includedScopes":[]},"contributions":{},"includedScopes":[]},"contributions":{},"includedScopes":[]},"contributions":{},"includedScopes":[{"containerScope":{"containerScope":{"containerScope":{"contributions":{},"includedScopes":[]},"contributions":{},"includedScopes":[]},"contributions":{},"includedScopes":[]},"contributions":{},"includedScopes":[]}]},"contributions":{},"includedScopes":[]},"contributions":{},"includedScopes":[]},"contributions":{},"includedScopes":[]},"contributions":{},"includedScopes":[]},"contributions":{},"includedScopes":[{"containerScope":{"containerScope":{"containerScope":{"contributions":{},"includedScopes":[]},"contributions":{},"includedScopes":[]},"contributions":{},"includedScopes":[]},"contributions":{},"includedScopes":[{"containerScope":{"containerScope":{"containerScope":{"contributions":{},"includedScopes":[]},"contributions":{},"includedScopes":[]},"contributions":{},"includedScopes":[]},"contributions":{},"includedScopes":[]}]},{"containerScope":{"containerScope":{"containerScope":{"contributions":{},"includedScopes":[]},"contributions":{},"includedScopes":[]},"contributions":{},"includedScopes":[]},"contributions":{},"includedScopes":[]}]},"contributions":{},"includedScopes":[]},"contributions":{},"includedScopes":[]},"contributions":{},"includedScopes":[]},"contributions":{},"includedScopes":[]},"sourceMap":{"end":{"column":70,"line":20,"offset":558},"start":{"column":56,"line":20,"offset":544}}}}]},"compiled":false,"id":"b7a16080-d37f-408a-82ed-2a5845d8e916","isOverride":false,"metadata":[],"name":"<apply>","parameters":[{"id":"ad6f348c-fb24-4af6-9a8f-b05849d35d87","isVarArg":false,"metadata":[],"name":"materia","scope":{"containerScope":{"containerScope":{"containerScope":{"containerScope":{"containerScope":{"containerScope":{"containerScope":{"containerScope":{"containerScope":{"containerScope":{"contributions":{},"includedScopes":[]},"contributions":{},"includedScopes":[]},"contributions":{},"includedScopes":[]},"contributions":{},"includedScopes":[{"containerScope":{"containerScope":{"containerScope":{"contributions":{},"includedScopes":[]},"contributions":{},"includedScopes":[]},"contributions":{},"includedScopes":[]},"contributions":{},"includedScopes":[]}]},"contributions":{},"includedScopes":[]},"contributions":{},"includedScopes":[]},"contributions":{},"includedScopes":[]},"contributions":{},"includedScopes":[]},"contributions":{},"includedScopes":[{"containerScope":{"containerScope":{"containerScope":{"contributions":{},"includedScopes":[]},"contributions":{},"includedScopes":[]},"contributions":{},"includedScopes":[]},"contributions":{},"includedScopes":[{"containerScope":{"containerScope":{"containerScope":{"contributions":{},"includedScopes":[]},"contributions":{},"includedScopes":[]},"contributions":{},"includedScopes":[]},"contributions":{},"includedScopes":[]}]},{"containerScope":{"containerScope":{"containerScope":{"contributions":{},"includedScopes":[]},"contributions":{},"includedScopes":[]},"contributions":{},"includedScopes":[]},"contributions":{},"includedScopes":[]}]},"contributions":{},"includedScopes":[]},"contributions":{},"includedScopes":[]},"sourceMap":{"end":{"column":52,"line":20,"offset":540},"start":{"column":45,"line":20,"offset":533}}}],"scope":{"containerScope":{"containerScope":{"containerScope":{"containerScope":{"containerScope":{"containerScope":{"containerScope":{"containerScope":{"containerScope":{"contributions":{},"includedScopes":[]},"contributions":{},"includedScopes":[]},"contributions":{},"includedScopes":[]},"contributions":{},"includedScopes":[{"containerScope":{"containerScope":{"containerScope":{"contributions":{},"includedScopes":[]},"contributions":{},"includedScopes":[]},"contributions":{},"includedScopes":[]},"contributions":{},"includedScopes":[]}]},"contributions":{},"includedScopes":[]},"contributions":{},"includedScopes":[]},"contributions":{},"includedScopes":[]},"contributions":{},"includedScopes":[]},"contributions":{},"includedScopes":[{"containerScope":{"containerScope":{"containerScope":{"contributions":{},"includedScopes":[]},"contributions":{},"includedScopes":[]},"contributions":{},"includedScopes":[]},"contributions":{},"includedScopes":[{"containerScope":{"containerScope":{"containerScope":{"contributions":{},"includedScopes":[]},"contributions":{},"includedScopes":[]},"contributions":{},"includedScopes":[]},"contributions":{},"includedScopes":[]}]},{"containerScope":{"containerScope":{"containerScope":{"contributions":{},"includedScopes":[]},"contributions":{},"includedScopes":[]},"contributions":{},"includedScopes":[]},"contributions":{},"includedScopes":[]}]},"contributions":{},"includedScopes":[]}},{"id":"50f9014e-3202-4a71-95ff-f29f776b1083","isConstant":true,"isProperty":false,"metadata":[],"name":"<toString>","scope":{"containerScope":{"containerScope":{"containerScope":{"containerScope":{"containerScope":{"containerScope":{"containerScope":{"containerScope":{"containerScope":{"contributions":{},"includedScopes":[]},"contributions":{},"includedScopes":[]},"contributions":{},"includedScopes":[]},"contributions":{},"includedScopes":[{"containerScope":{"containerScope":{"containerScope":{"contributions":{},"includedScopes":[]},"contributions":{},"includedScopes":[]},"contributions":{},"includedScopes":[]},"contributions":{},"includedScopes":[]}]},"contributions":{},"includedScopes":[]},"contributions":{},"includedScopes":[]},"contributions":{},"includedScopes":[]},"contributions":{},"includedScopes":[]},"contributions":{},"includedScopes":[{"containerScope":{"containerScope":{"containerScope":{"contributions":{},"includedScopes":[]},"contributions":{},"includedScopes":[]},"contributions":{},"includedScopes":[]},"contributions":{},"includedScopes":[{"containerScope":{"containerScope":{"containerScope":{"contributions":{},"includedScopes":[]},"contributions":{},"includedScopes":[]},"contributions":{},"includedScopes":[]},"contributions":{},"includedScopes":[]}]},{"containerScope":{"containerScope":{"containerScope":{"contributions":{},"includedScopes":[]},"contributions":{},"includedScopes":[]},"contributions":{},"includedScopes":[]},"contributions":{},"includedScopes":[]}]},"contributions":{},"includedScopes":[]},"value":{"id":"c16552e5-f7fe-4cbd-8935-1a8081c0f4e5","metadata":[],"scope":{"containerScope":{"containerScope":{"containerScope":{"containerScope":{"containerScope":{"containerScope":{"containerScope":{"containerScope":{"containerScope":{"containerScope":{"contributions":{},"includedScopes":[]},"contributions":{},"includedScopes":[]},"contributions":{},"includedScopes":[]},"contributions":{},"includedScopes":[{"containerScope":{"containerScope":{"containerScope":{"contributions":{},"includedScopes":[]},"contributions":{},"includedScopes":[]},"contributions":{},"includedScopes":[]},"contributions":{},"includedScopes":[]}]},"contributions":{},"includedScopes":[]},"contributions":{},"includedScopes":[]},"contributions":{},"includedScopes":[]},"contributions":{},"includedScopes":[]},"contributions":{},"includedScopes":[{"containerScope":{"containerScope":{"containerScope":{"contributions":{},"includedScopes":[]},"contributions":{},"includedScopes":[]},"contributions":{},"includedScopes":[]},"contributions":{},"includedScopes":[{"containerScope":{"containerScope":{"containerScope":{"contributions":{},"includedScopes":[]},"contributions":{},"includedScopes":[]},"contributions":{},"includedScopes":[]},"contributions":{},"includedScopes":[]}]},{"containerScope":{"containerScope":{"containerScope":{"contributions":{},"includedScopes":[]},"contributions":{},"includedScopes":[]},"contributions":{},"includedScopes":[]},"contributions":{},"includedScopes":[]}]},"contributions":{},"includedScopes":[]},"contributions":{},"includedScopes":[]},"value":"{materia => materia.nota()}"}}],"metadata":[],"scope":{"containerScope":{"containerScope":{"containerScope":{"containerScope":{"containerScope":{"containerScope":{"containerScope":{"containerScope":{"contributions":{},"includedScopes":[]},"contributions":{},"includedScopes":[]},"contributions":{},"includedScopes":[]},"contributions":{},"includedScopes":[{"containerScope":{"containerScope":{"containerScope":{"contributions":{},"includedScopes":[]},"contributions":{},"includedScopes":[]},"contributions":{},"includedScopes":[]},"contributions":{},"includedScopes":[]}]},"contributions":{},"includedScopes":[]},"contributions":{},"includedScopes":[]},"contributions":{},"includedScopes":[]},"contributions":{},"includedScopes":[]},"contributions":{},"includedScopes":[{"containerScope":{"containerScope":{"containerScope":{"contributions":{},"includedScopes":[]},"contributions":{},"includedScopes":[]},"contributions":{},"includedScopes":[]},"contributions":{},"includedScopes":[{"containerScope":{"containerScope":{"containerScope":{"contributions":{},"includedScopes":[]},"contributions":{},"includedScopes":[]},"contributions":{},"includedScopes":[]},"contributions":{},"includedScopes":[]}]},{"containerScope":{"containerScope":{"containerScope":{"contributions":{},"includedScopes":[]},"contributions":{},"includedScopes":[]},"contributions":{},"includedScopes":[]},"contributions":{},"includedScopes":[]}]},"sourceMap":{"end":{"column":71,"line":20,"offset":559},"start":{"column":44,"line":20,"offset":532}},"supertypes":[{"args":[],"id":"64d1e15f-f27e-4a67-9186-2274168350d5","metadata":[],"reference":{"id":"9465ce46-d289-4575-adfb-2fc8f019505b","metadata":[],"name":"wollok.lang.Closure","scope":{"containerScope":{"containerScope":{"containerScope":{"containerScope":{"containerScope":{"containerScope":{"containerScope":{"containerScope":{"containerScope":{"contributions":{},"includedScopes":[]},"contributions":{},"includedScopes":[]},"contributions":{},"includedScopes":[]},"contributions":{},"includedScopes":[{"containerScope":{"containerScope":{"containerScope":{"contributions":{},"includedScopes":[]},"contributions":{},"includedScopes":[]},"contributions":{},"includedScopes":[]},"contributions":{},"includedScopes":[]}]},"contributions":{},"includedScopes":[]},"contributions":{},"includedScopes":[]},"contributions":{},"includedScopes":[]},"contributions":{},"includedScopes":[]},"contributions":{},"includedScopes":[{"containerScope":{"containerScope":{"containerScope":{"contributions":{},"includedScopes":[]},"contributions":{},"includedScopes":[]},"contributions":{},"includedScopes":[]},"contributions":{},"includedScopes":[{"containerScope":{"containerScope":{"containerScope":{"contributions":{},"includedScopes":[]},"contributions":{},"includedScopes":[]},"contributions":{},"includedScopes":[]},"contributions":{},"includedScopes":[]}]},{"containerScope":{"containerScope":{"containerScope":{"contributions":{},"includedScopes":[]},"contributions":{},"includedScopes":[]},"contributions":{},"includedScopes":[]},"contributions":{},"includedScopes":[]}]},"contributions":{},"includedScopes":[]}},"scope":{"containerScope":{"containerScope":{"containerScope":{"containerScope":{"containerScope":{"containerScope":{"containerScope":{"containerScope":{"containerScope":{"contributions":{},"includedScopes":[]},"contributions":{},"includedScopes":[]},"contributions":{},"includedScopes":[]},"contributions":{},"includedScopes":[{"containerScope":{"containerScope":{"containerScope":{"contributions":{},"includedScopes":[]},"contributions":{},"includedScopes":[]},"contributions":{},"includedScopes":[]},"contributions":{},"includedScopes":[]}]},"contributions":{},"includedScopes":[]},"contributions":{},"includedScopes":[]},"contributions":{},"includedScopes":[]},"contributions":{},"includedScopes":[]},"contributions":{},"includedScopes":[{"containerScope":{"containerScope":{"containerScope":{"contributions":{},"includedScopes":[]},"contributions":{},"includedScopes":[]},"contributions":{},"includedScopes":[]},"contributions":{},"includedScopes":[{"containerScope":{"containerScope":{"containerScope":{"contributions":{},"includedScopes":[]},"contributions":{},"includedScopes":[]},"contributions":{},"includedScopes":[]},"contributions":{},"includedScopes":[]}]},{"containerScope":{"containerScope":{"containerScope":{"contributions":{},"includedScopes":[]},"contributions":{},"includedScopes":[]},"contributions":{},"includedScopes":[]},"contributions":{},"includedScopes":[]}]},"contributions":{},"includedScopes":[]}}]}],"id":"2f3729da-2bd2-4bef-8f49-bb0f90256fd3","message":"average","metadata":[],"receiver":{"id":"85b5491e-2103-4a4e-adb5-bffbcb2ff70a","metadata":[],"name":"notasDeMateriasAprobadas","scope":{"containerScope":{"containerScope":{"containerScope":{"containerScope":{"containerScope":{"containerScope":{"containerScope":{"containerScope":{"contributions":{},"includedScopes":[]},"contributions":{},"includedScopes":[]},"contributions":{},"includedScopes":[]},"contributions":{},"includedScopes":[{"containerScope":{"containerScope":{"containerScope":{"contributions":{},"includedScopes":[]},"contributions":{},"includedScopes":[]},"contributions":{},"includedScopes":[]},"contributions":{},"includedScopes":[]}]},"contributions":{},"includedScopes":[]},"contributions":{},"includedScopes":[]},"contributions":{},"includedScopes":[]},"contributions":{},"includedScopes":[]},"contributions":{},"includedScopes":[]},"sourceMap":{"end":{"column":35,"line":20,"offset":523},"start":{"column":11,"line":20,"offset":499}}},"scope":{"containerScope":{"containerScope":{"containerScope":{"containerScope":{"containerScope":{"containerScope":{"containerScope":{"contributions":{},"includedScopes":[]},"contributions":{},"includedScopes":[]},"contributions":{},"includedScopes":[]},"contributions":{},"includedScopes":[{"containerScope":{"containerScope":{"containerScope":{"contributions":{},"includedScopes":[]},"contributions":{},"includedScopes":[]},"contributions":{},"includedScopes":[]},"contributions":{},"includedScopes":[]}]},"contributions":{},"includedScopes":[]},"contributions":{},"includedScopes":[]},"contributions":{},"includedScopes":[]},"contributions":{},"includedScopes":[]},"sourceMap":{"end":{"column":72,"line":20,"offset":560},"start":{"column":11,"line":20,"offset":499}}}}],"sourceMap":{"end":{"column":3,"line":21,"offset":564},"start":{"column":20,"line":17,"offset":424}}},"stack":"Error: Failed to print, found malformed node\n    at c:\\Users\\estudiante\\.vscode\\extensions\\uqbar.wollok-lsp-ide-0.5.4\\out\\server\\src\\server.js:68:3585\n    at c:\\Users\\estudiante\\.vscode\\extensions\\uqbar.wollok-lsp-ide-0.5.4\\out\\server\\src\\server.js:68:5370\n    at c:\\Users\\estudiante\\.vscode\\extensions\\uqbar.wollok-lsp-ide-0.5.4\\out\\server\\src\\server.js:38:6131\n    at c:\\Users\\estudiante\\.vscode\\extensions\\uqbar.wollok-lsp-ide-0.5.4\\out\\server\\src\\server.js:68:3664\n    at Kbn (c:\\Users\\estudiante\\.vscode\\extensions\\uqbar.wollok-lsp-ide-0.5.4\\out\\server\\src\\server.js:68:3396)\n    at c:\\Users\\estudiante\\.vscode\\extensions\\uqbar.wollok-lsp-ide-0.5.4\\out\\server\\src\\server.js:2398:847\n    at c:\\Users\\estudiante\\.vscode\\extensions\\uqbar.wollok-lsp-ide-0.5.4\\out\\server\\src\\server.js:2398:8440\n    at c:\\Users\\estudiante\\.vscode\\extensions\\uqbar.wollok-lsp-ide-0.5.4\\out\\server\\src\\server.js:37:74770\n    at Ke (c:\\Users\\estudiante\\.vscode\\extensions\\uqbar.wollok-lsp-ide-0.5.4\\out\\server\\src\\server.js:7:8527)\n    at Lt (c:\\Users\\estudiante\\.vscode\\extensions\\uqbar.wollok-lsp-ide-0.5.4\\out\\server\\src\\server.js:7:6189)","timestamp":"2026-05-13T23:47:59.719Z"}
{"level":"info","message":"⌛ Building environment","timeElapsed":203,"timestamp":"2026-05-13T23:48:01.115Z"}
{"level":"info","message":"⌛ Validating src/example.wlk","timeElapsed":265,"timestamp":"2026-05-13T23:48:01.384Z"}
{"level":"info","message":"⌛ Building environment","timeElapsed":188,"timestamp":"2026-05-13T23:48:02.293Z"}
{"level":"info","message":"⌛ Validating src/example.wlk","timeElapsed":205,"timestamp":"2026-05-13T23:48:02.500Z"}
{"level":"info","message":"⌛ Building environment","timeElapsed":154,"timestamp":"2026-05-13T23:48:07.305Z"}
{"level":"error","message":"✘ Completions for node Send ([19:11, 19:49] - src/example.wlk) failed: Error: [Send]{7c8d32} at src/example.wlk:19 exhausted all cases without a match [Send]{7c8d32} at src/example.wlk:19 exhausted all cases without a match","stack":"Error: [Send]{7c8d32} at src/example.wlk:19 exhausted all cases without a match\n    at c:\\Users\\estudiante\\.vscode\\extensions\\uqbar.wollok-lsp-ide-0.5.4\\out\\server\\src\\server.js:38:6142\n    at L2 (c:\\Users\\estudiante\\.vscode\\extensions\\uqbar.wollok-lsp-ide-0.5.4\\out\\server\\src\\server.js:2389:42)\n    at Jh (c:\\Users\\estudiante\\.vscode\\extensions\\uqbar.wollok-lsp-ide-0.5.4\\out\\server\\src\\server.js:2389:1092)\n    at M5n (c:\\Users\\estudiante\\.vscode\\extensions\\uqbar.wollok-lsp-ide-0.5.4\\out\\server\\src\\server.js:2389:1248)\n    at c:\\Users\\estudiante\\.vscode\\extensions\\uqbar.wollok-lsp-ide-0.5.4\\out\\server\\src\\server.js:38:6131\n    at L2 (c:\\Users\\estudiante\\.vscode\\extensions\\uqbar.wollok-lsp-ide-0.5.4\\out\\server\\src\\server.js:2389:42)\n    at c:\\Users\\estudiante\\.vscode\\extensions\\uqbar.wollok-lsp-ide-0.5.4\\out\\server\\src\\server.js:2389:2988\n    at c:\\Users\\estudiante\\.vscode\\extensions\\uqbar.wollok-lsp-ide-0.5.4\\out\\server\\src\\server.js:2398:8440\n    at c:\\Users\\estudiante\\.vscode\\extensions\\uqbar.wollok-lsp-ide-0.5.4\\out\\server\\src\\server.js:37:74872\n    at Ke (c:\\Users\\estudiante\\.vscode\\extensions\\uqbar.wollok-lsp-ide-0.5.4\\out\\server\\src\\server.js:7:8527)","timestamp":"2026-05-13T23:48:07.338Z"}
{"level":"error","message":"✘ Completions for node Return ([19:4, 19:49] - src/example.wlk) failed: Error: [Return]{75360c} at src/example.wlk:19 exhausted all cases without a match [Return]{75360c} at src/example.wlk:19 exhausted all cases without a match","stack":"Error: [Return]{75360c} at src/example.wlk:19 exhausted all cases without a match\n    at c:\\Users\\estudiante\\.vscode\\extensions\\uqbar.wollok-lsp-ide-0.5.4\\out\\server\\src\\server.js:38:6142\n    at L2 (c:\\Users\\estudiante\\.vscode\\extensions\\uqbar.wollok-lsp-ide-0.5.4\\out\\server\\src\\server.js:2389:42)\n    at Jh (c:\\Users\\estudiante\\.vscode\\extensions\\uqbar.wollok-lsp-ide-0.5.4\\out\\server\\src\\server.js:2389:1092)\n    at L2 (c:\\Users\\estudiante\\.vscode\\extensions\\uqbar.wollok-lsp-ide-0.5.4\\out\\server\\src\\server.js:2389:544)\n    at Jh (c:\\Users\\estudiante\\.vscode\\extensions\\uqbar.wollok-lsp-ide-0.5.4\\out\\server\\src\\server.js:2389:1092)\n    at M5n (c:\\Users\\estudiante\\.vscode\\extensions\\uqbar.wollok-lsp-ide-0.5.4\\out\\server\\src\\server.js:2389:1248)\n    at c:\\Users\\estudiante\\.vscode\\extensions\\uqbar.wollok-lsp-ide-0.5.4\\out\\server\\src\\server.js:38:6131\n    at L2 (c:\\Users\\estudiante\\.vscode\\extensions\\uqbar.wollok-lsp-ide-0.5.4\\out\\server\\src\\server.js:2389:42)\n    at c:\\Users\\estudiante\\.vscode\\extensions\\uqbar.wollok-lsp-ide-0.5.4\\out\\server\\src\\server.js:2389:2988\n    at c:\\Users\\estudiante\\.vscode\\extensions\\uqbar.wollok-lsp-ide-0.5.4\\out\\server\\src\\server.js:2398:8440","timestamp":"2026-05-13T23:48:07.338Z"}
{"level":"info","message":"⌛ Validating src/example.wlk","timeElapsed":194,"timestamp":"2026-05-13T23:48:07.716Z"}
{"level":"info","message":"⌛ Validating src/example.wlk","timeElapsed":173,"timestamp":"2026-05-13T23:48:07.891Z"}
{"level":"info","message":"⌛ Building environment","timeElapsed":127,"timestamp":"2026-05-13T23:48:08.019Z"}
{"level":"info","message":"⌛ Building environment","timeElapsed":132,"timestamp":"2026-05-13T23:48:08.152Z"}
{"level":"info","message":"⌛ Building environment","timeElapsed":164,"timestamp":"2026-05-13T23:48:08.554Z"}
{"level":"info","message":"⌛ Validating src/example.wlk","timeElapsed":339,"timestamp":"2026-05-13T23:48:08.958Z"}
{"level":"info","message":"⌛ Building environment","timeElapsed":180,"timestamp":"2026-05-13T23:48:09.140Z"}
{"level":"info","message":"⌛ Validating src/example.wlk","timeElapsed":162,"timestamp":"2026-05-13T23:48:09.304Z"}
{"level":"info","message":"⌛ Validating src/example.wlk","timeElapsed":151,"timestamp":"2026-05-13T23:48:09.455Z"}
{"level":"info","message":"⌛ Validating src/example.wlk","timeElapsed":185,"timestamp":"2026-05-13T23:48:09.669Z"}
{"level":"info","message":"⌛ Validating src/example.wlk","timeElapsed":186,"timestamp":"2026-05-13T23:48:09.963Z"}
{"level":"info","message":"⌛ Building environment","timeElapsed":199,"timestamp":"2026-05-13T23:48:10.238Z"}
{"level":"info","message":"⌛ Building environment","timeElapsed":139,"timestamp":"2026-05-13T23:48:10.399Z"}
{"level":"info","message":"⌛ Validating src/example.wlk","timeElapsed":124,"timestamp":"2026-05-13T23:48:10.550Z"}
{"level":"info","message":"⌛ Validating src/example.wlk","timeElapsed":159,"timestamp":"2026-05-13T23:48:10.713Z"}
{"level":"info","message":"⌛ Validating src/example.wlk","timeElapsed":165,"timestamp":"2026-05-13T23:48:10.883Z"}
{"level":"info","message":"⌛ Validating src/example.wlk","timeElapsed":299,"timestamp":"2026-05-13T23:48:11.186Z"}
{"level":"info","message":"⌛ Building environment","timeElapsed":284,"timestamp":"2026-05-13T23:48:36.204Z"}
{"level":"info","message":"⌛ Validating src/example.wlk","timeElapsed":161,"timestamp":"2026-05-13T23:48:36.368Z"}
{"level":"info","message":"⌛ Building environment","timeElapsed":114,"timestamp":"2026-05-13T23:48:36.488Z"}
{"level":"info","message":"⌛ Validating src/example.wlk","timeElapsed":140,"timestamp":"2026-05-13T23:48:36.629Z"}
{"level":"info","message":"⌛ Building environment","timeElapsed":223,"timestamp":"2026-05-13T23:48:47.490Z"}
{"level":"info","message":"⌛ Building environment","timeElapsed":194,"timestamp":"2026-05-13T23:48:47.692Z"}
{"level":"info","message":"⌛ Validating src/example.wlk","timeElapsed":154,"timestamp":"2026-05-13T23:48:47.888Z"}
{"level":"info","message":"⌛ Building environment","timeElapsed":217,"timestamp":"2026-05-13T23:48:48.107Z"}
{"level":"info","message":"⌛ Validating src/example.wlk","timeElapsed":135,"timestamp":"2026-05-13T23:48:48.243Z"}
{"level":"info","message":"⌛ Building environment","timeElapsed":228,"timestamp":"2026-05-13T23:48:48.482Z"}
{"level":"info","message":"⌛ Building environment","timeElapsed":230,"timestamp":"2026-05-13T23:48:48.716Z"}
{"level":"info","message":"⌛ Validating src/example.wlk","timeElapsed":244,"timestamp":"2026-05-13T23:48:49.008Z"}
{"level":"info","message":"⌛ Validating src/example.wlk","timeElapsed":257,"timestamp":"2026-05-13T23:48:49.279Z"}
{"level":"info","message":"⌛ Validating src/example.wlk","timeElapsed":248,"timestamp":"2026-05-13T23:48:49.532Z"}
{"level":"info","message":"⌛ Building environment","timeElapsed":222,"timestamp":"2026-05-13T23:48:56.268Z"}
{"level":"info","message":"⌛ Validating src/example.wlk","timeElapsed":177,"timestamp":"2026-05-13T23:48:56.487Z"}
{"level":"info","message":"⌛ Building environment","timeElapsed":231,"timestamp":"2026-05-13T23:48:56.929Z"}
{"level":"info","message":"⌛ Building environment","timeElapsed":134,"timestamp":"2026-05-13T23:48:57.093Z"}
{"level":"info","message":"⌛ Building environment","timeElapsed":168,"timestamp":"2026-05-13T23:48:57.263Z"}
{"level":"info","message":"⌛ Validating src/example.wlk","timeElapsed":173,"timestamp":"2026-05-13T23:48:57.437Z"}
{"level":"info","message":"⌛ Validating src/example.wlk","timeElapsed":155,"timestamp":"2026-05-13T23:48:57.778Z"}
{"level":"info","message":"⌛ Building environment","timeElapsed":114,"timestamp":"2026-05-13T23:48:57.894Z"}
{"level":"info","message":"⌛ Validating src/example.wlk","timeElapsed":219,"timestamp":"2026-05-13T23:48:58.114Z"}
{"level":"info","message":"⌛ Building environment","timeElapsed":242,"timestamp":"2026-05-13T23:48:58.358Z"}
{"level":"info","message":"⌛ Validating src/example.wlk","timeElapsed":118,"timestamp":"2026-05-13T23:48:58.477Z"}
{"level":"info","message":"⌛ Building environment","timeElapsed":192,"timestamp":"2026-05-13T23:48:58.671Z"}
{"level":"info","message":"⌛ Building environment","timeElapsed":145,"timestamp":"2026-05-13T23:48:58.820Z"}
{"level":"info","message":"⌛ Validating src/example.wlk","timeElapsed":112,"timestamp":"2026-05-13T23:48:59.026Z"}
{"level":"info","message":"⌛ Validating src/example.wlk","timeElapsed":285,"timestamp":"2026-05-13T23:48:59.317Z"}
{"level":"info","message":"⌛ Validating src/example.wlk","timeElapsed":205,"timestamp":"2026-05-13T23:48:59.527Z"}
{"level":"info","message":"⌛ Validating src/example.wlk","timeElapsed":217,"timestamp":"2026-05-13T23:48:59.746Z"}
{"level":"info","message":"⌛ Building environment","timeElapsed":206,"timestamp":"2026-05-18T22:52:36.028Z"}
{"level":"info","message":"⌛ Building environment","timeElapsed":204,"timestamp":"2026-05-18T22:52:36.233Z"}
{"level":"info","message":"⌛ Validating src/example.wlk","timeElapsed":373,"timestamp":"2026-05-18T22:52:36.936Z"}
{"level":"info","message":"⌛ Building environment","timeElapsed":147,"timestamp":"2026-05-18T22:52:37.085Z"}
{"level":"info","message":"⌛ Validating src/example.wlk","timeElapsed":232,"timestamp":"2026-05-18T22:52:38.194Z"}
{"level":"info","message":"⌛ Building environment","timeElapsed":204,"timestamp":"2026-05-18T22:52:38.404Z"}
{"level":"info","message":"⌛ Validating src/example.wlk","timeElapsed":242,"timestamp":"2026-05-18T22:52:38.725Z"}
{"level":"info","message":"⌛ Building environment","timeElapsed":119,"timestamp":"2026-05-18T22:53:42.900Z"}
{"level":"info","message":"⌛ Validating src/example.wlk","timeElapsed":194,"timestamp":"2026-05-18T22:53:43.811Z"}
{"level":"info","message":"⌛ Validating src/example.wlk","timeElapsed":127,"timestamp":"2026-05-18T22:53:44.831Z"}
{"level":"error","message":"✘ Failed to rebuild document Failed to parse src/example.wlk: \n-- PARSING FAILED --------------------------------------------------\n\nGot the end of the input\n\nExpected one of the following: \n\nidentifier, whitespace\n","stack":"Error: Failed to parse src/example.wlk: \n-- PARSING FAILED --------------------------------------------------\n\nGot the end of the input\n\nExpected one of the following: \n\nidentifier, whitespace\n\n    at c:\\Users\\Nicolee\\.vscode\\extensions\\uqbar.wollok-lsp-ide-0.5.4\\out\\server\\src\\server.js:2353:13026\n    at Array.map (<anonymous>)\n    at U1n (c:\\Users\\Nicolee\\.vscode\\extensions\\uqbar.wollok-lsp-ide-0.5.4\\out\\server\\src\\server.js:2353:12950)\n    at H2.buildEnvironmentFrom (c:\\Users\\Nicolee\\.vscode\\extensions\\uqbar.wollok-lsp-ide-0.5.4\\out\\server\\src\\server.js:2398:5254)\n    at H2.updateEnvironmentWith (c:\\Users\\Nicolee\\.vscode\\extensions\\uqbar.wollok-lsp-ide-0.5.4\\out\\server\\src\\server.js:2398:4989)\n    at GF (c:\\Users\\Nicolee\\.vscode\\extensions\\uqbar.wollok-lsp-ide-0.5.4\\out\\server\\src\\server.js:2398:7383)\n    at V3.invoke (c:\\Users\\Nicolee\\.vscode\\extensions\\uqbar.wollok-lsp-ide-0.5.4\\out\\server\\src\\server.js:3:157328)\n    at o.fire (c:\\Users\\Nicolee\\.vscode\\extensions\\uqbar.wollok-lsp-ide-0.5.4\\out\\server\\src\\server.js:3:158098)\n    at c:\\Users\\Nicolee\\.vscode\\extensions\\uqbar.wollok-lsp-ide-0.5.4\\out\\server\\src\\server.js:37:57871\n    at nd (c:\\Users\\Nicolee\\.vscode\\extensions\\uqbar.wollok-lsp-ide-0.5.4\\out\\server\\src\\server.js:8:1561)","timestamp":"2026-05-18T22:53:44.941Z"}
{"level":"error","message":"✘ Failed to rebuild document Failed to parse src/example.wlk: \n-- PARSING FAILED --------------------------------------------------\n\nGot the end of the input\n\nExpected one of the following: \n\nidentifier, whitespace\n","stack":"Error: Failed to parse src/example.wlk: \n-- PARSING FAILED --------------------------------------------------\n\nGot the end of the input\n\nExpected one of the following: \n\nidentifier, whitespace\n\n    at c:\\Users\\Nicolee\\.vscode\\extensions\\uqbar.wollok-lsp-ide-0.5.4\\out\\server\\src\\server.js:2353:13026\n    at Array.map (<anonymous>)\n    at U1n (c:\\Users\\Nicolee\\.vscode\\extensions\\uqbar.wollok-lsp-ide-0.5.4\\out\\server\\src\\server.js:2353:12950)\n    at H2.buildEnvironmentFrom (c:\\Users\\Nicolee\\.vscode\\extensions\\uqbar.wollok-lsp-ide-0.5.4\\out\\server\\src\\server.js:2398:5254)\n    at H2.updateEnvironmentWith (c:\\Users\\Nicolee\\.vscode\\extensions\\uqbar.wollok-lsp-ide-0.5.4\\out\\server\\src\\server.js:2398:4989)\n    at GF (c:\\Users\\Nicolee\\.vscode\\extensions\\uqbar.wollok-lsp-ide-0.5.4\\out\\server\\src\\server.js:2398:7383)\n    at V3.invoke (c:\\Users\\Nicolee\\.vscode\\extensions\\uqbar.wollok-lsp-ide-0.5.4\\out\\server\\src\\server.js:3:157328)\n    at o.fire (c:\\Users\\Nicolee\\.vscode\\extensions\\uqbar.wollok-lsp-ide-0.5.4\\out\\server\\src\\server.js:3:158098)\n    at c:\\Users\\Nicolee\\.vscode\\extensions\\uqbar.wollok-lsp-ide-0.5.4\\out\\server\\src\\server.js:37:57871\n    at nd (c:\\Users\\Nicolee\\.vscode\\extensions\\uqbar.wollok-lsp-ide-0.5.4\\out\\server\\src\\server.js:8:1561)","timestamp":"2026-05-18T22:53:45.030Z"}
{"level":"error","message":"✘ Failed to rebuild document Failed to parse src/example.wlk: \n-- PARSING FAILED --------------------------------------------------\n\nGot the end of the input\n\nExpected one of the following: \n\n'inherits', '{', whitespace\n","stack":"Error: Failed to parse src/example.wlk: \n-- PARSING FAILED --------------------------------------------------\n\nGot the end of the input\n\nExpected one of the following: \n\n'inherits', '{', whitespace\n\n    at c:\\Users\\Nicolee\\.vscode\\extensions\\uqbar.wollok-lsp-ide-0.5.4\\out\\server\\src\\server.js:2353:13026\n    at Array.map (<anonymous>)\n    at U1n (c:\\Users\\Nicolee\\.vscode\\extensions\\uqbar.wollok-lsp-ide-0.5.4\\out\\server\\src\\server.js:2353:12950)\n    at H2.buildEnvironmentFrom (c:\\Users\\Nicolee\\.vscode\\extensions\\uqbar.wollok-lsp-ide-0.5.4\\out\\server\\src\\server.js:2398:5254)\n    at H2.updateEnvironmentWith (c:\\Users\\Nicolee\\.vscode\\extensions\\uqbar.wollok-lsp-ide-0.5.4\\out\\server\\src\\server.js:2398:4989)\n    at GF (c:\\Users\\Nicolee\\.vscode\\extensions\\uqbar.wollok-lsp-ide-0.5.4\\out\\server\\src\\server.js:2398:7383)\n    at V3.invoke (c:\\Users\\Nicolee\\.vscode\\extensions\\uqbar.wollok-lsp-ide-0.5.4\\out\\server\\src\\server.js:3:157328)\n    at o.fire (c:\\Users\\Nicolee\\.vscode\\extensions\\uqbar.wollok-lsp-ide-0.5.4\\out\\server\\src\\server.js:3:158098)\n    at c:\\Users\\Nicolee\\.vscode\\extensions\\uqbar.wollok-lsp-ide-0.5.4\\out\\server\\src\\server.js:37:57871\n    at nd (c:\\Users\\Nicolee\\.vscode\\extensions\\uqbar.wollok-lsp-ide-0.5.4\\out\\server\\src\\server.js:8:1561)","timestamp":"2026-05-18T22:53:45.250Z"}
{"level":"error","message":"✘ Failed to rebuild document Failed to parse src/example.wlk: \n-- PARSING FAILED --------------------------------------------------\n\nGot the end of the input\n\nExpected one of the following: \n\n'inherits', '{', whitespace\n","stack":"Error: Failed to parse src/example.wlk: \n-- PARSING FAILED --------------------------------------------------\n\nGot the end of the input\n\nExpected one of the following: \n\n'inherits', '{', whitespace\n\n    at c:\\Users\\Nicolee\\.vscode\\extensions\\uqbar.wollok-lsp-ide-0.5.4\\out\\server\\src\\server.js:2353:13026\n    at Array.map (<anonymous>)\n    at U1n (c:\\Users\\Nicolee\\.vscode\\extensions\\uqbar.wollok-lsp-ide-0.5.4\\out\\server\\src\\server.js:2353:12950)\n    at H2.buildEnvironmentFrom (c:\\Users\\Nicolee\\.vscode\\extensions\\uqbar.wollok-lsp-ide-0.5.4\\out\\server\\src\\server.js:2398:5254)\n    at H2.updateEnvironmentWith (c:\\Users\\Nicolee\\.vscode\\extensions\\uqbar.wollok-lsp-ide-0.5.4\\out\\server\\src\\server.js:2398:4989)\n    at GF (c:\\Users\\Nicolee\\.vscode\\extensions\\uqbar.wollok-lsp-ide-0.5.4\\out\\server\\src\\server.js:2398:7383)\n    at V3.invoke (c:\\Users\\Nicolee\\.vscode\\extensions\\uqbar.wollok-lsp-ide-0.5.4\\out\\server\\src\\server.js:3:157328)\n    at o.fire (c:\\Users\\Nicolee\\.vscode\\extensions\\uqbar.wollok-lsp-ide-0.5.4\\out\\server\\src\\server.js:3:158098)\n    at c:\\Users\\Nicolee\\.vscode\\extensions\\uqbar.wollok-lsp-ide-0.5.4\\out\\server\\src\\server.js:37:57871\n    at nd (c:\\Users\\Nicolee\\.vscode\\extensions\\uqbar.wollok-lsp-ide-0.5.4\\out\\server\\src\\server.js:8:1561)","timestamp":"2026-05-18T22:53:45.369Z"}
{"level":"error","message":"✘ Failed to rebuild document Failed to parse src/example.wlk: \n-- PARSING FAILED --------------------------------------------------\n\nGot the end of the input\n\nExpected one of the following: \n\n'inherits', '{', whitespace\n","stack":"Error: Failed to parse src/example.wlk: \n-- PARSING FAILED --------------------------------------------------\n\nGot the end of the input\n\nExpected one of the following: \n\n'inherits', '{', whitespace\n\n    at c:\\Users\\Nicolee\\.vscode\\extensions\\uqbar.wollok-lsp-ide-0.5.4\\out\\server\\src\\server.js:2353:13026\n    at Array.map (<anonymous>)\n    at U1n (c:\\Users\\Nicolee\\.vscode\\extensions\\uqbar.wollok-lsp-ide-0.5.4\\out\\server\\src\\server.js:2353:12950)\n    at H2.buildEnvironmentFrom (c:\\Users\\Nicolee\\.vscode\\extensions\\uqbar.wollok-lsp-ide-0.5.4\\out\\server\\src\\server.js:2398:5254)\n    at H2.updateEnvironmentWith (c:\\Users\\Nicolee\\.vscode\\extensions\\uqbar.wollok-lsp-ide-0.5.4\\out\\server\\src\\server.js:2398:4989)\n    at GF (c:\\Users\\Nicolee\\.vscode\\extensions\\uqbar.wollok-lsp-ide-0.5.4\\out\\server\\src\\server.js:2398:7383)\n    at V3.invoke (c:\\Users\\Nicolee\\.vscode\\extensions\\uqbar.wollok-lsp-ide-0.5.4\\out\\server\\src\\server.js:3:157328)\n    at o.fire (c:\\Users\\Nicolee\\.vscode\\extensions\\uqbar.wollok-lsp-ide-0.5.4\\out\\server\\src\\server.js:3:158098)\n    at c:\\Users\\Nicolee\\.vscode\\extensions\\uqbar.wollok-lsp-ide-0.5.4\\out\\server\\src\\server.js:37:57871\n    at nd (c:\\Users\\Nicolee\\.vscode\\extensions\\uqbar.wollok-lsp-ide-0.5.4\\out\\server\\src\\server.js:8:1561)","timestamp":"2026-05-18T22:53:45.598Z"}
{"level":"error","message":"✘ Failed to rebuild document Failed to parse src/example.wlk: \n-- PARSING FAILED --------------------------------------------------\n\nGot the end of the input\n\nExpected one of the following: \n\n'inherits', '{', whitespace\n","stack":"Error: Failed to parse src/example.wlk: \n-- PARSING FAILED --------------------------------------------------\n\nGot the end of the input\n\nExpected one of the following: \n\n'inherits', '{', whitespace\n\n    at c:\\Users\\Nicolee\\.vscode\\extensions\\uqbar.wollok-lsp-ide-0.5.4\\out\\server\\src\\server.js:2353:13026\n    at Array.map (<anonymous>)\n    at U1n (c:\\Users\\Nicolee\\.vscode\\extensions\\uqbar.wollok-lsp-ide-0.5.4\\out\\server\\src\\server.js:2353:12950)\n    at H2.buildEnvironmentFrom (c:\\Users\\Nicolee\\.vscode\\extensions\\uqbar.wollok-lsp-ide-0.5.4\\out\\server\\src\\server.js:2398:5254)\n    at H2.updateEnvironmentWith (c:\\Users\\Nicolee\\.vscode\\extensions\\uqbar.wollok-lsp-ide-0.5.4\\out\\server\\src\\server.js:2398:4989)\n    at GF (c:\\Users\\Nicolee\\.vscode\\extensions\\uqbar.wollok-lsp-ide-0.5.4\\out\\server\\src\\server.js:2398:7383)\n    at V3.invoke (c:\\Users\\Nicolee\\.vscode\\extensions\\uqbar.wollok-lsp-ide-0.5.4\\out\\server\\src\\server.js:3:157328)\n    at o.fire (c:\\Users\\Nicolee\\.vscode\\extensions\\uqbar.wollok-lsp-ide-0.5.4\\out\\server\\src\\server.js:3:158098)\n    at c:\\Users\\Nicolee\\.vscode\\extensions\\uqbar.wollok-lsp-ide-0.5.4\\out\\server\\src\\server.js:37:57871\n    at nd (c:\\Users\\Nicolee\\.vscode\\extensions\\uqbar.wollok-lsp-ide-0.5.4\\out\\server\\src\\server.js:8:1561)","timestamp":"2026-05-18T22:53:45.732Z"}
{"level":"error","message":"✘ Failed to rebuild document Failed to parse src/example.wlk: \n-- PARSING FAILED --------------------------------------------------\n\nGot the end of the input\n\nExpected one of the following: \n\n'inherits', '{', whitespace\n","stack":"Error: Failed to parse src/example.wlk: \n-- PARSING FAILED --------------------------------------------------\n\nGot the end of the input\n\nExpected one of the following: \n\n'inherits', '{', whitespace\n\n    at c:\\Users\\Nicolee\\.vscode\\extensions\\uqbar.wollok-lsp-ide-0.5.4\\out\\server\\src\\server.js:2353:13026\n    at Array.map (<anonymous>)\n    at U1n (c:\\Users\\Nicolee\\.vscode\\extensions\\uqbar.wollok-lsp-ide-0.5.4\\out\\server\\src\\server.js:2353:12950)\n    at H2.buildEnvironmentFrom (c:\\Users\\Nicolee\\.vscode\\extensions\\uqbar.wollok-lsp-ide-0.5.4\\out\\server\\src\\server.js:2398:5254)\n    at H2.updateEnvironmentWith (c:\\Users\\Nicolee\\.vscode\\extensions\\uqbar.wollok-lsp-ide-0.5.4\\out\\server\\src\\server.js:2398:4989)\n    at GF (c:\\Users\\Nicolee\\.vscode\\extensions\\uqbar.wollok-lsp-ide-0.5.4\\out\\server\\src\\server.js:2398:7383)\n    at V3.invoke (c:\\Users\\Nicolee\\.vscode\\extensions\\uqbar.wollok-lsp-ide-0.5.4\\out\\server\\src\\server.js:3:157328)\n    at o.fire (c:\\Users\\Nicolee\\.vscode\\extensions\\uqbar.wollok-lsp-ide-0.5.4\\out\\server\\src\\server.js:3:158098)\n    at c:\\Users\\Nicolee\\.vscode\\extensions\\uqbar.wollok-lsp-ide-0.5.4\\out\\server\\src\\server.js:37:57871\n    at nd (c:\\Users\\Nicolee\\.vscode\\extensions\\uqbar.wollok-lsp-ide-0.5.4\\out\\server\\src\\server.js:8:1561)","timestamp":"2026-05-18T22:53:46.393Z"}
{"level":"error","message":"✘ Failed to rebuild document Failed to parse src/example.wlk: \n-- PARSING FAILED --------------------------------------------------\n\nGot the end of the input\n\nExpected one of the following: \n\n'inherits', '{', whitespace\n","stack":"Error: Failed to parse src/example.wlk: \n-- PARSING FAILED --------------------------------------------------\n\nGot the end of the input\n\nExpected one of the following: \n\n'inherits', '{', whitespace\n\n    at c:\\Users\\Nicolee\\.vscode\\extensions\\uqbar.wollok-lsp-ide-0.5.4\\out\\server\\src\\server.js:2353:13026\n    at Array.map (<anonymous>)\n    at U1n (c:\\Users\\Nicolee\\.vscode\\extensions\\uqbar.wollok-lsp-ide-0.5.4\\out\\server\\src\\server.js:2353:12950)\n    at H2.buildEnvironmentFrom (c:\\Users\\Nicolee\\.vscode\\extensions\\uqbar.wollok-lsp-ide-0.5.4\\out\\server\\src\\server.js:2398:5254)\n    at H2.updateEnvironmentWith (c:\\Users\\Nicolee\\.vscode\\extensions\\uqbar.wollok-lsp-ide-0.5.4\\out\\server\\src\\server.js:2398:4989)\n    at GF (c:\\Users\\Nicolee\\.vscode\\extensions\\uqbar.wollok-lsp-ide-0.5.4\\out\\server\\src\\server.js:2398:7383)\n    at V3.invoke (c:\\Users\\Nicolee\\.vscode\\extensions\\uqbar.wollok-lsp-ide-0.5.4\\out\\server\\src\\server.js:3:157328)\n    at o.fire (c:\\Users\\Nicolee\\.vscode\\extensions\\uqbar.wollok-lsp-ide-0.5.4\\out\\server\\src\\server.js:3:158098)\n    at c:\\Users\\Nicolee\\.vscode\\extensions\\uqbar.wollok-lsp-ide-0.5.4\\out\\server\\src\\server.js:37:57871\n    at nd (c:\\Users\\Nicolee\\.vscode\\extensions\\uqbar.wollok-lsp-ide-0.5.4\\out\\server\\src\\server.js:8:1561)","timestamp":"2026-05-18T22:53:46.528Z"}
{"level":"error","message":"✘ Failed to rebuild document Failed to parse src/example.wlk: \n-- PARSING FAILED --------------------------------------------------\n\nGot the end of the input\n\nExpected one of the following: \n\n'inherits', '{', whitespace\n","stack":"Error: Failed to parse src/example.wlk: \n-- PARSING FAILED --------------------------------------------------\n\nGot the end of the input\n\nExpected one of the following: \n\n'inherits', '{', whitespace\n\n    at c:\\Users\\Nicolee\\.vscode\\extensions\\uqbar.wollok-lsp-ide-0.5.4\\out\\server\\src\\server.js:2353:13026\n    at Array.map (<anonymous>)\n    at U1n (c:\\Users\\Nicolee\\.vscode\\extensions\\uqbar.wollok-lsp-ide-0.5.4\\out\\server\\src\\server.js:2353:12950)\n    at H2.buildEnvironmentFrom (c:\\Users\\Nicolee\\.vscode\\extensions\\uqbar.wollok-lsp-ide-0.5.4\\out\\server\\src\\server.js:2398:5254)\n    at H2.updateEnvironmentWith (c:\\Users\\Nicolee\\.vscode\\extensions\\uqbar.wollok-lsp-ide-0.5.4\\out\\server\\src\\server.js:2398:4989)\n    at GF (c:\\Users\\Nicolee\\.vscode\\extensions\\uqbar.wollok-lsp-ide-0.5.4\\out\\server\\src\\server.js:2398:7383)\n    at V3.invoke (c:\\Users\\Nicolee\\.vscode\\extensions\\uqbar.wollok-lsp-ide-0.5.4\\out\\server\\src\\server.js:3:157328)\n    at o.fire (c:\\Users\\Nicolee\\.vscode\\extensions\\uqbar.wollok-lsp-ide-0.5.4\\out\\server\\src\\server.js:3:158098)\n    at c:\\Users\\Nicolee\\.vscode\\extensions\\uqbar.wollok-lsp-ide-0.5.4\\out\\server\\src\\server.js:37:57871\n    at nd (c:\\Users\\Nicolee\\.vscode\\extensions\\uqbar.wollok-lsp-ide-0.5.4\\out\\server\\src\\server.js:8:1561)","timestamp":"2026-05-18T22:53:46.672Z"}
{"level":"error","message":"✘ Failed to rebuild document Failed to parse src/example.wlk: \n-- PARSING FAILED --------------------------------------------------\n\nGot the end of the input\n\nExpected one of the following: \n\nidentifier, whitespace\n","stack":"Error: Failed to parse src/example.wlk: \n-- PARSING FAILED --------------------------------------------------\n\nGot the end of the input\n\nExpected one of the following: \n\nidentifier, whitespace\n\n    at c:\\Users\\Nicolee\\.vscode\\extensions\\uqbar.wollok-lsp-ide-0.5.4\\out\\server\\src\\server.js:2353:13026\n    at Array.map (<anonymous>)\n    at U1n (c:\\Users\\Nicolee\\.vscode\\extensions\\uqbar.wollok-lsp-ide-0.5.4\\out\\server\\src\\server.js:2353:12950)\n    at H2.buildEnvironmentFrom (c:\\Users\\Nicolee\\.vscode\\extensions\\uqbar.wollok-lsp-ide-0.5.4\\out\\server\\src\\server.js:2398:5254)\n    at H2.updateEnvironmentWith (c:\\Users\\Nicolee\\.vscode\\extensions\\uqbar.wollok-lsp-ide-0.5.4\\out\\server\\src\\server.js:2398:4989)\n    at GF (c:\\Users\\Nicolee\\.vscode\\extensions\\uqbar.wollok-lsp-ide-0.5.4\\out\\server\\src\\server.js:2398:7383)\n    at V3.invoke (c:\\Users\\Nicolee\\.vscode\\extensions\\uqbar.wollok-lsp-ide-0.5.4\\out\\server\\src\\server.js:3:157328)\n    at o.fire (c:\\Users\\Nicolee\\.vscode\\extensions\\uqbar.wollok-lsp-ide-0.5.4\\out\\server\\src\\server.js:3:158098)\n    at c:\\Users\\Nicolee\\.vscode\\extensions\\uqbar.wollok-lsp-ide-0.5.4\\out\\server\\src\\server.js:37:57871\n    at nd (c:\\Users\\Nicolee\\.vscode\\extensions\\uqbar.wollok-lsp-ide-0.5.4\\out\\server\\src\\server.js:8:1561)","timestamp":"2026-05-18T22:53:46.798Z"}
{"level":"error","message":"✘ Failed to rebuild document Failed to parse src/example.wlk: \n-- PARSING FAILED --------------------------------------------------\n\nGot the end of the input\n\nExpected one of the following: \n\n'inherits', '{', whitespace\n","stack":"Error: Failed to parse src/example.wlk: \n-- PARSING FAILED --------------------------------------------------\n\nGot the end of the input\n\nExpected one of the following: \n\n'inherits', '{', whitespace\n\n    at c:\\Users\\Nicolee\\.vscode\\extensions\\uqbar.wollok-lsp-ide-0.5.4\\out\\server\\src\\server.js:2353:13026\n    at Array.map (<anonymous>)\n    at U1n (c:\\Users\\Nicolee\\.vscode\\extensions\\uqbar.wollok-lsp-ide-0.5.4\\out\\server\\src\\server.js:2353:12950)\n    at H2.buildEnvironmentFrom (c:\\Users\\Nicolee\\.vscode\\extensions\\uqbar.wollok-lsp-ide-0.5.4\\out\\server\\src\\server.js:2398:5254)\n    at H2.updateEnvironmentWith (c:\\Users\\Nicolee\\.vscode\\extensions\\uqbar.wollok-lsp-ide-0.5.4\\out\\server\\src\\server.js:2398:4989)\n    at GF (c:\\Users\\Nicolee\\.vscode\\extensions\\uqbar.wollok-lsp-ide-0.5.4\\out\\server\\src\\server.js:2398:7383)\n    at V3.invoke (c:\\Users\\Nicolee\\.vscode\\extensions\\uqbar.wollok-lsp-ide-0.5.4\\out\\server\\src\\server.js:3:157328)\n    at o.fire (c:\\Users\\Nicolee\\.vscode\\extensions\\uqbar.wollok-lsp-ide-0.5.4\\out\\server\\src\\server.js:3:158098)\n    at c:\\Users\\Nicolee\\.vscode\\extensions\\uqbar.wollok-lsp-ide-0.5.4\\out\\server\\src\\server.js:37:57871\n    at nd (c:\\Users\\Nicolee\\.vscode\\extensions\\uqbar.wollok-lsp-ide-0.5.4\\out\\server\\src\\server.js:8:1561)","timestamp":"2026-05-18T22:53:46.994Z"}
{"level":"error","message":"✘ Failed to rebuild document Failed to parse src/example.wlk: \n-- PARSING FAILED --------------------------------------------------\n\nGot the end of the input\n\nExpected one of the following: \n\n'inherits', '{', whitespace\n","stack":"Error: Failed to parse src/example.wlk: \n-- PARSING FAILED --------------------------------------------------\n\nGot the end of the input\n\nExpected one of the following: \n\n'inherits', '{', whitespace\n\n    at c:\\Users\\Nicolee\\.vscode\\extensions\\uqbar.wollok-lsp-ide-0.5.4\\out\\server\\src\\server.js:2353:13026\n    at Array.map (<anonymous>)\n    at U1n (c:\\Users\\Nicolee\\.vscode\\extensions\\uqbar.wollok-lsp-ide-0.5.4\\out\\server\\src\\server.js:2353:12950)\n    at H2.buildEnvironmentFrom (c:\\Users\\Nicolee\\.vscode\\extensions\\uqbar.wollok-lsp-ide-0.5.4\\out\\server\\src\\server.js:2398:5254)\n    at H2.updateEnvironmentWith (c:\\Users\\Nicolee\\.vscode\\extensions\\uqbar.wollok-lsp-ide-0.5.4\\out\\server\\src\\server.js:2398:4989)\n    at GF (c:\\Users\\Nicolee\\.vscode\\extensions\\uqbar.wollok-lsp-ide-0.5.4\\out\\server\\src\\server.js:2398:7383)\n    at V3.invoke (c:\\Users\\Nicolee\\.vscode\\extensions\\uqbar.wollok-lsp-ide-0.5.4\\out\\server\\src\\server.js:3:157328)\n    at o.fire (c:\\Users\\Nicolee\\.vscode\\extensions\\uqbar.wollok-lsp-ide-0.5.4\\out\\server\\src\\server.js:3:158098)\n    at c:\\Users\\Nicolee\\.vscode\\extensions\\uqbar.wollok-lsp-ide-0.5.4\\out\\server\\src\\server.js:37:57871\n    at nd (c:\\Users\\Nicolee\\.vscode\\extensions\\uqbar.wollok-lsp-ide-0.5.4\\out\\server\\src\\server.js:8:1561)","timestamp":"2026-05-18T22:53:47.182Z"}
{"level":"error","message":"✘ Failed to rebuild document Failed to parse src/example.wlk: \n-- PARSING FAILED --------------------------------------------------\n\nGot the end of the input\n\nExpected one of the following: \n\n'inherits', '{', whitespace\n","stack":"Error: Failed to parse src/example.wlk: \n-- PARSING FAILED --------------------------------------------------\n\nGot the end of the input\n\nExpected one of the following: \n\n'inherits', '{', whitespace\n\n    at c:\\Users\\Nicolee\\.vscode\\extensions\\uqbar.wollok-lsp-ide-0.5.4\\out\\server\\src\\server.js:2353:13026\n    at Array.map (<anonymous>)\n    at U1n (c:\\Users\\Nicolee\\.vscode\\extensions\\uqbar.wollok-lsp-ide-0.5.4\\out\\server\\src\\server.js:2353:12950)\n    at H2.buildEnvironmentFrom (c:\\Users\\Nicolee\\.vscode\\extensions\\uqbar.wollok-lsp-ide-0.5.4\\out\\server\\src\\server.js:2398:5254)\n    at H2.updateEnvironmentWith (c:\\Users\\Nicolee\\.vscode\\extensions\\uqbar.wollok-lsp-ide-0.5.4\\out\\server\\src\\server.js:2398:4989)\n    at GF (c:\\Users\\Nicolee\\.vscode\\extensions\\uqbar.wollok-lsp-ide-0.5.4\\out\\server\\src\\server.js:2398:7383)\n    at V3.invoke (c:\\Users\\Nicolee\\.vscode\\extensions\\uqbar.wollok-lsp-ide-0.5.4\\out\\server\\src\\server.js:3:157328)\n    at o.fire (c:\\Users\\Nicolee\\.vscode\\extensions\\uqbar.wollok-lsp-ide-0.5.4\\out\\server\\src\\server.js:3:158098)\n    at c:\\Users\\Nicolee\\.vscode\\extensions\\uqbar.wollok-lsp-ide-0.5.4\\out\\server\\src\\server.js:37:57871\n    at nd (c:\\Users\\Nicolee\\.vscode\\extensions\\uqbar.wollok-lsp-ide-0.5.4\\out\\server\\src\\server.js:8:1561)","timestamp":"2026-05-18T22:53:47.471Z"}
{"level":"error","message":"✘ Failed to rebuild document Failed to parse src/example.wlk: \n-- PARSING FAILED --------------------------------------------------\n\nGot the end of the input\n\nExpected one of the following: \n\n'inherits', '{', whitespace\n","stack":"Error: Failed to parse src/example.wlk: \n-- PARSING FAILED --------------------------------------------------\n\nGot the end of the input\n\nExpected one of the following: \n\n'inherits', '{', whitespace\n\n    at c:\\Users\\Nicolee\\.vscode\\extensions\\uqbar.wollok-lsp-ide-0.5.4\\out\\server\\src\\server.js:2353:13026\n    at Array.map (<anonymous>)\n    at U1n (c:\\Users\\Nicolee\\.vscode\\extensions\\uqbar.wollok-lsp-ide-0.5.4\\out\\server\\src\\server.js:2353:12950)\n    at H2.buildEnvironmentFrom (c:\\Users\\Nicolee\\.vscode\\extensions\\uqbar.wollok-lsp-ide-0.5.4\\out\\server\\src\\server.js:2398:5254)\n    at H2.updateEnvironmentWith (c:\\Users\\Nicolee\\.vscode\\extensions\\uqbar.wollok-lsp-ide-0.5.4\\out\\server\\src\\server.js:2398:4989)\n    at GF (c:\\Users\\Nicolee\\.vscode\\extensions\\uqbar.wollok-lsp-ide-0.5.4\\out\\server\\src\\server.js:2398:7383)\n    at V3.invoke (c:\\Users\\Nicolee\\.vscode\\extensions\\uqbar.wollok-lsp-ide-0.5.4\\out\\server\\src\\server.js:3:157328)\n    at o.fire (c:\\Users\\Nicolee\\.vscode\\extensions\\uqbar.wollok-lsp-ide-0.5.4\\out\\server\\src\\server.js:3:158098)\n    at c:\\Users\\Nicolee\\.vscode\\extensions\\uqbar.wollok-lsp-ide-0.5.4\\out\\server\\src\\server.js:37:57871\n    at nd (c:\\Users\\Nicolee\\.vscode\\extensions\\uqbar.wollok-lsp-ide-0.5.4\\out\\server\\src\\server.js:8:1561)","timestamp":"2026-05-18T22:53:47.653Z"}
{"level":"error","message":"✘ Failed to rebuild document Failed to parse src/example.wlk: \n-- PARSING FAILED --------------------------------------------------\n\nGot the end of the input\n\nExpected one of the following: \n\n'inherits', '{', whitespace\n","stack":"Error: Failed to parse src/example.wlk: \n-- PARSING FAILED --------------------------------------------------\n\nGot the end of the input\n\nExpected one of the following: \n\n'inherits', '{', whitespace\n\n    at c:\\Users\\Nicolee\\.vscode\\extensions\\uqbar.wollok-lsp-ide-0.5.4\\out\\server\\src\\server.js:2353:13026\n    at Array.map (<anonymous>)\n    at U1n (c:\\Users\\Nicolee\\.vscode\\extensions\\uqbar.wollok-lsp-ide-0.5.4\\out\\server\\src\\server.js:2353:12950)\n    at H2.buildEnvironmentFrom (c:\\Users\\Nicolee\\.vscode\\extensions\\uqbar.wollok-lsp-ide-0.5.4\\out\\server\\src\\server.js:2398:5254)\n    at H2.updateEnvironmentWith (c:\\Users\\Nicolee\\.vscode\\extensions\\uqbar.wollok-lsp-ide-0.5.4\\out\\server\\src\\server.js:2398:4989)\n    at GF (c:\\Users\\Nicolee\\.vscode\\extensions\\uqbar.wollok-lsp-ide-0.5.4\\out\\server\\src\\server.js:2398:7383)\n    at V3.invoke (c:\\Users\\Nicolee\\.vscode\\extensions\\uqbar.wollok-lsp-ide-0.5.4\\out\\server\\src\\server.js:3:157328)\n    at o.fire (c:\\Users\\Nicolee\\.vscode\\extensions\\uqbar.wollok-lsp-ide-0.5.4\\out\\server\\src\\server.js:3:158098)\n    at c:\\Users\\Nicolee\\.vscode\\extensions\\uqbar.wollok-lsp-ide-0.5.4\\out\\server\\src\\server.js:37:57871\n    at nd (c:\\Users\\Nicolee\\.vscode\\extensions\\uqbar.wollok-lsp-ide-0.5.4\\out\\server\\src\\server.js:8:1561)","timestamp":"2026-05-18T22:53:47.762Z"}
{"level":"error","message":"✘ Failed to rebuild document Failed to parse src/example.wlk: \n-- PARSING FAILED --------------------------------------------------\n\nGot the end of the input\n\nExpected one of the following: \n\n'inherits', '{', whitespace\n","stack":"Error: Failed to parse src/example.wlk: \n-- PARSING FAILED --------------------------------------------------\n\nGot the end of the input\n\nExpected one of the following: \n\n'inherits', '{', whitespace\n\n    at c:\\Users\\Nicolee\\.vscode\\extensions\\uqbar.wollok-lsp-ide-0.5.4\\out\\server\\src\\server.js:2353:13026\n    at Array.map (<anonymous>)\n    at U1n (c:\\Users\\Nicolee\\.vscode\\extensions\\uqbar.wollok-lsp-ide-0.5.4\\out\\server\\src\\server.js:2353:12950)\n    at H2.buildEnvironmentFrom (c:\\Users\\Nicolee\\.vscode\\extensions\\uqbar.wollok-lsp-ide-0.5.4\\out\\server\\src\\server.js:2398:5254)\n    at H2.updateEnvironmentWith (c:\\Users\\Nicolee\\.vscode\\extensions\\uqbar.wollok-lsp-ide-0.5.4\\out\\server\\src\\server.js:2398:4989)\n    at GF (c:\\Users\\Nicolee\\.vscode\\extensions\\uqbar.wollok-lsp-ide-0.5.4\\out\\server\\src\\server.js:2398:7383)\n    at V3.invoke (c:\\Users\\Nicolee\\.vscode\\extensions\\uqbar.wollok-lsp-ide-0.5.4\\out\\server\\src\\server.js:3:157328)\n    at o.fire (c:\\Users\\Nicolee\\.vscode\\extensions\\uqbar.wollok-lsp-ide-0.5.4\\out\\server\\src\\server.js:3:158098)\n    at c:\\Users\\Nicolee\\.vscode\\extensions\\uqbar.wollok-lsp-ide-0.5.4\\out\\server\\src\\server.js:37:57871\n    at nd (c:\\Users\\Nicolee\\.vscode\\extensions\\uqbar.wollok-lsp-ide-0.5.4\\out\\server\\src\\server.js:8:1561)","timestamp":"2026-05-18T22:53:47.892Z"}
{"level":"error","message":"✘ Failed to rebuild document Failed to parse src/example.wlk: \n-- PARSING FAILED --------------------------------------------------\n\nGot the end of the input\n\nExpected one of the following: \n\n'inherits', '{', whitespace\n","stack":"Error: Failed to parse src/example.wlk: \n-- PARSING FAILED --------------------------------------------------\n\nGot the end of the input\n\nExpected one of the following: \n\n'inherits', '{', whitespace\n\n    at c:\\Users\\Nicolee\\.vscode\\extensions\\uqbar.wollok-lsp-ide-0.5.4\\out\\server\\src\\server.js:2353:13026\n    at Array.map (<anonymous>)\n    at U1n (c:\\Users\\Nicolee\\.vscode\\extensions\\uqbar.wollok-lsp-ide-0.5.4\\out\\server\\src\\server.js:2353:12950)\n    at H2.buildEnvironmentFrom (c:\\Users\\Nicolee\\.vscode\\extensions\\uqbar.wollok-lsp-ide-0.5.4\\out\\server\\src\\server.js:2398:5254)\n    at H2.updateEnvironmentWith (c:\\Users\\Nicolee\\.vscode\\extensions\\uqbar.wollok-lsp-ide-0.5.4\\out\\server\\src\\server.js:2398:4989)\n    at GF (c:\\Users\\Nicolee\\.vscode\\extensions\\uqbar.wollok-lsp-ide-0.5.4\\out\\server\\src\\server.js:2398:7383)\n    at V3.invoke (c:\\Users\\Nicolee\\.vscode\\extensions\\uqbar.wollok-lsp-ide-0.5.4\\out\\server\\src\\server.js:3:157328)\n    at o.fire (c:\\Users\\Nicolee\\.vscode\\extensions\\uqbar.wollok-lsp-ide-0.5.4\\out\\server\\src\\server.js:3:158098)\n    at c:\\Users\\Nicolee\\.vscode\\extensions\\uqbar.wollok-lsp-ide-0.5.4\\out\\server\\src\\server.js:37:57871\n    at nd (c:\\Users\\Nicolee\\.vscode\\extensions\\uqbar.wollok-lsp-ide-0.5.4\\out\\server\\src\\server.js:8:1561)","timestamp":"2026-05-18T22:53:48.045Z"}
{"level":"error","message":"✘ Failed to rebuild document Failed to parse src/example.wlk: \n-- PARSING FAILED --------------------------------------------------\n\nGot the end of the input\n\nExpected one of the following: \n\n'inherits', '{', whitespace\n","stack":"Error: Failed to parse src/example.wlk: \n-- PARSING FAILED --------------------------------------------------\n\nGot the end of the input\n\nExpected one of the following: \n\n'inherits', '{', whitespace\n\n    at c:\\Users\\Nicolee\\.vscode\\extensions\\uqbar.wollok-lsp-ide-0.5.4\\out\\server\\src\\server.js:2353:13026\n    at Array.map (<anonymous>)\n    at U1n (c:\\Users\\Nicolee\\.vscode\\extensions\\uqbar.wollok-lsp-ide-0.5.4\\out\\server\\src\\server.js:2353:12950)\n    at H2.buildEnvironmentFrom (c:\\Users\\Nicolee\\.vscode\\extensions\\uqbar.wollok-lsp-ide-0.5.4\\out\\server\\src\\server.js:2398:5254)\n    at H2.updateEnvironmentWith (c:\\Users\\Nicolee\\.vscode\\extensions\\uqbar.wollok-lsp-ide-0.5.4\\out\\server\\src\\server.js:2398:4989)\n    at GF (c:\\Users\\Nicolee\\.vscode\\extensions\\uqbar.wollok-lsp-ide-0.5.4\\out\\server\\src\\server.js:2398:7383)\n    at V3.invoke (c:\\Users\\Nicolee\\.vscode\\extensions\\uqbar.wollok-lsp-ide-0.5.4\\out\\server\\src\\server.js:3:157328)\n    at o.fire (c:\\Users\\Nicolee\\.vscode\\extensions\\uqbar.wollok-lsp-ide-0.5.4\\out\\server\\src\\server.js:3:158098)\n    at c:\\Users\\Nicolee\\.vscode\\extensions\\uqbar.wollok-lsp-ide-0.5.4\\out\\server\\src\\server.js:37:57871\n    at nd (c:\\Users\\Nicolee\\.vscode\\extensions\\uqbar.wollok-lsp-ide-0.5.4\\out\\server\\src\\server.js:8:1561)","timestamp":"2026-05-18T22:53:48.456Z"}
{"level":"info","message":"⌛ Building environment","timeElapsed":138,"timestamp":"2026-05-18T22:53:48.598Z"}
{"level":"error","message":"✘ Failed to rebuild document Failed to parse src/example.wlk: \n-- PARSING FAILED --------------------------------------------------\n\nGot the end of the input\n\nExpected one of the following: \n\n'inherits', '{', whitespace\n","stack":"Error: Failed to parse src/example.wlk: \n-- PARSING FAILED --------------------------------------------------\n\nGot the end of the input\n\nExpected one of the following: \n\n'inherits', '{', whitespace\n\n    at c:\\Users\\Nicolee\\.vscode\\extensions\\uqbar.wollok-lsp-ide-0.5.4\\out\\server\\src\\server.js:2353:13026\n    at Array.map (<anonymous>)\n    at U1n (c:\\Users\\Nicolee\\.vscode\\extensions\\uqbar.wollok-lsp-ide-0.5.4\\out\\server\\src\\server.js:2353:12950)\n    at H2.buildEnvironmentFrom (c:\\Users\\Nicolee\\.vscode\\extensions\\uqbar.wollok-lsp-ide-0.5.4\\out\\server\\src\\server.js:2398:5254)\n    at H2.updateEnvironmentWith (c:\\Users\\Nicolee\\.vscode\\extensions\\uqbar.wollok-lsp-ide-0.5.4\\out\\server\\src\\server.js:2398:4989)\n    at GF (c:\\Users\\Nicolee\\.vscode\\extensions\\uqbar.wollok-lsp-ide-0.5.4\\out\\server\\src\\server.js:2398:7383)\n    at V3.invoke (c:\\Users\\Nicolee\\.vscode\\extensions\\uqbar.wollok-lsp-ide-0.5.4\\out\\server\\src\\server.js:3:157328)\n    at o.fire (c:\\Users\\Nicolee\\.vscode\\extensions\\uqbar.wollok-lsp-ide-0.5.4\\out\\server\\src\\server.js:3:158098)\n    at c:\\Users\\Nicolee\\.vscode\\extensions\\uqbar.wollok-lsp-ide-0.5.4\\out\\server\\src\\server.js:37:57871\n    at nd (c:\\Users\\Nicolee\\.vscode\\extensions\\uqbar.wollok-lsp-ide-0.5.4\\out\\server\\src\\server.js:8:1561)","timestamp":"2026-05-18T22:53:49.299Z"}
{"level":"error","message":"✘ Failed to rebuild document Failed to parse src/example.wlk: \n-- PARSING FAILED --------------------------------------------------\n\nGot the end of the input\n\nExpected one of the following: \n\n'inherits', '{', whitespace\n","stack":"Error: Failed to parse src/example.wlk: \n-- PARSING FAILED --------------------------------------------------\n\nGot the end of the input\n\nExpected one of the following: \n\n'inherits', '{', whitespace\n\n    at c:\\Users\\Nicolee\\.vscode\\extensions\\uqbar.wollok-lsp-ide-0.5.4\\out\\server\\src\\server.js:2353:13026\n    at Array.map (<anonymous>)\n    at U1n (c:\\Users\\Nicolee\\.vscode\\extensions\\uqbar.wollok-lsp-ide-0.5.4\\out\\server\\src\\server.js:2353:12950)\n    at H2.buildEnvironmentFrom (c:\\Users\\Nicolee\\.vscode\\extensions\\uqbar.wollok-lsp-ide-0.5.4\\out\\server\\src\\server.js:2398:5254)\n    at H2.updateEnvironmentWith (c:\\Users\\Nicolee\\.vscode\\extensions\\uqbar.wollok-lsp-ide-0.5.4\\out\\server\\src\\server.js:2398:4989)\n    at GF (c:\\Users\\Nicolee\\.vscode\\extensions\\uqbar.wollok-lsp-ide-0.5.4\\out\\server\\src\\server.js:2398:7383)\n    at V3.invoke (c:\\Users\\Nicolee\\.vscode\\extensions\\uqbar.wollok-lsp-ide-0.5.4\\out\\server\\src\\server.js:3:157328)\n    at o.fire (c:\\Users\\Nicolee\\.vscode\\extensions\\uqbar.wollok-lsp-ide-0.5.4\\out\\server\\src\\server.js:3:158098)\n    at c:\\Users\\Nicolee\\.vscode\\extensions\\uqbar.wollok-lsp-ide-0.5.4\\out\\server\\src\\server.js:37:57871\n    at nd (c:\\Users\\Nicolee\\.vscode\\extensions\\uqbar.wollok-lsp-ide-0.5.4\\out\\server\\src\\server.js:8:1561)","timestamp":"2026-05-18T22:53:49.536Z"}
{"level":"info","message":"⌛ Building environment","timeElapsed":107,"timestamp":"2026-05-18T22:53:50.280Z"}
{"level":"info","message":"⌛ Validating src/example.wlk","timeElapsed":130,"timestamp":"2026-05-18T22:53:50.482Z"}
{"level":"info","message":"⌛ Building environment","timeElapsed":123,"timestamp":"2026-05-18T23:21:45.558Z"}
{"level":"info","message":"⌛ Validating src/example.wlk","timeElapsed":112,"timestamp":"2026-05-18T23:21:45.672Z"}
{"level":"info","message":"⌛ Validating src/example.wlk","timeElapsed":103,"timestamp":"2026-05-18T23:21:46.106Z"}
{"level":"info","message":"⌛ Validating src/example.wlk","timeElapsed":102,"timestamp":"2026-05-18T23:21:46.298Z"}
{"level":"info","message":"⌛ Validating src/example.wlk","timeElapsed":112,"timestamp":"2026-05-18T23:21:46.578Z"}
{"level":"info","message":"⌛ Building environment","timeElapsed":102,"timestamp":"2026-05-18T23:21:46.681Z"}
{"level":"info","message":"⌛ Validating src/example.wlk","timeElapsed":113,"timestamp":"2026-05-18T23:21:46.795Z"}
{"level":"info","message":"⌛ Validating src/example.wlk","timeElapsed":109,"timestamp":"2026-05-18T23:21:46.904Z"}
{"level":"info","message":"⌛ Validating src/example.wlk","timeElapsed":108,"timestamp":"2026-05-18T23:21:47.018Z"}
{"level":"info","message":"⌛ Validating src/example.wlk","timeElapsed":114,"timestamp":"2026-05-18T23:21:47.891Z"}
{"level":"info","message":"⌛ Validating src/example.wlk","timeElapsed":141,"timestamp":"2026-05-18T23:21:48.120Z"}
{"level":"info","message":"⌛ Building environment","timeElapsed":124,"timestamp":"2026-05-18T23:21:48.755Z"}
{"level":"info","message":"⌛ Building environment","timeElapsed":101,"timestamp":"2026-05-18T23:21:49.665Z"}
{"level":"info","message":"⌛ Validating src/example.wlk","timeElapsed":101,"timestamp":"2026-05-18T23:21:49.871Z"}
{"level":"info","message":"⌛ Validating src/example.wlk","timeElapsed":110,"timestamp":"2026-05-18T23:21:49.987Z"}
